ISO-10303-21;
HEADER;
FILE_DESCRIPTION(('KiCad electronic assembly'),'2;1');
FILE_NAME('rgb_led_controller.step','2026-03-31T23:58:04',('Pcbnew'),(
    'Kicad'),'Open CASCADE STEP processor 7.8','KiCad to STEP converter'
  ,'Unknown');
FILE_SCHEMA(('AUTOMOTIVE_DESIGN { 1 0 10303 214 1 1 1 1 }'));
ENDSEC;
DATA;
#1 = APPLICATION_PROTOCOL_DEFINITION('international standard',
  'automotive_design',2000,#2);
#2 = APPLICATION_CONTEXT(
  'core data for automotive mechanical design processes');
#3 = SHAPE_DEFINITION_REPRESENTATION(#4,#10);
#4 = PRODUCT_DEFINITION_SHAPE('','',#5);
#5 = PRODUCT_DEFINITION('design','',#6,#9);
#6 = PRODUCT_DEFINITION_FORMATION('','',#7);
#7 = PRODUCT('rgb_led_controller 1','rgb_led_controller 1','',(#8));
#8 = PRODUCT_CONTEXT('',#2,'mechanical');
#9 = PRODUCT_DEFINITION_CONTEXT('part definition',#2,'design');
#10 = SHAPE_REPRESENTATION('',(#11,#15,#19,#23,#27,#31,#35,#39,#43,#47,
    #51,#55),#59);
#11 = AXIS2_PLACEMENT_3D('',#12,#13,#14);
#12 = CARTESIAN_POINT('',(0.,0.,0.));
#13 = DIRECTION('',(0.,0.,1.));
#14 = DIRECTION('',(1.,0.,-0.));
#15 = AXIS2_PLACEMENT_3D('',#16,#17,#18);
#16 = CARTESIAN_POINT('',(180.,-112.73,1.595));
#17 = DIRECTION('',(-0.,0.,1.));
#18 = DIRECTION('',(1.110223024625E-16,-1.,0.));
#19 = AXIS2_PLACEMENT_3D('',#20,#21,#22);
#20 = CARTESIAN_POINT('',(171.5,-112.73,1.595));
#21 = DIRECTION('',(-0.,0.,1.));
#22 = DIRECTION('',(1.110223024625E-16,-1.,0.));
#23 = AXIS2_PLACEMENT_3D('',#24,#25,#26);
#24 = CARTESIAN_POINT('',(146.325,-114.5,1.595));
#25 = DIRECTION('',(0.,0.,1.));
#26 = DIRECTION('',(1.,0.,0.));
#27 = AXIS2_PLACEMENT_3D('',#28,#29,#30);
#28 = CARTESIAN_POINT('',(146.325,-108.5,1.595));
#29 = DIRECTION('',(0.,0.,1.));
#30 = DIRECTION('',(1.,0.,0.));
#31 = AXIS2_PLACEMENT_3D('',#32,#33,#34);
#32 = CARTESIAN_POINT('',(163.,-112.73,1.595));
#33 = DIRECTION('',(-0.,0.,1.));
#34 = DIRECTION('',(1.110223024625E-16,-1.,0.));
#35 = AXIS2_PLACEMENT_3D('',#36,#37,#38);
#36 = CARTESIAN_POINT('',(148.,-128.42,1.595));
#37 = DIRECTION('',(0.,0.,1.));
#38 = DIRECTION('',(1.,0.,0.));
#39 = AXIS2_PLACEMENT_3D('',#40,#41,#42);
#40 = CARTESIAN_POINT('',(146.325,-120.5,1.595));
#41 = DIRECTION('',(0.,0.,1.));
#42 = DIRECTION('',(1.,0.,0.));
#43 = AXIS2_PLACEMENT_3D('',#44,#45,#46);
#44 = CARTESIAN_POINT('',(165.75,-132.75,1.595));
#45 = DIRECTION('',(0.,0.,1.));
#46 = DIRECTION('',(1.,0.,0.));
#47 = AXIS2_PLACEMENT_3D('',#48,#49,#50);
#48 = CARTESIAN_POINT('',(125.,-133.,1.595));
#49 = DIRECTION('',(0.,0.,1.));
#50 = DIRECTION('',(1.,0.,0.));
#51 = AXIS2_PLACEMENT_3D('',#52,#53,#54);
#52 = CARTESIAN_POINT('',(152.54,-91.5,1.595));
#53 = DIRECTION('',(-0.,0.,1.));
#54 = DIRECTION('',(1.110223024625E-16,-1.,0.));
#55 = AXIS2_PLACEMENT_3D('',#56,#57,#58);
#56 = CARTESIAN_POINT('',(0.,0.,0.));
#57 = DIRECTION('',(0.,0.,1.));
#58 = DIRECTION('',(1.,0.,-0.));
#59 = ( GEOMETRIC_REPRESENTATION_CONTEXT(3) 
GLOBAL_UNCERTAINTY_ASSIGNED_CONTEXT((#63)) GLOBAL_UNIT_ASSIGNED_CONTEXT(
(#60,#61,#62)) REPRESENTATION_CONTEXT('Context #1',
  '3D Context with UNIT and UNCERTAINTY') );
#60 = ( LENGTH_UNIT() NAMED_UNIT(*) SI_UNIT(.MILLI.,.METRE.) );
#61 = ( NAMED_UNIT(*) PLANE_ANGLE_UNIT() SI_UNIT($,.RADIAN.) );
#62 = ( NAMED_UNIT(*) SI_UNIT($,.STERADIAN.) SOLID_ANGLE_UNIT() );
#63 = UNCERTAINTY_MEASURE_WITH_UNIT(LENGTH_MEASURE(1.E-07),#60,
  'distance_accuracy_value','confusion accuracy');
#64 = PRODUCT_RELATED_PRODUCT_CATEGORY('part',$,(#7));
#65 = SHAPE_DEFINITION_REPRESENTATION(#66,#72);
#66 = PRODUCT_DEFINITION_SHAPE('','',#67);
#67 = PRODUCT_DEFINITION('design','',#68,#71);
#68 = PRODUCT_DEFINITION_FORMATION('','',#69);
#69 = PRODUCT('LED_D5.0mm-4_RGB','LED_D5.0mm-4_RGB','',(#70));
#70 = PRODUCT_CONTEXT('',#2,'mechanical');
#71 = PRODUCT_DEFINITION_CONTEXT('part definition',#2,'design');
#72 = ADVANCED_BREP_SHAPE_REPRESENTATION('',(#11,#73),#799);
#73 = MANIFOLD_SOLID_BREP('',#74);
#74 = CLOSED_SHELL('',(#75,#102,#136,#171,#203,#221,#367,#398,#422,#446,
    #463,#494,#518,#542,#559,#590,#614,#638,#655,#686,#710,#734,#751,
    #763,#775,#787));
#75 = ADVANCED_FACE('',(#76),#97,.T.);
#76 = FACE_BOUND('',#77,.T.);
#77 = EDGE_LOOP('',(#78,#89,#90));
#78 = ORIENTED_EDGE('',*,*,#79,.T.);
#79 = EDGE_CURVE('',#80,#82,#84,.T.);
#80 = VERTEX_POINT('',#81);
#81 = CARTESIAN_POINT('',(4.405,6.061817714453E-15,9.1));
#82 = VERTEX_POINT('',#83);
#83 = CARTESIAN_POINT('',(1.905,7.727152251391E-15,11.6));
#84 = CIRCLE('',#85,2.5);
#85 = AXIS2_PLACEMENT_3D('',#86,#87,#88);
#86 = CARTESIAN_POINT('',(1.905,6.061817714453E-15,9.1));
#87 = DIRECTION('',(0.,-1.,6.661338147751E-16));
#88 = DIRECTION('',(1.,0.,0.));
#89 = ORIENTED_EDGE('',*,*,#79,.F.);
#90 = ORIENTED_EDGE('',*,*,#91,.F.);
#91 = EDGE_CURVE('',#80,#80,#92,.T.);
#92 = CIRCLE('',#93,2.5);
#93 = AXIS2_PLACEMENT_3D('',#94,#95,#96);
#94 = CARTESIAN_POINT('',(1.905,4.041211809636E-15,9.1));
#95 = DIRECTION('',(3.41566500674E-47,-4.440892098501E-16,-1.));
#96 = DIRECTION('',(1.,8.082423619271E-16,-3.589317118756E-31));
#97 = SPHERICAL_SURFACE('',#98,2.5);
#98 = AXIS2_PLACEMENT_3D('',#99,#100,#101);
#99 = CARTESIAN_POINT('',(1.905,6.061817714453E-15,9.1));
#100 = DIRECTION('',(0.,4.440892098501E-16,1.));
#101 = DIRECTION('',(1.,1.365071914847E-15,-6.06213708053E-31));
#102 = ADVANCED_FACE('',(#103),#131,.T.);
#103 = FACE_BOUND('',#104,.T.);
#104 = EDGE_LOOP('',(#105,#113,#114,#115,#124));
#105 = ORIENTED_EDGE('',*,*,#106,.F.);
#106 = EDGE_CURVE('',#80,#107,#109,.T.);
#107 = VERTEX_POINT('',#108);
#108 = CARTESIAN_POINT('',(4.405,2.6645352591E-15,4.));
#109 = LINE('',#110,#111);
#110 = CARTESIAN_POINT('',(4.405,6.061817714453E-15,9.1));
#111 = VECTOR('',#112,1.);
#112 = DIRECTION('',(0.,-6.661338147751E-16,-1.));
#113 = ORIENTED_EDGE('',*,*,#91,.T.);
#114 = ORIENTED_EDGE('',*,*,#106,.T.);
#115 = ORIENTED_EDGE('',*,*,#116,.F.);
#116 = EDGE_CURVE('',#117,#107,#119,.T.);
#117 = VERTEX_POINT('',#118);
#118 = CARTESIAN_POINT('',(-0.595,2.844521316595E-15,4.));
#119 = CIRCLE('',#120,2.5);
#120 = AXIS2_PLACEMENT_3D('',#121,#122,#123);
#121 = CARTESIAN_POINT('',(1.905,1.7763568394E-15,4.));
#122 = DIRECTION('',(8.758115403896E-48,-4.440892098501E-16,-1.));
#123 = DIRECTION('',(1.,3.552713678801E-16,-1.577721810442E-31));
#124 = ORIENTED_EDGE('',*,*,#125,.F.);
#125 = EDGE_CURVE('',#107,#117,#126,.T.);
#126 = CIRCLE('',#127,2.5);
#127 = AXIS2_PLACEMENT_3D('',#128,#129,#130);
#128 = CARTESIAN_POINT('',(1.905,1.7763568394E-15,4.));
#129 = DIRECTION('',(8.758115403896E-48,-4.440892098501E-16,-1.));
#130 = DIRECTION('',(1.,3.552713678801E-16,-1.577721810442E-31));
#131 = CYLINDRICAL_SURFACE('',#132,2.5);
#132 = AXIS2_PLACEMENT_3D('',#133,#134,#135);
#133 = CARTESIAN_POINT('',(1.905,4.041211809636E-15,9.1));
#134 = DIRECTION('',(0.,-4.440892098501E-16,-1.));
#135 = DIRECTION('',(1.,8.082423619271E-16,-3.589317118756E-31));
#136 = ADVANCED_FACE('',(#137,#162),#166,.F.);
#137 = FACE_BOUND('',#138,.F.);
#138 = EDGE_LOOP('',(#139,#150,#156));
#139 = ORIENTED_EDGE('',*,*,#140,.F.);
#140 = EDGE_CURVE('',#141,#143,#145,.T.);
#141 = VERTEX_POINT('',#142);
#142 = CARTESIAN_POINT('',(-0.595,-1.46969384567,4.));
#143 = VERTEX_POINT('',#144);
#144 = CARTESIAN_POINT('',(-0.595000000001,1.469693845669,4.));
#145 = CIRCLE('',#146,2.9);
#146 = AXIS2_PLACEMENT_3D('',#147,#148,#149);
#147 = CARTESIAN_POINT('',(1.905,0.,4.));
#148 = DIRECTION('',(0.,0.,1.));
#149 = DIRECTION('',(1.,0.,-0.));
#150 = ORIENTED_EDGE('',*,*,#151,.T.);
#151 = EDGE_CURVE('',#141,#117,#152,.T.);
#152 = LINE('',#153,#154);
#153 = CARTESIAN_POINT('',(-0.595000000001,-1.46969384567,4.));
#154 = VECTOR('',#155,1.);
#155 = DIRECTION('',(0.,1.,0.));
#156 = ORIENTED_EDGE('',*,*,#157,.T.);
#157 = EDGE_CURVE('',#117,#143,#158,.T.);
#158 = LINE('',#159,#160);
#159 = CARTESIAN_POINT('',(-0.595000000001,-1.46969384567,4.));
#160 = VECTOR('',#161,1.);
#161 = DIRECTION('',(0.,1.,0.));
#162 = FACE_BOUND('',#163,.F.);
#163 = EDGE_LOOP('',(#164,#165));
#164 = ORIENTED_EDGE('',*,*,#116,.F.);
#165 = ORIENTED_EDGE('',*,*,#125,.F.);
#166 = PLANE('',#167);
#167 = AXIS2_PLACEMENT_3D('',#168,#169,#170);
#168 = CARTESIAN_POINT('',(-0.594999999999,-1.469693845671,4.));
#169 = DIRECTION('',(0.,0.,-1.));
#170 = DIRECTION('',(-1.,0.,0.));
#171 = ADVANCED_FACE('',(#172),#198,.T.);
#172 = FACE_BOUND('',#173,.T.);
#173 = EDGE_LOOP('',(#174,#185,#191,#192));
#174 = ORIENTED_EDGE('',*,*,#175,.T.);
#175 = EDGE_CURVE('',#176,#178,#180,.T.);
#176 = VERTEX_POINT('',#177);
#177 = CARTESIAN_POINT('',(-0.595,-1.46969384567,3.));
#178 = VERTEX_POINT('',#179);
#179 = CARTESIAN_POINT('',(-0.595000000001,1.469693845669,3.));
#180 = CIRCLE('',#181,2.9);
#181 = AXIS2_PLACEMENT_3D('',#182,#183,#184);
#182 = CARTESIAN_POINT('',(1.905,0.,3.));
#183 = DIRECTION('',(0.,0.,1.));
#184 = DIRECTION('',(1.,0.,-0.));
#185 = ORIENTED_EDGE('',*,*,#186,.T.);
#186 = EDGE_CURVE('',#178,#143,#187,.T.);
#187 = LINE('',#188,#189);
#188 = CARTESIAN_POINT('',(-0.595000000001,1.469693845669,3.));
#189 = VECTOR('',#190,1.);
#190 = DIRECTION('',(0.,0.,1.));
#191 = ORIENTED_EDGE('',*,*,#140,.F.);
#192 = ORIENTED_EDGE('',*,*,#193,.F.);
#193 = EDGE_CURVE('',#176,#141,#194,.T.);
#194 = LINE('',#195,#196);
#195 = CARTESIAN_POINT('',(-0.595,-1.46969384567,3.));
#196 = VECTOR('',#197,1.);
#197 = DIRECTION('',(0.,0.,1.));
#198 = CYLINDRICAL_SURFACE('',#199,2.9);
#199 = AXIS2_PLACEMENT_3D('',#200,#201,#202);
#200 = CARTESIAN_POINT('',(1.905,0.,3.));
#201 = DIRECTION('',(-0.,-0.,-1.));
#202 = DIRECTION('',(1.,0.,0.));
#203 = ADVANCED_FACE('',(#204),#216,.T.);
#204 = FACE_BOUND('',#205,.T.);
#205 = EDGE_LOOP('',(#206,#207,#208,#209,#210));
#206 = ORIENTED_EDGE('',*,*,#193,.T.);
#207 = ORIENTED_EDGE('',*,*,#151,.T.);
#208 = ORIENTED_EDGE('',*,*,#157,.T.);
#209 = ORIENTED_EDGE('',*,*,#186,.F.);
#210 = ORIENTED_EDGE('',*,*,#211,.F.);
#211 = EDGE_CURVE('',#176,#178,#212,.T.);
#212 = LINE('',#213,#214);
#213 = CARTESIAN_POINT('',(-0.595000000001,-1.46969384567,3.));
#214 = VECTOR('',#215,1.);
#215 = DIRECTION('',(0.,1.,0.));
#216 = PLANE('',#217);
#217 = AXIS2_PLACEMENT_3D('',#218,#219,#220);
#218 = CARTESIAN_POINT('',(-0.595000000001,-1.46969384567,3.));
#219 = DIRECTION('',(-1.,0.,0.));
#220 = DIRECTION('',(0.,1.,0.));
#221 = ADVANCED_FACE('',(#222,#226,#260,#294,#328),#362,.T.);
#222 = FACE_BOUND('',#223,.T.);
#223 = EDGE_LOOP('',(#224,#225));
#224 = ORIENTED_EDGE('',*,*,#175,.F.);
#225 = ORIENTED_EDGE('',*,*,#211,.T.);
#226 = FACE_BOUND('',#227,.T.);
#227 = EDGE_LOOP('',(#228,#238,#246,#254));
#228 = ORIENTED_EDGE('',*,*,#229,.T.);
#229 = EDGE_CURVE('',#230,#232,#234,.T.);
#230 = VERTEX_POINT('',#231);
#231 = CARTESIAN_POINT('',(1.47,0.2,3.));
#232 = VERTEX_POINT('',#233);
#233 = CARTESIAN_POINT('',(1.07,0.2,3.));
#234 = LINE('',#235,#236);
#235 = CARTESIAN_POINT('',(0.2375,0.2,3.));
#236 = VECTOR('',#237,1.);
#237 = DIRECTION('',(-1.,-0.,-0.));
#238 = ORIENTED_EDGE('',*,*,#239,.T.);
#239 = EDGE_CURVE('',#232,#240,#242,.T.);
#240 = VERTEX_POINT('',#241);
#241 = CARTESIAN_POINT('',(1.07,-0.2,3.));
#242 = LINE('',#243,#244);
#243 = CARTESIAN_POINT('',(1.07,-0.834846922835,3.));
#244 = VECTOR('',#245,1.);
#245 = DIRECTION('',(0.,-1.,0.));
#246 = ORIENTED_EDGE('',*,*,#247,.T.);
#247 = EDGE_CURVE('',#240,#248,#250,.T.);
#248 = VERTEX_POINT('',#249);
#249 = CARTESIAN_POINT('',(1.47,-0.2,3.));
#250 = LINE('',#251,#252);
#251 = CARTESIAN_POINT('',(0.4375,-0.2,3.));
#252 = VECTOR('',#253,1.);
#253 = DIRECTION('',(1.,0.,0.));
#254 = ORIENTED_EDGE('',*,*,#255,.T.);
#255 = EDGE_CURVE('',#248,#230,#256,.T.);
#256 = LINE('',#257,#258);
#257 = CARTESIAN_POINT('',(1.47,-0.634846922835,3.));
#258 = VECTOR('',#259,1.);
#259 = DIRECTION('',(0.,1.,0.));
#260 = FACE_BOUND('',#261,.T.);
#261 = EDGE_LOOP('',(#262,#272,#280,#288));
#262 = ORIENTED_EDGE('',*,*,#263,.T.);
#263 = EDGE_CURVE('',#264,#266,#268,.T.);
#264 = VERTEX_POINT('',#265);
#265 = CARTESIAN_POINT('',(0.2,0.2,3.));
#266 = VERTEX_POINT('',#267);
#267 = CARTESIAN_POINT('',(-0.2,0.2,3.));
#268 = LINE('',#269,#270);
#269 = CARTESIAN_POINT('',(-0.3975,0.2,3.));
#270 = VECTOR('',#271,1.);
#271 = DIRECTION('',(-1.,-0.,-0.));
#272 = ORIENTED_EDGE('',*,*,#273,.T.);
#273 = EDGE_CURVE('',#266,#274,#276,.T.);
#274 = VERTEX_POINT('',#275);
#275 = CARTESIAN_POINT('',(-0.2,-0.2,3.));
#276 = LINE('',#277,#278);
#277 = CARTESIAN_POINT('',(-0.2,-0.834846922835,3.));
#278 = VECTOR('',#279,1.);
#279 = DIRECTION('',(0.,-1.,0.));
#280 = ORIENTED_EDGE('',*,*,#281,.T.);
#281 = EDGE_CURVE('',#274,#282,#284,.T.);
#282 = VERTEX_POINT('',#283);
#283 = CARTESIAN_POINT('',(0.2,-0.2,3.));
#284 = LINE('',#285,#286);
#285 = CARTESIAN_POINT('',(-0.1975,-0.2,3.));
#286 = VECTOR('',#287,1.);
#287 = DIRECTION('',(1.,0.,0.));
#288 = ORIENTED_EDGE('',*,*,#289,.T.);
#289 = EDGE_CURVE('',#282,#264,#290,.T.);
#290 = LINE('',#291,#292);
#291 = CARTESIAN_POINT('',(0.2,-0.634846922835,3.));
#292 = VECTOR('',#293,1.);
#293 = DIRECTION('',(0.,1.,0.));
#294 = FACE_BOUND('',#295,.T.);
#295 = EDGE_LOOP('',(#296,#306,#314,#322));
#296 = ORIENTED_EDGE('',*,*,#297,.T.);
#297 = EDGE_CURVE('',#298,#300,#302,.T.);
#298 = VERTEX_POINT('',#299);
#299 = CARTESIAN_POINT('',(2.34,-0.2,3.));
#300 = VERTEX_POINT('',#301);
#301 = CARTESIAN_POINT('',(2.74,-0.2,3.));
#302 = LINE('',#303,#304);
#303 = CARTESIAN_POINT('',(1.0725,-0.2,3.));
#304 = VECTOR('',#305,1.);
#305 = DIRECTION('',(1.,0.,0.));
#306 = ORIENTED_EDGE('',*,*,#307,.T.);
#307 = EDGE_CURVE('',#300,#308,#310,.T.);
#308 = VERTEX_POINT('',#309);
#309 = CARTESIAN_POINT('',(2.74,0.2,3.));
#310 = LINE('',#311,#312);
#311 = CARTESIAN_POINT('',(2.74,-0.634846922835,3.));
#312 = VECTOR('',#313,1.);
#313 = DIRECTION('',(0.,1.,0.));
#314 = ORIENTED_EDGE('',*,*,#315,.T.);
#315 = EDGE_CURVE('',#308,#316,#318,.T.);
#316 = VERTEX_POINT('',#317);
#317 = CARTESIAN_POINT('',(2.34,0.2,3.));
#318 = LINE('',#319,#320);
#319 = CARTESIAN_POINT('',(0.8725,0.2,3.));
#320 = VECTOR('',#321,1.);
#321 = DIRECTION('',(-1.,-0.,-0.));
#322 = ORIENTED_EDGE('',*,*,#323,.T.);
#323 = EDGE_CURVE('',#316,#298,#324,.T.);
#324 = LINE('',#325,#326);
#325 = CARTESIAN_POINT('',(2.34,-0.834846922835,3.));
#326 = VECTOR('',#327,1.);
#327 = DIRECTION('',(0.,-1.,0.));
#328 = FACE_BOUND('',#329,.T.);
#329 = EDGE_LOOP('',(#330,#340,#348,#356));
#330 = ORIENTED_EDGE('',*,*,#331,.T.);
#331 = EDGE_CURVE('',#332,#334,#336,.T.);
#332 = VERTEX_POINT('',#333);
#333 = CARTESIAN_POINT('',(3.61,-0.2,3.));
#334 = VERTEX_POINT('',#335);
#335 = CARTESIAN_POINT('',(4.01,-0.2,3.));
#336 = LINE('',#337,#338);
#337 = CARTESIAN_POINT('',(1.7075,-0.2,3.));
#338 = VECTOR('',#339,1.);
#339 = DIRECTION('',(1.,0.,0.));
#340 = ORIENTED_EDGE('',*,*,#341,.T.);
#341 = EDGE_CURVE('',#334,#342,#344,.T.);
#342 = VERTEX_POINT('',#343);
#343 = CARTESIAN_POINT('',(4.01,0.2,3.));
#344 = LINE('',#345,#346);
#345 = CARTESIAN_POINT('',(4.01,-0.634846922835,3.));
#346 = VECTOR('',#347,1.);
#347 = DIRECTION('',(0.,1.,0.));
#348 = ORIENTED_EDGE('',*,*,#349,.T.);
#349 = EDGE_CURVE('',#342,#350,#352,.T.);
#350 = VERTEX_POINT('',#351);
#351 = CARTESIAN_POINT('',(3.61,0.2,3.));
#352 = LINE('',#353,#354);
#353 = CARTESIAN_POINT('',(1.5075,0.2,3.));
#354 = VECTOR('',#355,1.);
#355 = DIRECTION('',(-1.,-0.,-0.));
#356 = ORIENTED_EDGE('',*,*,#357,.T.);
#357 = EDGE_CURVE('',#350,#332,#358,.T.);
#358 = LINE('',#359,#360);
#359 = CARTESIAN_POINT('',(3.61,-0.834846922835,3.));
#360 = VECTOR('',#361,1.);
#361 = DIRECTION('',(0.,-1.,0.));
#362 = PLANE('',#363);
#363 = AXIS2_PLACEMENT_3D('',#364,#365,#366);
#364 = CARTESIAN_POINT('',(-0.594999999999,-1.469693845671,3.));
#365 = DIRECTION('',(0.,0.,-1.));
#366 = DIRECTION('',(-1.,0.,0.));
#367 = ADVANCED_FACE('',(#368),#393,.F.);
#368 = FACE_BOUND('',#369,.F.);
#369 = EDGE_LOOP('',(#370,#371,#379,#387));
#370 = ORIENTED_EDGE('',*,*,#229,.T.);
#371 = ORIENTED_EDGE('',*,*,#372,.T.);
#372 = EDGE_CURVE('',#232,#373,#375,.T.);
#373 = VERTEX_POINT('',#374);
#374 = CARTESIAN_POINT('',(1.07,0.2,-2.5));
#375 = LINE('',#376,#377);
#376 = CARTESIAN_POINT('',(1.07,0.2,3.5));
#377 = VECTOR('',#378,1.);
#378 = DIRECTION('',(-0.,-0.,-1.));
#379 = ORIENTED_EDGE('',*,*,#380,.T.);
#380 = EDGE_CURVE('',#373,#381,#383,.T.);
#381 = VERTEX_POINT('',#382);
#382 = CARTESIAN_POINT('',(1.47,0.2,-2.5));
#383 = LINE('',#384,#385);
#384 = CARTESIAN_POINT('',(1.07,0.2,-2.5));
#385 = VECTOR('',#386,1.);
#386 = DIRECTION('',(1.,0.,0.));
#387 = ORIENTED_EDGE('',*,*,#388,.F.);
#388 = EDGE_CURVE('',#230,#381,#389,.T.);
#389 = LINE('',#390,#391);
#390 = CARTESIAN_POINT('',(1.47,0.2,3.5));
#391 = VECTOR('',#392,1.);
#392 = DIRECTION('',(-0.,-0.,-1.));
#393 = PLANE('',#394);
#394 = AXIS2_PLACEMENT_3D('',#395,#396,#397);
#395 = CARTESIAN_POINT('',(1.07,0.2,3.5));
#396 = DIRECTION('',(0.,-1.,0.));
#397 = DIRECTION('',(1.,0.,0.));
#398 = ADVANCED_FACE('',(#399),#417,.F.);
#399 = FACE_BOUND('',#400,.F.);
#400 = EDGE_LOOP('',(#401,#402,#403,#411));
#401 = ORIENTED_EDGE('',*,*,#255,.T.);
#402 = ORIENTED_EDGE('',*,*,#388,.T.);
#403 = ORIENTED_EDGE('',*,*,#404,.T.);
#404 = EDGE_CURVE('',#381,#405,#407,.T.);
#405 = VERTEX_POINT('',#406);
#406 = CARTESIAN_POINT('',(1.47,-0.2,-2.5));
#407 = LINE('',#408,#409);
#408 = CARTESIAN_POINT('',(1.47,0.2,-2.5));
#409 = VECTOR('',#410,1.);
#410 = DIRECTION('',(0.,-1.,0.));
#411 = ORIENTED_EDGE('',*,*,#412,.F.);
#412 = EDGE_CURVE('',#248,#405,#413,.T.);
#413 = LINE('',#414,#415);
#414 = CARTESIAN_POINT('',(1.47,-0.2,3.5));
#415 = VECTOR('',#416,1.);
#416 = DIRECTION('',(-0.,-0.,-1.));
#417 = PLANE('',#418);
#418 = AXIS2_PLACEMENT_3D('',#419,#420,#421);
#419 = CARTESIAN_POINT('',(1.47,0.2,3.5));
#420 = DIRECTION('',(-1.,0.,0.));
#421 = DIRECTION('',(0.,-1.,0.));
#422 = ADVANCED_FACE('',(#423),#441,.F.);
#423 = FACE_BOUND('',#424,.F.);
#424 = EDGE_LOOP('',(#425,#426,#427,#435));
#425 = ORIENTED_EDGE('',*,*,#247,.T.);
#426 = ORIENTED_EDGE('',*,*,#412,.T.);
#427 = ORIENTED_EDGE('',*,*,#428,.T.);
#428 = EDGE_CURVE('',#405,#429,#431,.T.);
#429 = VERTEX_POINT('',#430);
#430 = CARTESIAN_POINT('',(1.07,-0.2,-2.5));
#431 = LINE('',#432,#433);
#432 = CARTESIAN_POINT('',(1.47,-0.2,-2.5));
#433 = VECTOR('',#434,1.);
#434 = DIRECTION('',(-1.,0.,0.));
#435 = ORIENTED_EDGE('',*,*,#436,.F.);
#436 = EDGE_CURVE('',#240,#429,#437,.T.);
#437 = LINE('',#438,#439);
#438 = CARTESIAN_POINT('',(1.07,-0.2,3.5));
#439 = VECTOR('',#440,1.);
#440 = DIRECTION('',(-0.,-0.,-1.));
#441 = PLANE('',#442);
#442 = AXIS2_PLACEMENT_3D('',#443,#444,#445);
#443 = CARTESIAN_POINT('',(1.47,-0.2,3.5));
#444 = DIRECTION('',(0.,1.,0.));
#445 = DIRECTION('',(-1.,0.,0.));
#446 = ADVANCED_FACE('',(#447),#458,.F.);
#447 = FACE_BOUND('',#448,.F.);
#448 = EDGE_LOOP('',(#449,#450,#451,#457));
#449 = ORIENTED_EDGE('',*,*,#239,.T.);
#450 = ORIENTED_EDGE('',*,*,#436,.T.);
#451 = ORIENTED_EDGE('',*,*,#452,.T.);
#452 = EDGE_CURVE('',#429,#373,#453,.T.);
#453 = LINE('',#454,#455);
#454 = CARTESIAN_POINT('',(1.07,-0.2,-2.5));
#455 = VECTOR('',#456,1.);
#456 = DIRECTION('',(0.,1.,0.));
#457 = ORIENTED_EDGE('',*,*,#372,.F.);
#458 = PLANE('',#459);
#459 = AXIS2_PLACEMENT_3D('',#460,#461,#462);
#460 = CARTESIAN_POINT('',(1.07,-0.2,3.5));
#461 = DIRECTION('',(1.,0.,0.));
#462 = DIRECTION('',(-0.,1.,0.));
#463 = ADVANCED_FACE('',(#464),#489,.F.);
#464 = FACE_BOUND('',#465,.F.);
#465 = EDGE_LOOP('',(#466,#467,#475,#483));
#466 = ORIENTED_EDGE('',*,*,#263,.T.);
#467 = ORIENTED_EDGE('',*,*,#468,.T.);
#468 = EDGE_CURVE('',#266,#469,#471,.T.);
#469 = VERTEX_POINT('',#470);
#470 = CARTESIAN_POINT('',(-0.2,0.2,-2.5));
#471 = LINE('',#472,#473);
#472 = CARTESIAN_POINT('',(-0.2,0.2,3.5));
#473 = VECTOR('',#474,1.);
#474 = DIRECTION('',(-0.,-0.,-1.));
#475 = ORIENTED_EDGE('',*,*,#476,.T.);
#476 = EDGE_CURVE('',#469,#477,#479,.T.);
#477 = VERTEX_POINT('',#478);
#478 = CARTESIAN_POINT('',(0.2,0.2,-2.5));
#479 = LINE('',#480,#481);
#480 = CARTESIAN_POINT('',(-0.2,0.2,-2.5));
#481 = VECTOR('',#482,1.);
#482 = DIRECTION('',(1.,0.,0.));
#483 = ORIENTED_EDGE('',*,*,#484,.F.);
#484 = EDGE_CURVE('',#264,#477,#485,.T.);
#485 = LINE('',#486,#487);
#486 = CARTESIAN_POINT('',(0.2,0.2,3.5));
#487 = VECTOR('',#488,1.);
#488 = DIRECTION('',(-0.,-0.,-1.));
#489 = PLANE('',#490);
#490 = AXIS2_PLACEMENT_3D('',#491,#492,#493);
#491 = CARTESIAN_POINT('',(-0.2,0.2,3.5));
#492 = DIRECTION('',(0.,-1.,0.));
#493 = DIRECTION('',(1.,0.,0.));
#494 = ADVANCED_FACE('',(#495),#513,.F.);
#495 = FACE_BOUND('',#496,.F.);
#496 = EDGE_LOOP('',(#497,#498,#499,#507));
#497 = ORIENTED_EDGE('',*,*,#289,.T.);
#498 = ORIENTED_EDGE('',*,*,#484,.T.);
#499 = ORIENTED_EDGE('',*,*,#500,.T.);
#500 = EDGE_CURVE('',#477,#501,#503,.T.);
#501 = VERTEX_POINT('',#502);
#502 = CARTESIAN_POINT('',(0.2,-0.2,-2.5));
#503 = LINE('',#504,#505);
#504 = CARTESIAN_POINT('',(0.2,0.2,-2.5));
#505 = VECTOR('',#506,1.);
#506 = DIRECTION('',(0.,-1.,0.));
#507 = ORIENTED_EDGE('',*,*,#508,.F.);
#508 = EDGE_CURVE('',#282,#501,#509,.T.);
#509 = LINE('',#510,#511);
#510 = CARTESIAN_POINT('',(0.2,-0.2,3.5));
#511 = VECTOR('',#512,1.);
#512 = DIRECTION('',(-0.,-0.,-1.));
#513 = PLANE('',#514);
#514 = AXIS2_PLACEMENT_3D('',#515,#516,#517);
#515 = CARTESIAN_POINT('',(0.2,0.2,3.5));
#516 = DIRECTION('',(-1.,0.,0.));
#517 = DIRECTION('',(0.,-1.,0.));
#518 = ADVANCED_FACE('',(#519),#537,.F.);
#519 = FACE_BOUND('',#520,.F.);
#520 = EDGE_LOOP('',(#521,#522,#523,#531));
#521 = ORIENTED_EDGE('',*,*,#281,.T.);
#522 = ORIENTED_EDGE('',*,*,#508,.T.);
#523 = ORIENTED_EDGE('',*,*,#524,.T.);
#524 = EDGE_CURVE('',#501,#525,#527,.T.);
#525 = VERTEX_POINT('',#526);
#526 = CARTESIAN_POINT('',(-0.2,-0.2,-2.5));
#527 = LINE('',#528,#529);
#528 = CARTESIAN_POINT('',(0.2,-0.2,-2.5));
#529 = VECTOR('',#530,1.);
#530 = DIRECTION('',(-1.,0.,0.));
#531 = ORIENTED_EDGE('',*,*,#532,.F.);
#532 = EDGE_CURVE('',#274,#525,#533,.T.);
#533 = LINE('',#534,#535);
#534 = CARTESIAN_POINT('',(-0.2,-0.2,3.5));
#535 = VECTOR('',#536,1.);
#536 = DIRECTION('',(-0.,-0.,-1.));
#537 = PLANE('',#538);
#538 = AXIS2_PLACEMENT_3D('',#539,#540,#541);
#539 = CARTESIAN_POINT('',(0.2,-0.2,3.5));
#540 = DIRECTION('',(0.,1.,0.));
#541 = DIRECTION('',(-1.,0.,0.));
#542 = ADVANCED_FACE('',(#543),#554,.F.);
#543 = FACE_BOUND('',#544,.F.);
#544 = EDGE_LOOP('',(#545,#546,#547,#553));
#545 = ORIENTED_EDGE('',*,*,#273,.T.);
#546 = ORIENTED_EDGE('',*,*,#532,.T.);
#547 = ORIENTED_EDGE('',*,*,#548,.T.);
#548 = EDGE_CURVE('',#525,#469,#549,.T.);
#549 = LINE('',#550,#551);
#550 = CARTESIAN_POINT('',(-0.2,-0.2,-2.5));
#551 = VECTOR('',#552,1.);
#552 = DIRECTION('',(0.,1.,0.));
#553 = ORIENTED_EDGE('',*,*,#468,.F.);
#554 = PLANE('',#555);
#555 = AXIS2_PLACEMENT_3D('',#556,#557,#558);
#556 = CARTESIAN_POINT('',(-0.2,-0.2,3.5));
#557 = DIRECTION('',(1.,0.,0.));
#558 = DIRECTION('',(-0.,1.,0.));
#559 = ADVANCED_FACE('',(#560),#585,.F.);
#560 = FACE_BOUND('',#561,.F.);
#561 = EDGE_LOOP('',(#562,#563,#571,#579));
#562 = ORIENTED_EDGE('',*,*,#297,.T.);
#563 = ORIENTED_EDGE('',*,*,#564,.T.);
#564 = EDGE_CURVE('',#300,#565,#567,.T.);
#565 = VERTEX_POINT('',#566);
#566 = CARTESIAN_POINT('',(2.74,-0.2,-2.5));
#567 = LINE('',#568,#569);
#568 = CARTESIAN_POINT('',(2.74,-0.2,3.5));
#569 = VECTOR('',#570,1.);
#570 = DIRECTION('',(-0.,-0.,-1.));
#571 = ORIENTED_EDGE('',*,*,#572,.T.);
#572 = EDGE_CURVE('',#565,#573,#575,.T.);
#573 = VERTEX_POINT('',#574);
#574 = CARTESIAN_POINT('',(2.34,-0.2,-2.5));
#575 = LINE('',#576,#577);
#576 = CARTESIAN_POINT('',(2.74,-0.2,-2.5));
#577 = VECTOR('',#578,1.);
#578 = DIRECTION('',(-1.,0.,0.));
#579 = ORIENTED_EDGE('',*,*,#580,.F.);
#580 = EDGE_CURVE('',#298,#573,#581,.T.);
#581 = LINE('',#582,#583);
#582 = CARTESIAN_POINT('',(2.34,-0.2,3.5));
#583 = VECTOR('',#584,1.);
#584 = DIRECTION('',(-0.,-0.,-1.));
#585 = PLANE('',#586);
#586 = AXIS2_PLACEMENT_3D('',#587,#588,#589);
#587 = CARTESIAN_POINT('',(2.74,-0.2,3.5));
#588 = DIRECTION('',(0.,1.,0.));
#589 = DIRECTION('',(-1.,0.,0.));
#590 = ADVANCED_FACE('',(#591),#609,.F.);
#591 = FACE_BOUND('',#592,.F.);
#592 = EDGE_LOOP('',(#593,#594,#595,#603));
#593 = ORIENTED_EDGE('',*,*,#323,.T.);
#594 = ORIENTED_EDGE('',*,*,#580,.T.);
#595 = ORIENTED_EDGE('',*,*,#596,.T.);
#596 = EDGE_CURVE('',#573,#597,#599,.T.);
#597 = VERTEX_POINT('',#598);
#598 = CARTESIAN_POINT('',(2.34,0.2,-2.5));
#599 = LINE('',#600,#601);
#600 = CARTESIAN_POINT('',(2.34,-0.2,-2.5));
#601 = VECTOR('',#602,1.);
#602 = DIRECTION('',(0.,1.,0.));
#603 = ORIENTED_EDGE('',*,*,#604,.F.);
#604 = EDGE_CURVE('',#316,#597,#605,.T.);
#605 = LINE('',#606,#607);
#606 = CARTESIAN_POINT('',(2.34,0.2,3.5));
#607 = VECTOR('',#608,1.);
#608 = DIRECTION('',(-0.,-0.,-1.));
#609 = PLANE('',#610);
#610 = AXIS2_PLACEMENT_3D('',#611,#612,#613);
#611 = CARTESIAN_POINT('',(2.34,-0.2,3.5));
#612 = DIRECTION('',(1.,0.,0.));
#613 = DIRECTION('',(-0.,1.,0.));
#614 = ADVANCED_FACE('',(#615),#633,.F.);
#615 = FACE_BOUND('',#616,.F.);
#616 = EDGE_LOOP('',(#617,#618,#619,#627));
#617 = ORIENTED_EDGE('',*,*,#315,.T.);
#618 = ORIENTED_EDGE('',*,*,#604,.T.);
#619 = ORIENTED_EDGE('',*,*,#620,.T.);
#620 = EDGE_CURVE('',#597,#621,#623,.T.);
#621 = VERTEX_POINT('',#622);
#622 = CARTESIAN_POINT('',(2.74,0.2,-2.5));
#623 = LINE('',#624,#625);
#624 = CARTESIAN_POINT('',(2.34,0.2,-2.5));
#625 = VECTOR('',#626,1.);
#626 = DIRECTION('',(1.,0.,0.));
#627 = ORIENTED_EDGE('',*,*,#628,.F.);
#628 = EDGE_CURVE('',#308,#621,#629,.T.);
#629 = LINE('',#630,#631);
#630 = CARTESIAN_POINT('',(2.74,0.2,3.5));
#631 = VECTOR('',#632,1.);
#632 = DIRECTION('',(-0.,-0.,-1.));
#633 = PLANE('',#634);
#634 = AXIS2_PLACEMENT_3D('',#635,#636,#637);
#635 = CARTESIAN_POINT('',(2.34,0.2,3.5));
#636 = DIRECTION('',(0.,-1.,0.));
#637 = DIRECTION('',(1.,0.,0.));
#638 = ADVANCED_FACE('',(#639),#650,.F.);
#639 = FACE_BOUND('',#640,.F.);
#640 = EDGE_LOOP('',(#641,#642,#643,#649));
#641 = ORIENTED_EDGE('',*,*,#307,.T.);
#642 = ORIENTED_EDGE('',*,*,#628,.T.);
#643 = ORIENTED_EDGE('',*,*,#644,.T.);
#644 = EDGE_CURVE('',#621,#565,#645,.T.);
#645 = LINE('',#646,#647);
#646 = CARTESIAN_POINT('',(2.74,0.2,-2.5));
#647 = VECTOR('',#648,1.);
#648 = DIRECTION('',(0.,-1.,0.));
#649 = ORIENTED_EDGE('',*,*,#564,.F.);
#650 = PLANE('',#651);
#651 = AXIS2_PLACEMENT_3D('',#652,#653,#654);
#652 = CARTESIAN_POINT('',(2.74,0.2,3.5));
#653 = DIRECTION('',(-1.,0.,0.));
#654 = DIRECTION('',(0.,-1.,0.));
#655 = ADVANCED_FACE('',(#656),#681,.F.);
#656 = FACE_BOUND('',#657,.F.);
#657 = EDGE_LOOP('',(#658,#659,#667,#675));
#658 = ORIENTED_EDGE('',*,*,#331,.T.);
#659 = ORIENTED_EDGE('',*,*,#660,.T.);
#660 = EDGE_CURVE('',#334,#661,#663,.T.);
#661 = VERTEX_POINT('',#662);
#662 = CARTESIAN_POINT('',(4.01,-0.2,-2.5));
#663 = LINE('',#664,#665);
#664 = CARTESIAN_POINT('',(4.01,-0.2,3.5));
#665 = VECTOR('',#666,1.);
#666 = DIRECTION('',(-0.,-0.,-1.));
#667 = ORIENTED_EDGE('',*,*,#668,.T.);
#668 = EDGE_CURVE('',#661,#669,#671,.T.);
#669 = VERTEX_POINT('',#670);
#670 = CARTESIAN_POINT('',(3.61,-0.2,-2.5));
#671 = LINE('',#672,#673);
#672 = CARTESIAN_POINT('',(4.01,-0.2,-2.5));
#673 = VECTOR('',#674,1.);
#674 = DIRECTION('',(-1.,0.,0.));
#675 = ORIENTED_EDGE('',*,*,#676,.F.);
#676 = EDGE_CURVE('',#332,#669,#677,.T.);
#677 = LINE('',#678,#679);
#678 = CARTESIAN_POINT('',(3.61,-0.2,3.5));
#679 = VECTOR('',#680,1.);
#680 = DIRECTION('',(-0.,-0.,-1.));
#681 = PLANE('',#682);
#682 = AXIS2_PLACEMENT_3D('',#683,#684,#685);
#683 = CARTESIAN_POINT('',(4.01,-0.2,3.5));
#684 = DIRECTION('',(0.,1.,0.));
#685 = DIRECTION('',(-1.,0.,0.));
#686 = ADVANCED_FACE('',(#687),#705,.F.);
#687 = FACE_BOUND('',#688,.F.);
#688 = EDGE_LOOP('',(#689,#690,#691,#699));
#689 = ORIENTED_EDGE('',*,*,#357,.T.);
#690 = ORIENTED_EDGE('',*,*,#676,.T.);
#691 = ORIENTED_EDGE('',*,*,#692,.T.);
#692 = EDGE_CURVE('',#669,#693,#695,.T.);
#693 = VERTEX_POINT('',#694);
#694 = CARTESIAN_POINT('',(3.61,0.2,-2.5));
#695 = LINE('',#696,#697);
#696 = CARTESIAN_POINT('',(3.61,-0.2,-2.5));
#697 = VECTOR('',#698,1.);
#698 = DIRECTION('',(0.,1.,0.));
#699 = ORIENTED_EDGE('',*,*,#700,.F.);
#700 = EDGE_CURVE('',#350,#693,#701,.T.);
#701 = LINE('',#702,#703);
#702 = CARTESIAN_POINT('',(3.61,0.2,3.5));
#703 = VECTOR('',#704,1.);
#704 = DIRECTION('',(-0.,-0.,-1.));
#705 = PLANE('',#706);
#706 = AXIS2_PLACEMENT_3D('',#707,#708,#709);
#707 = CARTESIAN_POINT('',(3.61,-0.2,3.5));
#708 = DIRECTION('',(1.,0.,0.));
#709 = DIRECTION('',(-0.,1.,0.));
#710 = ADVANCED_FACE('',(#711),#729,.F.);
#711 = FACE_BOUND('',#712,.F.);
#712 = EDGE_LOOP('',(#713,#714,#715,#723));
#713 = ORIENTED_EDGE('',*,*,#349,.T.);
#714 = ORIENTED_EDGE('',*,*,#700,.T.);
#715 = ORIENTED_EDGE('',*,*,#716,.T.);
#716 = EDGE_CURVE('',#693,#717,#719,.T.);
#717 = VERTEX_POINT('',#718);
#718 = CARTESIAN_POINT('',(4.01,0.2,-2.5));
#719 = LINE('',#720,#721);
#720 = CARTESIAN_POINT('',(3.61,0.2,-2.5));
#721 = VECTOR('',#722,1.);
#722 = DIRECTION('',(1.,0.,0.));
#723 = ORIENTED_EDGE('',*,*,#724,.F.);
#724 = EDGE_CURVE('',#342,#717,#725,.T.);
#725 = LINE('',#726,#727);
#726 = CARTESIAN_POINT('',(4.01,0.2,3.5));
#727 = VECTOR('',#728,1.);
#728 = DIRECTION('',(-0.,-0.,-1.));
#729 = PLANE('',#730);
#730 = AXIS2_PLACEMENT_3D('',#731,#732,#733);
#731 = CARTESIAN_POINT('',(3.61,0.2,3.5));
#732 = DIRECTION('',(0.,-1.,0.));
#733 = DIRECTION('',(1.,0.,0.));
#734 = ADVANCED_FACE('',(#735),#746,.F.);
#735 = FACE_BOUND('',#736,.F.);
#736 = EDGE_LOOP('',(#737,#738,#739,#745));
#737 = ORIENTED_EDGE('',*,*,#341,.T.);
#738 = ORIENTED_EDGE('',*,*,#724,.T.);
#739 = ORIENTED_EDGE('',*,*,#740,.T.);
#740 = EDGE_CURVE('',#717,#661,#741,.T.);
#741 = LINE('',#742,#743);
#742 = CARTESIAN_POINT('',(4.01,0.2,-2.5));
#743 = VECTOR('',#744,1.);
#744 = DIRECTION('',(0.,-1.,0.));
#745 = ORIENTED_EDGE('',*,*,#660,.F.);
#746 = PLANE('',#747);
#747 = AXIS2_PLACEMENT_3D('',#748,#749,#750);
#748 = CARTESIAN_POINT('',(4.01,0.2,3.5));
#749 = DIRECTION('',(-1.,0.,0.));
#750 = DIRECTION('',(0.,-1.,0.));
#751 = ADVANCED_FACE('',(#752),#758,.F.);
#752 = FACE_BOUND('',#753,.T.);
#753 = EDGE_LOOP('',(#754,#755,#756,#757));
#754 = ORIENTED_EDGE('',*,*,#380,.T.);
#755 = ORIENTED_EDGE('',*,*,#404,.T.);
#756 = ORIENTED_EDGE('',*,*,#428,.T.);
#757 = ORIENTED_EDGE('',*,*,#452,.T.);
#758 = PLANE('',#759);
#759 = AXIS2_PLACEMENT_3D('',#760,#761,#762);
#760 = CARTESIAN_POINT('',(1.07,0.2,-2.5));
#761 = DIRECTION('',(0.,0.,1.));
#762 = DIRECTION('',(1.,0.,-0.));
#763 = ADVANCED_FACE('',(#764),#770,.F.);
#764 = FACE_BOUND('',#765,.T.);
#765 = EDGE_LOOP('',(#766,#767,#768,#769));
#766 = ORIENTED_EDGE('',*,*,#476,.T.);
#767 = ORIENTED_EDGE('',*,*,#500,.T.);
#768 = ORIENTED_EDGE('',*,*,#524,.T.);
#769 = ORIENTED_EDGE('',*,*,#548,.T.);
#770 = PLANE('',#771);
#771 = AXIS2_PLACEMENT_3D('',#772,#773,#774);
#772 = CARTESIAN_POINT('',(-0.2,0.2,-2.5));
#773 = DIRECTION('',(0.,0.,1.));
#774 = DIRECTION('',(1.,0.,-0.));
#775 = ADVANCED_FACE('',(#776),#782,.F.);
#776 = FACE_BOUND('',#777,.T.);
#777 = EDGE_LOOP('',(#778,#779,#780,#781));
#778 = ORIENTED_EDGE('',*,*,#620,.T.);
#779 = ORIENTED_EDGE('',*,*,#644,.T.);
#780 = ORIENTED_EDGE('',*,*,#572,.T.);
#781 = ORIENTED_EDGE('',*,*,#596,.T.);
#782 = PLANE('',#783);
#783 = AXIS2_PLACEMENT_3D('',#784,#785,#786);
#784 = CARTESIAN_POINT('',(2.34,0.2,-2.5));
#785 = DIRECTION('',(0.,0.,1.));
#786 = DIRECTION('',(1.,0.,-0.));
#787 = ADVANCED_FACE('',(#788),#794,.F.);
#788 = FACE_BOUND('',#789,.T.);
#789 = EDGE_LOOP('',(#790,#791,#792,#793));
#790 = ORIENTED_EDGE('',*,*,#716,.T.);
#791 = ORIENTED_EDGE('',*,*,#740,.T.);
#792 = ORIENTED_EDGE('',*,*,#668,.T.);
#793 = ORIENTED_EDGE('',*,*,#692,.T.);
#794 = PLANE('',#795);
#795 = AXIS2_PLACEMENT_3D('',#796,#797,#798);
#796 = CARTESIAN_POINT('',(3.61,0.2,-2.5));
#797 = DIRECTION('',(0.,0.,1.));
#798 = DIRECTION('',(1.,0.,-0.));
#799 = ( GEOMETRIC_REPRESENTATION_CONTEXT(3) 
GLOBAL_UNCERTAINTY_ASSIGNED_CONTEXT((#803)) GLOBAL_UNIT_ASSIGNED_CONTEXT
((#800,#801,#802)) REPRESENTATION_CONTEXT('Context #1',
  '3D Context with UNIT and UNCERTAINTY') );
#800 = ( LENGTH_UNIT() NAMED_UNIT(*) SI_UNIT(.MILLI.,.METRE.) );
#801 = ( NAMED_UNIT(*) PLANE_ANGLE_UNIT() SI_UNIT($,.RADIAN.) );
#802 = ( NAMED_UNIT(*) SI_UNIT($,.STERADIAN.) SOLID_ANGLE_UNIT() );
#803 = UNCERTAINTY_MEASURE_WITH_UNIT(LENGTH_MEASURE(1.E-07),#800,
  'distance_accuracy_value','confusion accuracy');
#804 = CONTEXT_DEPENDENT_SHAPE_REPRESENTATION(#805,#807);
#805 = ( REPRESENTATION_RELATIONSHIP('','',#72,#10) 
REPRESENTATION_RELATIONSHIP_WITH_TRANSFORMATION(#806) 
SHAPE_REPRESENTATION_RELATIONSHIP() );
#806 = ITEM_DEFINED_TRANSFORMATION('','',#11,#15);
#807 = PRODUCT_DEFINITION_SHAPE('Placement','Placement of an item',#808
  );
#808 = NEXT_ASSEMBLY_USAGE_OCCURRENCE('1','D3','',#5,#67,$);
#809 = PRODUCT_RELATED_PRODUCT_CATEGORY('part',$,(#69));
#810 = CONTEXT_DEPENDENT_SHAPE_REPRESENTATION(#811,#813);
#811 = ( REPRESENTATION_RELATIONSHIP('','',#72,#10) 
REPRESENTATION_RELATIONSHIP_WITH_TRANSFORMATION(#812) 
SHAPE_REPRESENTATION_RELATIONSHIP() );
#812 = ITEM_DEFINED_TRANSFORMATION('','',#11,#19);
#813 = PRODUCT_DEFINITION_SHAPE('Placement','Placement of an item',#814
  );
#814 = NEXT_ASSEMBLY_USAGE_OCCURRENCE('2','D2','',#5,#67,$);
#815 = SHAPE_DEFINITION_REPRESENTATION(#816,#822);
#816 = PRODUCT_DEFINITION_SHAPE('','',#817);
#817 = PRODUCT_DEFINITION('design','',#818,#821);
#818 = PRODUCT_DEFINITION_FORMATION('','',#819);
#819 = PRODUCT('R_Axial_DIN0207_L6.3mm_D2.5mm_P10.16mm_Horizontal',
  'R_Axial_DIN0207_L6.3mm_D2.5mm_P10.16mm_Horizontal','',(#820));
#820 = PRODUCT_CONTEXT('',#2,'mechanical');
#821 = PRODUCT_DEFINITION_CONTEXT('part definition',#2,'design');
#822 = ADVANCED_BREP_SHAPE_REPRESENTATION('',(#11,#823),#1210);
#823 = MANIFOLD_SOLID_BREP('',#824);
#824 = CLOSED_SHELL('',(#825,#858,#884,#904,#924,#949,#974,#994,#1020,
    #1045,#1070,#1096,#1105,#1125,#1150,#1176,#1201));
#825 = ADVANCED_FACE('',(#826),#853,.T.);
#826 = FACE_BOUND('',#827,.T.);
#827 = EDGE_LOOP('',(#828,#837,#845,#852));
#828 = ORIENTED_EDGE('',*,*,#829,.T.);
#829 = EDGE_CURVE('',#830,#830,#832,.T.);
#830 = VERTEX_POINT('',#831);
#831 = CARTESIAN_POINT('',(2.555,1.25,1.25));
#832 = CIRCLE('',#833,1.25);
#833 = AXIS2_PLACEMENT_3D('',#834,#835,#836);
#834 = CARTESIAN_POINT('',(2.555,0.,1.25));
#835 = DIRECTION('',(1.,0.,0.));
#836 = DIRECTION('',(-0.,1.,0.));
#837 = ORIENTED_EDGE('',*,*,#838,.T.);
#838 = EDGE_CURVE('',#830,#839,#841,.T.);
#839 = VERTEX_POINT('',#840);
#840 = CARTESIAN_POINT('',(3.505,1.25,1.25));
#841 = LINE('',#842,#843);
#842 = CARTESIAN_POINT('',(1.93,1.25,1.25));
#843 = VECTOR('',#844,1.);
#844 = DIRECTION('',(1.,0.,0.));
#845 = ORIENTED_EDGE('',*,*,#846,.F.);
#846 = EDGE_CURVE('',#839,#839,#847,.T.);
#847 = CIRCLE('',#848,1.25);
#848 = AXIS2_PLACEMENT_3D('',#849,#850,#851);
#849 = CARTESIAN_POINT('',(3.505,0.,1.25));
#850 = DIRECTION('',(1.,0.,0.));
#851 = DIRECTION('',(-0.,1.,0.));
#852 = ORIENTED_EDGE('',*,*,#838,.F.);
#853 = CYLINDRICAL_SURFACE('',#854,1.25);
#854 = AXIS2_PLACEMENT_3D('',#855,#856,#857);
#855 = CARTESIAN_POINT('',(1.93,0.,1.25));
#856 = DIRECTION('',(-1.,-0.,-0.));
#857 = DIRECTION('',(0.,1.,0.));
#858 = ADVANCED_FACE('',(#859),#879,.T.);
#859 = FACE_BOUND('',#860,.T.);
#860 = EDGE_LOOP('',(#861,#870,#877,#878));
#861 = ORIENTED_EDGE('',*,*,#862,.T.);
#862 = EDGE_CURVE('',#863,#863,#865,.T.);
#863 = VERTEX_POINT('',#864);
#864 = CARTESIAN_POINT('',(1.93,0.625,1.25));
#865 = CIRCLE('',#866,0.625);
#866 = AXIS2_PLACEMENT_3D('',#867,#868,#869);
#867 = CARTESIAN_POINT('',(1.93,0.,1.25));
#868 = DIRECTION('',(1.,0.,0.));
#869 = DIRECTION('',(-0.,1.,0.));
#870 = ORIENTED_EDGE('',*,*,#871,.F.);
#871 = EDGE_CURVE('',#830,#863,#872,.T.);
#872 = CIRCLE('',#873,0.625);
#873 = AXIS2_PLACEMENT_3D('',#874,#875,#876);
#874 = CARTESIAN_POINT('',(2.555,0.625,1.25));
#875 = DIRECTION('',(0.,-0.,1.));
#876 = DIRECTION('',(0.,1.,0.));
#877 = ORIENTED_EDGE('',*,*,#829,.F.);
#878 = ORIENTED_EDGE('',*,*,#871,.T.);
#879 = TOROIDAL_SURFACE('',#880,0.625,0.625);
#880 = AXIS2_PLACEMENT_3D('',#881,#882,#883);
#881 = CARTESIAN_POINT('',(2.555,0.,1.25));
#882 = DIRECTION('',(-1.,0.,0.));
#883 = DIRECTION('',(0.,1.,0.));
#884 = ADVANCED_FACE('',(#885,#888),#899,.F.);
#885 = FACE_BOUND('',#886,.F.);
#886 = EDGE_LOOP('',(#887));
#887 = ORIENTED_EDGE('',*,*,#846,.F.);
#888 = FACE_BOUND('',#889,.F.);
#889 = EDGE_LOOP('',(#890));
#890 = ORIENTED_EDGE('',*,*,#891,.F.);
#891 = EDGE_CURVE('',#892,#892,#894,.T.);
#892 = VERTEX_POINT('',#893);
#893 = CARTESIAN_POINT('',(3.505,1.125,1.25));
#894 = CIRCLE('',#895,1.125);
#895 = AXIS2_PLACEMENT_3D('',#896,#897,#898);
#896 = CARTESIAN_POINT('',(3.505,0.,1.25));
#897 = DIRECTION('',(-1.,0.,0.));
#898 = DIRECTION('',(0.,1.,0.));
#899 = PLANE('',#900);
#900 = AXIS2_PLACEMENT_3D('',#901,#902,#903);
#901 = CARTESIAN_POINT('',(3.505,1.25,1.25));
#902 = DIRECTION('',(-1.,0.,0.));
#903 = DIRECTION('',(0.,0.,-1.));
#904 = ADVANCED_FACE('',(#905,#908),#919,.T.);
#905 = FACE_BOUND('',#906,.T.);
#906 = EDGE_LOOP('',(#907));
#907 = ORIENTED_EDGE('',*,*,#862,.F.);
#908 = FACE_BOUND('',#909,.T.);
#909 = EDGE_LOOP('',(#910));
#910 = ORIENTED_EDGE('',*,*,#911,.T.);
#911 = EDGE_CURVE('',#912,#912,#914,.T.);
#912 = VERTEX_POINT('',#913);
#913 = CARTESIAN_POINT('',(1.93,0.,0.95));
#914 = CIRCLE('',#915,0.3);
#915 = AXIS2_PLACEMENT_3D('',#916,#917,#918);
#916 = CARTESIAN_POINT('',(1.93,0.,1.25));
#917 = DIRECTION('',(1.,-0.,0.));
#918 = DIRECTION('',(0.,0.,-1.));
#919 = PLANE('',#920);
#920 = AXIS2_PLACEMENT_3D('',#921,#922,#923);
#921 = CARTESIAN_POINT('',(1.93,1.25,1.25));
#922 = DIRECTION('',(-1.,0.,0.));
#923 = DIRECTION('',(0.,0.,-1.));
#924 = ADVANCED_FACE('',(#925),#944,.T.);
#925 = FACE_BOUND('',#926,.T.);
#926 = EDGE_LOOP('',(#927,#936,#942,#943));
#927 = ORIENTED_EDGE('',*,*,#928,.T.);
#928 = EDGE_CURVE('',#929,#929,#931,.T.);
#929 = VERTEX_POINT('',#930);
#930 = CARTESIAN_POINT('',(6.655,1.125,1.25));
#931 = CIRCLE('',#932,1.125);
#932 = AXIS2_PLACEMENT_3D('',#933,#934,#935);
#933 = CARTESIAN_POINT('',(6.655,0.,1.25));
#934 = DIRECTION('',(-1.,0.,0.));
#935 = DIRECTION('',(0.,1.,0.));
#936 = ORIENTED_EDGE('',*,*,#937,.F.);
#937 = EDGE_CURVE('',#892,#929,#938,.T.);
#938 = LINE('',#939,#940);
#939 = CARTESIAN_POINT('',(1.93,1.125,1.25));
#940 = VECTOR('',#941,1.);
#941 = DIRECTION('',(1.,0.,0.));
#942 = ORIENTED_EDGE('',*,*,#891,.F.);
#943 = ORIENTED_EDGE('',*,*,#937,.T.);
#944 = CYLINDRICAL_SURFACE('',#945,1.125);
#945 = AXIS2_PLACEMENT_3D('',#946,#947,#948);
#946 = CARTESIAN_POINT('',(1.93,0.,1.25));
#947 = DIRECTION('',(-1.,-0.,-0.));
#948 = DIRECTION('',(0.,1.,0.));
#949 = ADVANCED_FACE('',(#950),#969,.T.);
#950 = FACE_BOUND('',#951,.T.);
#951 = EDGE_LOOP('',(#952,#961,#967,#968));
#952 = ORIENTED_EDGE('',*,*,#953,.F.);
#953 = EDGE_CURVE('',#954,#954,#956,.T.);
#954 = VERTEX_POINT('',#955);
#955 = CARTESIAN_POINT('',(0.9,0.,0.95));
#956 = CIRCLE('',#957,0.3);
#957 = AXIS2_PLACEMENT_3D('',#958,#959,#960);
#958 = CARTESIAN_POINT('',(0.9,0.,1.25));
#959 = DIRECTION('',(-1.,0.,-1.188909441847E-17));
#960 = DIRECTION('',(-1.188909441847E-17,0.,1.));
#961 = ORIENTED_EDGE('',*,*,#962,.T.);
#962 = EDGE_CURVE('',#954,#912,#963,.T.);
#963 = LINE('',#964,#965);
#964 = CARTESIAN_POINT('',(0.9,0.,0.95));
#965 = VECTOR('',#966,1.);
#966 = DIRECTION('',(1.,0.,0.));
#967 = ORIENTED_EDGE('',*,*,#911,.F.);
#968 = ORIENTED_EDGE('',*,*,#962,.F.);
#969 = CYLINDRICAL_SURFACE('',#970,0.3);
#970 = AXIS2_PLACEMENT_3D('',#971,#972,#973);
#971 = CARTESIAN_POINT('',(0.9,0.,1.25));
#972 = DIRECTION('',(1.,0.,0.));
#973 = DIRECTION('',(0.,0.,-1.));
#974 = ADVANCED_FACE('',(#975,#986),#989,.T.);
#975 = FACE_BOUND('',#976,.T.);
#976 = EDGE_LOOP('',(#977));
#977 = ORIENTED_EDGE('',*,*,#978,.F.);
#978 = EDGE_CURVE('',#979,#979,#981,.T.);
#979 = VERTEX_POINT('',#980);
#980 = CARTESIAN_POINT('',(6.655,1.25,1.25));
#981 = CIRCLE('',#982,1.25);
#982 = AXIS2_PLACEMENT_3D('',#983,#984,#985);
#983 = CARTESIAN_POINT('',(6.655,0.,1.25));
#984 = DIRECTION('',(1.,0.,0.));
#985 = DIRECTION('',(-0.,1.,0.));
#986 = FACE_BOUND('',#987,.T.);
#987 = EDGE_LOOP('',(#988));
#988 = ORIENTED_EDGE('',*,*,#928,.F.);
#989 = PLANE('',#990);
#990 = AXIS2_PLACEMENT_3D('',#991,#992,#993);
#991 = CARTESIAN_POINT('',(6.655,1.25,1.25));
#992 = DIRECTION('',(-1.,0.,0.));
#993 = DIRECTION('',(0.,0.,-1.));
#994 = ADVANCED_FACE('',(#995),#1015,.T.);
#995 = FACE_BOUND('',#996,.T.);
#996 = EDGE_LOOP('',(#997,#1006,#1007,#1008));
#997 = ORIENTED_EDGE('',*,*,#998,.T.);
#998 = EDGE_CURVE('',#999,#954,#1001,.T.);
#999 = VERTEX_POINT('',#1000);
#1000 = CARTESIAN_POINT('',(0.3,0.,0.35));
#1001 = CIRCLE('',#1002,0.6);
#1002 = AXIS2_PLACEMENT_3D('',#1003,#1004,#1005);
#1003 = CARTESIAN_POINT('',(0.9,1.102182119233E-16,0.35));
#1004 = DIRECTION('',(0.,1.,-0.));
#1005 = DIRECTION('',(-1.,0.,4.93432455389E-16));
#1006 = ORIENTED_EDGE('',*,*,#953,.T.);
#1007 = ORIENTED_EDGE('',*,*,#998,.F.);
#1008 = ORIENTED_EDGE('',*,*,#1009,.T.);
#1009 = EDGE_CURVE('',#999,#999,#1010,.T.);
#1010 = CIRCLE('',#1011,0.3);
#1011 = AXIS2_PLACEMENT_3D('',#1012,#1013,#1014);
#1012 = CARTESIAN_POINT('',(0.,0.,0.35));
#1013 = DIRECTION('',(0.,0.,1.));
#1014 = DIRECTION('',(1.,0.,-0.));
#1015 = TOROIDAL_SURFACE('',#1016,0.9,0.3);
#1016 = AXIS2_PLACEMENT_3D('',#1017,#1018,#1019);
#1017 = CARTESIAN_POINT('',(0.9,0.,0.35));
#1018 = DIRECTION('',(0.,1.,0.));
#1019 = DIRECTION('',(-1.,0.,4.93432455389E-16));
#1020 = ADVANCED_FACE('',(#1021),#1040,.T.);
#1021 = FACE_BOUND('',#1022,.T.);
#1022 = EDGE_LOOP('',(#1023,#1024,#1032,#1039));
#1023 = ORIENTED_EDGE('',*,*,#978,.T.);
#1024 = ORIENTED_EDGE('',*,*,#1025,.T.);
#1025 = EDGE_CURVE('',#979,#1026,#1028,.T.);
#1026 = VERTEX_POINT('',#1027);
#1027 = CARTESIAN_POINT('',(7.605,1.25,1.25));
#1028 = LINE('',#1029,#1030);
#1029 = CARTESIAN_POINT('',(6.655,1.25,1.25));
#1030 = VECTOR('',#1031,1.);
#1031 = DIRECTION('',(1.,0.,0.));
#1032 = ORIENTED_EDGE('',*,*,#1033,.F.);
#1033 = EDGE_CURVE('',#1026,#1026,#1034,.T.);
#1034 = CIRCLE('',#1035,1.25);
#1035 = AXIS2_PLACEMENT_3D('',#1036,#1037,#1038);
#1036 = CARTESIAN_POINT('',(7.605,0.,1.25));
#1037 = DIRECTION('',(1.,0.,0.));
#1038 = DIRECTION('',(-0.,1.,0.));
#1039 = ORIENTED_EDGE('',*,*,#1025,.F.);
#1040 = CYLINDRICAL_SURFACE('',#1041,1.25);
#1041 = AXIS2_PLACEMENT_3D('',#1042,#1043,#1044);
#1042 = CARTESIAN_POINT('',(6.655,0.,1.25));
#1043 = DIRECTION('',(-1.,-0.,-0.));
#1044 = DIRECTION('',(0.,1.,0.));
#1045 = ADVANCED_FACE('',(#1046),#1065,.T.);
#1046 = FACE_BOUND('',#1047,.T.);
#1047 = EDGE_LOOP('',(#1048,#1056,#1057,#1058));
#1048 = ORIENTED_EDGE('',*,*,#1049,.T.);
#1049 = EDGE_CURVE('',#1050,#999,#1052,.T.);
#1050 = VERTEX_POINT('',#1051);
#1051 = CARTESIAN_POINT('',(0.3,-7.347880794884E-17,-3.));
#1052 = LINE('',#1053,#1054);
#1053 = CARTESIAN_POINT('',(0.3,0.,-3.));
#1054 = VECTOR('',#1055,1.);
#1055 = DIRECTION('',(0.,0.,1.));
#1056 = ORIENTED_EDGE('',*,*,#1009,.F.);
#1057 = ORIENTED_EDGE('',*,*,#1049,.F.);
#1058 = ORIENTED_EDGE('',*,*,#1059,.T.);
#1059 = EDGE_CURVE('',#1050,#1050,#1060,.T.);
#1060 = CIRCLE('',#1061,0.3);
#1061 = AXIS2_PLACEMENT_3D('',#1062,#1063,#1064);
#1062 = CARTESIAN_POINT('',(0.,0.,-3.));
#1063 = DIRECTION('',(0.,0.,1.));
#1064 = DIRECTION('',(1.,0.,-0.));
#1065 = CYLINDRICAL_SURFACE('',#1066,0.3);
#1066 = AXIS2_PLACEMENT_3D('',#1067,#1068,#1069);
#1067 = CARTESIAN_POINT('',(0.,0.,-3.));
#1068 = DIRECTION('',(0.,0.,1.));
#1069 = DIRECTION('',(1.,0.,-0.));
#1070 = ADVANCED_FACE('',(#1071),#1091,.T.);
#1071 = FACE_BOUND('',#1072,.T.);
#1072 = EDGE_LOOP('',(#1073,#1082,#1083,#1084));
#1073 = ORIENTED_EDGE('',*,*,#1074,.F.);
#1074 = EDGE_CURVE('',#1026,#1075,#1077,.T.);
#1075 = VERTEX_POINT('',#1076);
#1076 = CARTESIAN_POINT('',(8.23,0.625,1.25));
#1077 = CIRCLE('',#1078,0.625);
#1078 = AXIS2_PLACEMENT_3D('',#1079,#1080,#1081);
#1079 = CARTESIAN_POINT('',(7.605,0.625,1.25));
#1080 = DIRECTION('',(0.,0.,-1.));
#1081 = DIRECTION('',(0.,1.,0.));
#1082 = ORIENTED_EDGE('',*,*,#1033,.T.);
#1083 = ORIENTED_EDGE('',*,*,#1074,.T.);
#1084 = ORIENTED_EDGE('',*,*,#1085,.F.);
#1085 = EDGE_CURVE('',#1075,#1075,#1086,.T.);
#1086 = CIRCLE('',#1087,0.625);
#1087 = AXIS2_PLACEMENT_3D('',#1088,#1089,#1090);
#1088 = CARTESIAN_POINT('',(8.23,0.,1.25));
#1089 = DIRECTION('',(1.,0.,0.));
#1090 = DIRECTION('',(-0.,1.,0.));
#1091 = TOROIDAL_SURFACE('',#1092,0.625,0.625);
#1092 = AXIS2_PLACEMENT_3D('',#1093,#1094,#1095);
#1093 = CARTESIAN_POINT('',(7.605,0.,1.25));
#1094 = DIRECTION('',(1.,0.,0.));
#1095 = DIRECTION('',(-0.,1.,0.));
#1096 = ADVANCED_FACE('',(#1097),#1100,.T.);
#1097 = FACE_BOUND('',#1098,.F.);
#1098 = EDGE_LOOP('',(#1099));
#1099 = ORIENTED_EDGE('',*,*,#1059,.T.);
#1100 = PLANE('',#1101);
#1101 = AXIS2_PLACEMENT_3D('',#1102,#1103,#1104);
#1102 = CARTESIAN_POINT('',(0.3,0.,-3.));
#1103 = DIRECTION('',(0.,0.,-1.));
#1104 = DIRECTION('',(-1.,0.,0.));
#1105 = ADVANCED_FACE('',(#1106,#1109),#1120,.F.);
#1106 = FACE_BOUND('',#1107,.F.);
#1107 = EDGE_LOOP('',(#1108));
#1108 = ORIENTED_EDGE('',*,*,#1085,.F.);
#1109 = FACE_BOUND('',#1110,.F.);
#1110 = EDGE_LOOP('',(#1111));
#1111 = ORIENTED_EDGE('',*,*,#1112,.T.);
#1112 = EDGE_CURVE('',#1113,#1113,#1115,.T.);
#1113 = VERTEX_POINT('',#1114);
#1114 = CARTESIAN_POINT('',(8.23,0.,0.95));
#1115 = CIRCLE('',#1116,0.3);
#1116 = AXIS2_PLACEMENT_3D('',#1117,#1118,#1119);
#1117 = CARTESIAN_POINT('',(8.23,0.,1.25));
#1118 = DIRECTION('',(1.,-0.,0.));
#1119 = DIRECTION('',(0.,0.,-1.));
#1120 = PLANE('',#1121);
#1121 = AXIS2_PLACEMENT_3D('',#1122,#1123,#1124);
#1122 = CARTESIAN_POINT('',(8.23,1.25,1.25));
#1123 = DIRECTION('',(-1.,0.,0.));
#1124 = DIRECTION('',(0.,0.,-1.));
#1125 = ADVANCED_FACE('',(#1126),#1145,.T.);
#1126 = FACE_BOUND('',#1127,.T.);
#1127 = EDGE_LOOP('',(#1128,#1129,#1137,#1144));
#1128 = ORIENTED_EDGE('',*,*,#1112,.T.);
#1129 = ORIENTED_EDGE('',*,*,#1130,.T.);
#1130 = EDGE_CURVE('',#1113,#1131,#1133,.T.);
#1131 = VERTEX_POINT('',#1132);
#1132 = CARTESIAN_POINT('',(9.26,0.,0.95));
#1133 = LINE('',#1134,#1135);
#1134 = CARTESIAN_POINT('',(0.9,0.,0.95));
#1135 = VECTOR('',#1136,1.);
#1136 = DIRECTION('',(1.,0.,0.));
#1137 = ORIENTED_EDGE('',*,*,#1138,.F.);
#1138 = EDGE_CURVE('',#1131,#1131,#1139,.T.);
#1139 = CIRCLE('',#1140,0.3);
#1140 = AXIS2_PLACEMENT_3D('',#1141,#1142,#1143);
#1141 = CARTESIAN_POINT('',(9.26,0.,1.25));
#1142 = DIRECTION('',(1.,-0.,0.));
#1143 = DIRECTION('',(0.,0.,-1.));
#1144 = ORIENTED_EDGE('',*,*,#1130,.F.);
#1145 = CYLINDRICAL_SURFACE('',#1146,0.3);
#1146 = AXIS2_PLACEMENT_3D('',#1147,#1148,#1149);
#1147 = CARTESIAN_POINT('',(0.9,0.,1.25));
#1148 = DIRECTION('',(1.,0.,0.));
#1149 = DIRECTION('',(0.,0.,-1.));
#1150 = ADVANCED_FACE('',(#1151),#1171,.T.);
#1151 = FACE_BOUND('',#1152,.T.);
#1152 = EDGE_LOOP('',(#1153,#1162,#1169,#1170));
#1153 = ORIENTED_EDGE('',*,*,#1154,.T.);
#1154 = EDGE_CURVE('',#1131,#1155,#1157,.T.);
#1155 = VERTEX_POINT('',#1156);
#1156 = CARTESIAN_POINT('',(9.86,0.,0.35));
#1157 = CIRCLE('',#1158,0.6);
#1158 = AXIS2_PLACEMENT_3D('',#1159,#1160,#1161);
#1159 = CARTESIAN_POINT('',(9.26,1.102182119233E-16,0.35));
#1160 = DIRECTION('',(0.,1.,0.));
#1161 = DIRECTION('',(0.,-0.,1.));
#1162 = ORIENTED_EDGE('',*,*,#1163,.T.);
#1163 = EDGE_CURVE('',#1155,#1155,#1164,.T.);
#1164 = CIRCLE('',#1165,0.3);
#1165 = AXIS2_PLACEMENT_3D('',#1166,#1167,#1168);
#1166 = CARTESIAN_POINT('',(10.16,0.,0.35));
#1167 = DIRECTION('',(-5.053215498074E-16,0.,1.));
#1168 = DIRECTION('',(1.,0.,5.053215498074E-16));
#1169 = ORIENTED_EDGE('',*,*,#1154,.F.);
#1170 = ORIENTED_EDGE('',*,*,#1138,.T.);
#1171 = TOROIDAL_SURFACE('',#1172,0.9,0.3);
#1172 = AXIS2_PLACEMENT_3D('',#1173,#1174,#1175);
#1173 = CARTESIAN_POINT('',(9.26,0.,0.35));
#1174 = DIRECTION('',(0.,1.,0.));
#1175 = DIRECTION('',(0.,-0.,1.));
#1176 = ADVANCED_FACE('',(#1177),#1196,.T.);
#1177 = FACE_BOUND('',#1178,.T.);
#1178 = EDGE_LOOP('',(#1179,#1187,#1194,#1195));
#1179 = ORIENTED_EDGE('',*,*,#1180,.T.);
#1180 = EDGE_CURVE('',#1155,#1181,#1183,.T.);
#1181 = VERTEX_POINT('',#1182);
#1182 = CARTESIAN_POINT('',(9.86,-7.347880794884E-17,-3.));
#1183 = LINE('',#1184,#1185);
#1184 = CARTESIAN_POINT('',(9.86,0.,0.35));
#1185 = VECTOR('',#1186,1.);
#1186 = DIRECTION('',(0.,0.,-1.));
#1187 = ORIENTED_EDGE('',*,*,#1188,.F.);
#1188 = EDGE_CURVE('',#1181,#1181,#1189,.T.);
#1189 = CIRCLE('',#1190,0.3);
#1190 = AXIS2_PLACEMENT_3D('',#1191,#1192,#1193);
#1191 = CARTESIAN_POINT('',(10.16,0.,-3.));
#1192 = DIRECTION('',(0.,0.,-1.));
#1193 = DIRECTION('',(-1.,0.,0.));
#1194 = ORIENTED_EDGE('',*,*,#1180,.F.);
#1195 = ORIENTED_EDGE('',*,*,#1163,.F.);
#1196 = CYLINDRICAL_SURFACE('',#1197,0.3);
#1197 = AXIS2_PLACEMENT_3D('',#1198,#1199,#1200);
#1198 = CARTESIAN_POINT('',(10.16,0.,0.35));
#1199 = DIRECTION('',(0.,0.,-1.));
#1200 = DIRECTION('',(-1.,0.,0.));
#1201 = ADVANCED_FACE('',(#1202),#1205,.F.);
#1202 = FACE_BOUND('',#1203,.T.);
#1203 = EDGE_LOOP('',(#1204));
#1204 = ORIENTED_EDGE('',*,*,#1188,.T.);
#1205 = PLANE('',#1206);
#1206 = AXIS2_PLACEMENT_3D('',#1207,#1208,#1209);
#1207 = CARTESIAN_POINT('',(9.86,0.,-3.));
#1208 = DIRECTION('',(0.,0.,1.));
#1209 = DIRECTION('',(1.,0.,-0.));
#1210 = ( GEOMETRIC_REPRESENTATION_CONTEXT(3) 
GLOBAL_UNCERTAINTY_ASSIGNED_CONTEXT((#1214)) 
GLOBAL_UNIT_ASSIGNED_CONTEXT((#1211,#1212,#1213)) REPRESENTATION_CONTEXT
('Context #1','3D Context with UNIT and UNCERTAINTY') );
#1211 = ( LENGTH_UNIT() NAMED_UNIT(*) SI_UNIT(.MILLI.,.METRE.) );
#1212 = ( NAMED_UNIT(*) PLANE_ANGLE_UNIT() SI_UNIT($,.RADIAN.) );
#1213 = ( NAMED_UNIT(*) SI_UNIT($,.STERADIAN.) SOLID_ANGLE_UNIT() );
#1214 = UNCERTAINTY_MEASURE_WITH_UNIT(LENGTH_MEASURE(1.E-07),#1211,
  'distance_accuracy_value','confusion accuracy');
#1215 = CONTEXT_DEPENDENT_SHAPE_REPRESENTATION(#1216,#1218);
#1216 = ( REPRESENTATION_RELATIONSHIP('','',#822,#10) 
REPRESENTATION_RELATIONSHIP_WITH_TRANSFORMATION(#1217) 
SHAPE_REPRESENTATION_RELATIONSHIP() );
#1217 = ITEM_DEFINED_TRANSFORMATION('','',#11,#23);
#1218 = PRODUCT_DEFINITION_SHAPE('Placement','Placement of an item',
  #1219);
#1219 = NEXT_ASSEMBLY_USAGE_OCCURRENCE('3','R2','',#5,#817,$);
#1220 = PRODUCT_RELATED_PRODUCT_CATEGORY('part',$,(#819));
#1221 = CONTEXT_DEPENDENT_SHAPE_REPRESENTATION(#1222,#1224);
#1222 = ( REPRESENTATION_RELATIONSHIP('','',#822,#10) 
REPRESENTATION_RELATIONSHIP_WITH_TRANSFORMATION(#1223) 
SHAPE_REPRESENTATION_RELATIONSHIP() );
#1223 = ITEM_DEFINED_TRANSFORMATION('','',#11,#27);
#1224 = PRODUCT_DEFINITION_SHAPE('Placement','Placement of an item',
  #1225);
#1225 = NEXT_ASSEMBLY_USAGE_OCCURRENCE('4','R1','',#5,#817,$);
#1226 = CONTEXT_DEPENDENT_SHAPE_REPRESENTATION(#1227,#1229);
#1227 = ( REPRESENTATION_RELATIONSHIP('','',#72,#10) 
REPRESENTATION_RELATIONSHIP_WITH_TRANSFORMATION(#1228) 
SHAPE_REPRESENTATION_RELATIONSHIP() );
#1228 = ITEM_DEFINED_TRANSFORMATION('','',#11,#31);
#1229 = PRODUCT_DEFINITION_SHAPE('Placement','Placement of an item',
  #1230);
#1230 = NEXT_ASSEMBLY_USAGE_OCCURRENCE('5','D1','',#5,#67,$);
#1231 = SHAPE_DEFINITION_REPRESENTATION(#1232,#1238);
#1232 = PRODUCT_DEFINITION_SHAPE('','',#1233);
#1233 = PRODUCT_DEFINITION('design','',#1234,#1237);
#1234 = PRODUCT_DEFINITION_FORMATION('','',#1235);
#1235 = PRODUCT('PinHeader_1x05_P2.54mm_Vertical',
  'PinHeader_1x05_P2.54mm_Vertical','',(#1236));
#1236 = PRODUCT_CONTEXT('',#2,'mechanical');
#1237 = PRODUCT_DEFINITION_CONTEXT('part definition',#2,'design');
#1238 = ADVANCED_BREP_SHAPE_REPRESENTATION('',(#11,#1239),#4693);
#1239 = MANIFOLD_SOLID_BREP('',#1240);
#1240 = CLOSED_SHELL('',(#1241,#1281,#1312,#1343,#1754,#2165,#2182,#2199
    ,#2216,#2233,#2250,#2267,#2284,#2301,#2318,#2335,#2352,#2369,#2386,
    #2403,#2420,#2437,#2454,#2471,#2488,#2505,#2522,#2539,#2556,#2573,
    #2590,#2607,#2624,#2641,#2653,#2684,#2708,#2732,#2749,#2780,#2804,
    #2828,#2845,#2876,#2900,#2924,#2941,#2972,#2996,#3020,#3037,#3068,
    #3092,#3116,#3133,#3164,#3188,#3212,#3229,#3260,#3284,#3308,#3325,
    #3356,#3380,#3404,#3421,#3452,#3476,#3500,#3517,#3548,#3572,#3596,
    #3613,#3644,#3668,#3692,#3709,#3740,#3764,#3788,#3805,#3836,#3860,
    #3884,#3901,#3932,#3956,#3980,#3997,#4028,#4052,#4076,#4093,#4124,
    #4148,#4172,#4189,#4220,#4244,#4268,#4285,#4316,#4340,#4364,#4381,
    #4412,#4436,#4460,#4477,#4508,#4532,#4556,#4573,#4585,#4597,#4609,
    #4621,#4633,#4645,#4657,#4669,#4681));
#1241 = ADVANCED_FACE('',(#1242),#1276,.F.);
#1242 = FACE_BOUND('',#1243,.F.);
#1243 = EDGE_LOOP('',(#1244,#1254,#1262,#1270));
#1244 = ORIENTED_EDGE('',*,*,#1245,.T.);
#1245 = EDGE_CURVE('',#1246,#1248,#1250,.T.);
#1246 = VERTEX_POINT('',#1247);
#1247 = CARTESIAN_POINT('',(-1.016,1.27,0.));
#1248 = VERTEX_POINT('',#1249);
#1249 = CARTESIAN_POINT('',(-1.016,1.27,2.54));
#1250 = LINE('',#1251,#1252);
#1251 = CARTESIAN_POINT('',(-1.016,1.27,0.));
#1252 = VECTOR('',#1253,1.);
#1253 = DIRECTION('',(0.,0.,1.));
#1254 = ORIENTED_EDGE('',*,*,#1255,.T.);
#1255 = EDGE_CURVE('',#1248,#1256,#1258,.T.);
#1256 = VERTEX_POINT('',#1257);
#1257 = CARTESIAN_POINT('',(-1.27,1.016,2.54));
#1258 = LINE('',#1259,#1260);
#1259 = CARTESIAN_POINT('',(-1.016,1.27,2.54));
#1260 = VECTOR('',#1261,1.);
#1261 = DIRECTION('',(-0.707106781187,-0.707106781187,0.));
#1262 = ORIENTED_EDGE('',*,*,#1263,.F.);
#1263 = EDGE_CURVE('',#1264,#1256,#1266,.T.);
#1264 = VERTEX_POINT('',#1265);
#1265 = CARTESIAN_POINT('',(-1.27,1.016,0.));
#1266 = LINE('',#1267,#1268);
#1267 = CARTESIAN_POINT('',(-1.27,1.016,0.));
#1268 = VECTOR('',#1269,1.);
#1269 = DIRECTION('',(0.,0.,1.));
#1270 = ORIENTED_EDGE('',*,*,#1271,.F.);
#1271 = EDGE_CURVE('',#1246,#1264,#1272,.T.);
#1272 = LINE('',#1273,#1274);
#1273 = CARTESIAN_POINT('',(-1.016,1.27,0.));
#1274 = VECTOR('',#1275,1.);
#1275 = DIRECTION('',(-0.707106781187,-0.707106781187,0.));
#1276 = PLANE('',#1277);
#1277 = AXIS2_PLACEMENT_3D('',#1278,#1279,#1280);
#1278 = CARTESIAN_POINT('',(-1.016,1.27,0.));
#1279 = DIRECTION('',(0.707106781187,-0.707106781187,0.));
#1280 = DIRECTION('',(-0.707106781187,-0.707106781187,0.));
#1281 = ADVANCED_FACE('',(#1282),#1307,.F.);
#1282 = FACE_BOUND('',#1283,.F.);
#1283 = EDGE_LOOP('',(#1284,#1294,#1300,#1301));
#1284 = ORIENTED_EDGE('',*,*,#1285,.T.);
#1285 = EDGE_CURVE('',#1286,#1288,#1290,.T.);
#1286 = VERTEX_POINT('',#1287);
#1287 = CARTESIAN_POINT('',(1.016,1.27,0.));
#1288 = VERTEX_POINT('',#1289);
#1289 = CARTESIAN_POINT('',(1.016,1.27,2.54));
#1290 = LINE('',#1291,#1292);
#1291 = CARTESIAN_POINT('',(1.016,1.27,0.));
#1292 = VECTOR('',#1293,1.);
#1293 = DIRECTION('',(0.,0.,1.));
#1294 = ORIENTED_EDGE('',*,*,#1295,.T.);
#1295 = EDGE_CURVE('',#1288,#1248,#1296,.T.);
#1296 = LINE('',#1297,#1298);
#1297 = CARTESIAN_POINT('',(1.016,1.27,2.54));
#1298 = VECTOR('',#1299,1.);
#1299 = DIRECTION('',(-1.,0.,0.));
#1300 = ORIENTED_EDGE('',*,*,#1245,.F.);
#1301 = ORIENTED_EDGE('',*,*,#1302,.F.);
#1302 = EDGE_CURVE('',#1286,#1246,#1303,.T.);
#1303 = LINE('',#1304,#1305);
#1304 = CARTESIAN_POINT('',(1.016,1.27,0.));
#1305 = VECTOR('',#1306,1.);
#1306 = DIRECTION('',(-1.,0.,0.));
#1307 = PLANE('',#1308);
#1308 = AXIS2_PLACEMENT_3D('',#1309,#1310,#1311);
#1309 = CARTESIAN_POINT('',(1.016,1.27,0.));
#1310 = DIRECTION('',(0.,-1.,0.));
#1311 = DIRECTION('',(-1.,0.,0.));
#1312 = ADVANCED_FACE('',(#1313),#1338,.F.);
#1313 = FACE_BOUND('',#1314,.F.);
#1314 = EDGE_LOOP('',(#1315,#1316,#1324,#1332));
#1315 = ORIENTED_EDGE('',*,*,#1263,.T.);
#1316 = ORIENTED_EDGE('',*,*,#1317,.T.);
#1317 = EDGE_CURVE('',#1256,#1318,#1320,.T.);
#1318 = VERTEX_POINT('',#1319);
#1319 = CARTESIAN_POINT('',(-1.27,-1.016,2.54));
#1320 = LINE('',#1321,#1322);
#1321 = CARTESIAN_POINT('',(-1.27,1.016,2.54));
#1322 = VECTOR('',#1323,1.);
#1323 = DIRECTION('',(0.,-1.,0.));
#1324 = ORIENTED_EDGE('',*,*,#1325,.F.);
#1325 = EDGE_CURVE('',#1326,#1318,#1328,.T.);
#1326 = VERTEX_POINT('',#1327);
#1327 = CARTESIAN_POINT('',(-1.27,-1.016,0.));
#1328 = LINE('',#1329,#1330);
#1329 = CARTESIAN_POINT('',(-1.27,-1.016,0.));
#1330 = VECTOR('',#1331,1.);
#1331 = DIRECTION('',(0.,0.,1.));
#1332 = ORIENTED_EDGE('',*,*,#1333,.F.);
#1333 = EDGE_CURVE('',#1264,#1326,#1334,.T.);
#1334 = LINE('',#1335,#1336);
#1335 = CARTESIAN_POINT('',(-1.27,1.016,0.));
#1336 = VECTOR('',#1337,1.);
#1337 = DIRECTION('',(0.,-1.,0.));
#1338 = PLANE('',#1339);
#1339 = AXIS2_PLACEMENT_3D('',#1340,#1341,#1342);
#1340 = CARTESIAN_POINT('',(-1.27,1.016,0.));
#1341 = DIRECTION('',(1.,0.,0.));
#1342 = DIRECTION('',(0.,-1.,0.));
#1343 = ADVANCED_FACE('',(#1344,#1579,#1613,#1647,#1681,#1715),#1749,.F.
  );
#1344 = FACE_BOUND('',#1345,.F.);
#1345 = EDGE_LOOP('',(#1346,#1347,#1348,#1356,#1364,#1372,#1380,#1388,
    #1396,#1404,#1412,#1420,#1428,#1436,#1444,#1452,#1460,#1468,#1476,
    #1484,#1492,#1500,#1508,#1516,#1524,#1532,#1540,#1548,#1556,#1564,
    #1572,#1578));
#1346 = ORIENTED_EDGE('',*,*,#1271,.T.);
#1347 = ORIENTED_EDGE('',*,*,#1333,.T.);
#1348 = ORIENTED_EDGE('',*,*,#1349,.T.);
#1349 = EDGE_CURVE('',#1326,#1350,#1352,.T.);
#1350 = VERTEX_POINT('',#1351);
#1351 = CARTESIAN_POINT('',(-1.016,-1.27,0.));
#1352 = LINE('',#1353,#1354);
#1353 = CARTESIAN_POINT('',(-1.27,-1.016,0.));
#1354 = VECTOR('',#1355,1.);
#1355 = DIRECTION('',(0.707106781187,-0.707106781187,0.));
#1356 = ORIENTED_EDGE('',*,*,#1357,.T.);
#1357 = EDGE_CURVE('',#1350,#1358,#1360,.T.);
#1358 = VERTEX_POINT('',#1359);
#1359 = CARTESIAN_POINT('',(-1.27,-1.524,0.));
#1360 = LINE('',#1361,#1362);
#1361 = CARTESIAN_POINT('',(-1.016,-1.27,0.));
#1362 = VECTOR('',#1363,1.);
#1363 = DIRECTION('',(-0.707106781187,-0.707106781187,0.));
#1364 = ORIENTED_EDGE('',*,*,#1365,.T.);
#1365 = EDGE_CURVE('',#1358,#1366,#1368,.T.);
#1366 = VERTEX_POINT('',#1367);
#1367 = CARTESIAN_POINT('',(-1.27,-3.556,0.));
#1368 = LINE('',#1369,#1370);
#1369 = CARTESIAN_POINT('',(-1.27,-1.524,0.));
#1370 = VECTOR('',#1371,1.);
#1371 = DIRECTION('',(0.,-1.,0.));
#1372 = ORIENTED_EDGE('',*,*,#1373,.T.);
#1373 = EDGE_CURVE('',#1366,#1374,#1376,.T.);
#1374 = VERTEX_POINT('',#1375);
#1375 = CARTESIAN_POINT('',(-1.016,-3.81,0.));
#1376 = LINE('',#1377,#1378);
#1377 = CARTESIAN_POINT('',(-1.27,-3.556,0.));
#1378 = VECTOR('',#1379,1.);
#1379 = DIRECTION('',(0.707106781187,-0.707106781187,0.));
#1380 = ORIENTED_EDGE('',*,*,#1381,.T.);
#1381 = EDGE_CURVE('',#1374,#1382,#1384,.T.);
#1382 = VERTEX_POINT('',#1383);
#1383 = CARTESIAN_POINT('',(-1.27,-4.064,0.));
#1384 = LINE('',#1385,#1386);
#1385 = CARTESIAN_POINT('',(-1.016,-3.81,0.));
#1386 = VECTOR('',#1387,1.);
#1387 = DIRECTION('',(-0.707106781187,-0.707106781187,0.));
#1388 = ORIENTED_EDGE('',*,*,#1389,.T.);
#1389 = EDGE_CURVE('',#1382,#1390,#1392,.T.);
#1390 = VERTEX_POINT('',#1391);
#1391 = CARTESIAN_POINT('',(-1.27,-6.096,0.));
#1392 = LINE('',#1393,#1394);
#1393 = CARTESIAN_POINT('',(-1.27,-4.064,0.));
#1394 = VECTOR('',#1395,1.);
#1395 = DIRECTION('',(0.,-1.,0.));
#1396 = ORIENTED_EDGE('',*,*,#1397,.T.);
#1397 = EDGE_CURVE('',#1390,#1398,#1400,.T.);
#1398 = VERTEX_POINT('',#1399);
#1399 = CARTESIAN_POINT('',(-1.016,-6.35,0.));
#1400 = LINE('',#1401,#1402);
#1401 = CARTESIAN_POINT('',(-1.27,-6.096,0.));
#1402 = VECTOR('',#1403,1.);
#1403 = DIRECTION('',(0.707106781187,-0.707106781187,0.));
#1404 = ORIENTED_EDGE('',*,*,#1405,.T.);
#1405 = EDGE_CURVE('',#1398,#1406,#1408,.T.);
#1406 = VERTEX_POINT('',#1407);
#1407 = CARTESIAN_POINT('',(-1.27,-6.604,0.));
#1408 = LINE('',#1409,#1410);
#1409 = CARTESIAN_POINT('',(-1.016,-6.35,0.));
#1410 = VECTOR('',#1411,1.);
#1411 = DIRECTION('',(-0.707106781187,-0.707106781187,0.));
#1412 = ORIENTED_EDGE('',*,*,#1413,.T.);
#1413 = EDGE_CURVE('',#1406,#1414,#1416,.T.);
#1414 = VERTEX_POINT('',#1415);
#1415 = CARTESIAN_POINT('',(-1.27,-8.636,0.));
#1416 = LINE('',#1417,#1418);
#1417 = CARTESIAN_POINT('',(-1.27,-6.604,0.));
#1418 = VECTOR('',#1419,1.);
#1419 = DIRECTION('',(0.,-1.,0.));
#1420 = ORIENTED_EDGE('',*,*,#1421,.T.);
#1421 = EDGE_CURVE('',#1414,#1422,#1424,.T.);
#1422 = VERTEX_POINT('',#1423);
#1423 = CARTESIAN_POINT('',(-1.016,-8.89,0.));
#1424 = LINE('',#1425,#1426);
#1425 = CARTESIAN_POINT('',(-1.27,-8.636,0.));
#1426 = VECTOR('',#1427,1.);
#1427 = DIRECTION('',(0.707106781187,-0.707106781187,0.));
#1428 = ORIENTED_EDGE('',*,*,#1429,.T.);
#1429 = EDGE_CURVE('',#1422,#1430,#1432,.T.);
#1430 = VERTEX_POINT('',#1431);
#1431 = CARTESIAN_POINT('',(-1.27,-9.144,0.));
#1432 = LINE('',#1433,#1434);
#1433 = CARTESIAN_POINT('',(-1.016,-8.89,0.));
#1434 = VECTOR('',#1435,1.);
#1435 = DIRECTION('',(-0.707106781187,-0.707106781187,0.));
#1436 = ORIENTED_EDGE('',*,*,#1437,.T.);
#1437 = EDGE_CURVE('',#1430,#1438,#1440,.T.);
#1438 = VERTEX_POINT('',#1439);
#1439 = CARTESIAN_POINT('',(-1.27,-11.176,0.));
#1440 = LINE('',#1441,#1442);
#1441 = CARTESIAN_POINT('',(-1.27,-9.144,0.));
#1442 = VECTOR('',#1443,1.);
#1443 = DIRECTION('',(0.,-1.,0.));
#1444 = ORIENTED_EDGE('',*,*,#1445,.T.);
#1445 = EDGE_CURVE('',#1438,#1446,#1448,.T.);
#1446 = VERTEX_POINT('',#1447);
#1447 = CARTESIAN_POINT('',(-1.016,-11.43,0.));
#1448 = LINE('',#1449,#1450);
#1449 = CARTESIAN_POINT('',(-1.27,-11.176,0.));
#1450 = VECTOR('',#1451,1.);
#1451 = DIRECTION('',(0.707106781187,-0.707106781187,0.));
#1452 = ORIENTED_EDGE('',*,*,#1453,.T.);
#1453 = EDGE_CURVE('',#1446,#1454,#1456,.T.);
#1454 = VERTEX_POINT('',#1455);
#1455 = CARTESIAN_POINT('',(1.016,-11.43,0.));
#1456 = LINE('',#1457,#1458);
#1457 = CARTESIAN_POINT('',(-1.016,-11.43,0.));
#1458 = VECTOR('',#1459,1.);
#1459 = DIRECTION('',(1.,0.,0.));
#1460 = ORIENTED_EDGE('',*,*,#1461,.T.);
#1461 = EDGE_CURVE('',#1454,#1462,#1464,.T.);
#1462 = VERTEX_POINT('',#1463);
#1463 = CARTESIAN_POINT('',(1.27,-11.176,0.));
#1464 = LINE('',#1465,#1466);
#1465 = CARTESIAN_POINT('',(1.016,-11.43,0.));
#1466 = VECTOR('',#1467,1.);
#1467 = DIRECTION('',(0.707106781187,0.707106781187,0.));
#1468 = ORIENTED_EDGE('',*,*,#1469,.T.);
#1469 = EDGE_CURVE('',#1462,#1470,#1472,.T.);
#1470 = VERTEX_POINT('',#1471);
#1471 = CARTESIAN_POINT('',(1.27,-9.144,0.));
#1472 = LINE('',#1473,#1474);
#1473 = CARTESIAN_POINT('',(1.27,-11.176,0.));
#1474 = VECTOR('',#1475,1.);
#1475 = DIRECTION('',(0.,1.,0.));
#1476 = ORIENTED_EDGE('',*,*,#1477,.T.);
#1477 = EDGE_CURVE('',#1470,#1478,#1480,.T.);
#1478 = VERTEX_POINT('',#1479);
#1479 = CARTESIAN_POINT('',(1.016,-8.89,0.));
#1480 = LINE('',#1481,#1482);
#1481 = CARTESIAN_POINT('',(1.27,-9.144,0.));
#1482 = VECTOR('',#1483,1.);
#1483 = DIRECTION('',(-0.707106781187,0.707106781187,0.));
#1484 = ORIENTED_EDGE('',*,*,#1485,.T.);
#1485 = EDGE_CURVE('',#1478,#1486,#1488,.T.);
#1486 = VERTEX_POINT('',#1487);
#1487 = CARTESIAN_POINT('',(1.27,-8.636,0.));
#1488 = LINE('',#1489,#1490);
#1489 = CARTESIAN_POINT('',(1.016,-8.89,0.));
#1490 = VECTOR('',#1491,1.);
#1491 = DIRECTION('',(0.707106781187,0.707106781187,0.));
#1492 = ORIENTED_EDGE('',*,*,#1493,.T.);
#1493 = EDGE_CURVE('',#1486,#1494,#1496,.T.);
#1494 = VERTEX_POINT('',#1495);
#1495 = CARTESIAN_POINT('',(1.27,-6.604,0.));
#1496 = LINE('',#1497,#1498);
#1497 = CARTESIAN_POINT('',(1.27,-8.636,0.));
#1498 = VECTOR('',#1499,1.);
#1499 = DIRECTION('',(0.,1.,0.));
#1500 = ORIENTED_EDGE('',*,*,#1501,.T.);
#1501 = EDGE_CURVE('',#1494,#1502,#1504,.T.);
#1502 = VERTEX_POINT('',#1503);
#1503 = CARTESIAN_POINT('',(1.016,-6.35,0.));
#1504 = LINE('',#1505,#1506);
#1505 = CARTESIAN_POINT('',(1.27,-6.604,0.));
#1506 = VECTOR('',#1507,1.);
#1507 = DIRECTION('',(-0.707106781187,0.707106781187,0.));
#1508 = ORIENTED_EDGE('',*,*,#1509,.T.);
#1509 = EDGE_CURVE('',#1502,#1510,#1512,.T.);
#1510 = VERTEX_POINT('',#1511);
#1511 = CARTESIAN_POINT('',(1.27,-6.096,0.));
#1512 = LINE('',#1513,#1514);
#1513 = CARTESIAN_POINT('',(1.016,-6.35,0.));
#1514 = VECTOR('',#1515,1.);
#1515 = DIRECTION('',(0.707106781187,0.707106781187,0.));
#1516 = ORIENTED_EDGE('',*,*,#1517,.T.);
#1517 = EDGE_CURVE('',#1510,#1518,#1520,.T.);
#1518 = VERTEX_POINT('',#1519);
#1519 = CARTESIAN_POINT('',(1.27,-4.064,0.));
#1520 = LINE('',#1521,#1522);
#1521 = CARTESIAN_POINT('',(1.27,-6.096,0.));
#1522 = VECTOR('',#1523,1.);
#1523 = DIRECTION('',(0.,1.,0.));
#1524 = ORIENTED_EDGE('',*,*,#1525,.T.);
#1525 = EDGE_CURVE('',#1518,#1526,#1528,.T.);
#1526 = VERTEX_POINT('',#1527);
#1527 = CARTESIAN_POINT('',(1.016,-3.81,0.));
#1528 = LINE('',#1529,#1530);
#1529 = CARTESIAN_POINT('',(1.27,-4.064,0.));
#1530 = VECTOR('',#1531,1.);
#1531 = DIRECTION('',(-0.707106781187,0.707106781187,0.));
#1532 = ORIENTED_EDGE('',*,*,#1533,.T.);
#1533 = EDGE_CURVE('',#1526,#1534,#1536,.T.);
#1534 = VERTEX_POINT('',#1535);
#1535 = CARTESIAN_POINT('',(1.27,-3.556,0.));
#1536 = LINE('',#1537,#1538);
#1537 = CARTESIAN_POINT('',(1.016,-3.81,0.));
#1538 = VECTOR('',#1539,1.);
#1539 = DIRECTION('',(0.707106781187,0.707106781187,0.));
#1540 = ORIENTED_EDGE('',*,*,#1541,.T.);
#1541 = EDGE_CURVE('',#1534,#1542,#1544,.T.);
#1542 = VERTEX_POINT('',#1543);
#1543 = CARTESIAN_POINT('',(1.27,-1.524,0.));
#1544 = LINE('',#1545,#1546);
#1545 = CARTESIAN_POINT('',(1.27,-3.556,0.));
#1546 = VECTOR('',#1547,1.);
#1547 = DIRECTION('',(0.,1.,0.));
#1548 = ORIENTED_EDGE('',*,*,#1549,.T.);
#1549 = EDGE_CURVE('',#1542,#1550,#1552,.T.);
#1550 = VERTEX_POINT('',#1551);
#1551 = CARTESIAN_POINT('',(1.016,-1.27,0.));
#1552 = LINE('',#1553,#1554);
#1553 = CARTESIAN_POINT('',(1.27,-1.524,0.));
#1554 = VECTOR('',#1555,1.);
#1555 = DIRECTION('',(-0.707106781187,0.707106781187,0.));
#1556 = ORIENTED_EDGE('',*,*,#1557,.T.);
#1557 = EDGE_CURVE('',#1550,#1558,#1560,.T.);
#1558 = VERTEX_POINT('',#1559);
#1559 = CARTESIAN_POINT('',(1.27,-1.016,0.));
#1560 = LINE('',#1561,#1562);
#1561 = CARTESIAN_POINT('',(1.016,-1.27,0.));
#1562 = VECTOR('',#1563,1.);
#1563 = DIRECTION('',(0.707106781187,0.707106781187,0.));
#1564 = ORIENTED_EDGE('',*,*,#1565,.T.);
#1565 = EDGE_CURVE('',#1558,#1566,#1568,.T.);
#1566 = VERTEX_POINT('',#1567);
#1567 = CARTESIAN_POINT('',(1.27,1.016,0.));
#1568 = LINE('',#1569,#1570);
#1569 = CARTESIAN_POINT('',(1.27,-1.016,0.));
#1570 = VECTOR('',#1571,1.);
#1571 = DIRECTION('',(0.,1.,0.));
#1572 = ORIENTED_EDGE('',*,*,#1573,.T.);
#1573 = EDGE_CURVE('',#1566,#1286,#1574,.T.);
#1574 = LINE('',#1575,#1576);
#1575 = CARTESIAN_POINT('',(1.27,1.016,0.));
#1576 = VECTOR('',#1577,1.);
#1577 = DIRECTION('',(-0.707106781187,0.707106781187,0.));
#1578 = ORIENTED_EDGE('',*,*,#1302,.T.);
#1579 = FACE_BOUND('',#1580,.F.);
#1580 = EDGE_LOOP('',(#1581,#1591,#1599,#1607));
#1581 = ORIENTED_EDGE('',*,*,#1582,.F.);
#1582 = EDGE_CURVE('',#1583,#1585,#1587,.T.);
#1583 = VERTEX_POINT('',#1584);
#1584 = CARTESIAN_POINT('',(0.32,-0.32,0.));
#1585 = VERTEX_POINT('',#1586);
#1586 = CARTESIAN_POINT('',(0.32,0.32,0.));
#1587 = LINE('',#1588,#1589);
#1588 = CARTESIAN_POINT('',(0.32,-2.7,0.));
#1589 = VECTOR('',#1590,1.);
#1590 = DIRECTION('',(0.,1.,0.));
#1591 = ORIENTED_EDGE('',*,*,#1592,.T.);
#1592 = EDGE_CURVE('',#1583,#1593,#1595,.T.);
#1593 = VERTEX_POINT('',#1594);
#1594 = CARTESIAN_POINT('',(-0.32,-0.32,0.));
#1595 = LINE('',#1596,#1597);
#1596 = CARTESIAN_POINT('',(-0.16,-0.32,0.));
#1597 = VECTOR('',#1598,1.);
#1598 = DIRECTION('',(-1.,0.,0.));
#1599 = ORIENTED_EDGE('',*,*,#1600,.T.);
#1600 = EDGE_CURVE('',#1593,#1601,#1603,.T.);
#1601 = VERTEX_POINT('',#1602);
#1602 = CARTESIAN_POINT('',(-0.32,0.32,0.));
#1603 = LINE('',#1604,#1605);
#1604 = CARTESIAN_POINT('',(-0.32,-2.7,0.));
#1605 = VECTOR('',#1606,1.);
#1606 = DIRECTION('',(0.,1.,0.));
#1607 = ORIENTED_EDGE('',*,*,#1608,.F.);
#1608 = EDGE_CURVE('',#1585,#1601,#1609,.T.);
#1609 = LINE('',#1610,#1611);
#1610 = CARTESIAN_POINT('',(-0.16,0.32,0.));
#1611 = VECTOR('',#1612,1.);
#1612 = DIRECTION('',(-1.,0.,0.));
#1613 = FACE_BOUND('',#1614,.F.);
#1614 = EDGE_LOOP('',(#1615,#1625,#1633,#1641));
#1615 = ORIENTED_EDGE('',*,*,#1616,.F.);
#1616 = EDGE_CURVE('',#1617,#1619,#1621,.T.);
#1617 = VERTEX_POINT('',#1618);
#1618 = CARTESIAN_POINT('',(0.32,-2.22,0.));
#1619 = VERTEX_POINT('',#1620);
#1620 = CARTESIAN_POINT('',(-0.32,-2.22,0.));
#1621 = LINE('',#1622,#1623);
#1622 = CARTESIAN_POINT('',(-0.16,-2.22,0.));
#1623 = VECTOR('',#1624,1.);
#1624 = DIRECTION('',(-1.,0.,0.));
#1625 = ORIENTED_EDGE('',*,*,#1626,.F.);
#1626 = EDGE_CURVE('',#1627,#1617,#1629,.T.);
#1627 = VERTEX_POINT('',#1628);
#1628 = CARTESIAN_POINT('',(0.32,-2.86,0.));
#1629 = LINE('',#1630,#1631);
#1630 = CARTESIAN_POINT('',(0.32,-3.97,0.));
#1631 = VECTOR('',#1632,1.);
#1632 = DIRECTION('',(0.,1.,0.));
#1633 = ORIENTED_EDGE('',*,*,#1634,.T.);
#1634 = EDGE_CURVE('',#1627,#1635,#1637,.T.);
#1635 = VERTEX_POINT('',#1636);
#1636 = CARTESIAN_POINT('',(-0.32,-2.86,0.));
#1637 = LINE('',#1638,#1639);
#1638 = CARTESIAN_POINT('',(-0.16,-2.86,0.));
#1639 = VECTOR('',#1640,1.);
#1640 = DIRECTION('',(-1.,0.,0.));
#1641 = ORIENTED_EDGE('',*,*,#1642,.T.);
#1642 = EDGE_CURVE('',#1635,#1619,#1643,.T.);
#1643 = LINE('',#1644,#1645);
#1644 = CARTESIAN_POINT('',(-0.32,-3.97,0.));
#1645 = VECTOR('',#1646,1.);
#1646 = DIRECTION('',(0.,1.,0.));
#1647 = FACE_BOUND('',#1648,.F.);
#1648 = EDGE_LOOP('',(#1649,#1659,#1667,#1675));
#1649 = ORIENTED_EDGE('',*,*,#1650,.F.);
#1650 = EDGE_CURVE('',#1651,#1653,#1655,.T.);
#1651 = VERTEX_POINT('',#1652);
#1652 = CARTESIAN_POINT('',(0.32,-4.76,0.));
#1653 = VERTEX_POINT('',#1654);
#1654 = CARTESIAN_POINT('',(-0.32,-4.76,0.));
#1655 = LINE('',#1656,#1657);
#1656 = CARTESIAN_POINT('',(-0.16,-4.76,0.));
#1657 = VECTOR('',#1658,1.);
#1658 = DIRECTION('',(-1.,0.,0.));
#1659 = ORIENTED_EDGE('',*,*,#1660,.F.);
#1660 = EDGE_CURVE('',#1661,#1651,#1663,.T.);
#1661 = VERTEX_POINT('',#1662);
#1662 = CARTESIAN_POINT('',(0.32,-5.4,0.));
#1663 = LINE('',#1664,#1665);
#1664 = CARTESIAN_POINT('',(0.32,-5.24,0.));
#1665 = VECTOR('',#1666,1.);
#1666 = DIRECTION('',(0.,1.,0.));
#1667 = ORIENTED_EDGE('',*,*,#1668,.T.);
#1668 = EDGE_CURVE('',#1661,#1669,#1671,.T.);
#1669 = VERTEX_POINT('',#1670);
#1670 = CARTESIAN_POINT('',(-0.32,-5.4,0.));
#1671 = LINE('',#1672,#1673);
#1672 = CARTESIAN_POINT('',(-0.16,-5.4,0.));
#1673 = VECTOR('',#1674,1.);
#1674 = DIRECTION('',(-1.,0.,0.));
#1675 = ORIENTED_EDGE('',*,*,#1676,.T.);
#1676 = EDGE_CURVE('',#1669,#1653,#1677,.T.);
#1677 = LINE('',#1678,#1679);
#1678 = CARTESIAN_POINT('',(-0.32,-5.24,0.));
#1679 = VECTOR('',#1680,1.);
#1680 = DIRECTION('',(0.,1.,0.));
#1681 = FACE_BOUND('',#1682,.F.);
#1682 = EDGE_LOOP('',(#1683,#1693,#1701,#1709));
#1683 = ORIENTED_EDGE('',*,*,#1684,.F.);
#1684 = EDGE_CURVE('',#1685,#1687,#1689,.T.);
#1685 = VERTEX_POINT('',#1686);
#1686 = CARTESIAN_POINT('',(0.32,-9.84,0.));
#1687 = VERTEX_POINT('',#1688);
#1688 = CARTESIAN_POINT('',(-0.32,-9.84,0.));
#1689 = LINE('',#1690,#1691);
#1690 = CARTESIAN_POINT('',(-0.16,-9.84,0.));
#1691 = VECTOR('',#1692,1.);
#1692 = DIRECTION('',(-1.,0.,0.));
#1693 = ORIENTED_EDGE('',*,*,#1694,.F.);
#1694 = EDGE_CURVE('',#1695,#1685,#1697,.T.);
#1695 = VERTEX_POINT('',#1696);
#1696 = CARTESIAN_POINT('',(0.32,-10.48,0.));
#1697 = LINE('',#1698,#1699);
#1698 = CARTESIAN_POINT('',(0.32,-7.78,0.));
#1699 = VECTOR('',#1700,1.);
#1700 = DIRECTION('',(0.,1.,0.));
#1701 = ORIENTED_EDGE('',*,*,#1702,.T.);
#1702 = EDGE_CURVE('',#1695,#1703,#1705,.T.);
#1703 = VERTEX_POINT('',#1704);
#1704 = CARTESIAN_POINT('',(-0.32,-10.48,0.));
#1705 = LINE('',#1706,#1707);
#1706 = CARTESIAN_POINT('',(-0.16,-10.48,0.));
#1707 = VECTOR('',#1708,1.);
#1708 = DIRECTION('',(-1.,0.,0.));
#1709 = ORIENTED_EDGE('',*,*,#1710,.T.);
#1710 = EDGE_CURVE('',#1703,#1687,#1711,.T.);
#1711 = LINE('',#1712,#1713);
#1712 = CARTESIAN_POINT('',(-0.32,-7.78,0.));
#1713 = VECTOR('',#1714,1.);
#1714 = DIRECTION('',(0.,1.,0.));
#1715 = FACE_BOUND('',#1716,.F.);
#1716 = EDGE_LOOP('',(#1717,#1727,#1735,#1743));
#1717 = ORIENTED_EDGE('',*,*,#1718,.T.);
#1718 = EDGE_CURVE('',#1719,#1721,#1723,.T.);
#1719 = VERTEX_POINT('',#1720);
#1720 = CARTESIAN_POINT('',(0.32,-7.94,0.));
#1721 = VERTEX_POINT('',#1722);
#1722 = CARTESIAN_POINT('',(-0.32,-7.94,0.));
#1723 = LINE('',#1724,#1725);
#1724 = CARTESIAN_POINT('',(-0.16,-7.94,0.));
#1725 = VECTOR('',#1726,1.);
#1726 = DIRECTION('',(-1.,0.,0.));
#1727 = ORIENTED_EDGE('',*,*,#1728,.T.);
#1728 = EDGE_CURVE('',#1721,#1729,#1731,.T.);
#1729 = VERTEX_POINT('',#1730);
#1730 = CARTESIAN_POINT('',(-0.32,-7.3,0.));
#1731 = LINE('',#1732,#1733);
#1732 = CARTESIAN_POINT('',(-0.32,-6.51,0.));
#1733 = VECTOR('',#1734,1.);
#1734 = DIRECTION('',(0.,1.,0.));
#1735 = ORIENTED_EDGE('',*,*,#1736,.F.);
#1736 = EDGE_CURVE('',#1737,#1729,#1739,.T.);
#1737 = VERTEX_POINT('',#1738);
#1738 = CARTESIAN_POINT('',(0.32,-7.3,0.));
#1739 = LINE('',#1740,#1741);
#1740 = CARTESIAN_POINT('',(-0.16,-7.3,0.));
#1741 = VECTOR('',#1742,1.);
#1742 = DIRECTION('',(-1.,0.,0.));
#1743 = ORIENTED_EDGE('',*,*,#1744,.F.);
#1744 = EDGE_CURVE('',#1719,#1737,#1745,.T.);
#1745 = LINE('',#1746,#1747);
#1746 = CARTESIAN_POINT('',(0.32,-6.51,0.));
#1747 = VECTOR('',#1748,1.);
#1748 = DIRECTION('',(0.,1.,0.));
#1749 = PLANE('',#1750);
#1750 = AXIS2_PLACEMENT_3D('',#1751,#1752,#1753);
#1751 = CARTESIAN_POINT('',(-2.110141571089E-17,-5.08,0.));
#1752 = DIRECTION('',(0.,0.,1.));
#1753 = DIRECTION('',(1.,0.,-0.));
#1754 = ADVANCED_FACE('',(#1755,#1990,#2024,#2058,#2092,#2126),#2160,.T.
  );
#1755 = FACE_BOUND('',#1756,.T.);
#1756 = EDGE_LOOP('',(#1757,#1758,#1759,#1767,#1775,#1783,#1791,#1799,
    #1807,#1815,#1823,#1831,#1839,#1847,#1855,#1863,#1871,#1879,#1887,
    #1895,#1903,#1911,#1919,#1927,#1935,#1943,#1951,#1959,#1967,#1975,
    #1983,#1989));
#1757 = ORIENTED_EDGE('',*,*,#1255,.T.);
#1758 = ORIENTED_EDGE('',*,*,#1317,.T.);
#1759 = ORIENTED_EDGE('',*,*,#1760,.T.);
#1760 = EDGE_CURVE('',#1318,#1761,#1763,.T.);
#1761 = VERTEX_POINT('',#1762);
#1762 = CARTESIAN_POINT('',(-1.016,-1.27,2.54));
#1763 = LINE('',#1764,#1765);
#1764 = CARTESIAN_POINT('',(-1.27,-1.016,2.54));
#1765 = VECTOR('',#1766,1.);
#1766 = DIRECTION('',(0.707106781187,-0.707106781187,0.));
#1767 = ORIENTED_EDGE('',*,*,#1768,.T.);
#1768 = EDGE_CURVE('',#1761,#1769,#1771,.T.);
#1769 = VERTEX_POINT('',#1770);
#1770 = CARTESIAN_POINT('',(-1.27,-1.524,2.54));
#1771 = LINE('',#1772,#1773);
#1772 = CARTESIAN_POINT('',(-1.016,-1.27,2.54));
#1773 = VECTOR('',#1774,1.);
#1774 = DIRECTION('',(-0.707106781187,-0.707106781187,0.));
#1775 = ORIENTED_EDGE('',*,*,#1776,.T.);
#1776 = EDGE_CURVE('',#1769,#1777,#1779,.T.);
#1777 = VERTEX_POINT('',#1778);
#1778 = CARTESIAN_POINT('',(-1.27,-3.556,2.54));
#1779 = LINE('',#1780,#1781);
#1780 = CARTESIAN_POINT('',(-1.27,-1.524,2.54));
#1781 = VECTOR('',#1782,1.);
#1782 = DIRECTION('',(0.,-1.,0.));
#1783 = ORIENTED_EDGE('',*,*,#1784,.T.);
#1784 = EDGE_CURVE('',#1777,#1785,#1787,.T.);
#1785 = VERTEX_POINT('',#1786);
#1786 = CARTESIAN_POINT('',(-1.016,-3.81,2.54));
#1787 = LINE('',#1788,#1789);
#1788 = CARTESIAN_POINT('',(-1.27,-3.556,2.54));
#1789 = VECTOR('',#1790,1.);
#1790 = DIRECTION('',(0.707106781187,-0.707106781187,0.));
#1791 = ORIENTED_EDGE('',*,*,#1792,.T.);
#1792 = EDGE_CURVE('',#1785,#1793,#1795,.T.);
#1793 = VERTEX_POINT('',#1794);
#1794 = CARTESIAN_POINT('',(-1.27,-4.064,2.54));
#1795 = LINE('',#1796,#1797);
#1796 = CARTESIAN_POINT('',(-1.016,-3.81,2.54));
#1797 = VECTOR('',#1798,1.);
#1798 = DIRECTION('',(-0.707106781187,-0.707106781187,0.));
#1799 = ORIENTED_EDGE('',*,*,#1800,.T.);
#1800 = EDGE_CURVE('',#1793,#1801,#1803,.T.);
#1801 = VERTEX_POINT('',#1802);
#1802 = CARTESIAN_POINT('',(-1.27,-6.096,2.54));
#1803 = LINE('',#1804,#1805);
#1804 = CARTESIAN_POINT('',(-1.27,-4.064,2.54));
#1805 = VECTOR('',#1806,1.);
#1806 = DIRECTION('',(0.,-1.,0.));
#1807 = ORIENTED_EDGE('',*,*,#1808,.T.);
#1808 = EDGE_CURVE('',#1801,#1809,#1811,.T.);
#1809 = VERTEX_POINT('',#1810);
#1810 = CARTESIAN_POINT('',(-1.016,-6.35,2.54));
#1811 = LINE('',#1812,#1813);
#1812 = CARTESIAN_POINT('',(-1.27,-6.096,2.54));
#1813 = VECTOR('',#1814,1.);
#1814 = DIRECTION('',(0.707106781187,-0.707106781187,0.));
#1815 = ORIENTED_EDGE('',*,*,#1816,.T.);
#1816 = EDGE_CURVE('',#1809,#1817,#1819,.T.);
#1817 = VERTEX_POINT('',#1818);
#1818 = CARTESIAN_POINT('',(-1.27,-6.604,2.54));
#1819 = LINE('',#1820,#1821);
#1820 = CARTESIAN_POINT('',(-1.016,-6.35,2.54));
#1821 = VECTOR('',#1822,1.);
#1822 = DIRECTION('',(-0.707106781187,-0.707106781187,0.));
#1823 = ORIENTED_EDGE('',*,*,#1824,.T.);
#1824 = EDGE_CURVE('',#1817,#1825,#1827,.T.);
#1825 = VERTEX_POINT('',#1826);
#1826 = CARTESIAN_POINT('',(-1.27,-8.636,2.54));
#1827 = LINE('',#1828,#1829);
#1828 = CARTESIAN_POINT('',(-1.27,-6.604,2.54));
#1829 = VECTOR('',#1830,1.);
#1830 = DIRECTION('',(0.,-1.,0.));
#1831 = ORIENTED_EDGE('',*,*,#1832,.T.);
#1832 = EDGE_CURVE('',#1825,#1833,#1835,.T.);
#1833 = VERTEX_POINT('',#1834);
#1834 = CARTESIAN_POINT('',(-1.016,-8.89,2.54));
#1835 = LINE('',#1836,#1837);
#1836 = CARTESIAN_POINT('',(-1.27,-8.636,2.54));
#1837 = VECTOR('',#1838,1.);
#1838 = DIRECTION('',(0.707106781187,-0.707106781187,0.));
#1839 = ORIENTED_EDGE('',*,*,#1840,.T.);
#1840 = EDGE_CURVE('',#1833,#1841,#1843,.T.);
#1841 = VERTEX_POINT('',#1842);
#1842 = CARTESIAN_POINT('',(-1.27,-9.144,2.54));
#1843 = LINE('',#1844,#1845);
#1844 = CARTESIAN_POINT('',(-1.016,-8.89,2.54));
#1845 = VECTOR('',#1846,1.);
#1846 = DIRECTION('',(-0.707106781187,-0.707106781187,0.));
#1847 = ORIENTED_EDGE('',*,*,#1848,.T.);
#1848 = EDGE_CURVE('',#1841,#1849,#1851,.T.);
#1849 = VERTEX_POINT('',#1850);
#1850 = CARTESIAN_POINT('',(-1.27,-11.176,2.54));
#1851 = LINE('',#1852,#1853);
#1852 = CARTESIAN_POINT('',(-1.27,-9.144,2.54));
#1853 = VECTOR('',#1854,1.);
#1854 = DIRECTION('',(0.,-1.,0.));
#1855 = ORIENTED_EDGE('',*,*,#1856,.T.);
#1856 = EDGE_CURVE('',#1849,#1857,#1859,.T.);
#1857 = VERTEX_POINT('',#1858);
#1858 = CARTESIAN_POINT('',(-1.016,-11.43,2.54));
#1859 = LINE('',#1860,#1861);
#1860 = CARTESIAN_POINT('',(-1.27,-11.176,2.54));
#1861 = VECTOR('',#1862,1.);
#1862 = DIRECTION('',(0.707106781187,-0.707106781187,0.));
#1863 = ORIENTED_EDGE('',*,*,#1864,.T.);
#1864 = EDGE_CURVE('',#1857,#1865,#1867,.T.);
#1865 = VERTEX_POINT('',#1866);
#1866 = CARTESIAN_POINT('',(1.016,-11.43,2.54));
#1867 = LINE('',#1868,#1869);
#1868 = CARTESIAN_POINT('',(-1.016,-11.43,2.54));
#1869 = VECTOR('',#1870,1.);
#1870 = DIRECTION('',(1.,0.,0.));
#1871 = ORIENTED_EDGE('',*,*,#1872,.T.);
#1872 = EDGE_CURVE('',#1865,#1873,#1875,.T.);
#1873 = VERTEX_POINT('',#1874);
#1874 = CARTESIAN_POINT('',(1.27,-11.176,2.54));
#1875 = LINE('',#1876,#1877);
#1876 = CARTESIAN_POINT('',(1.016,-11.43,2.54));
#1877 = VECTOR('',#1878,1.);
#1878 = DIRECTION('',(0.707106781187,0.707106781187,0.));
#1879 = ORIENTED_EDGE('',*,*,#1880,.T.);
#1880 = EDGE_CURVE('',#1873,#1881,#1883,.T.);
#1881 = VERTEX_POINT('',#1882);
#1882 = CARTESIAN_POINT('',(1.27,-9.144,2.54));
#1883 = LINE('',#1884,#1885);
#1884 = CARTESIAN_POINT('',(1.27,-11.176,2.54));
#1885 = VECTOR('',#1886,1.);
#1886 = DIRECTION('',(0.,1.,0.));
#1887 = ORIENTED_EDGE('',*,*,#1888,.T.);
#1888 = EDGE_CURVE('',#1881,#1889,#1891,.T.);
#1889 = VERTEX_POINT('',#1890);
#1890 = CARTESIAN_POINT('',(1.016,-8.89,2.54));
#1891 = LINE('',#1892,#1893);
#1892 = CARTESIAN_POINT('',(1.27,-9.144,2.54));
#1893 = VECTOR('',#1894,1.);
#1894 = DIRECTION('',(-0.707106781187,0.707106781187,0.));
#1895 = ORIENTED_EDGE('',*,*,#1896,.T.);
#1896 = EDGE_CURVE('',#1889,#1897,#1899,.T.);
#1897 = VERTEX_POINT('',#1898);
#1898 = CARTESIAN_POINT('',(1.27,-8.636,2.54));
#1899 = LINE('',#1900,#1901);
#1900 = CARTESIAN_POINT('',(1.016,-8.89,2.54));
#1901 = VECTOR('',#1902,1.);
#1902 = DIRECTION('',(0.707106781187,0.707106781187,0.));
#1903 = ORIENTED_EDGE('',*,*,#1904,.T.);
#1904 = EDGE_CURVE('',#1897,#1905,#1907,.T.);
#1905 = VERTEX_POINT('',#1906);
#1906 = CARTESIAN_POINT('',(1.27,-6.604,2.54));
#1907 = LINE('',#1908,#1909);
#1908 = CARTESIAN_POINT('',(1.27,-8.636,2.54));
#1909 = VECTOR('',#1910,1.);
#1910 = DIRECTION('',(0.,1.,0.));
#1911 = ORIENTED_EDGE('',*,*,#1912,.T.);
#1912 = EDGE_CURVE('',#1905,#1913,#1915,.T.);
#1913 = VERTEX_POINT('',#1914);
#1914 = CARTESIAN_POINT('',(1.016,-6.35,2.54));
#1915 = LINE('',#1916,#1917);
#1916 = CARTESIAN_POINT('',(1.27,-6.604,2.54));
#1917 = VECTOR('',#1918,1.);
#1918 = DIRECTION('',(-0.707106781187,0.707106781187,0.));
#1919 = ORIENTED_EDGE('',*,*,#1920,.T.);
#1920 = EDGE_CURVE('',#1913,#1921,#1923,.T.);
#1921 = VERTEX_POINT('',#1922);
#1922 = CARTESIAN_POINT('',(1.27,-6.096,2.54));
#1923 = LINE('',#1924,#1925);
#1924 = CARTESIAN_POINT('',(1.016,-6.35,2.54));
#1925 = VECTOR('',#1926,1.);
#1926 = DIRECTION('',(0.707106781187,0.707106781187,0.));
#1927 = ORIENTED_EDGE('',*,*,#1928,.T.);
#1928 = EDGE_CURVE('',#1921,#1929,#1931,.T.);
#1929 = VERTEX_POINT('',#1930);
#1930 = CARTESIAN_POINT('',(1.27,-4.064,2.54));
#1931 = LINE('',#1932,#1933);
#1932 = CARTESIAN_POINT('',(1.27,-6.096,2.54));
#1933 = VECTOR('',#1934,1.);
#1934 = DIRECTION('',(0.,1.,0.));
#1935 = ORIENTED_EDGE('',*,*,#1936,.T.);
#1936 = EDGE_CURVE('',#1929,#1937,#1939,.T.);
#1937 = VERTEX_POINT('',#1938);
#1938 = CARTESIAN_POINT('',(1.016,-3.81,2.54));
#1939 = LINE('',#1940,#1941);
#1940 = CARTESIAN_POINT('',(1.27,-4.064,2.54));
#1941 = VECTOR('',#1942,1.);
#1942 = DIRECTION('',(-0.707106781187,0.707106781187,0.));
#1943 = ORIENTED_EDGE('',*,*,#1944,.T.);
#1944 = EDGE_CURVE('',#1937,#1945,#1947,.T.);
#1945 = VERTEX_POINT('',#1946);
#1946 = CARTESIAN_POINT('',(1.27,-3.556,2.54));
#1947 = LINE('',#1948,#1949);
#1948 = CARTESIAN_POINT('',(1.016,-3.81,2.54));
#1949 = VECTOR('',#1950,1.);
#1950 = DIRECTION('',(0.707106781187,0.707106781187,0.));
#1951 = ORIENTED_EDGE('',*,*,#1952,.T.);
#1952 = EDGE_CURVE('',#1945,#1953,#1955,.T.);
#1953 = VERTEX_POINT('',#1954);
#1954 = CARTESIAN_POINT('',(1.27,-1.524,2.54));
#1955 = LINE('',#1956,#1957);
#1956 = CARTESIAN_POINT('',(1.27,-3.556,2.54));
#1957 = VECTOR('',#1958,1.);
#1958 = DIRECTION('',(0.,1.,0.));
#1959 = ORIENTED_EDGE('',*,*,#1960,.T.);
#1960 = EDGE_CURVE('',#1953,#1961,#1963,.T.);
#1961 = VERTEX_POINT('',#1962);
#1962 = CARTESIAN_POINT('',(1.016,-1.27,2.54));
#1963 = LINE('',#1964,#1965);
#1964 = CARTESIAN_POINT('',(1.27,-1.524,2.54));
#1965 = VECTOR('',#1966,1.);
#1966 = DIRECTION('',(-0.707106781187,0.707106781187,0.));
#1967 = ORIENTED_EDGE('',*,*,#1968,.T.);
#1968 = EDGE_CURVE('',#1961,#1969,#1971,.T.);
#1969 = VERTEX_POINT('',#1970);
#1970 = CARTESIAN_POINT('',(1.27,-1.016,2.54));
#1971 = LINE('',#1972,#1973);
#1972 = CARTESIAN_POINT('',(1.016,-1.27,2.54));
#1973 = VECTOR('',#1974,1.);
#1974 = DIRECTION('',(0.707106781187,0.707106781187,0.));
#1975 = ORIENTED_EDGE('',*,*,#1976,.T.);
#1976 = EDGE_CURVE('',#1969,#1977,#1979,.T.);
#1977 = VERTEX_POINT('',#1978);
#1978 = CARTESIAN_POINT('',(1.27,1.016,2.54));
#1979 = LINE('',#1980,#1981);
#1980 = CARTESIAN_POINT('',(1.27,-1.016,2.54));
#1981 = VECTOR('',#1982,1.);
#1982 = DIRECTION('',(0.,1.,0.));
#1983 = ORIENTED_EDGE('',*,*,#1984,.T.);
#1984 = EDGE_CURVE('',#1977,#1288,#1985,.T.);
#1985 = LINE('',#1986,#1987);
#1986 = CARTESIAN_POINT('',(1.27,1.016,2.54));
#1987 = VECTOR('',#1988,1.);
#1988 = DIRECTION('',(-0.707106781187,0.707106781187,0.));
#1989 = ORIENTED_EDGE('',*,*,#1295,.T.);
#1990 = FACE_BOUND('',#1991,.T.);
#1991 = EDGE_LOOP('',(#1992,#2002,#2010,#2018));
#1992 = ORIENTED_EDGE('',*,*,#1993,.F.);
#1993 = EDGE_CURVE('',#1994,#1996,#1998,.T.);
#1994 = VERTEX_POINT('',#1995);
#1995 = CARTESIAN_POINT('',(0.32,-0.32,2.54));
#1996 = VERTEX_POINT('',#1997);
#1997 = CARTESIAN_POINT('',(0.32,0.32,2.54));
#1998 = LINE('',#1999,#2000);
#1999 = CARTESIAN_POINT('',(0.32,-2.7,2.54));
#2000 = VECTOR('',#2001,1.);
#2001 = DIRECTION('',(0.,1.,0.));
#2002 = ORIENTED_EDGE('',*,*,#2003,.T.);
#2003 = EDGE_CURVE('',#1994,#2004,#2006,.T.);
#2004 = VERTEX_POINT('',#2005);
#2005 = CARTESIAN_POINT('',(-0.32,-0.32,2.54));
#2006 = LINE('',#2007,#2008);
#2007 = CARTESIAN_POINT('',(-0.16,-0.32,2.54));
#2008 = VECTOR('',#2009,1.);
#2009 = DIRECTION('',(-1.,0.,0.));
#2010 = ORIENTED_EDGE('',*,*,#2011,.T.);
#2011 = EDGE_CURVE('',#2004,#2012,#2014,.T.);
#2012 = VERTEX_POINT('',#2013);
#2013 = CARTESIAN_POINT('',(-0.32,0.32,2.54));
#2014 = LINE('',#2015,#2016);
#2015 = CARTESIAN_POINT('',(-0.32,-2.7,2.54));
#2016 = VECTOR('',#2017,1.);
#2017 = DIRECTION('',(0.,1.,0.));
#2018 = ORIENTED_EDGE('',*,*,#2019,.F.);
#2019 = EDGE_CURVE('',#1996,#2012,#2020,.T.);
#2020 = LINE('',#2021,#2022);
#2021 = CARTESIAN_POINT('',(-0.16,0.32,2.54));
#2022 = VECTOR('',#2023,1.);
#2023 = DIRECTION('',(-1.,0.,0.));
#2024 = FACE_BOUND('',#2025,.T.);
#2025 = EDGE_LOOP('',(#2026,#2036,#2044,#2052));
#2026 = ORIENTED_EDGE('',*,*,#2027,.F.);
#2027 = EDGE_CURVE('',#2028,#2030,#2032,.T.);
#2028 = VERTEX_POINT('',#2029);
#2029 = CARTESIAN_POINT('',(0.32,-2.22,2.54));
#2030 = VERTEX_POINT('',#2031);
#2031 = CARTESIAN_POINT('',(-0.32,-2.22,2.54));
#2032 = LINE('',#2033,#2034);
#2033 = CARTESIAN_POINT('',(-0.16,-2.22,2.54));
#2034 = VECTOR('',#2035,1.);
#2035 = DIRECTION('',(-1.,0.,0.));
#2036 = ORIENTED_EDGE('',*,*,#2037,.F.);
#2037 = EDGE_CURVE('',#2038,#2028,#2040,.T.);
#2038 = VERTEX_POINT('',#2039);
#2039 = CARTESIAN_POINT('',(0.32,-2.86,2.54));
#2040 = LINE('',#2041,#2042);
#2041 = CARTESIAN_POINT('',(0.32,-3.97,2.54));
#2042 = VECTOR('',#2043,1.);
#2043 = DIRECTION('',(0.,1.,0.));
#2044 = ORIENTED_EDGE('',*,*,#2045,.T.);
#2045 = EDGE_CURVE('',#2038,#2046,#2048,.T.);
#2046 = VERTEX_POINT('',#2047);
#2047 = CARTESIAN_POINT('',(-0.32,-2.86,2.54));
#2048 = LINE('',#2049,#2050);
#2049 = CARTESIAN_POINT('',(-0.16,-2.86,2.54));
#2050 = VECTOR('',#2051,1.);
#2051 = DIRECTION('',(-1.,0.,0.));
#2052 = ORIENTED_EDGE('',*,*,#2053,.T.);
#2053 = EDGE_CURVE('',#2046,#2030,#2054,.T.);
#2054 = LINE('',#2055,#2056);
#2055 = CARTESIAN_POINT('',(-0.32,-3.97,2.54));
#2056 = VECTOR('',#2057,1.);
#2057 = DIRECTION('',(0.,1.,0.));
#2058 = FACE_BOUND('',#2059,.T.);
#2059 = EDGE_LOOP('',(#2060,#2070,#2078,#2086));
#2060 = ORIENTED_EDGE('',*,*,#2061,.F.);
#2061 = EDGE_CURVE('',#2062,#2064,#2066,.T.);
#2062 = VERTEX_POINT('',#2063);
#2063 = CARTESIAN_POINT('',(0.32,-4.76,2.54));
#2064 = VERTEX_POINT('',#2065);
#2065 = CARTESIAN_POINT('',(-0.32,-4.76,2.54));
#2066 = LINE('',#2067,#2068);
#2067 = CARTESIAN_POINT('',(-0.16,-4.76,2.54));
#2068 = VECTOR('',#2069,1.);
#2069 = DIRECTION('',(-1.,0.,0.));
#2070 = ORIENTED_EDGE('',*,*,#2071,.F.);
#2071 = EDGE_CURVE('',#2072,#2062,#2074,.T.);
#2072 = VERTEX_POINT('',#2073);
#2073 = CARTESIAN_POINT('',(0.32,-5.4,2.54));
#2074 = LINE('',#2075,#2076);
#2075 = CARTESIAN_POINT('',(0.32,-5.24,2.54));
#2076 = VECTOR('',#2077,1.);
#2077 = DIRECTION('',(0.,1.,0.));
#2078 = ORIENTED_EDGE('',*,*,#2079,.T.);
#2079 = EDGE_CURVE('',#2072,#2080,#2082,.T.);
#2080 = VERTEX_POINT('',#2081);
#2081 = CARTESIAN_POINT('',(-0.32,-5.4,2.54));
#2082 = LINE('',#2083,#2084);
#2083 = CARTESIAN_POINT('',(-0.16,-5.4,2.54));
#2084 = VECTOR('',#2085,1.);
#2085 = DIRECTION('',(-1.,0.,0.));
#2086 = ORIENTED_EDGE('',*,*,#2087,.T.);
#2087 = EDGE_CURVE('',#2080,#2064,#2088,.T.);
#2088 = LINE('',#2089,#2090);
#2089 = CARTESIAN_POINT('',(-0.32,-5.24,2.54));
#2090 = VECTOR('',#2091,1.);
#2091 = DIRECTION('',(0.,1.,0.));
#2092 = FACE_BOUND('',#2093,.T.);
#2093 = EDGE_LOOP('',(#2094,#2104,#2112,#2120));
#2094 = ORIENTED_EDGE('',*,*,#2095,.F.);
#2095 = EDGE_CURVE('',#2096,#2098,#2100,.T.);
#2096 = VERTEX_POINT('',#2097);
#2097 = CARTESIAN_POINT('',(0.32,-9.84,2.54));
#2098 = VERTEX_POINT('',#2099);
#2099 = CARTESIAN_POINT('',(-0.32,-9.84,2.54));
#2100 = LINE('',#2101,#2102);
#2101 = CARTESIAN_POINT('',(-0.16,-9.84,2.54));
#2102 = VECTOR('',#2103,1.);
#2103 = DIRECTION('',(-1.,0.,0.));
#2104 = ORIENTED_EDGE('',*,*,#2105,.F.);
#2105 = EDGE_CURVE('',#2106,#2096,#2108,.T.);
#2106 = VERTEX_POINT('',#2107);
#2107 = CARTESIAN_POINT('',(0.32,-10.48,2.54));
#2108 = LINE('',#2109,#2110);
#2109 = CARTESIAN_POINT('',(0.32,-7.78,2.54));
#2110 = VECTOR('',#2111,1.);
#2111 = DIRECTION('',(0.,1.,0.));
#2112 = ORIENTED_EDGE('',*,*,#2113,.T.);
#2113 = EDGE_CURVE('',#2106,#2114,#2116,.T.);
#2114 = VERTEX_POINT('',#2115);
#2115 = CARTESIAN_POINT('',(-0.32,-10.48,2.54));
#2116 = LINE('',#2117,#2118);
#2117 = CARTESIAN_POINT('',(-0.16,-10.48,2.54));
#2118 = VECTOR('',#2119,1.);
#2119 = DIRECTION('',(-1.,0.,0.));
#2120 = ORIENTED_EDGE('',*,*,#2121,.T.);
#2121 = EDGE_CURVE('',#2114,#2098,#2122,.T.);
#2122 = LINE('',#2123,#2124);
#2123 = CARTESIAN_POINT('',(-0.32,-7.78,2.54));
#2124 = VECTOR('',#2125,1.);
#2125 = DIRECTION('',(0.,1.,0.));
#2126 = FACE_BOUND('',#2127,.T.);
#2127 = EDGE_LOOP('',(#2128,#2138,#2146,#2154));
#2128 = ORIENTED_EDGE('',*,*,#2129,.T.);
#2129 = EDGE_CURVE('',#2130,#2132,#2134,.T.);
#2130 = VERTEX_POINT('',#2131);
#2131 = CARTESIAN_POINT('',(0.32,-7.94,2.54));
#2132 = VERTEX_POINT('',#2133);
#2133 = CARTESIAN_POINT('',(-0.32,-7.94,2.54));
#2134 = LINE('',#2135,#2136);
#2135 = CARTESIAN_POINT('',(-0.16,-7.94,2.54));
#2136 = VECTOR('',#2137,1.);
#2137 = DIRECTION('',(-1.,0.,0.));
#2138 = ORIENTED_EDGE('',*,*,#2139,.T.);
#2139 = EDGE_CURVE('',#2132,#2140,#2142,.T.);
#2140 = VERTEX_POINT('',#2141);
#2141 = CARTESIAN_POINT('',(-0.32,-7.3,2.54));
#2142 = LINE('',#2143,#2144);
#2143 = CARTESIAN_POINT('',(-0.32,-6.51,2.54));
#2144 = VECTOR('',#2145,1.);
#2145 = DIRECTION('',(0.,1.,0.));
#2146 = ORIENTED_EDGE('',*,*,#2147,.F.);
#2147 = EDGE_CURVE('',#2148,#2140,#2150,.T.);
#2148 = VERTEX_POINT('',#2149);
#2149 = CARTESIAN_POINT('',(0.32,-7.3,2.54));
#2150 = LINE('',#2151,#2152);
#2151 = CARTESIAN_POINT('',(-0.16,-7.3,2.54));
#2152 = VECTOR('',#2153,1.);
#2153 = DIRECTION('',(-1.,0.,0.));
#2154 = ORIENTED_EDGE('',*,*,#2155,.F.);
#2155 = EDGE_CURVE('',#2130,#2148,#2156,.T.);
#2156 = LINE('',#2157,#2158);
#2157 = CARTESIAN_POINT('',(0.32,-6.51,2.54));
#2158 = VECTOR('',#2159,1.);
#2159 = DIRECTION('',(0.,1.,0.));
#2160 = PLANE('',#2161);
#2161 = AXIS2_PLACEMENT_3D('',#2162,#2163,#2164);
#2162 = CARTESIAN_POINT('',(-2.110141571089E-17,-5.08,2.54));
#2163 = DIRECTION('',(0.,0.,1.));
#2164 = DIRECTION('',(1.,0.,-0.));
#2165 = ADVANCED_FACE('',(#2166),#2177,.F.);
#2166 = FACE_BOUND('',#2167,.F.);
#2167 = EDGE_LOOP('',(#2168,#2174,#2175,#2176));
#2168 = ORIENTED_EDGE('',*,*,#2169,.T.);
#2169 = EDGE_CURVE('',#1566,#1977,#2170,.T.);
#2170 = LINE('',#2171,#2172);
#2171 = CARTESIAN_POINT('',(1.27,1.016,0.));
#2172 = VECTOR('',#2173,1.);
#2173 = DIRECTION('',(0.,0.,1.));
#2174 = ORIENTED_EDGE('',*,*,#1984,.T.);
#2175 = ORIENTED_EDGE('',*,*,#1285,.F.);
#2176 = ORIENTED_EDGE('',*,*,#1573,.F.);
#2177 = PLANE('',#2178);
#2178 = AXIS2_PLACEMENT_3D('',#2179,#2180,#2181);
#2179 = CARTESIAN_POINT('',(1.27,1.016,0.));
#2180 = DIRECTION('',(-0.707106781187,-0.707106781187,0.));
#2181 = DIRECTION('',(-0.707106781187,0.707106781187,0.));
#2182 = ADVANCED_FACE('',(#2183),#2194,.F.);
#2183 = FACE_BOUND('',#2184,.F.);
#2184 = EDGE_LOOP('',(#2185,#2186,#2187,#2193));
#2185 = ORIENTED_EDGE('',*,*,#1325,.T.);
#2186 = ORIENTED_EDGE('',*,*,#1760,.T.);
#2187 = ORIENTED_EDGE('',*,*,#2188,.F.);
#2188 = EDGE_CURVE('',#1350,#1761,#2189,.T.);
#2189 = LINE('',#2190,#2191);
#2190 = CARTESIAN_POINT('',(-1.016,-1.27,0.));
#2191 = VECTOR('',#2192,1.);
#2192 = DIRECTION('',(0.,0.,1.));
#2193 = ORIENTED_EDGE('',*,*,#1349,.F.);
#2194 = PLANE('',#2195);
#2195 = AXIS2_PLACEMENT_3D('',#2196,#2197,#2198);
#2196 = CARTESIAN_POINT('',(-1.27,-1.016,0.));
#2197 = DIRECTION('',(0.707106781187,0.707106781187,0.));
#2198 = DIRECTION('',(0.707106781187,-0.707106781187,0.));
#2199 = ADVANCED_FACE('',(#2200),#2211,.F.);
#2200 = FACE_BOUND('',#2201,.F.);
#2201 = EDGE_LOOP('',(#2202,#2208,#2209,#2210));
#2202 = ORIENTED_EDGE('',*,*,#2203,.T.);
#2203 = EDGE_CURVE('',#1558,#1969,#2204,.T.);
#2204 = LINE('',#2205,#2206);
#2205 = CARTESIAN_POINT('',(1.27,-1.016,0.));
#2206 = VECTOR('',#2207,1.);
#2207 = DIRECTION('',(0.,0.,1.));
#2208 = ORIENTED_EDGE('',*,*,#1976,.T.);
#2209 = ORIENTED_EDGE('',*,*,#2169,.F.);
#2210 = ORIENTED_EDGE('',*,*,#1565,.F.);
#2211 = PLANE('',#2212);
#2212 = AXIS2_PLACEMENT_3D('',#2213,#2214,#2215);
#2213 = CARTESIAN_POINT('',(1.27,-1.016,0.));
#2214 = DIRECTION('',(-1.,0.,0.));
#2215 = DIRECTION('',(0.,1.,0.));
#2216 = ADVANCED_FACE('',(#2217),#2228,.F.);
#2217 = FACE_BOUND('',#2218,.F.);
#2218 = EDGE_LOOP('',(#2219,#2220,#2221,#2227));
#2219 = ORIENTED_EDGE('',*,*,#2188,.T.);
#2220 = ORIENTED_EDGE('',*,*,#1768,.T.);
#2221 = ORIENTED_EDGE('',*,*,#2222,.F.);
#2222 = EDGE_CURVE('',#1358,#1769,#2223,.T.);
#2223 = LINE('',#2224,#2225);
#2224 = CARTESIAN_POINT('',(-1.27,-1.524,0.));
#2225 = VECTOR('',#2226,1.);
#2226 = DIRECTION('',(0.,0.,1.));
#2227 = ORIENTED_EDGE('',*,*,#1357,.F.);
#2228 = PLANE('',#2229);
#2229 = AXIS2_PLACEMENT_3D('',#2230,#2231,#2232);
#2230 = CARTESIAN_POINT('',(-1.016,-1.27,0.));
#2231 = DIRECTION('',(0.707106781187,-0.707106781187,0.));
#2232 = DIRECTION('',(-0.707106781187,-0.707106781187,0.));
#2233 = ADVANCED_FACE('',(#2234),#2245,.F.);
#2234 = FACE_BOUND('',#2235,.F.);
#2235 = EDGE_LOOP('',(#2236,#2242,#2243,#2244));
#2236 = ORIENTED_EDGE('',*,*,#2237,.T.);
#2237 = EDGE_CURVE('',#1550,#1961,#2238,.T.);
#2238 = LINE('',#2239,#2240);
#2239 = CARTESIAN_POINT('',(1.016,-1.27,0.));
#2240 = VECTOR('',#2241,1.);
#2241 = DIRECTION('',(0.,0.,1.));
#2242 = ORIENTED_EDGE('',*,*,#1968,.T.);
#2243 = ORIENTED_EDGE('',*,*,#2203,.F.);
#2244 = ORIENTED_EDGE('',*,*,#1557,.F.);
#2245 = PLANE('',#2246);
#2246 = AXIS2_PLACEMENT_3D('',#2247,#2248,#2249);
#2247 = CARTESIAN_POINT('',(1.016,-1.27,0.));
#2248 = DIRECTION('',(-0.707106781187,0.707106781187,0.));
#2249 = DIRECTION('',(0.707106781187,0.707106781187,0.));
#2250 = ADVANCED_FACE('',(#2251),#2262,.F.);
#2251 = FACE_BOUND('',#2252,.F.);
#2252 = EDGE_LOOP('',(#2253,#2254,#2255,#2261));
#2253 = ORIENTED_EDGE('',*,*,#2222,.T.);
#2254 = ORIENTED_EDGE('',*,*,#1776,.T.);
#2255 = ORIENTED_EDGE('',*,*,#2256,.F.);
#2256 = EDGE_CURVE('',#1366,#1777,#2257,.T.);
#2257 = LINE('',#2258,#2259);
#2258 = CARTESIAN_POINT('',(-1.27,-3.556,0.));
#2259 = VECTOR('',#2260,1.);
#2260 = DIRECTION('',(0.,0.,1.));
#2261 = ORIENTED_EDGE('',*,*,#1365,.F.);
#2262 = PLANE('',#2263);
#2263 = AXIS2_PLACEMENT_3D('',#2264,#2265,#2266);
#2264 = CARTESIAN_POINT('',(-1.27,-1.524,0.));
#2265 = DIRECTION('',(1.,0.,0.));
#2266 = DIRECTION('',(0.,-1.,0.));
#2267 = ADVANCED_FACE('',(#2268),#2279,.F.);
#2268 = FACE_BOUND('',#2269,.F.);
#2269 = EDGE_LOOP('',(#2270,#2276,#2277,#2278));
#2270 = ORIENTED_EDGE('',*,*,#2271,.T.);
#2271 = EDGE_CURVE('',#1542,#1953,#2272,.T.);
#2272 = LINE('',#2273,#2274);
#2273 = CARTESIAN_POINT('',(1.27,-1.524,0.));
#2274 = VECTOR('',#2275,1.);
#2275 = DIRECTION('',(0.,0.,1.));
#2276 = ORIENTED_EDGE('',*,*,#1960,.T.);
#2277 = ORIENTED_EDGE('',*,*,#2237,.F.);
#2278 = ORIENTED_EDGE('',*,*,#1549,.F.);
#2279 = PLANE('',#2280);
#2280 = AXIS2_PLACEMENT_3D('',#2281,#2282,#2283);
#2281 = CARTESIAN_POINT('',(1.27,-1.524,0.));
#2282 = DIRECTION('',(-0.707106781187,-0.707106781187,0.));
#2283 = DIRECTION('',(-0.707106781187,0.707106781187,0.));
#2284 = ADVANCED_FACE('',(#2285),#2296,.F.);
#2285 = FACE_BOUND('',#2286,.F.);
#2286 = EDGE_LOOP('',(#2287,#2288,#2289,#2295));
#2287 = ORIENTED_EDGE('',*,*,#2256,.T.);
#2288 = ORIENTED_EDGE('',*,*,#1784,.T.);
#2289 = ORIENTED_EDGE('',*,*,#2290,.F.);
#2290 = EDGE_CURVE('',#1374,#1785,#2291,.T.);
#2291 = LINE('',#2292,#2293);
#2292 = CARTESIAN_POINT('',(-1.016,-3.81,0.));
#2293 = VECTOR('',#2294,1.);
#2294 = DIRECTION('',(0.,0.,1.));
#2295 = ORIENTED_EDGE('',*,*,#1373,.F.);
#2296 = PLANE('',#2297);
#2297 = AXIS2_PLACEMENT_3D('',#2298,#2299,#2300);
#2298 = CARTESIAN_POINT('',(-1.27,-3.556,0.));
#2299 = DIRECTION('',(0.707106781187,0.707106781187,0.));
#2300 = DIRECTION('',(0.707106781187,-0.707106781187,0.));
#2301 = ADVANCED_FACE('',(#2302),#2313,.F.);
#2302 = FACE_BOUND('',#2303,.F.);
#2303 = EDGE_LOOP('',(#2304,#2310,#2311,#2312));
#2304 = ORIENTED_EDGE('',*,*,#2305,.T.);
#2305 = EDGE_CURVE('',#1534,#1945,#2306,.T.);
#2306 = LINE('',#2307,#2308);
#2307 = CARTESIAN_POINT('',(1.27,-3.556,0.));
#2308 = VECTOR('',#2309,1.);
#2309 = DIRECTION('',(0.,0.,1.));
#2310 = ORIENTED_EDGE('',*,*,#1952,.T.);
#2311 = ORIENTED_EDGE('',*,*,#2271,.F.);
#2312 = ORIENTED_EDGE('',*,*,#1541,.F.);
#2313 = PLANE('',#2314);
#2314 = AXIS2_PLACEMENT_3D('',#2315,#2316,#2317);
#2315 = CARTESIAN_POINT('',(1.27,-3.556,0.));
#2316 = DIRECTION('',(-1.,0.,0.));
#2317 = DIRECTION('',(0.,1.,0.));
#2318 = ADVANCED_FACE('',(#2319),#2330,.F.);
#2319 = FACE_BOUND('',#2320,.F.);
#2320 = EDGE_LOOP('',(#2321,#2322,#2323,#2329));
#2321 = ORIENTED_EDGE('',*,*,#2290,.T.);
#2322 = ORIENTED_EDGE('',*,*,#1792,.T.);
#2323 = ORIENTED_EDGE('',*,*,#2324,.F.);
#2324 = EDGE_CURVE('',#1382,#1793,#2325,.T.);
#2325 = LINE('',#2326,#2327);
#2326 = CARTESIAN_POINT('',(-1.27,-4.064,0.));
#2327 = VECTOR('',#2328,1.);
#2328 = DIRECTION('',(0.,0.,1.));
#2329 = ORIENTED_EDGE('',*,*,#1381,.F.);
#2330 = PLANE('',#2331);
#2331 = AXIS2_PLACEMENT_3D('',#2332,#2333,#2334);
#2332 = CARTESIAN_POINT('',(-1.016,-3.81,0.));
#2333 = DIRECTION('',(0.707106781187,-0.707106781187,0.));
#2334 = DIRECTION('',(-0.707106781187,-0.707106781187,0.));
#2335 = ADVANCED_FACE('',(#2336),#2347,.F.);
#2336 = FACE_BOUND('',#2337,.F.);
#2337 = EDGE_LOOP('',(#2338,#2344,#2345,#2346));
#2338 = ORIENTED_EDGE('',*,*,#2339,.T.);
#2339 = EDGE_CURVE('',#1526,#1937,#2340,.T.);
#2340 = LINE('',#2341,#2342);
#2341 = CARTESIAN_POINT('',(1.016,-3.81,0.));
#2342 = VECTOR('',#2343,1.);
#2343 = DIRECTION('',(0.,0.,1.));
#2344 = ORIENTED_EDGE('',*,*,#1944,.T.);
#2345 = ORIENTED_EDGE('',*,*,#2305,.F.);
#2346 = ORIENTED_EDGE('',*,*,#1533,.F.);
#2347 = PLANE('',#2348);
#2348 = AXIS2_PLACEMENT_3D('',#2349,#2350,#2351);
#2349 = CARTESIAN_POINT('',(1.016,-3.81,0.));
#2350 = DIRECTION('',(-0.707106781187,0.707106781187,0.));
#2351 = DIRECTION('',(0.707106781187,0.707106781187,0.));
#2352 = ADVANCED_FACE('',(#2353),#2364,.F.);
#2353 = FACE_BOUND('',#2354,.F.);
#2354 = EDGE_LOOP('',(#2355,#2356,#2357,#2363));
#2355 = ORIENTED_EDGE('',*,*,#2324,.T.);
#2356 = ORIENTED_EDGE('',*,*,#1800,.T.);
#2357 = ORIENTED_EDGE('',*,*,#2358,.F.);
#2358 = EDGE_CURVE('',#1390,#1801,#2359,.T.);
#2359 = LINE('',#2360,#2361);
#2360 = CARTESIAN_POINT('',(-1.27,-6.096,0.));
#2361 = VECTOR('',#2362,1.);
#2362 = DIRECTION('',(0.,0.,1.));
#2363 = ORIENTED_EDGE('',*,*,#1389,.F.);
#2364 = PLANE('',#2365);
#2365 = AXIS2_PLACEMENT_3D('',#2366,#2367,#2368);
#2366 = CARTESIAN_POINT('',(-1.27,-4.064,0.));
#2367 = DIRECTION('',(1.,0.,0.));
#2368 = DIRECTION('',(0.,-1.,0.));
#2369 = ADVANCED_FACE('',(#2370),#2381,.F.);
#2370 = FACE_BOUND('',#2371,.F.);
#2371 = EDGE_LOOP('',(#2372,#2378,#2379,#2380));
#2372 = ORIENTED_EDGE('',*,*,#2373,.T.);
#2373 = EDGE_CURVE('',#1518,#1929,#2374,.T.);
#2374 = LINE('',#2375,#2376);
#2375 = CARTESIAN_POINT('',(1.27,-4.064,0.));
#2376 = VECTOR('',#2377,1.);
#2377 = DIRECTION('',(0.,0.,1.));
#2378 = ORIENTED_EDGE('',*,*,#1936,.T.);
#2379 = ORIENTED_EDGE('',*,*,#2339,.F.);
#2380 = ORIENTED_EDGE('',*,*,#1525,.F.);
#2381 = PLANE('',#2382);
#2382 = AXIS2_PLACEMENT_3D('',#2383,#2384,#2385);
#2383 = CARTESIAN_POINT('',(1.27,-4.064,0.));
#2384 = DIRECTION('',(-0.707106781187,-0.707106781187,0.));
#2385 = DIRECTION('',(-0.707106781187,0.707106781187,0.));
#2386 = ADVANCED_FACE('',(#2387),#2398,.F.);
#2387 = FACE_BOUND('',#2388,.F.);
#2388 = EDGE_LOOP('',(#2389,#2390,#2391,#2397));
#2389 = ORIENTED_EDGE('',*,*,#2358,.T.);
#2390 = ORIENTED_EDGE('',*,*,#1808,.T.);
#2391 = ORIENTED_EDGE('',*,*,#2392,.F.);
#2392 = EDGE_CURVE('',#1398,#1809,#2393,.T.);
#2393 = LINE('',#2394,#2395);
#2394 = CARTESIAN_POINT('',(-1.016,-6.35,0.));
#2395 = VECTOR('',#2396,1.);
#2396 = DIRECTION('',(0.,0.,1.));
#2397 = ORIENTED_EDGE('',*,*,#1397,.F.);
#2398 = PLANE('',#2399);
#2399 = AXIS2_PLACEMENT_3D('',#2400,#2401,#2402);
#2400 = CARTESIAN_POINT('',(-1.27,-6.096,0.));
#2401 = DIRECTION('',(0.707106781187,0.707106781187,0.));
#2402 = DIRECTION('',(0.707106781187,-0.707106781187,0.));
#2403 = ADVANCED_FACE('',(#2404),#2415,.F.);
#2404 = FACE_BOUND('',#2405,.F.);
#2405 = EDGE_LOOP('',(#2406,#2412,#2413,#2414));
#2406 = ORIENTED_EDGE('',*,*,#2407,.T.);
#2407 = EDGE_CURVE('',#1510,#1921,#2408,.T.);
#2408 = LINE('',#2409,#2410);
#2409 = CARTESIAN_POINT('',(1.27,-6.096,0.));
#2410 = VECTOR('',#2411,1.);
#2411 = DIRECTION('',(0.,0.,1.));
#2412 = ORIENTED_EDGE('',*,*,#1928,.T.);
#2413 = ORIENTED_EDGE('',*,*,#2373,.F.);
#2414 = ORIENTED_EDGE('',*,*,#1517,.F.);
#2415 = PLANE('',#2416);
#2416 = AXIS2_PLACEMENT_3D('',#2417,#2418,#2419);
#2417 = CARTESIAN_POINT('',(1.27,-6.096,0.));
#2418 = DIRECTION('',(-1.,0.,0.));
#2419 = DIRECTION('',(0.,1.,0.));
#2420 = ADVANCED_FACE('',(#2421),#2432,.F.);
#2421 = FACE_BOUND('',#2422,.F.);
#2422 = EDGE_LOOP('',(#2423,#2424,#2425,#2431));
#2423 = ORIENTED_EDGE('',*,*,#2392,.T.);
#2424 = ORIENTED_EDGE('',*,*,#1816,.T.);
#2425 = ORIENTED_EDGE('',*,*,#2426,.F.);
#2426 = EDGE_CURVE('',#1406,#1817,#2427,.T.);
#2427 = LINE('',#2428,#2429);
#2428 = CARTESIAN_POINT('',(-1.27,-6.604,0.));
#2429 = VECTOR('',#2430,1.);
#2430 = DIRECTION('',(0.,0.,1.));
#2431 = ORIENTED_EDGE('',*,*,#1405,.F.);
#2432 = PLANE('',#2433);
#2433 = AXIS2_PLACEMENT_3D('',#2434,#2435,#2436);
#2434 = CARTESIAN_POINT('',(-1.016,-6.35,0.));
#2435 = DIRECTION('',(0.707106781187,-0.707106781187,0.));
#2436 = DIRECTION('',(-0.707106781187,-0.707106781187,0.));
#2437 = ADVANCED_FACE('',(#2438),#2449,.F.);
#2438 = FACE_BOUND('',#2439,.F.);
#2439 = EDGE_LOOP('',(#2440,#2446,#2447,#2448));
#2440 = ORIENTED_EDGE('',*,*,#2441,.T.);
#2441 = EDGE_CURVE('',#1502,#1913,#2442,.T.);
#2442 = LINE('',#2443,#2444);
#2443 = CARTESIAN_POINT('',(1.016,-6.35,0.));
#2444 = VECTOR('',#2445,1.);
#2445 = DIRECTION('',(0.,0.,1.));
#2446 = ORIENTED_EDGE('',*,*,#1920,.T.);
#2447 = ORIENTED_EDGE('',*,*,#2407,.F.);
#2448 = ORIENTED_EDGE('',*,*,#1509,.F.);
#2449 = PLANE('',#2450);
#2450 = AXIS2_PLACEMENT_3D('',#2451,#2452,#2453);
#2451 = CARTESIAN_POINT('',(1.016,-6.35,0.));
#2452 = DIRECTION('',(-0.707106781187,0.707106781187,0.));
#2453 = DIRECTION('',(0.707106781187,0.707106781187,0.));
#2454 = ADVANCED_FACE('',(#2455),#2466,.F.);
#2455 = FACE_BOUND('',#2456,.F.);
#2456 = EDGE_LOOP('',(#2457,#2458,#2459,#2465));
#2457 = ORIENTED_EDGE('',*,*,#2426,.T.);
#2458 = ORIENTED_EDGE('',*,*,#1824,.T.);
#2459 = ORIENTED_EDGE('',*,*,#2460,.F.);
#2460 = EDGE_CURVE('',#1414,#1825,#2461,.T.);
#2461 = LINE('',#2462,#2463);
#2462 = CARTESIAN_POINT('',(-1.27,-8.636,0.));
#2463 = VECTOR('',#2464,1.);
#2464 = DIRECTION('',(0.,0.,1.));
#2465 = ORIENTED_EDGE('',*,*,#1413,.F.);
#2466 = PLANE('',#2467);
#2467 = AXIS2_PLACEMENT_3D('',#2468,#2469,#2470);
#2468 = CARTESIAN_POINT('',(-1.27,-6.604,0.));
#2469 = DIRECTION('',(1.,0.,0.));
#2470 = DIRECTION('',(0.,-1.,0.));
#2471 = ADVANCED_FACE('',(#2472),#2483,.F.);
#2472 = FACE_BOUND('',#2473,.F.);
#2473 = EDGE_LOOP('',(#2474,#2480,#2481,#2482));
#2474 = ORIENTED_EDGE('',*,*,#2475,.T.);
#2475 = EDGE_CURVE('',#1494,#1905,#2476,.T.);
#2476 = LINE('',#2477,#2478);
#2477 = CARTESIAN_POINT('',(1.27,-6.604,0.));
#2478 = VECTOR('',#2479,1.);
#2479 = DIRECTION('',(0.,0.,1.));
#2480 = ORIENTED_EDGE('',*,*,#1912,.T.);
#2481 = ORIENTED_EDGE('',*,*,#2441,.F.);
#2482 = ORIENTED_EDGE('',*,*,#1501,.F.);
#2483 = PLANE('',#2484);
#2484 = AXIS2_PLACEMENT_3D('',#2485,#2486,#2487);
#2485 = CARTESIAN_POINT('',(1.27,-6.604,0.));
#2486 = DIRECTION('',(-0.707106781187,-0.707106781187,0.));
#2487 = DIRECTION('',(-0.707106781187,0.707106781187,0.));
#2488 = ADVANCED_FACE('',(#2489),#2500,.F.);
#2489 = FACE_BOUND('',#2490,.F.);
#2490 = EDGE_LOOP('',(#2491,#2492,#2493,#2499));
#2491 = ORIENTED_EDGE('',*,*,#2460,.T.);
#2492 = ORIENTED_EDGE('',*,*,#1832,.T.);
#2493 = ORIENTED_EDGE('',*,*,#2494,.F.);
#2494 = EDGE_CURVE('',#1422,#1833,#2495,.T.);
#2495 = LINE('',#2496,#2497);
#2496 = CARTESIAN_POINT('',(-1.016,-8.89,0.));
#2497 = VECTOR('',#2498,1.);
#2498 = DIRECTION('',(0.,0.,1.));
#2499 = ORIENTED_EDGE('',*,*,#1421,.F.);
#2500 = PLANE('',#2501);
#2501 = AXIS2_PLACEMENT_3D('',#2502,#2503,#2504);
#2502 = CARTESIAN_POINT('',(-1.27,-8.636,0.));
#2503 = DIRECTION('',(0.707106781187,0.707106781187,0.));
#2504 = DIRECTION('',(0.707106781187,-0.707106781187,0.));
#2505 = ADVANCED_FACE('',(#2506),#2517,.F.);
#2506 = FACE_BOUND('',#2507,.F.);
#2507 = EDGE_LOOP('',(#2508,#2514,#2515,#2516));
#2508 = ORIENTED_EDGE('',*,*,#2509,.T.);
#2509 = EDGE_CURVE('',#1486,#1897,#2510,.T.);
#2510 = LINE('',#2511,#2512);
#2511 = CARTESIAN_POINT('',(1.27,-8.636,0.));
#2512 = VECTOR('',#2513,1.);
#2513 = DIRECTION('',(0.,0.,1.));
#2514 = ORIENTED_EDGE('',*,*,#1904,.T.);
#2515 = ORIENTED_EDGE('',*,*,#2475,.F.);
#2516 = ORIENTED_EDGE('',*,*,#1493,.F.);
#2517 = PLANE('',#2518);
#2518 = AXIS2_PLACEMENT_3D('',#2519,#2520,#2521);
#2519 = CARTESIAN_POINT('',(1.27,-8.636,0.));
#2520 = DIRECTION('',(-1.,0.,0.));
#2521 = DIRECTION('',(0.,1.,0.));
#2522 = ADVANCED_FACE('',(#2523),#2534,.F.);
#2523 = FACE_BOUND('',#2524,.F.);
#2524 = EDGE_LOOP('',(#2525,#2526,#2527,#2533));
#2525 = ORIENTED_EDGE('',*,*,#2494,.T.);
#2526 = ORIENTED_EDGE('',*,*,#1840,.T.);
#2527 = ORIENTED_EDGE('',*,*,#2528,.F.);
#2528 = EDGE_CURVE('',#1430,#1841,#2529,.T.);
#2529 = LINE('',#2530,#2531);
#2530 = CARTESIAN_POINT('',(-1.27,-9.144,0.));
#2531 = VECTOR('',#2532,1.);
#2532 = DIRECTION('',(0.,0.,1.));
#2533 = ORIENTED_EDGE('',*,*,#1429,.F.);
#2534 = PLANE('',#2535);
#2535 = AXIS2_PLACEMENT_3D('',#2536,#2537,#2538);
#2536 = CARTESIAN_POINT('',(-1.016,-8.89,0.));
#2537 = DIRECTION('',(0.707106781187,-0.707106781187,0.));
#2538 = DIRECTION('',(-0.707106781187,-0.707106781187,0.));
#2539 = ADVANCED_FACE('',(#2540),#2551,.F.);
#2540 = FACE_BOUND('',#2541,.F.);
#2541 = EDGE_LOOP('',(#2542,#2548,#2549,#2550));
#2542 = ORIENTED_EDGE('',*,*,#2543,.T.);
#2543 = EDGE_CURVE('',#1478,#1889,#2544,.T.);
#2544 = LINE('',#2545,#2546);
#2545 = CARTESIAN_POINT('',(1.016,-8.89,0.));
#2546 = VECTOR('',#2547,1.);
#2547 = DIRECTION('',(0.,0.,1.));
#2548 = ORIENTED_EDGE('',*,*,#1896,.T.);
#2549 = ORIENTED_EDGE('',*,*,#2509,.F.);
#2550 = ORIENTED_EDGE('',*,*,#1485,.F.);
#2551 = PLANE('',#2552);
#2552 = AXIS2_PLACEMENT_3D('',#2553,#2554,#2555);
#2553 = CARTESIAN_POINT('',(1.016,-8.89,0.));
#2554 = DIRECTION('',(-0.707106781187,0.707106781187,0.));
#2555 = DIRECTION('',(0.707106781187,0.707106781187,0.));
#2556 = ADVANCED_FACE('',(#2557),#2568,.F.);
#2557 = FACE_BOUND('',#2558,.F.);
#2558 = EDGE_LOOP('',(#2559,#2560,#2561,#2567));
#2559 = ORIENTED_EDGE('',*,*,#2528,.T.);
#2560 = ORIENTED_EDGE('',*,*,#1848,.T.);
#2561 = ORIENTED_EDGE('',*,*,#2562,.F.);
#2562 = EDGE_CURVE('',#1438,#1849,#2563,.T.);
#2563 = LINE('',#2564,#2565);
#2564 = CARTESIAN_POINT('',(-1.27,-11.176,0.));
#2565 = VECTOR('',#2566,1.);
#2566 = DIRECTION('',(0.,0.,1.));
#2567 = ORIENTED_EDGE('',*,*,#1437,.F.);
#2568 = PLANE('',#2569);
#2569 = AXIS2_PLACEMENT_3D('',#2570,#2571,#2572);
#2570 = CARTESIAN_POINT('',(-1.27,-9.144,0.));
#2571 = DIRECTION('',(1.,0.,0.));
#2572 = DIRECTION('',(0.,-1.,0.));
#2573 = ADVANCED_FACE('',(#2574),#2585,.F.);
#2574 = FACE_BOUND('',#2575,.F.);
#2575 = EDGE_LOOP('',(#2576,#2582,#2583,#2584));
#2576 = ORIENTED_EDGE('',*,*,#2577,.T.);
#2577 = EDGE_CURVE('',#1470,#1881,#2578,.T.);
#2578 = LINE('',#2579,#2580);
#2579 = CARTESIAN_POINT('',(1.27,-9.144,0.));
#2580 = VECTOR('',#2581,1.);
#2581 = DIRECTION('',(0.,0.,1.));
#2582 = ORIENTED_EDGE('',*,*,#1888,.T.);
#2583 = ORIENTED_EDGE('',*,*,#2543,.F.);
#2584 = ORIENTED_EDGE('',*,*,#1477,.F.);
#2585 = PLANE('',#2586);
#2586 = AXIS2_PLACEMENT_3D('',#2587,#2588,#2589);
#2587 = CARTESIAN_POINT('',(1.27,-9.144,0.));
#2588 = DIRECTION('',(-0.707106781187,-0.707106781187,0.));
#2589 = DIRECTION('',(-0.707106781187,0.707106781187,0.));
#2590 = ADVANCED_FACE('',(#2591),#2602,.F.);
#2591 = FACE_BOUND('',#2592,.F.);
#2592 = EDGE_LOOP('',(#2593,#2594,#2595,#2601));
#2593 = ORIENTED_EDGE('',*,*,#2562,.T.);
#2594 = ORIENTED_EDGE('',*,*,#1856,.T.);
#2595 = ORIENTED_EDGE('',*,*,#2596,.F.);
#2596 = EDGE_CURVE('',#1446,#1857,#2597,.T.);
#2597 = LINE('',#2598,#2599);
#2598 = CARTESIAN_POINT('',(-1.016,-11.43,0.));
#2599 = VECTOR('',#2600,1.);
#2600 = DIRECTION('',(0.,0.,1.));
#2601 = ORIENTED_EDGE('',*,*,#1445,.F.);
#2602 = PLANE('',#2603);
#2603 = AXIS2_PLACEMENT_3D('',#2604,#2605,#2606);
#2604 = CARTESIAN_POINT('',(-1.27,-11.176,0.));
#2605 = DIRECTION('',(0.707106781187,0.707106781187,0.));
#2606 = DIRECTION('',(0.707106781187,-0.707106781187,0.));
#2607 = ADVANCED_FACE('',(#2608),#2619,.F.);
#2608 = FACE_BOUND('',#2609,.F.);
#2609 = EDGE_LOOP('',(#2610,#2616,#2617,#2618));
#2610 = ORIENTED_EDGE('',*,*,#2611,.T.);
#2611 = EDGE_CURVE('',#1462,#1873,#2612,.T.);
#2612 = LINE('',#2613,#2614);
#2613 = CARTESIAN_POINT('',(1.27,-11.176,0.));
#2614 = VECTOR('',#2615,1.);
#2615 = DIRECTION('',(0.,0.,1.));
#2616 = ORIENTED_EDGE('',*,*,#1880,.T.);
#2617 = ORIENTED_EDGE('',*,*,#2577,.F.);
#2618 = ORIENTED_EDGE('',*,*,#1469,.F.);
#2619 = PLANE('',#2620);
#2620 = AXIS2_PLACEMENT_3D('',#2621,#2622,#2623);
#2621 = CARTESIAN_POINT('',(1.27,-11.176,0.));
#2622 = DIRECTION('',(-1.,0.,0.));
#2623 = DIRECTION('',(0.,1.,0.));
#2624 = ADVANCED_FACE('',(#2625),#2636,.F.);
#2625 = FACE_BOUND('',#2626,.F.);
#2626 = EDGE_LOOP('',(#2627,#2628,#2629,#2635));
#2627 = ORIENTED_EDGE('',*,*,#2596,.T.);
#2628 = ORIENTED_EDGE('',*,*,#1864,.T.);
#2629 = ORIENTED_EDGE('',*,*,#2630,.F.);
#2630 = EDGE_CURVE('',#1454,#1865,#2631,.T.);
#2631 = LINE('',#2632,#2633);
#2632 = CARTESIAN_POINT('',(1.016,-11.43,0.));
#2633 = VECTOR('',#2634,1.);
#2634 = DIRECTION('',(0.,0.,1.));
#2635 = ORIENTED_EDGE('',*,*,#1453,.F.);
#2636 = PLANE('',#2637);
#2637 = AXIS2_PLACEMENT_3D('',#2638,#2639,#2640);
#2638 = CARTESIAN_POINT('',(-1.016,-11.43,0.));
#2639 = DIRECTION('',(0.,1.,0.));
#2640 = DIRECTION('',(1.,0.,0.));
#2641 = ADVANCED_FACE('',(#2642),#2648,.F.);
#2642 = FACE_BOUND('',#2643,.F.);
#2643 = EDGE_LOOP('',(#2644,#2645,#2646,#2647));
#2644 = ORIENTED_EDGE('',*,*,#2630,.T.);
#2645 = ORIENTED_EDGE('',*,*,#1872,.T.);
#2646 = ORIENTED_EDGE('',*,*,#2611,.F.);
#2647 = ORIENTED_EDGE('',*,*,#1461,.F.);
#2648 = PLANE('',#2649);
#2649 = AXIS2_PLACEMENT_3D('',#2650,#2651,#2652);
#2650 = CARTESIAN_POINT('',(1.016,-11.43,0.));
#2651 = DIRECTION('',(-0.707106781187,0.707106781187,0.));
#2652 = DIRECTION('',(0.707106781187,0.707106781187,0.));
#2653 = ADVANCED_FACE('',(#2654),#2679,.T.);
#2654 = FACE_BOUND('',#2655,.T.);
#2655 = EDGE_LOOP('',(#2656,#2664,#2672,#2678));
#2656 = ORIENTED_EDGE('',*,*,#2657,.F.);
#2657 = EDGE_CURVE('',#2658,#1583,#2660,.T.);
#2658 = VERTEX_POINT('',#2659);
#2659 = CARTESIAN_POINT('',(0.32,-0.32,-2.84));
#2660 = LINE('',#2661,#2662);
#2661 = CARTESIAN_POINT('',(0.32,-0.32,-3.));
#2662 = VECTOR('',#2663,1.);
#2663 = DIRECTION('',(0.,0.,1.));
#2664 = ORIENTED_EDGE('',*,*,#2665,.T.);
#2665 = EDGE_CURVE('',#2658,#2666,#2668,.T.);
#2666 = VERTEX_POINT('',#2667);
#2667 = CARTESIAN_POINT('',(0.32,0.32,-2.84));
#2668 = LINE('',#2669,#2670);
#2669 = CARTESIAN_POINT('',(0.32,-0.32,-2.84));
#2670 = VECTOR('',#2671,1.);
#2671 = DIRECTION('',(0.,1.,0.));
#2672 = ORIENTED_EDGE('',*,*,#2673,.T.);
#2673 = EDGE_CURVE('',#2666,#1585,#2674,.T.);
#2674 = LINE('',#2675,#2676);
#2675 = CARTESIAN_POINT('',(0.32,0.32,-3.));
#2676 = VECTOR('',#2677,1.);
#2677 = DIRECTION('',(0.,0.,1.));
#2678 = ORIENTED_EDGE('',*,*,#1582,.F.);
#2679 = PLANE('',#2680);
#2680 = AXIS2_PLACEMENT_3D('',#2681,#2682,#2683);
#2681 = CARTESIAN_POINT('',(0.32,-0.32,-3.));
#2682 = DIRECTION('',(1.,0.,0.));
#2683 = DIRECTION('',(0.,0.,1.));
#2684 = ADVANCED_FACE('',(#2685),#2703,.T.);
#2685 = FACE_BOUND('',#2686,.T.);
#2686 = EDGE_LOOP('',(#2687,#2688,#2696,#2702));
#2687 = ORIENTED_EDGE('',*,*,#2673,.F.);
#2688 = ORIENTED_EDGE('',*,*,#2689,.F.);
#2689 = EDGE_CURVE('',#2690,#2666,#2692,.T.);
#2690 = VERTEX_POINT('',#2691);
#2691 = CARTESIAN_POINT('',(-0.32,0.32,-2.84));
#2692 = LINE('',#2693,#2694);
#2693 = CARTESIAN_POINT('',(-0.32,0.32,-2.84));
#2694 = VECTOR('',#2695,1.);
#2695 = DIRECTION('',(1.,0.,0.));
#2696 = ORIENTED_EDGE('',*,*,#2697,.T.);
#2697 = EDGE_CURVE('',#2690,#1601,#2698,.T.);
#2698 = LINE('',#2699,#2700);
#2699 = CARTESIAN_POINT('',(-0.32,0.32,-3.));
#2700 = VECTOR('',#2701,1.);
#2701 = DIRECTION('',(0.,0.,1.));
#2702 = ORIENTED_EDGE('',*,*,#1608,.F.);
#2703 = PLANE('',#2704);
#2704 = AXIS2_PLACEMENT_3D('',#2705,#2706,#2707);
#2705 = CARTESIAN_POINT('',(-0.32,0.32,-3.));
#2706 = DIRECTION('',(0.,1.,0.));
#2707 = DIRECTION('',(0.,-0.,1.));
#2708 = ADVANCED_FACE('',(#2709),#2727,.F.);
#2709 = FACE_BOUND('',#2710,.F.);
#2710 = EDGE_LOOP('',(#2711,#2719,#2725,#2726));
#2711 = ORIENTED_EDGE('',*,*,#2712,.F.);
#2712 = EDGE_CURVE('',#2713,#1593,#2715,.T.);
#2713 = VERTEX_POINT('',#2714);
#2714 = CARTESIAN_POINT('',(-0.32,-0.32,-2.84));
#2715 = LINE('',#2716,#2717);
#2716 = CARTESIAN_POINT('',(-0.32,-0.32,-3.));
#2717 = VECTOR('',#2718,1.);
#2718 = DIRECTION('',(0.,0.,1.));
#2719 = ORIENTED_EDGE('',*,*,#2720,.T.);
#2720 = EDGE_CURVE('',#2713,#2690,#2721,.T.);
#2721 = LINE('',#2722,#2723);
#2722 = CARTESIAN_POINT('',(-0.32,-0.32,-2.84));
#2723 = VECTOR('',#2724,1.);
#2724 = DIRECTION('',(0.,1.,0.));
#2725 = ORIENTED_EDGE('',*,*,#2697,.T.);
#2726 = ORIENTED_EDGE('',*,*,#1600,.F.);
#2727 = PLANE('',#2728);
#2728 = AXIS2_PLACEMENT_3D('',#2729,#2730,#2731);
#2729 = CARTESIAN_POINT('',(-0.32,-0.32,-3.));
#2730 = DIRECTION('',(1.,0.,0.));
#2731 = DIRECTION('',(0.,0.,1.));
#2732 = ADVANCED_FACE('',(#2733),#2744,.F.);
#2733 = FACE_BOUND('',#2734,.F.);
#2734 = EDGE_LOOP('',(#2735,#2736,#2742,#2743));
#2735 = ORIENTED_EDGE('',*,*,#2657,.F.);
#2736 = ORIENTED_EDGE('',*,*,#2737,.F.);
#2737 = EDGE_CURVE('',#2713,#2658,#2738,.T.);
#2738 = LINE('',#2739,#2740);
#2739 = CARTESIAN_POINT('',(-0.32,-0.32,-2.84));
#2740 = VECTOR('',#2741,1.);
#2741 = DIRECTION('',(1.,0.,0.));
#2742 = ORIENTED_EDGE('',*,*,#2712,.T.);
#2743 = ORIENTED_EDGE('',*,*,#1592,.F.);
#2744 = PLANE('',#2745);
#2745 = AXIS2_PLACEMENT_3D('',#2746,#2747,#2748);
#2746 = CARTESIAN_POINT('',(-0.32,-0.32,-3.));
#2747 = DIRECTION('',(0.,1.,0.));
#2748 = DIRECTION('',(0.,-0.,1.));
#2749 = ADVANCED_FACE('',(#2750),#2775,.T.);
#2750 = FACE_BOUND('',#2751,.T.);
#2751 = EDGE_LOOP('',(#2752,#2760,#2768,#2774));
#2752 = ORIENTED_EDGE('',*,*,#2753,.F.);
#2753 = EDGE_CURVE('',#2754,#1617,#2756,.T.);
#2754 = VERTEX_POINT('',#2755);
#2755 = CARTESIAN_POINT('',(0.32,-2.22,-2.84));
#2756 = LINE('',#2757,#2758);
#2757 = CARTESIAN_POINT('',(0.32,-2.22,-3.));
#2758 = VECTOR('',#2759,1.);
#2759 = DIRECTION('',(0.,0.,1.));
#2760 = ORIENTED_EDGE('',*,*,#2761,.F.);
#2761 = EDGE_CURVE('',#2762,#2754,#2764,.T.);
#2762 = VERTEX_POINT('',#2763);
#2763 = CARTESIAN_POINT('',(-0.32,-2.22,-2.84));
#2764 = LINE('',#2765,#2766);
#2765 = CARTESIAN_POINT('',(-0.32,-2.22,-2.84));
#2766 = VECTOR('',#2767,1.);
#2767 = DIRECTION('',(1.,0.,0.));
#2768 = ORIENTED_EDGE('',*,*,#2769,.T.);
#2769 = EDGE_CURVE('',#2762,#1619,#2770,.T.);
#2770 = LINE('',#2771,#2772);
#2771 = CARTESIAN_POINT('',(-0.32,-2.22,-3.));
#2772 = VECTOR('',#2773,1.);
#2773 = DIRECTION('',(0.,0.,1.));
#2774 = ORIENTED_EDGE('',*,*,#1616,.F.);
#2775 = PLANE('',#2776);
#2776 = AXIS2_PLACEMENT_3D('',#2777,#2778,#2779);
#2777 = CARTESIAN_POINT('',(-0.32,-2.22,-3.));
#2778 = DIRECTION('',(0.,1.,0.));
#2779 = DIRECTION('',(0.,-0.,1.));
#2780 = ADVANCED_FACE('',(#2781),#2799,.F.);
#2781 = FACE_BOUND('',#2782,.F.);
#2782 = EDGE_LOOP('',(#2783,#2791,#2797,#2798));
#2783 = ORIENTED_EDGE('',*,*,#2784,.F.);
#2784 = EDGE_CURVE('',#2785,#1635,#2787,.T.);
#2785 = VERTEX_POINT('',#2786);
#2786 = CARTESIAN_POINT('',(-0.32,-2.86,-2.84));
#2787 = LINE('',#2788,#2789);
#2788 = CARTESIAN_POINT('',(-0.32,-2.86,-3.));
#2789 = VECTOR('',#2790,1.);
#2790 = DIRECTION('',(0.,0.,1.));
#2791 = ORIENTED_EDGE('',*,*,#2792,.T.);
#2792 = EDGE_CURVE('',#2785,#2762,#2793,.T.);
#2793 = LINE('',#2794,#2795);
#2794 = CARTESIAN_POINT('',(-0.32,-2.86,-2.84));
#2795 = VECTOR('',#2796,1.);
#2796 = DIRECTION('',(0.,1.,0.));
#2797 = ORIENTED_EDGE('',*,*,#2769,.T.);
#2798 = ORIENTED_EDGE('',*,*,#1642,.F.);
#2799 = PLANE('',#2800);
#2800 = AXIS2_PLACEMENT_3D('',#2801,#2802,#2803);
#2801 = CARTESIAN_POINT('',(-0.32,-2.86,-3.));
#2802 = DIRECTION('',(1.,0.,0.));
#2803 = DIRECTION('',(0.,0.,1.));
#2804 = ADVANCED_FACE('',(#2805),#2823,.F.);
#2805 = FACE_BOUND('',#2806,.F.);
#2806 = EDGE_LOOP('',(#2807,#2815,#2821,#2822));
#2807 = ORIENTED_EDGE('',*,*,#2808,.F.);
#2808 = EDGE_CURVE('',#2809,#1627,#2811,.T.);
#2809 = VERTEX_POINT('',#2810);
#2810 = CARTESIAN_POINT('',(0.32,-2.86,-2.84));
#2811 = LINE('',#2812,#2813);
#2812 = CARTESIAN_POINT('',(0.32,-2.86,-3.));
#2813 = VECTOR('',#2814,1.);
#2814 = DIRECTION('',(0.,0.,1.));
#2815 = ORIENTED_EDGE('',*,*,#2816,.F.);
#2816 = EDGE_CURVE('',#2785,#2809,#2817,.T.);
#2817 = LINE('',#2818,#2819);
#2818 = CARTESIAN_POINT('',(-0.32,-2.86,-2.84));
#2819 = VECTOR('',#2820,1.);
#2820 = DIRECTION('',(1.,0.,0.));
#2821 = ORIENTED_EDGE('',*,*,#2784,.T.);
#2822 = ORIENTED_EDGE('',*,*,#1634,.F.);
#2823 = PLANE('',#2824);
#2824 = AXIS2_PLACEMENT_3D('',#2825,#2826,#2827);
#2825 = CARTESIAN_POINT('',(-0.32,-2.86,-3.));
#2826 = DIRECTION('',(0.,1.,0.));
#2827 = DIRECTION('',(0.,-0.,1.));
#2828 = ADVANCED_FACE('',(#2829),#2840,.T.);
#2829 = FACE_BOUND('',#2830,.T.);
#2830 = EDGE_LOOP('',(#2831,#2832,#2838,#2839));
#2831 = ORIENTED_EDGE('',*,*,#2808,.F.);
#2832 = ORIENTED_EDGE('',*,*,#2833,.T.);
#2833 = EDGE_CURVE('',#2809,#2754,#2834,.T.);
#2834 = LINE('',#2835,#2836);
#2835 = CARTESIAN_POINT('',(0.32,-2.86,-2.84));
#2836 = VECTOR('',#2837,1.);
#2837 = DIRECTION('',(0.,1.,0.));
#2838 = ORIENTED_EDGE('',*,*,#2753,.T.);
#2839 = ORIENTED_EDGE('',*,*,#1626,.F.);
#2840 = PLANE('',#2841);
#2841 = AXIS2_PLACEMENT_3D('',#2842,#2843,#2844);
#2842 = CARTESIAN_POINT('',(0.32,-2.86,-3.));
#2843 = DIRECTION('',(1.,0.,0.));
#2844 = DIRECTION('',(0.,0.,1.));
#2845 = ADVANCED_FACE('',(#2846),#2871,.T.);
#2846 = FACE_BOUND('',#2847,.T.);
#2847 = EDGE_LOOP('',(#2848,#2856,#2864,#2870));
#2848 = ORIENTED_EDGE('',*,*,#2849,.F.);
#2849 = EDGE_CURVE('',#2850,#1651,#2852,.T.);
#2850 = VERTEX_POINT('',#2851);
#2851 = CARTESIAN_POINT('',(0.32,-4.76,-2.84));
#2852 = LINE('',#2853,#2854);
#2853 = CARTESIAN_POINT('',(0.32,-4.76,-3.));
#2854 = VECTOR('',#2855,1.);
#2855 = DIRECTION('',(0.,0.,1.));
#2856 = ORIENTED_EDGE('',*,*,#2857,.F.);
#2857 = EDGE_CURVE('',#2858,#2850,#2860,.T.);
#2858 = VERTEX_POINT('',#2859);
#2859 = CARTESIAN_POINT('',(-0.32,-4.76,-2.84));
#2860 = LINE('',#2861,#2862);
#2861 = CARTESIAN_POINT('',(-0.32,-4.76,-2.84));
#2862 = VECTOR('',#2863,1.);
#2863 = DIRECTION('',(1.,0.,0.));
#2864 = ORIENTED_EDGE('',*,*,#2865,.T.);
#2865 = EDGE_CURVE('',#2858,#1653,#2866,.T.);
#2866 = LINE('',#2867,#2868);
#2867 = CARTESIAN_POINT('',(-0.32,-4.76,-3.));
#2868 = VECTOR('',#2869,1.);
#2869 = DIRECTION('',(0.,0.,1.));
#2870 = ORIENTED_EDGE('',*,*,#1650,.F.);
#2871 = PLANE('',#2872);
#2872 = AXIS2_PLACEMENT_3D('',#2873,#2874,#2875);
#2873 = CARTESIAN_POINT('',(-0.32,-4.76,-3.));
#2874 = DIRECTION('',(0.,1.,0.));
#2875 = DIRECTION('',(0.,-0.,1.));
#2876 = ADVANCED_FACE('',(#2877),#2895,.F.);
#2877 = FACE_BOUND('',#2878,.F.);
#2878 = EDGE_LOOP('',(#2879,#2887,#2893,#2894));
#2879 = ORIENTED_EDGE('',*,*,#2880,.F.);
#2880 = EDGE_CURVE('',#2881,#1669,#2883,.T.);
#2881 = VERTEX_POINT('',#2882);
#2882 = CARTESIAN_POINT('',(-0.32,-5.4,-2.84));
#2883 = LINE('',#2884,#2885);
#2884 = CARTESIAN_POINT('',(-0.32,-5.4,-3.));
#2885 = VECTOR('',#2886,1.);
#2886 = DIRECTION('',(0.,0.,1.));
#2887 = ORIENTED_EDGE('',*,*,#2888,.T.);
#2888 = EDGE_CURVE('',#2881,#2858,#2889,.T.);
#2889 = LINE('',#2890,#2891);
#2890 = CARTESIAN_POINT('',(-0.32,-5.4,-2.84));
#2891 = VECTOR('',#2892,1.);
#2892 = DIRECTION('',(0.,1.,0.));
#2893 = ORIENTED_EDGE('',*,*,#2865,.T.);
#2894 = ORIENTED_EDGE('',*,*,#1676,.F.);
#2895 = PLANE('',#2896);
#2896 = AXIS2_PLACEMENT_3D('',#2897,#2898,#2899);
#2897 = CARTESIAN_POINT('',(-0.32,-5.4,-3.));
#2898 = DIRECTION('',(1.,0.,0.));
#2899 = DIRECTION('',(0.,0.,1.));
#2900 = ADVANCED_FACE('',(#2901),#2919,.F.);
#2901 = FACE_BOUND('',#2902,.F.);
#2902 = EDGE_LOOP('',(#2903,#2911,#2917,#2918));
#2903 = ORIENTED_EDGE('',*,*,#2904,.F.);
#2904 = EDGE_CURVE('',#2905,#1661,#2907,.T.);
#2905 = VERTEX_POINT('',#2906);
#2906 = CARTESIAN_POINT('',(0.32,-5.4,-2.84));
#2907 = LINE('',#2908,#2909);
#2908 = CARTESIAN_POINT('',(0.32,-5.4,-3.));
#2909 = VECTOR('',#2910,1.);
#2910 = DIRECTION('',(0.,0.,1.));
#2911 = ORIENTED_EDGE('',*,*,#2912,.F.);
#2912 = EDGE_CURVE('',#2881,#2905,#2913,.T.);
#2913 = LINE('',#2914,#2915);
#2914 = CARTESIAN_POINT('',(-0.32,-5.4,-2.84));
#2915 = VECTOR('',#2916,1.);
#2916 = DIRECTION('',(1.,0.,0.));
#2917 = ORIENTED_EDGE('',*,*,#2880,.T.);
#2918 = ORIENTED_EDGE('',*,*,#1668,.F.);
#2919 = PLANE('',#2920);
#2920 = AXIS2_PLACEMENT_3D('',#2921,#2922,#2923);
#2921 = CARTESIAN_POINT('',(-0.32,-5.4,-3.));
#2922 = DIRECTION('',(0.,1.,0.));
#2923 = DIRECTION('',(0.,-0.,1.));
#2924 = ADVANCED_FACE('',(#2925),#2936,.T.);
#2925 = FACE_BOUND('',#2926,.T.);
#2926 = EDGE_LOOP('',(#2927,#2928,#2934,#2935));
#2927 = ORIENTED_EDGE('',*,*,#2904,.F.);
#2928 = ORIENTED_EDGE('',*,*,#2929,.T.);
#2929 = EDGE_CURVE('',#2905,#2850,#2930,.T.);
#2930 = LINE('',#2931,#2932);
#2931 = CARTESIAN_POINT('',(0.32,-5.4,-2.84));
#2932 = VECTOR('',#2933,1.);
#2933 = DIRECTION('',(0.,1.,0.));
#2934 = ORIENTED_EDGE('',*,*,#2849,.T.);
#2935 = ORIENTED_EDGE('',*,*,#1660,.F.);
#2936 = PLANE('',#2937);
#2937 = AXIS2_PLACEMENT_3D('',#2938,#2939,#2940);
#2938 = CARTESIAN_POINT('',(0.32,-5.4,-3.));
#2939 = DIRECTION('',(1.,0.,0.));
#2940 = DIRECTION('',(0.,0.,1.));
#2941 = ADVANCED_FACE('',(#2942),#2967,.T.);
#2942 = FACE_BOUND('',#2943,.T.);
#2943 = EDGE_LOOP('',(#2944,#2952,#2960,#2966));
#2944 = ORIENTED_EDGE('',*,*,#2945,.F.);
#2945 = EDGE_CURVE('',#2946,#1685,#2948,.T.);
#2946 = VERTEX_POINT('',#2947);
#2947 = CARTESIAN_POINT('',(0.32,-9.84,-2.84));
#2948 = LINE('',#2949,#2950);
#2949 = CARTESIAN_POINT('',(0.32,-9.84,-3.));
#2950 = VECTOR('',#2951,1.);
#2951 = DIRECTION('',(0.,0.,1.));
#2952 = ORIENTED_EDGE('',*,*,#2953,.F.);
#2953 = EDGE_CURVE('',#2954,#2946,#2956,.T.);
#2954 = VERTEX_POINT('',#2955);
#2955 = CARTESIAN_POINT('',(-0.32,-9.84,-2.84));
#2956 = LINE('',#2957,#2958);
#2957 = CARTESIAN_POINT('',(-0.32,-9.84,-2.84));
#2958 = VECTOR('',#2959,1.);
#2959 = DIRECTION('',(1.,0.,0.));
#2960 = ORIENTED_EDGE('',*,*,#2961,.T.);
#2961 = EDGE_CURVE('',#2954,#1687,#2962,.T.);
#2962 = LINE('',#2963,#2964);
#2963 = CARTESIAN_POINT('',(-0.32,-9.84,-3.));
#2964 = VECTOR('',#2965,1.);
#2965 = DIRECTION('',(0.,0.,1.));
#2966 = ORIENTED_EDGE('',*,*,#1684,.F.);
#2967 = PLANE('',#2968);
#2968 = AXIS2_PLACEMENT_3D('',#2969,#2970,#2971);
#2969 = CARTESIAN_POINT('',(-0.32,-9.84,-3.));
#2970 = DIRECTION('',(0.,1.,0.));
#2971 = DIRECTION('',(0.,-0.,1.));
#2972 = ADVANCED_FACE('',(#2973),#2991,.F.);
#2973 = FACE_BOUND('',#2974,.F.);
#2974 = EDGE_LOOP('',(#2975,#2983,#2989,#2990));
#2975 = ORIENTED_EDGE('',*,*,#2976,.F.);
#2976 = EDGE_CURVE('',#2977,#1703,#2979,.T.);
#2977 = VERTEX_POINT('',#2978);
#2978 = CARTESIAN_POINT('',(-0.32,-10.48,-2.84));
#2979 = LINE('',#2980,#2981);
#2980 = CARTESIAN_POINT('',(-0.32,-10.48,-3.));
#2981 = VECTOR('',#2982,1.);
#2982 = DIRECTION('',(0.,0.,1.));
#2983 = ORIENTED_EDGE('',*,*,#2984,.T.);
#2984 = EDGE_CURVE('',#2977,#2954,#2985,.T.);
#2985 = LINE('',#2986,#2987);
#2986 = CARTESIAN_POINT('',(-0.32,-10.48,-2.84));
#2987 = VECTOR('',#2988,1.);
#2988 = DIRECTION('',(0.,1.,0.));
#2989 = ORIENTED_EDGE('',*,*,#2961,.T.);
#2990 = ORIENTED_EDGE('',*,*,#1710,.F.);
#2991 = PLANE('',#2992);
#2992 = AXIS2_PLACEMENT_3D('',#2993,#2994,#2995);
#2993 = CARTESIAN_POINT('',(-0.32,-10.48,-3.));
#2994 = DIRECTION('',(1.,0.,0.));
#2995 = DIRECTION('',(0.,0.,1.));
#2996 = ADVANCED_FACE('',(#2997),#3015,.F.);
#2997 = FACE_BOUND('',#2998,.F.);
#2998 = EDGE_LOOP('',(#2999,#3007,#3013,#3014));
#2999 = ORIENTED_EDGE('',*,*,#3000,.F.);
#3000 = EDGE_CURVE('',#3001,#1695,#3003,.T.);
#3001 = VERTEX_POINT('',#3002);
#3002 = CARTESIAN_POINT('',(0.32,-10.48,-2.84));
#3003 = LINE('',#3004,#3005);
#3004 = CARTESIAN_POINT('',(0.32,-10.48,-3.));
#3005 = VECTOR('',#3006,1.);
#3006 = DIRECTION('',(0.,0.,1.));
#3007 = ORIENTED_EDGE('',*,*,#3008,.F.);
#3008 = EDGE_CURVE('',#2977,#3001,#3009,.T.);
#3009 = LINE('',#3010,#3011);
#3010 = CARTESIAN_POINT('',(-0.32,-10.48,-2.84));
#3011 = VECTOR('',#3012,1.);
#3012 = DIRECTION('',(1.,0.,0.));
#3013 = ORIENTED_EDGE('',*,*,#2976,.T.);
#3014 = ORIENTED_EDGE('',*,*,#1702,.F.);
#3015 = PLANE('',#3016);
#3016 = AXIS2_PLACEMENT_3D('',#3017,#3018,#3019);
#3017 = CARTESIAN_POINT('',(-0.32,-10.48,-3.));
#3018 = DIRECTION('',(0.,1.,0.));
#3019 = DIRECTION('',(0.,-0.,1.));
#3020 = ADVANCED_FACE('',(#3021),#3032,.T.);
#3021 = FACE_BOUND('',#3022,.T.);
#3022 = EDGE_LOOP('',(#3023,#3024,#3030,#3031));
#3023 = ORIENTED_EDGE('',*,*,#3000,.F.);
#3024 = ORIENTED_EDGE('',*,*,#3025,.T.);
#3025 = EDGE_CURVE('',#3001,#2946,#3026,.T.);
#3026 = LINE('',#3027,#3028);
#3027 = CARTESIAN_POINT('',(0.32,-10.48,-2.84));
#3028 = VECTOR('',#3029,1.);
#3029 = DIRECTION('',(0.,1.,0.));
#3030 = ORIENTED_EDGE('',*,*,#2945,.T.);
#3031 = ORIENTED_EDGE('',*,*,#1694,.F.);
#3032 = PLANE('',#3033);
#3033 = AXIS2_PLACEMENT_3D('',#3034,#3035,#3036);
#3034 = CARTESIAN_POINT('',(0.32,-10.48,-3.));
#3035 = DIRECTION('',(1.,0.,0.));
#3036 = DIRECTION('',(0.,0.,1.));
#3037 = ADVANCED_FACE('',(#3038),#3063,.F.);
#3038 = FACE_BOUND('',#3039,.F.);
#3039 = EDGE_LOOP('',(#3040,#3048,#3056,#3062));
#3040 = ORIENTED_EDGE('',*,*,#3041,.F.);
#3041 = EDGE_CURVE('',#3042,#1719,#3044,.T.);
#3042 = VERTEX_POINT('',#3043);
#3043 = CARTESIAN_POINT('',(0.32,-7.94,-2.84));
#3044 = LINE('',#3045,#3046);
#3045 = CARTESIAN_POINT('',(0.32,-7.94,-3.));
#3046 = VECTOR('',#3047,1.);
#3047 = DIRECTION('',(0.,0.,1.));
#3048 = ORIENTED_EDGE('',*,*,#3049,.F.);
#3049 = EDGE_CURVE('',#3050,#3042,#3052,.T.);
#3050 = VERTEX_POINT('',#3051);
#3051 = CARTESIAN_POINT('',(-0.32,-7.94,-2.84));
#3052 = LINE('',#3053,#3054);
#3053 = CARTESIAN_POINT('',(-0.32,-7.94,-2.84));
#3054 = VECTOR('',#3055,1.);
#3055 = DIRECTION('',(1.,0.,0.));
#3056 = ORIENTED_EDGE('',*,*,#3057,.T.);
#3057 = EDGE_CURVE('',#3050,#1721,#3058,.T.);
#3058 = LINE('',#3059,#3060);
#3059 = CARTESIAN_POINT('',(-0.32,-7.94,-3.));
#3060 = VECTOR('',#3061,1.);
#3061 = DIRECTION('',(0.,0.,1.));
#3062 = ORIENTED_EDGE('',*,*,#1718,.F.);
#3063 = PLANE('',#3064);
#3064 = AXIS2_PLACEMENT_3D('',#3065,#3066,#3067);
#3065 = CARTESIAN_POINT('',(-0.32,-7.94,-3.));
#3066 = DIRECTION('',(0.,1.,0.));
#3067 = DIRECTION('',(0.,-0.,1.));
#3068 = ADVANCED_FACE('',(#3069),#3087,.T.);
#3069 = FACE_BOUND('',#3070,.T.);
#3070 = EDGE_LOOP('',(#3071,#3072,#3080,#3086));
#3071 = ORIENTED_EDGE('',*,*,#3041,.F.);
#3072 = ORIENTED_EDGE('',*,*,#3073,.T.);
#3073 = EDGE_CURVE('',#3042,#3074,#3076,.T.);
#3074 = VERTEX_POINT('',#3075);
#3075 = CARTESIAN_POINT('',(0.32,-7.3,-2.84));
#3076 = LINE('',#3077,#3078);
#3077 = CARTESIAN_POINT('',(0.32,-7.94,-2.84));
#3078 = VECTOR('',#3079,1.);
#3079 = DIRECTION('',(0.,1.,0.));
#3080 = ORIENTED_EDGE('',*,*,#3081,.T.);
#3081 = EDGE_CURVE('',#3074,#1737,#3082,.T.);
#3082 = LINE('',#3083,#3084);
#3083 = CARTESIAN_POINT('',(0.32,-7.3,-3.));
#3084 = VECTOR('',#3085,1.);
#3085 = DIRECTION('',(0.,0.,1.));
#3086 = ORIENTED_EDGE('',*,*,#1744,.F.);
#3087 = PLANE('',#3088);
#3088 = AXIS2_PLACEMENT_3D('',#3089,#3090,#3091);
#3089 = CARTESIAN_POINT('',(0.32,-7.94,-3.));
#3090 = DIRECTION('',(1.,0.,0.));
#3091 = DIRECTION('',(0.,0.,1.));
#3092 = ADVANCED_FACE('',(#3093),#3111,.T.);
#3093 = FACE_BOUND('',#3094,.T.);
#3094 = EDGE_LOOP('',(#3095,#3096,#3104,#3110));
#3095 = ORIENTED_EDGE('',*,*,#3081,.F.);
#3096 = ORIENTED_EDGE('',*,*,#3097,.F.);
#3097 = EDGE_CURVE('',#3098,#3074,#3100,.T.);
#3098 = VERTEX_POINT('',#3099);
#3099 = CARTESIAN_POINT('',(-0.32,-7.3,-2.84));
#3100 = LINE('',#3101,#3102);
#3101 = CARTESIAN_POINT('',(-0.32,-7.3,-2.84));
#3102 = VECTOR('',#3103,1.);
#3103 = DIRECTION('',(1.,0.,0.));
#3104 = ORIENTED_EDGE('',*,*,#3105,.T.);
#3105 = EDGE_CURVE('',#3098,#1729,#3106,.T.);
#3106 = LINE('',#3107,#3108);
#3107 = CARTESIAN_POINT('',(-0.32,-7.3,-3.));
#3108 = VECTOR('',#3109,1.);
#3109 = DIRECTION('',(0.,0.,1.));
#3110 = ORIENTED_EDGE('',*,*,#1736,.F.);
#3111 = PLANE('',#3112);
#3112 = AXIS2_PLACEMENT_3D('',#3113,#3114,#3115);
#3113 = CARTESIAN_POINT('',(-0.32,-7.3,-3.));
#3114 = DIRECTION('',(0.,1.,0.));
#3115 = DIRECTION('',(0.,-0.,1.));
#3116 = ADVANCED_FACE('',(#3117),#3128,.F.);
#3117 = FACE_BOUND('',#3118,.F.);
#3118 = EDGE_LOOP('',(#3119,#3120,#3126,#3127));
#3119 = ORIENTED_EDGE('',*,*,#3057,.F.);
#3120 = ORIENTED_EDGE('',*,*,#3121,.T.);
#3121 = EDGE_CURVE('',#3050,#3098,#3122,.T.);
#3122 = LINE('',#3123,#3124);
#3123 = CARTESIAN_POINT('',(-0.32,-7.94,-2.84));
#3124 = VECTOR('',#3125,1.);
#3125 = DIRECTION('',(0.,1.,0.));
#3126 = ORIENTED_EDGE('',*,*,#3105,.T.);
#3127 = ORIENTED_EDGE('',*,*,#1728,.F.);
#3128 = PLANE('',#3129);
#3129 = AXIS2_PLACEMENT_3D('',#3130,#3131,#3132);
#3130 = CARTESIAN_POINT('',(-0.32,-7.94,-3.));
#3131 = DIRECTION('',(1.,0.,0.));
#3132 = DIRECTION('',(0.,0.,1.));
#3133 = ADVANCED_FACE('',(#3134),#3159,.T.);
#3134 = FACE_BOUND('',#3135,.T.);
#3135 = EDGE_LOOP('',(#3136,#3144,#3145,#3153));
#3136 = ORIENTED_EDGE('',*,*,#3137,.F.);
#3137 = EDGE_CURVE('',#1994,#3138,#3140,.T.);
#3138 = VERTEX_POINT('',#3139);
#3139 = CARTESIAN_POINT('',(0.32,-0.32,8.38));
#3140 = LINE('',#3141,#3142);
#3141 = CARTESIAN_POINT('',(0.32,-0.32,-3.));
#3142 = VECTOR('',#3143,1.);
#3143 = DIRECTION('',(0.,0.,1.));
#3144 = ORIENTED_EDGE('',*,*,#1993,.T.);
#3145 = ORIENTED_EDGE('',*,*,#3146,.T.);
#3146 = EDGE_CURVE('',#1996,#3147,#3149,.T.);
#3147 = VERTEX_POINT('',#3148);
#3148 = CARTESIAN_POINT('',(0.32,0.32,8.38));
#3149 = LINE('',#3150,#3151);
#3150 = CARTESIAN_POINT('',(0.32,0.32,-3.));
#3151 = VECTOR('',#3152,1.);
#3152 = DIRECTION('',(0.,0.,1.));
#3153 = ORIENTED_EDGE('',*,*,#3154,.F.);
#3154 = EDGE_CURVE('',#3138,#3147,#3155,.T.);
#3155 = LINE('',#3156,#3157);
#3156 = CARTESIAN_POINT('',(0.32,-0.32,8.38));
#3157 = VECTOR('',#3158,1.);
#3158 = DIRECTION('',(0.,1.,0.));
#3159 = PLANE('',#3160);
#3160 = AXIS2_PLACEMENT_3D('',#3161,#3162,#3163);
#3161 = CARTESIAN_POINT('',(0.32,-0.32,-3.));
#3162 = DIRECTION('',(1.,0.,0.));
#3163 = DIRECTION('',(0.,0.,1.));
#3164 = ADVANCED_FACE('',(#3165),#3183,.T.);
#3165 = FACE_BOUND('',#3166,.T.);
#3166 = EDGE_LOOP('',(#3167,#3168,#3169,#3177));
#3167 = ORIENTED_EDGE('',*,*,#3146,.F.);
#3168 = ORIENTED_EDGE('',*,*,#2019,.T.);
#3169 = ORIENTED_EDGE('',*,*,#3170,.T.);
#3170 = EDGE_CURVE('',#2012,#3171,#3173,.T.);
#3171 = VERTEX_POINT('',#3172);
#3172 = CARTESIAN_POINT('',(-0.32,0.32,8.38));
#3173 = LINE('',#3174,#3175);
#3174 = CARTESIAN_POINT('',(-0.32,0.32,-3.));
#3175 = VECTOR('',#3176,1.);
#3176 = DIRECTION('',(0.,0.,1.));
#3177 = ORIENTED_EDGE('',*,*,#3178,.T.);
#3178 = EDGE_CURVE('',#3171,#3147,#3179,.T.);
#3179 = LINE('',#3180,#3181);
#3180 = CARTESIAN_POINT('',(-0.32,0.32,8.38));
#3181 = VECTOR('',#3182,1.);
#3182 = DIRECTION('',(1.,0.,0.));
#3183 = PLANE('',#3184);
#3184 = AXIS2_PLACEMENT_3D('',#3185,#3186,#3187);
#3185 = CARTESIAN_POINT('',(-0.32,0.32,-3.));
#3186 = DIRECTION('',(0.,1.,0.));
#3187 = DIRECTION('',(0.,-0.,1.));
#3188 = ADVANCED_FACE('',(#3189),#3207,.F.);
#3189 = FACE_BOUND('',#3190,.F.);
#3190 = EDGE_LOOP('',(#3191,#3199,#3200,#3201));
#3191 = ORIENTED_EDGE('',*,*,#3192,.F.);
#3192 = EDGE_CURVE('',#2004,#3193,#3195,.T.);
#3193 = VERTEX_POINT('',#3194);
#3194 = CARTESIAN_POINT('',(-0.32,-0.32,8.38));
#3195 = LINE('',#3196,#3197);
#3196 = CARTESIAN_POINT('',(-0.32,-0.32,-3.));
#3197 = VECTOR('',#3198,1.);
#3198 = DIRECTION('',(0.,0.,1.));
#3199 = ORIENTED_EDGE('',*,*,#2011,.T.);
#3200 = ORIENTED_EDGE('',*,*,#3170,.T.);
#3201 = ORIENTED_EDGE('',*,*,#3202,.F.);
#3202 = EDGE_CURVE('',#3193,#3171,#3203,.T.);
#3203 = LINE('',#3204,#3205);
#3204 = CARTESIAN_POINT('',(-0.32,-0.32,8.38));
#3205 = VECTOR('',#3206,1.);
#3206 = DIRECTION('',(0.,1.,0.));
#3207 = PLANE('',#3208);
#3208 = AXIS2_PLACEMENT_3D('',#3209,#3210,#3211);
#3209 = CARTESIAN_POINT('',(-0.32,-0.32,-3.));
#3210 = DIRECTION('',(1.,0.,0.));
#3211 = DIRECTION('',(0.,0.,1.));
#3212 = ADVANCED_FACE('',(#3213),#3224,.F.);
#3213 = FACE_BOUND('',#3214,.F.);
#3214 = EDGE_LOOP('',(#3215,#3216,#3217,#3218));
#3215 = ORIENTED_EDGE('',*,*,#3137,.F.);
#3216 = ORIENTED_EDGE('',*,*,#2003,.T.);
#3217 = ORIENTED_EDGE('',*,*,#3192,.T.);
#3218 = ORIENTED_EDGE('',*,*,#3219,.T.);
#3219 = EDGE_CURVE('',#3193,#3138,#3220,.T.);
#3220 = LINE('',#3221,#3222);
#3221 = CARTESIAN_POINT('',(-0.32,-0.32,8.38));
#3222 = VECTOR('',#3223,1.);
#3223 = DIRECTION('',(1.,0.,0.));
#3224 = PLANE('',#3225);
#3225 = AXIS2_PLACEMENT_3D('',#3226,#3227,#3228);
#3226 = CARTESIAN_POINT('',(-0.32,-0.32,-3.));
#3227 = DIRECTION('',(0.,1.,0.));
#3228 = DIRECTION('',(0.,-0.,1.));
#3229 = ADVANCED_FACE('',(#3230),#3255,.T.);
#3230 = FACE_BOUND('',#3231,.T.);
#3231 = EDGE_LOOP('',(#3232,#3240,#3241,#3249));
#3232 = ORIENTED_EDGE('',*,*,#3233,.F.);
#3233 = EDGE_CURVE('',#2028,#3234,#3236,.T.);
#3234 = VERTEX_POINT('',#3235);
#3235 = CARTESIAN_POINT('',(0.32,-2.22,8.38));
#3236 = LINE('',#3237,#3238);
#3237 = CARTESIAN_POINT('',(0.32,-2.22,-3.));
#3238 = VECTOR('',#3239,1.);
#3239 = DIRECTION('',(0.,0.,1.));
#3240 = ORIENTED_EDGE('',*,*,#2027,.T.);
#3241 = ORIENTED_EDGE('',*,*,#3242,.T.);
#3242 = EDGE_CURVE('',#2030,#3243,#3245,.T.);
#3243 = VERTEX_POINT('',#3244);
#3244 = CARTESIAN_POINT('',(-0.32,-2.22,8.38));
#3245 = LINE('',#3246,#3247);
#3246 = CARTESIAN_POINT('',(-0.32,-2.22,-3.));
#3247 = VECTOR('',#3248,1.);
#3248 = DIRECTION('',(0.,0.,1.));
#3249 = ORIENTED_EDGE('',*,*,#3250,.T.);
#3250 = EDGE_CURVE('',#3243,#3234,#3251,.T.);
#3251 = LINE('',#3252,#3253);
#3252 = CARTESIAN_POINT('',(-0.32,-2.22,8.38));
#3253 = VECTOR('',#3254,1.);
#3254 = DIRECTION('',(1.,0.,0.));
#3255 = PLANE('',#3256);
#3256 = AXIS2_PLACEMENT_3D('',#3257,#3258,#3259);
#3257 = CARTESIAN_POINT('',(-0.32,-2.22,-3.));
#3258 = DIRECTION('',(0.,1.,0.));
#3259 = DIRECTION('',(0.,-0.,1.));
#3260 = ADVANCED_FACE('',(#3261),#3279,.F.);
#3261 = FACE_BOUND('',#3262,.F.);
#3262 = EDGE_LOOP('',(#3263,#3271,#3272,#3273));
#3263 = ORIENTED_EDGE('',*,*,#3264,.F.);
#3264 = EDGE_CURVE('',#2046,#3265,#3267,.T.);
#3265 = VERTEX_POINT('',#3266);
#3266 = CARTESIAN_POINT('',(-0.32,-2.86,8.38));
#3267 = LINE('',#3268,#3269);
#3268 = CARTESIAN_POINT('',(-0.32,-2.86,-3.));
#3269 = VECTOR('',#3270,1.);
#3270 = DIRECTION('',(0.,0.,1.));
#3271 = ORIENTED_EDGE('',*,*,#2053,.T.);
#3272 = ORIENTED_EDGE('',*,*,#3242,.T.);
#3273 = ORIENTED_EDGE('',*,*,#3274,.F.);
#3274 = EDGE_CURVE('',#3265,#3243,#3275,.T.);
#3275 = LINE('',#3276,#3277);
#3276 = CARTESIAN_POINT('',(-0.32,-2.86,8.38));
#3277 = VECTOR('',#3278,1.);
#3278 = DIRECTION('',(0.,1.,0.));
#3279 = PLANE('',#3280);
#3280 = AXIS2_PLACEMENT_3D('',#3281,#3282,#3283);
#3281 = CARTESIAN_POINT('',(-0.32,-2.86,-3.));
#3282 = DIRECTION('',(1.,0.,0.));
#3283 = DIRECTION('',(0.,0.,1.));
#3284 = ADVANCED_FACE('',(#3285),#3303,.F.);
#3285 = FACE_BOUND('',#3286,.F.);
#3286 = EDGE_LOOP('',(#3287,#3295,#3296,#3297));
#3287 = ORIENTED_EDGE('',*,*,#3288,.F.);
#3288 = EDGE_CURVE('',#2038,#3289,#3291,.T.);
#3289 = VERTEX_POINT('',#3290);
#3290 = CARTESIAN_POINT('',(0.32,-2.86,8.38));
#3291 = LINE('',#3292,#3293);
#3292 = CARTESIAN_POINT('',(0.32,-2.86,-3.));
#3293 = VECTOR('',#3294,1.);
#3294 = DIRECTION('',(0.,0.,1.));
#3295 = ORIENTED_EDGE('',*,*,#2045,.T.);
#3296 = ORIENTED_EDGE('',*,*,#3264,.T.);
#3297 = ORIENTED_EDGE('',*,*,#3298,.T.);
#3298 = EDGE_CURVE('',#3265,#3289,#3299,.T.);
#3299 = LINE('',#3300,#3301);
#3300 = CARTESIAN_POINT('',(-0.32,-2.86,8.38));
#3301 = VECTOR('',#3302,1.);
#3302 = DIRECTION('',(1.,0.,0.));
#3303 = PLANE('',#3304);
#3304 = AXIS2_PLACEMENT_3D('',#3305,#3306,#3307);
#3305 = CARTESIAN_POINT('',(-0.32,-2.86,-3.));
#3306 = DIRECTION('',(0.,1.,0.));
#3307 = DIRECTION('',(0.,-0.,1.));
#3308 = ADVANCED_FACE('',(#3309),#3320,.T.);
#3309 = FACE_BOUND('',#3310,.T.);
#3310 = EDGE_LOOP('',(#3311,#3312,#3313,#3314));
#3311 = ORIENTED_EDGE('',*,*,#3288,.F.);
#3312 = ORIENTED_EDGE('',*,*,#2037,.T.);
#3313 = ORIENTED_EDGE('',*,*,#3233,.T.);
#3314 = ORIENTED_EDGE('',*,*,#3315,.F.);
#3315 = EDGE_CURVE('',#3289,#3234,#3316,.T.);
#3316 = LINE('',#3317,#3318);
#3317 = CARTESIAN_POINT('',(0.32,-2.86,8.38));
#3318 = VECTOR('',#3319,1.);
#3319 = DIRECTION('',(0.,1.,0.));
#3320 = PLANE('',#3321);
#3321 = AXIS2_PLACEMENT_3D('',#3322,#3323,#3324);
#3322 = CARTESIAN_POINT('',(0.32,-2.86,-3.));
#3323 = DIRECTION('',(1.,0.,0.));
#3324 = DIRECTION('',(0.,0.,1.));
#3325 = ADVANCED_FACE('',(#3326),#3351,.T.);
#3326 = FACE_BOUND('',#3327,.T.);
#3327 = EDGE_LOOP('',(#3328,#3336,#3337,#3345));
#3328 = ORIENTED_EDGE('',*,*,#3329,.F.);
#3329 = EDGE_CURVE('',#2062,#3330,#3332,.T.);
#3330 = VERTEX_POINT('',#3331);
#3331 = CARTESIAN_POINT('',(0.32,-4.76,8.38));
#3332 = LINE('',#3333,#3334);
#3333 = CARTESIAN_POINT('',(0.32,-4.76,-3.));
#3334 = VECTOR('',#3335,1.);
#3335 = DIRECTION('',(0.,0.,1.));
#3336 = ORIENTED_EDGE('',*,*,#2061,.T.);
#3337 = ORIENTED_EDGE('',*,*,#3338,.T.);
#3338 = EDGE_CURVE('',#2064,#3339,#3341,.T.);
#3339 = VERTEX_POINT('',#3340);
#3340 = CARTESIAN_POINT('',(-0.32,-4.76,8.38));
#3341 = LINE('',#3342,#3343);
#3342 = CARTESIAN_POINT('',(-0.32,-4.76,-3.));
#3343 = VECTOR('',#3344,1.);
#3344 = DIRECTION('',(0.,0.,1.));
#3345 = ORIENTED_EDGE('',*,*,#3346,.T.);
#3346 = EDGE_CURVE('',#3339,#3330,#3347,.T.);
#3347 = LINE('',#3348,#3349);
#3348 = CARTESIAN_POINT('',(-0.32,-4.76,8.38));
#3349 = VECTOR('',#3350,1.);
#3350 = DIRECTION('',(1.,0.,0.));
#3351 = PLANE('',#3352);
#3352 = AXIS2_PLACEMENT_3D('',#3353,#3354,#3355);
#3353 = CARTESIAN_POINT('',(-0.32,-4.76,-3.));
#3354 = DIRECTION('',(0.,1.,0.));
#3355 = DIRECTION('',(0.,-0.,1.));
#3356 = ADVANCED_FACE('',(#3357),#3375,.F.);
#3357 = FACE_BOUND('',#3358,.F.);
#3358 = EDGE_LOOP('',(#3359,#3367,#3368,#3369));
#3359 = ORIENTED_EDGE('',*,*,#3360,.F.);
#3360 = EDGE_CURVE('',#2080,#3361,#3363,.T.);
#3361 = VERTEX_POINT('',#3362);
#3362 = CARTESIAN_POINT('',(-0.32,-5.4,8.38));
#3363 = LINE('',#3364,#3365);
#3364 = CARTESIAN_POINT('',(-0.32,-5.4,-3.));
#3365 = VECTOR('',#3366,1.);
#3366 = DIRECTION('',(0.,0.,1.));
#3367 = ORIENTED_EDGE('',*,*,#2087,.T.);
#3368 = ORIENTED_EDGE('',*,*,#3338,.T.);
#3369 = ORIENTED_EDGE('',*,*,#3370,.F.);
#3370 = EDGE_CURVE('',#3361,#3339,#3371,.T.);
#3371 = LINE('',#3372,#3373);
#3372 = CARTESIAN_POINT('',(-0.32,-5.4,8.38));
#3373 = VECTOR('',#3374,1.);
#3374 = DIRECTION('',(0.,1.,0.));
#3375 = PLANE('',#3376);
#3376 = AXIS2_PLACEMENT_3D('',#3377,#3378,#3379);
#3377 = CARTESIAN_POINT('',(-0.32,-5.4,-3.));
#3378 = DIRECTION('',(1.,0.,0.));
#3379 = DIRECTION('',(0.,0.,1.));
#3380 = ADVANCED_FACE('',(#3381),#3399,.F.);
#3381 = FACE_BOUND('',#3382,.F.);
#3382 = EDGE_LOOP('',(#3383,#3391,#3392,#3393));
#3383 = ORIENTED_EDGE('',*,*,#3384,.F.);
#3384 = EDGE_CURVE('',#2072,#3385,#3387,.T.);
#3385 = VERTEX_POINT('',#3386);
#3386 = CARTESIAN_POINT('',(0.32,-5.4,8.38));
#3387 = LINE('',#3388,#3389);
#3388 = CARTESIAN_POINT('',(0.32,-5.4,-3.));
#3389 = VECTOR('',#3390,1.);
#3390 = DIRECTION('',(0.,0.,1.));
#3391 = ORIENTED_EDGE('',*,*,#2079,.T.);
#3392 = ORIENTED_EDGE('',*,*,#3360,.T.);
#3393 = ORIENTED_EDGE('',*,*,#3394,.T.);
#3394 = EDGE_CURVE('',#3361,#3385,#3395,.T.);
#3395 = LINE('',#3396,#3397);
#3396 = CARTESIAN_POINT('',(-0.32,-5.4,8.38));
#3397 = VECTOR('',#3398,1.);
#3398 = DIRECTION('',(1.,0.,0.));
#3399 = PLANE('',#3400);
#3400 = AXIS2_PLACEMENT_3D('',#3401,#3402,#3403);
#3401 = CARTESIAN_POINT('',(-0.32,-5.4,-3.));
#3402 = DIRECTION('',(0.,1.,0.));
#3403 = DIRECTION('',(0.,-0.,1.));
#3404 = ADVANCED_FACE('',(#3405),#3416,.T.);
#3405 = FACE_BOUND('',#3406,.T.);
#3406 = EDGE_LOOP('',(#3407,#3408,#3409,#3410));
#3407 = ORIENTED_EDGE('',*,*,#3384,.F.);
#3408 = ORIENTED_EDGE('',*,*,#2071,.T.);
#3409 = ORIENTED_EDGE('',*,*,#3329,.T.);
#3410 = ORIENTED_EDGE('',*,*,#3411,.F.);
#3411 = EDGE_CURVE('',#3385,#3330,#3412,.T.);
#3412 = LINE('',#3413,#3414);
#3413 = CARTESIAN_POINT('',(0.32,-5.4,8.38));
#3414 = VECTOR('',#3415,1.);
#3415 = DIRECTION('',(0.,1.,0.));
#3416 = PLANE('',#3417);
#3417 = AXIS2_PLACEMENT_3D('',#3418,#3419,#3420);
#3418 = CARTESIAN_POINT('',(0.32,-5.4,-3.));
#3419 = DIRECTION('',(1.,0.,0.));
#3420 = DIRECTION('',(0.,0.,1.));
#3421 = ADVANCED_FACE('',(#3422),#3447,.T.);
#3422 = FACE_BOUND('',#3423,.T.);
#3423 = EDGE_LOOP('',(#3424,#3432,#3433,#3441));
#3424 = ORIENTED_EDGE('',*,*,#3425,.F.);
#3425 = EDGE_CURVE('',#2096,#3426,#3428,.T.);
#3426 = VERTEX_POINT('',#3427);
#3427 = CARTESIAN_POINT('',(0.32,-9.84,8.38));
#3428 = LINE('',#3429,#3430);
#3429 = CARTESIAN_POINT('',(0.32,-9.84,-3.));
#3430 = VECTOR('',#3431,1.);
#3431 = DIRECTION('',(0.,0.,1.));
#3432 = ORIENTED_EDGE('',*,*,#2095,.T.);
#3433 = ORIENTED_EDGE('',*,*,#3434,.T.);
#3434 = EDGE_CURVE('',#2098,#3435,#3437,.T.);
#3435 = VERTEX_POINT('',#3436);
#3436 = CARTESIAN_POINT('',(-0.32,-9.84,8.38));
#3437 = LINE('',#3438,#3439);
#3438 = CARTESIAN_POINT('',(-0.32,-9.84,-3.));
#3439 = VECTOR('',#3440,1.);
#3440 = DIRECTION('',(0.,0.,1.));
#3441 = ORIENTED_EDGE('',*,*,#3442,.T.);
#3442 = EDGE_CURVE('',#3435,#3426,#3443,.T.);
#3443 = LINE('',#3444,#3445);
#3444 = CARTESIAN_POINT('',(-0.32,-9.84,8.38));
#3445 = VECTOR('',#3446,1.);
#3446 = DIRECTION('',(1.,0.,0.));
#3447 = PLANE('',#3448);
#3448 = AXIS2_PLACEMENT_3D('',#3449,#3450,#3451);
#3449 = CARTESIAN_POINT('',(-0.32,-9.84,-3.));
#3450 = DIRECTION('',(0.,1.,0.));
#3451 = DIRECTION('',(0.,-0.,1.));
#3452 = ADVANCED_FACE('',(#3453),#3471,.F.);
#3453 = FACE_BOUND('',#3454,.F.);
#3454 = EDGE_LOOP('',(#3455,#3463,#3464,#3465));
#3455 = ORIENTED_EDGE('',*,*,#3456,.F.);
#3456 = EDGE_CURVE('',#2114,#3457,#3459,.T.);
#3457 = VERTEX_POINT('',#3458);
#3458 = CARTESIAN_POINT('',(-0.32,-10.48,8.38));
#3459 = LINE('',#3460,#3461);
#3460 = CARTESIAN_POINT('',(-0.32,-10.48,-3.));
#3461 = VECTOR('',#3462,1.);
#3462 = DIRECTION('',(0.,0.,1.));
#3463 = ORIENTED_EDGE('',*,*,#2121,.T.);
#3464 = ORIENTED_EDGE('',*,*,#3434,.T.);
#3465 = ORIENTED_EDGE('',*,*,#3466,.F.);
#3466 = EDGE_CURVE('',#3457,#3435,#3467,.T.);
#3467 = LINE('',#3468,#3469);
#3468 = CARTESIAN_POINT('',(-0.32,-10.48,8.38));
#3469 = VECTOR('',#3470,1.);
#3470 = DIRECTION('',(0.,1.,0.));
#3471 = PLANE('',#3472);
#3472 = AXIS2_PLACEMENT_3D('',#3473,#3474,#3475);
#3473 = CARTESIAN_POINT('',(-0.32,-10.48,-3.));
#3474 = DIRECTION('',(1.,0.,0.));
#3475 = DIRECTION('',(0.,0.,1.));
#3476 = ADVANCED_FACE('',(#3477),#3495,.F.);
#3477 = FACE_BOUND('',#3478,.F.);
#3478 = EDGE_LOOP('',(#3479,#3487,#3488,#3489));
#3479 = ORIENTED_EDGE('',*,*,#3480,.F.);
#3480 = EDGE_CURVE('',#2106,#3481,#3483,.T.);
#3481 = VERTEX_POINT('',#3482);
#3482 = CARTESIAN_POINT('',(0.32,-10.48,8.38));
#3483 = LINE('',#3484,#3485);
#3484 = CARTESIAN_POINT('',(0.32,-10.48,-3.));
#3485 = VECTOR('',#3486,1.);
#3486 = DIRECTION('',(0.,0.,1.));
#3487 = ORIENTED_EDGE('',*,*,#2113,.T.);
#3488 = ORIENTED_EDGE('',*,*,#3456,.T.);
#3489 = ORIENTED_EDGE('',*,*,#3490,.T.);
#3490 = EDGE_CURVE('',#3457,#3481,#3491,.T.);
#3491 = LINE('',#3492,#3493);
#3492 = CARTESIAN_POINT('',(-0.32,-10.48,8.38));
#3493 = VECTOR('',#3494,1.);
#3494 = DIRECTION('',(1.,0.,0.));
#3495 = PLANE('',#3496);
#3496 = AXIS2_PLACEMENT_3D('',#3497,#3498,#3499);
#3497 = CARTESIAN_POINT('',(-0.32,-10.48,-3.));
#3498 = DIRECTION('',(0.,1.,0.));
#3499 = DIRECTION('',(0.,-0.,1.));
#3500 = ADVANCED_FACE('',(#3501),#3512,.T.);
#3501 = FACE_BOUND('',#3502,.T.);
#3502 = EDGE_LOOP('',(#3503,#3504,#3505,#3506));
#3503 = ORIENTED_EDGE('',*,*,#3480,.F.);
#3504 = ORIENTED_EDGE('',*,*,#2105,.T.);
#3505 = ORIENTED_EDGE('',*,*,#3425,.T.);
#3506 = ORIENTED_EDGE('',*,*,#3507,.F.);
#3507 = EDGE_CURVE('',#3481,#3426,#3508,.T.);
#3508 = LINE('',#3509,#3510);
#3509 = CARTESIAN_POINT('',(0.32,-10.48,8.38));
#3510 = VECTOR('',#3511,1.);
#3511 = DIRECTION('',(0.,1.,0.));
#3512 = PLANE('',#3513);
#3513 = AXIS2_PLACEMENT_3D('',#3514,#3515,#3516);
#3514 = CARTESIAN_POINT('',(0.32,-10.48,-3.));
#3515 = DIRECTION('',(1.,0.,0.));
#3516 = DIRECTION('',(0.,0.,1.));
#3517 = ADVANCED_FACE('',(#3518),#3543,.F.);
#3518 = FACE_BOUND('',#3519,.F.);
#3519 = EDGE_LOOP('',(#3520,#3528,#3529,#3537));
#3520 = ORIENTED_EDGE('',*,*,#3521,.F.);
#3521 = EDGE_CURVE('',#2130,#3522,#3524,.T.);
#3522 = VERTEX_POINT('',#3523);
#3523 = CARTESIAN_POINT('',(0.32,-7.94,8.38));
#3524 = LINE('',#3525,#3526);
#3525 = CARTESIAN_POINT('',(0.32,-7.94,-3.));
#3526 = VECTOR('',#3527,1.);
#3527 = DIRECTION('',(0.,0.,1.));
#3528 = ORIENTED_EDGE('',*,*,#2129,.T.);
#3529 = ORIENTED_EDGE('',*,*,#3530,.T.);
#3530 = EDGE_CURVE('',#2132,#3531,#3533,.T.);
#3531 = VERTEX_POINT('',#3532);
#3532 = CARTESIAN_POINT('',(-0.32,-7.94,8.38));
#3533 = LINE('',#3534,#3535);
#3534 = CARTESIAN_POINT('',(-0.32,-7.94,-3.));
#3535 = VECTOR('',#3536,1.);
#3536 = DIRECTION('',(0.,0.,1.));
#3537 = ORIENTED_EDGE('',*,*,#3538,.T.);
#3538 = EDGE_CURVE('',#3531,#3522,#3539,.T.);
#3539 = LINE('',#3540,#3541);
#3540 = CARTESIAN_POINT('',(-0.32,-7.94,8.38));
#3541 = VECTOR('',#3542,1.);
#3542 = DIRECTION('',(1.,0.,0.));
#3543 = PLANE('',#3544);
#3544 = AXIS2_PLACEMENT_3D('',#3545,#3546,#3547);
#3545 = CARTESIAN_POINT('',(-0.32,-7.94,-3.));
#3546 = DIRECTION('',(0.,1.,0.));
#3547 = DIRECTION('',(0.,-0.,1.));
#3548 = ADVANCED_FACE('',(#3549),#3567,.T.);
#3549 = FACE_BOUND('',#3550,.T.);
#3550 = EDGE_LOOP('',(#3551,#3552,#3553,#3561));
#3551 = ORIENTED_EDGE('',*,*,#3521,.F.);
#3552 = ORIENTED_EDGE('',*,*,#2155,.T.);
#3553 = ORIENTED_EDGE('',*,*,#3554,.T.);
#3554 = EDGE_CURVE('',#2148,#3555,#3557,.T.);
#3555 = VERTEX_POINT('',#3556);
#3556 = CARTESIAN_POINT('',(0.32,-7.3,8.38));
#3557 = LINE('',#3558,#3559);
#3558 = CARTESIAN_POINT('',(0.32,-7.3,-3.));
#3559 = VECTOR('',#3560,1.);
#3560 = DIRECTION('',(0.,0.,1.));
#3561 = ORIENTED_EDGE('',*,*,#3562,.F.);
#3562 = EDGE_CURVE('',#3522,#3555,#3563,.T.);
#3563 = LINE('',#3564,#3565);
#3564 = CARTESIAN_POINT('',(0.32,-7.94,8.38));
#3565 = VECTOR('',#3566,1.);
#3566 = DIRECTION('',(0.,1.,0.));
#3567 = PLANE('',#3568);
#3568 = AXIS2_PLACEMENT_3D('',#3569,#3570,#3571);
#3569 = CARTESIAN_POINT('',(0.32,-7.94,-3.));
#3570 = DIRECTION('',(1.,0.,0.));
#3571 = DIRECTION('',(0.,0.,1.));
#3572 = ADVANCED_FACE('',(#3573),#3591,.T.);
#3573 = FACE_BOUND('',#3574,.T.);
#3574 = EDGE_LOOP('',(#3575,#3576,#3577,#3585));
#3575 = ORIENTED_EDGE('',*,*,#3554,.F.);
#3576 = ORIENTED_EDGE('',*,*,#2147,.T.);
#3577 = ORIENTED_EDGE('',*,*,#3578,.T.);
#3578 = EDGE_CURVE('',#2140,#3579,#3581,.T.);
#3579 = VERTEX_POINT('',#3580);
#3580 = CARTESIAN_POINT('',(-0.32,-7.3,8.38));
#3581 = LINE('',#3582,#3583);
#3582 = CARTESIAN_POINT('',(-0.32,-7.3,-3.));
#3583 = VECTOR('',#3584,1.);
#3584 = DIRECTION('',(0.,0.,1.));
#3585 = ORIENTED_EDGE('',*,*,#3586,.T.);
#3586 = EDGE_CURVE('',#3579,#3555,#3587,.T.);
#3587 = LINE('',#3588,#3589);
#3588 = CARTESIAN_POINT('',(-0.32,-7.3,8.38));
#3589 = VECTOR('',#3590,1.);
#3590 = DIRECTION('',(1.,0.,0.));
#3591 = PLANE('',#3592);
#3592 = AXIS2_PLACEMENT_3D('',#3593,#3594,#3595);
#3593 = CARTESIAN_POINT('',(-0.32,-7.3,-3.));
#3594 = DIRECTION('',(0.,1.,0.));
#3595 = DIRECTION('',(0.,-0.,1.));
#3596 = ADVANCED_FACE('',(#3597),#3608,.F.);
#3597 = FACE_BOUND('',#3598,.F.);
#3598 = EDGE_LOOP('',(#3599,#3600,#3601,#3602));
#3599 = ORIENTED_EDGE('',*,*,#3530,.F.);
#3600 = ORIENTED_EDGE('',*,*,#2139,.T.);
#3601 = ORIENTED_EDGE('',*,*,#3578,.T.);
#3602 = ORIENTED_EDGE('',*,*,#3603,.F.);
#3603 = EDGE_CURVE('',#3531,#3579,#3604,.T.);
#3604 = LINE('',#3605,#3606);
#3605 = CARTESIAN_POINT('',(-0.32,-7.94,8.38));
#3606 = VECTOR('',#3607,1.);
#3607 = DIRECTION('',(0.,1.,0.));
#3608 = PLANE('',#3609);
#3609 = AXIS2_PLACEMENT_3D('',#3610,#3611,#3612);
#3610 = CARTESIAN_POINT('',(-0.32,-7.94,-3.));
#3611 = DIRECTION('',(1.,0.,0.));
#3612 = DIRECTION('',(0.,0.,1.));
#3613 = ADVANCED_FACE('',(#3614),#3639,.F.);
#3614 = FACE_BOUND('',#3615,.F.);
#3615 = EDGE_LOOP('',(#3616,#3624,#3625,#3633));
#3616 = ORIENTED_EDGE('',*,*,#3617,.F.);
#3617 = EDGE_CURVE('',#2658,#3618,#3620,.T.);
#3618 = VERTEX_POINT('',#3619);
#3619 = CARTESIAN_POINT('',(0.16,-0.16,-3.));
#3620 = LINE('',#3621,#3622);
#3621 = CARTESIAN_POINT('',(0.16,-0.16,-3.));
#3622 = VECTOR('',#3623,1.);
#3623 = DIRECTION('',(-0.57735026919,0.57735026919,-0.57735026919));
#3624 = ORIENTED_EDGE('',*,*,#2665,.T.);
#3625 = ORIENTED_EDGE('',*,*,#3626,.T.);
#3626 = EDGE_CURVE('',#2666,#3627,#3629,.T.);
#3627 = VERTEX_POINT('',#3628);
#3628 = CARTESIAN_POINT('',(0.16,0.16,-3.));
#3629 = LINE('',#3630,#3631);
#3630 = CARTESIAN_POINT('',(5.333333333333E-02,5.333333333333E-02,
    -3.106666666667));
#3631 = VECTOR('',#3632,1.);
#3632 = DIRECTION('',(-0.57735026919,-0.57735026919,-0.57735026919));
#3633 = ORIENTED_EDGE('',*,*,#3634,.F.);
#3634 = EDGE_CURVE('',#3618,#3627,#3635,.T.);
#3635 = LINE('',#3636,#3637);
#3636 = CARTESIAN_POINT('',(0.16,-0.32,-3.));
#3637 = VECTOR('',#3638,1.);
#3638 = DIRECTION('',(0.,1.,0.));
#3639 = PLANE('',#3640);
#3640 = AXIS2_PLACEMENT_3D('',#3641,#3642,#3643);
#3641 = CARTESIAN_POINT('',(0.24,-0.32,-2.92));
#3642 = DIRECTION('',(-0.707106781187,1.735167508357E-18,0.707106781187)
  );
#3643 = DIRECTION('',(1.226948711654E-18,1.,-1.226948711654E-18));
#3644 = ADVANCED_FACE('',(#3645),#3663,.F.);
#3645 = FACE_BOUND('',#3646,.T.);
#3646 = EDGE_LOOP('',(#3647,#3655,#3656,#3657));
#3647 = ORIENTED_EDGE('',*,*,#3648,.F.);
#3648 = EDGE_CURVE('',#2690,#3649,#3651,.T.);
#3649 = VERTEX_POINT('',#3650);
#3650 = CARTESIAN_POINT('',(-0.16,0.16,-3.));
#3651 = LINE('',#3652,#3653);
#3652 = CARTESIAN_POINT('',(-0.16,0.16,-3.));
#3653 = VECTOR('',#3654,1.);
#3654 = DIRECTION('',(0.57735026919,-0.57735026919,-0.57735026919));
#3655 = ORIENTED_EDGE('',*,*,#2689,.T.);
#3656 = ORIENTED_EDGE('',*,*,#3626,.T.);
#3657 = ORIENTED_EDGE('',*,*,#3658,.F.);
#3658 = EDGE_CURVE('',#3649,#3627,#3659,.T.);
#3659 = LINE('',#3660,#3661);
#3660 = CARTESIAN_POINT('',(-0.32,0.16,-3.));
#3661 = VECTOR('',#3662,1.);
#3662 = DIRECTION('',(1.,0.,0.));
#3663 = PLANE('',#3664);
#3664 = AXIS2_PLACEMENT_3D('',#3665,#3666,#3667);
#3665 = CARTESIAN_POINT('',(-0.32,0.24,-2.92));
#3666 = DIRECTION('',(-1.735167508357E-18,-0.707106781187,0.707106781187
    ));
#3667 = DIRECTION('',(-1.,1.226948711654E-18,-1.226948711654E-18));
#3668 = ADVANCED_FACE('',(#3669),#3687,.T.);
#3669 = FACE_BOUND('',#3670,.T.);
#3670 = EDGE_LOOP('',(#3671,#3679,#3680,#3681));
#3671 = ORIENTED_EDGE('',*,*,#3672,.F.);
#3672 = EDGE_CURVE('',#2713,#3673,#3675,.T.);
#3673 = VERTEX_POINT('',#3674);
#3674 = CARTESIAN_POINT('',(-0.16,-0.16,-3.));
#3675 = LINE('',#3676,#3677);
#3676 = CARTESIAN_POINT('',(-0.266666666667,-0.266666666667,
    -2.893333333333));
#3677 = VECTOR('',#3678,1.);
#3678 = DIRECTION('',(0.57735026919,0.57735026919,-0.57735026919));
#3679 = ORIENTED_EDGE('',*,*,#2720,.T.);
#3680 = ORIENTED_EDGE('',*,*,#3648,.T.);
#3681 = ORIENTED_EDGE('',*,*,#3682,.F.);
#3682 = EDGE_CURVE('',#3673,#3649,#3683,.T.);
#3683 = LINE('',#3684,#3685);
#3684 = CARTESIAN_POINT('',(-0.16,-0.32,-3.));
#3685 = VECTOR('',#3686,1.);
#3686 = DIRECTION('',(0.,1.,0.));
#3687 = PLANE('',#3688);
#3688 = AXIS2_PLACEMENT_3D('',#3689,#3690,#3691);
#3689 = CARTESIAN_POINT('',(-0.24,-0.32,-2.92));
#3690 = DIRECTION('',(-0.707106781187,-1.735167508357E-18,
    -0.707106781187));
#3691 = DIRECTION('',(-1.226948711654E-18,1.,-1.226948711654E-18));
#3692 = ADVANCED_FACE('',(#3693),#3704,.T.);
#3693 = FACE_BOUND('',#3694,.F.);
#3694 = EDGE_LOOP('',(#3695,#3696,#3697,#3698));
#3695 = ORIENTED_EDGE('',*,*,#3672,.F.);
#3696 = ORIENTED_EDGE('',*,*,#2737,.T.);
#3697 = ORIENTED_EDGE('',*,*,#3617,.T.);
#3698 = ORIENTED_EDGE('',*,*,#3699,.F.);
#3699 = EDGE_CURVE('',#3673,#3618,#3700,.T.);
#3700 = LINE('',#3701,#3702);
#3701 = CARTESIAN_POINT('',(-0.32,-0.16,-3.));
#3702 = VECTOR('',#3703,1.);
#3703 = DIRECTION('',(1.,0.,0.));
#3704 = PLANE('',#3705);
#3705 = AXIS2_PLACEMENT_3D('',#3706,#3707,#3708);
#3706 = CARTESIAN_POINT('',(-0.32,-0.24,-2.92));
#3707 = DIRECTION('',(1.735167508357E-18,-0.707106781187,-0.707106781187
    ));
#3708 = DIRECTION('',(-1.,-1.226948711654E-18,-1.226948711654E-18));
#3709 = ADVANCED_FACE('',(#3710),#3735,.F.);
#3710 = FACE_BOUND('',#3711,.T.);
#3711 = EDGE_LOOP('',(#3712,#3720,#3721,#3729));
#3712 = ORIENTED_EDGE('',*,*,#3713,.F.);
#3713 = EDGE_CURVE('',#2762,#3714,#3716,.T.);
#3714 = VERTEX_POINT('',#3715);
#3715 = CARTESIAN_POINT('',(-0.16,-2.38,-3.));
#3716 = LINE('',#3717,#3718);
#3717 = CARTESIAN_POINT('',(-0.16,-2.38,-3.));
#3718 = VECTOR('',#3719,1.);
#3719 = DIRECTION('',(0.57735026919,-0.57735026919,-0.57735026919));
#3720 = ORIENTED_EDGE('',*,*,#2761,.T.);
#3721 = ORIENTED_EDGE('',*,*,#3722,.T.);
#3722 = EDGE_CURVE('',#2754,#3723,#3725,.T.);
#3723 = VERTEX_POINT('',#3724);
#3724 = CARTESIAN_POINT('',(0.16,-2.38,-3.));
#3725 = LINE('',#3726,#3727);
#3726 = CARTESIAN_POINT('',(5.333333333333E-02,-2.486666666667,
    -3.106666666667));
#3727 = VECTOR('',#3728,1.);
#3728 = DIRECTION('',(-0.57735026919,-0.57735026919,-0.57735026919));
#3729 = ORIENTED_EDGE('',*,*,#3730,.F.);
#3730 = EDGE_CURVE('',#3714,#3723,#3731,.T.);
#3731 = LINE('',#3732,#3733);
#3732 = CARTESIAN_POINT('',(-0.32,-2.38,-3.));
#3733 = VECTOR('',#3734,1.);
#3734 = DIRECTION('',(1.,0.,0.));
#3735 = PLANE('',#3736);
#3736 = AXIS2_PLACEMENT_3D('',#3737,#3738,#3739);
#3737 = CARTESIAN_POINT('',(-0.32,-2.3,-2.92));
#3738 = DIRECTION('',(-1.735167508357E-18,-0.707106781187,0.707106781187
    ));
#3739 = DIRECTION('',(-1.,1.226948711654E-18,-1.226948711654E-18));
#3740 = ADVANCED_FACE('',(#3741),#3759,.T.);
#3741 = FACE_BOUND('',#3742,.T.);
#3742 = EDGE_LOOP('',(#3743,#3751,#3752,#3753));
#3743 = ORIENTED_EDGE('',*,*,#3744,.F.);
#3744 = EDGE_CURVE('',#2785,#3745,#3747,.T.);
#3745 = VERTEX_POINT('',#3746);
#3746 = CARTESIAN_POINT('',(-0.16,-2.7,-3.));
#3747 = LINE('',#3748,#3749);
#3748 = CARTESIAN_POINT('',(-0.266666666667,-2.806666666667,
    -2.893333333333));
#3749 = VECTOR('',#3750,1.);
#3750 = DIRECTION('',(0.57735026919,0.57735026919,-0.57735026919));
#3751 = ORIENTED_EDGE('',*,*,#2792,.T.);
#3752 = ORIENTED_EDGE('',*,*,#3713,.T.);
#3753 = ORIENTED_EDGE('',*,*,#3754,.F.);
#3754 = EDGE_CURVE('',#3745,#3714,#3755,.T.);
#3755 = LINE('',#3756,#3757);
#3756 = CARTESIAN_POINT('',(-0.16,-2.86,-3.));
#3757 = VECTOR('',#3758,1.);
#3758 = DIRECTION('',(0.,1.,0.));
#3759 = PLANE('',#3760);
#3760 = AXIS2_PLACEMENT_3D('',#3761,#3762,#3763);
#3761 = CARTESIAN_POINT('',(-0.24,-2.86,-2.92));
#3762 = DIRECTION('',(-0.707106781187,-1.735167508357E-18,
    -0.707106781187));
#3763 = DIRECTION('',(-1.226948711654E-18,1.,-1.226948711654E-18));
#3764 = ADVANCED_FACE('',(#3765),#3783,.T.);
#3765 = FACE_BOUND('',#3766,.F.);
#3766 = EDGE_LOOP('',(#3767,#3768,#3769,#3777));
#3767 = ORIENTED_EDGE('',*,*,#3744,.F.);
#3768 = ORIENTED_EDGE('',*,*,#2816,.T.);
#3769 = ORIENTED_EDGE('',*,*,#3770,.T.);
#3770 = EDGE_CURVE('',#2809,#3771,#3773,.T.);
#3771 = VERTEX_POINT('',#3772);
#3772 = CARTESIAN_POINT('',(0.16,-2.7,-3.));
#3773 = LINE('',#3774,#3775);
#3774 = CARTESIAN_POINT('',(0.16,-2.7,-3.));
#3775 = VECTOR('',#3776,1.);
#3776 = DIRECTION('',(-0.57735026919,0.57735026919,-0.57735026919));
#3777 = ORIENTED_EDGE('',*,*,#3778,.F.);
#3778 = EDGE_CURVE('',#3745,#3771,#3779,.T.);
#3779 = LINE('',#3780,#3781);
#3780 = CARTESIAN_POINT('',(-0.32,-2.7,-3.));
#3781 = VECTOR('',#3782,1.);
#3782 = DIRECTION('',(1.,0.,0.));
#3783 = PLANE('',#3784);
#3784 = AXIS2_PLACEMENT_3D('',#3785,#3786,#3787);
#3785 = CARTESIAN_POINT('',(-0.32,-2.78,-2.92));
#3786 = DIRECTION('',(1.735167508357E-18,-0.707106781187,-0.707106781187
    ));
#3787 = DIRECTION('',(-1.,-1.226948711654E-18,-1.226948711654E-18));
#3788 = ADVANCED_FACE('',(#3789),#3800,.F.);
#3789 = FACE_BOUND('',#3790,.F.);
#3790 = EDGE_LOOP('',(#3791,#3792,#3793,#3794));
#3791 = ORIENTED_EDGE('',*,*,#3770,.F.);
#3792 = ORIENTED_EDGE('',*,*,#2833,.T.);
#3793 = ORIENTED_EDGE('',*,*,#3722,.T.);
#3794 = ORIENTED_EDGE('',*,*,#3795,.F.);
#3795 = EDGE_CURVE('',#3771,#3723,#3796,.T.);
#3796 = LINE('',#3797,#3798);
#3797 = CARTESIAN_POINT('',(0.16,-2.86,-3.));
#3798 = VECTOR('',#3799,1.);
#3799 = DIRECTION('',(0.,1.,0.));
#3800 = PLANE('',#3801);
#3801 = AXIS2_PLACEMENT_3D('',#3802,#3803,#3804);
#3802 = CARTESIAN_POINT('',(0.24,-2.86,-2.92));
#3803 = DIRECTION('',(-0.707106781187,1.735167508357E-18,0.707106781187)
  );
#3804 = DIRECTION('',(1.226948711654E-18,1.,-1.226948711654E-18));
#3805 = ADVANCED_FACE('',(#3806),#3831,.F.);
#3806 = FACE_BOUND('',#3807,.T.);
#3807 = EDGE_LOOP('',(#3808,#3816,#3817,#3825));
#3808 = ORIENTED_EDGE('',*,*,#3809,.F.);
#3809 = EDGE_CURVE('',#2858,#3810,#3812,.T.);
#3810 = VERTEX_POINT('',#3811);
#3811 = CARTESIAN_POINT('',(-0.16,-4.92,-3.));
#3812 = LINE('',#3813,#3814);
#3813 = CARTESIAN_POINT('',(-0.16,-4.92,-3.));
#3814 = VECTOR('',#3815,1.);
#3815 = DIRECTION('',(0.57735026919,-0.57735026919,-0.57735026919));
#3816 = ORIENTED_EDGE('',*,*,#2857,.T.);
#3817 = ORIENTED_EDGE('',*,*,#3818,.T.);
#3818 = EDGE_CURVE('',#2850,#3819,#3821,.T.);
#3819 = VERTEX_POINT('',#3820);
#3820 = CARTESIAN_POINT('',(0.16,-4.92,-3.));
#3821 = LINE('',#3822,#3823);
#3822 = CARTESIAN_POINT('',(5.333333333333E-02,-5.026666666667,
    -3.106666666667));
#3823 = VECTOR('',#3824,1.);
#3824 = DIRECTION('',(-0.57735026919,-0.57735026919,-0.57735026919));
#3825 = ORIENTED_EDGE('',*,*,#3826,.F.);
#3826 = EDGE_CURVE('',#3810,#3819,#3827,.T.);
#3827 = LINE('',#3828,#3829);
#3828 = CARTESIAN_POINT('',(-0.32,-4.92,-3.));
#3829 = VECTOR('',#3830,1.);
#3830 = DIRECTION('',(1.,0.,0.));
#3831 = PLANE('',#3832);
#3832 = AXIS2_PLACEMENT_3D('',#3833,#3834,#3835);
#3833 = CARTESIAN_POINT('',(-0.32,-4.84,-2.92));
#3834 = DIRECTION('',(-1.735167508357E-18,-0.707106781187,0.707106781187
    ));
#3835 = DIRECTION('',(-1.,1.226948711654E-18,-1.226948711654E-18));
#3836 = ADVANCED_FACE('',(#3837),#3855,.T.);
#3837 = FACE_BOUND('',#3838,.T.);
#3838 = EDGE_LOOP('',(#3839,#3847,#3848,#3849));
#3839 = ORIENTED_EDGE('',*,*,#3840,.F.);
#3840 = EDGE_CURVE('',#2881,#3841,#3843,.T.);
#3841 = VERTEX_POINT('',#3842);
#3842 = CARTESIAN_POINT('',(-0.16,-5.24,-3.));
#3843 = LINE('',#3844,#3845);
#3844 = CARTESIAN_POINT('',(-0.266666666667,-5.346666666667,
    -2.893333333333));
#3845 = VECTOR('',#3846,1.);
#3846 = DIRECTION('',(0.57735026919,0.57735026919,-0.57735026919));
#3847 = ORIENTED_EDGE('',*,*,#2888,.T.);
#3848 = ORIENTED_EDGE('',*,*,#3809,.T.);
#3849 = ORIENTED_EDGE('',*,*,#3850,.F.);
#3850 = EDGE_CURVE('',#3841,#3810,#3851,.T.);
#3851 = LINE('',#3852,#3853);
#3852 = CARTESIAN_POINT('',(-0.16,-5.4,-3.));
#3853 = VECTOR('',#3854,1.);
#3854 = DIRECTION('',(0.,1.,0.));
#3855 = PLANE('',#3856);
#3856 = AXIS2_PLACEMENT_3D('',#3857,#3858,#3859);
#3857 = CARTESIAN_POINT('',(-0.24,-5.4,-2.92));
#3858 = DIRECTION('',(-0.707106781187,-1.735167508357E-18,
    -0.707106781187));
#3859 = DIRECTION('',(-1.226948711654E-18,1.,-1.226948711654E-18));
#3860 = ADVANCED_FACE('',(#3861),#3879,.T.);
#3861 = FACE_BOUND('',#3862,.F.);
#3862 = EDGE_LOOP('',(#3863,#3864,#3865,#3873));
#3863 = ORIENTED_EDGE('',*,*,#3840,.F.);
#3864 = ORIENTED_EDGE('',*,*,#2912,.T.);
#3865 = ORIENTED_EDGE('',*,*,#3866,.T.);
#3866 = EDGE_CURVE('',#2905,#3867,#3869,.T.);
#3867 = VERTEX_POINT('',#3868);
#3868 = CARTESIAN_POINT('',(0.16,-5.24,-3.));
#3869 = LINE('',#3870,#3871);
#3870 = CARTESIAN_POINT('',(0.16,-5.24,-3.));
#3871 = VECTOR('',#3872,1.);
#3872 = DIRECTION('',(-0.57735026919,0.57735026919,-0.57735026919));
#3873 = ORIENTED_EDGE('',*,*,#3874,.F.);
#3874 = EDGE_CURVE('',#3841,#3867,#3875,.T.);
#3875 = LINE('',#3876,#3877);
#3876 = CARTESIAN_POINT('',(-0.32,-5.24,-3.));
#3877 = VECTOR('',#3878,1.);
#3878 = DIRECTION('',(1.,0.,0.));
#3879 = PLANE('',#3880);
#3880 = AXIS2_PLACEMENT_3D('',#3881,#3882,#3883);
#3881 = CARTESIAN_POINT('',(-0.32,-5.32,-2.92));
#3882 = DIRECTION('',(1.735167508357E-18,-0.707106781187,-0.707106781187
    ));
#3883 = DIRECTION('',(-1.,-1.226948711654E-18,-1.226948711654E-18));
#3884 = ADVANCED_FACE('',(#3885),#3896,.F.);
#3885 = FACE_BOUND('',#3886,.F.);
#3886 = EDGE_LOOP('',(#3887,#3888,#3889,#3890));
#3887 = ORIENTED_EDGE('',*,*,#3866,.F.);
#3888 = ORIENTED_EDGE('',*,*,#2929,.T.);
#3889 = ORIENTED_EDGE('',*,*,#3818,.T.);
#3890 = ORIENTED_EDGE('',*,*,#3891,.F.);
#3891 = EDGE_CURVE('',#3867,#3819,#3892,.T.);
#3892 = LINE('',#3893,#3894);
#3893 = CARTESIAN_POINT('',(0.16,-5.4,-3.));
#3894 = VECTOR('',#3895,1.);
#3895 = DIRECTION('',(0.,1.,0.));
#3896 = PLANE('',#3897);
#3897 = AXIS2_PLACEMENT_3D('',#3898,#3899,#3900);
#3898 = CARTESIAN_POINT('',(0.24,-5.4,-2.92));
#3899 = DIRECTION('',(-0.707106781187,1.735167508357E-18,0.707106781187)
  );
#3900 = DIRECTION('',(1.226948711654E-18,1.,-1.226948711654E-18));
#3901 = ADVANCED_FACE('',(#3902),#3927,.F.);
#3902 = FACE_BOUND('',#3903,.T.);
#3903 = EDGE_LOOP('',(#3904,#3912,#3913,#3921));
#3904 = ORIENTED_EDGE('',*,*,#3905,.F.);
#3905 = EDGE_CURVE('',#2954,#3906,#3908,.T.);
#3906 = VERTEX_POINT('',#3907);
#3907 = CARTESIAN_POINT('',(-0.16,-10.,-3.));
#3908 = LINE('',#3909,#3910);
#3909 = CARTESIAN_POINT('',(-0.16,-10.,-3.));
#3910 = VECTOR('',#3911,1.);
#3911 = DIRECTION('',(0.57735026919,-0.57735026919,-0.57735026919));
#3912 = ORIENTED_EDGE('',*,*,#2953,.T.);
#3913 = ORIENTED_EDGE('',*,*,#3914,.T.);
#3914 = EDGE_CURVE('',#2946,#3915,#3917,.T.);
#3915 = VERTEX_POINT('',#3916);
#3916 = CARTESIAN_POINT('',(0.16,-10.,-3.));
#3917 = LINE('',#3918,#3919);
#3918 = CARTESIAN_POINT('',(5.333333333333E-02,-10.10666666666,
    -3.106666666667));
#3919 = VECTOR('',#3920,1.);
#3920 = DIRECTION('',(-0.57735026919,-0.57735026919,-0.57735026919));
#3921 = ORIENTED_EDGE('',*,*,#3922,.F.);
#3922 = EDGE_CURVE('',#3906,#3915,#3923,.T.);
#3923 = LINE('',#3924,#3925);
#3924 = CARTESIAN_POINT('',(-0.32,-10.,-3.));
#3925 = VECTOR('',#3926,1.);
#3926 = DIRECTION('',(1.,0.,0.));
#3927 = PLANE('',#3928);
#3928 = AXIS2_PLACEMENT_3D('',#3929,#3930,#3931);
#3929 = CARTESIAN_POINT('',(-0.32,-9.92,-2.92));
#3930 = DIRECTION('',(-1.735167508357E-18,-0.707106781187,0.707106781187
    ));
#3931 = DIRECTION('',(-1.,1.226948711654E-18,-1.226948711654E-18));
#3932 = ADVANCED_FACE('',(#3933),#3951,.T.);
#3933 = FACE_BOUND('',#3934,.T.);
#3934 = EDGE_LOOP('',(#3935,#3943,#3944,#3945));
#3935 = ORIENTED_EDGE('',*,*,#3936,.F.);
#3936 = EDGE_CURVE('',#2977,#3937,#3939,.T.);
#3937 = VERTEX_POINT('',#3938);
#3938 = CARTESIAN_POINT('',(-0.16,-10.32,-3.));
#3939 = LINE('',#3940,#3941);
#3940 = CARTESIAN_POINT('',(-0.266666666667,-10.42666666666,
    -2.893333333333));
#3941 = VECTOR('',#3942,1.);
#3942 = DIRECTION('',(0.57735026919,0.57735026919,-0.57735026919));
#3943 = ORIENTED_EDGE('',*,*,#2984,.T.);
#3944 = ORIENTED_EDGE('',*,*,#3905,.T.);
#3945 = ORIENTED_EDGE('',*,*,#3946,.F.);
#3946 = EDGE_CURVE('',#3937,#3906,#3947,.T.);
#3947 = LINE('',#3948,#3949);
#3948 = CARTESIAN_POINT('',(-0.16,-10.48,-3.));
#3949 = VECTOR('',#3950,1.);
#3950 = DIRECTION('',(0.,1.,0.));
#3951 = PLANE('',#3952);
#3952 = AXIS2_PLACEMENT_3D('',#3953,#3954,#3955);
#3953 = CARTESIAN_POINT('',(-0.24,-10.48,-2.92));
#3954 = DIRECTION('',(-0.707106781187,-1.735167508357E-18,
    -0.707106781187));
#3955 = DIRECTION('',(-1.226948711654E-18,1.,-1.226948711654E-18));
#3956 = ADVANCED_FACE('',(#3957),#3975,.T.);
#3957 = FACE_BOUND('',#3958,.F.);
#3958 = EDGE_LOOP('',(#3959,#3960,#3961,#3969));
#3959 = ORIENTED_EDGE('',*,*,#3936,.F.);
#3960 = ORIENTED_EDGE('',*,*,#3008,.T.);
#3961 = ORIENTED_EDGE('',*,*,#3962,.T.);
#3962 = EDGE_CURVE('',#3001,#3963,#3965,.T.);
#3963 = VERTEX_POINT('',#3964);
#3964 = CARTESIAN_POINT('',(0.16,-10.32,-3.));
#3965 = LINE('',#3966,#3967);
#3966 = CARTESIAN_POINT('',(0.16,-10.32,-3.));
#3967 = VECTOR('',#3968,1.);
#3968 = DIRECTION('',(-0.57735026919,0.57735026919,-0.57735026919));
#3969 = ORIENTED_EDGE('',*,*,#3970,.F.);
#3970 = EDGE_CURVE('',#3937,#3963,#3971,.T.);
#3971 = LINE('',#3972,#3973);
#3972 = CARTESIAN_POINT('',(-0.32,-10.32,-3.));
#3973 = VECTOR('',#3974,1.);
#3974 = DIRECTION('',(1.,0.,0.));
#3975 = PLANE('',#3976);
#3976 = AXIS2_PLACEMENT_3D('',#3977,#3978,#3979);
#3977 = CARTESIAN_POINT('',(-0.32,-10.4,-2.92));
#3978 = DIRECTION('',(1.735167508357E-18,-0.707106781187,-0.707106781187
    ));
#3979 = DIRECTION('',(-1.,-1.226948711654E-18,-1.226948711654E-18));
#3980 = ADVANCED_FACE('',(#3981),#3992,.F.);
#3981 = FACE_BOUND('',#3982,.F.);
#3982 = EDGE_LOOP('',(#3983,#3984,#3985,#3986));
#3983 = ORIENTED_EDGE('',*,*,#3962,.F.);
#3984 = ORIENTED_EDGE('',*,*,#3025,.T.);
#3985 = ORIENTED_EDGE('',*,*,#3914,.T.);
#3986 = ORIENTED_EDGE('',*,*,#3987,.F.);
#3987 = EDGE_CURVE('',#3963,#3915,#3988,.T.);
#3988 = LINE('',#3989,#3990);
#3989 = CARTESIAN_POINT('',(0.16,-10.48,-3.));
#3990 = VECTOR('',#3991,1.);
#3991 = DIRECTION('',(0.,1.,0.));
#3992 = PLANE('',#3993);
#3993 = AXIS2_PLACEMENT_3D('',#3994,#3995,#3996);
#3994 = CARTESIAN_POINT('',(0.24,-10.48,-2.92));
#3995 = DIRECTION('',(-0.707106781187,1.735167508357E-18,0.707106781187)
  );
#3996 = DIRECTION('',(1.226948711654E-18,1.,-1.226948711654E-18));
#3997 = ADVANCED_FACE('',(#3998),#4023,.T.);
#3998 = FACE_BOUND('',#3999,.F.);
#3999 = EDGE_LOOP('',(#4000,#4008,#4009,#4017));
#4000 = ORIENTED_EDGE('',*,*,#4001,.F.);
#4001 = EDGE_CURVE('',#3050,#4002,#4004,.T.);
#4002 = VERTEX_POINT('',#4003);
#4003 = CARTESIAN_POINT('',(-0.16,-7.78,-3.));
#4004 = LINE('',#4005,#4006);
#4005 = CARTESIAN_POINT('',(-0.266666666667,-7.886666666667,
    -2.893333333333));
#4006 = VECTOR('',#4007,1.);
#4007 = DIRECTION('',(0.57735026919,0.57735026919,-0.57735026919));
#4008 = ORIENTED_EDGE('',*,*,#3049,.T.);
#4009 = ORIENTED_EDGE('',*,*,#4010,.T.);
#4010 = EDGE_CURVE('',#3042,#4011,#4013,.T.);
#4011 = VERTEX_POINT('',#4012);
#4012 = CARTESIAN_POINT('',(0.16,-7.78,-3.));
#4013 = LINE('',#4014,#4015);
#4014 = CARTESIAN_POINT('',(0.16,-7.78,-3.));
#4015 = VECTOR('',#4016,1.);
#4016 = DIRECTION('',(-0.57735026919,0.57735026919,-0.57735026919));
#4017 = ORIENTED_EDGE('',*,*,#4018,.F.);
#4018 = EDGE_CURVE('',#4002,#4011,#4019,.T.);
#4019 = LINE('',#4020,#4021);
#4020 = CARTESIAN_POINT('',(-0.32,-7.78,-3.));
#4021 = VECTOR('',#4022,1.);
#4022 = DIRECTION('',(1.,0.,0.));
#4023 = PLANE('',#4024);
#4024 = AXIS2_PLACEMENT_3D('',#4025,#4026,#4027);
#4025 = CARTESIAN_POINT('',(-0.32,-7.86,-2.92));
#4026 = DIRECTION('',(1.735167508357E-18,-0.707106781187,-0.707106781187
    ));
#4027 = DIRECTION('',(-1.,-1.226948711654E-18,-1.226948711654E-18));
#4028 = ADVANCED_FACE('',(#4029),#4047,.F.);
#4029 = FACE_BOUND('',#4030,.F.);
#4030 = EDGE_LOOP('',(#4031,#4032,#4033,#4041));
#4031 = ORIENTED_EDGE('',*,*,#4010,.F.);
#4032 = ORIENTED_EDGE('',*,*,#3073,.T.);
#4033 = ORIENTED_EDGE('',*,*,#4034,.T.);
#4034 = EDGE_CURVE('',#3074,#4035,#4037,.T.);
#4035 = VERTEX_POINT('',#4036);
#4036 = CARTESIAN_POINT('',(0.16,-7.46,-3.));
#4037 = LINE('',#4038,#4039);
#4038 = CARTESIAN_POINT('',(5.333333333333E-02,-7.566666666667,
    -3.106666666667));
#4039 = VECTOR('',#4040,1.);
#4040 = DIRECTION('',(-0.57735026919,-0.57735026919,-0.57735026919));
#4041 = ORIENTED_EDGE('',*,*,#4042,.F.);
#4042 = EDGE_CURVE('',#4011,#4035,#4043,.T.);
#4043 = LINE('',#4044,#4045);
#4044 = CARTESIAN_POINT('',(0.16,-7.94,-3.));
#4045 = VECTOR('',#4046,1.);
#4046 = DIRECTION('',(0.,1.,0.));
#4047 = PLANE('',#4048);
#4048 = AXIS2_PLACEMENT_3D('',#4049,#4050,#4051);
#4049 = CARTESIAN_POINT('',(0.24,-7.94,-2.92));
#4050 = DIRECTION('',(-0.707106781187,1.735167508357E-18,0.707106781187)
  );
#4051 = DIRECTION('',(1.226948711654E-18,1.,-1.226948711654E-18));
#4052 = ADVANCED_FACE('',(#4053),#4071,.F.);
#4053 = FACE_BOUND('',#4054,.T.);
#4054 = EDGE_LOOP('',(#4055,#4063,#4064,#4065));
#4055 = ORIENTED_EDGE('',*,*,#4056,.F.);
#4056 = EDGE_CURVE('',#3098,#4057,#4059,.T.);
#4057 = VERTEX_POINT('',#4058);
#4058 = CARTESIAN_POINT('',(-0.16,-7.46,-3.));
#4059 = LINE('',#4060,#4061);
#4060 = CARTESIAN_POINT('',(-0.16,-7.46,-3.));
#4061 = VECTOR('',#4062,1.);
#4062 = DIRECTION('',(0.57735026919,-0.57735026919,-0.57735026919));
#4063 = ORIENTED_EDGE('',*,*,#3097,.T.);
#4064 = ORIENTED_EDGE('',*,*,#4034,.T.);
#4065 = ORIENTED_EDGE('',*,*,#4066,.F.);
#4066 = EDGE_CURVE('',#4057,#4035,#4067,.T.);
#4067 = LINE('',#4068,#4069);
#4068 = CARTESIAN_POINT('',(-0.32,-7.46,-3.));
#4069 = VECTOR('',#4070,1.);
#4070 = DIRECTION('',(1.,0.,0.));
#4071 = PLANE('',#4072);
#4072 = AXIS2_PLACEMENT_3D('',#4073,#4074,#4075);
#4073 = CARTESIAN_POINT('',(-0.32,-7.38,-2.92));
#4074 = DIRECTION('',(-1.735167508357E-18,-0.707106781187,0.707106781187
    ));
#4075 = DIRECTION('',(-1.,1.226948711654E-18,-1.226948711654E-18));
#4076 = ADVANCED_FACE('',(#4077),#4088,.T.);
#4077 = FACE_BOUND('',#4078,.T.);
#4078 = EDGE_LOOP('',(#4079,#4080,#4081,#4082));
#4079 = ORIENTED_EDGE('',*,*,#4001,.F.);
#4080 = ORIENTED_EDGE('',*,*,#3121,.T.);
#4081 = ORIENTED_EDGE('',*,*,#4056,.T.);
#4082 = ORIENTED_EDGE('',*,*,#4083,.F.);
#4083 = EDGE_CURVE('',#4002,#4057,#4084,.T.);
#4084 = LINE('',#4085,#4086);
#4085 = CARTESIAN_POINT('',(-0.16,-7.94,-3.));
#4086 = VECTOR('',#4087,1.);
#4087 = DIRECTION('',(0.,1.,0.));
#4088 = PLANE('',#4089);
#4089 = AXIS2_PLACEMENT_3D('',#4090,#4091,#4092);
#4090 = CARTESIAN_POINT('',(-0.24,-7.94,-2.92));
#4091 = DIRECTION('',(-0.707106781187,-1.735167508357E-18,
    -0.707106781187));
#4092 = DIRECTION('',(-1.226948711654E-18,1.,-1.226948711654E-18));
#4093 = ADVANCED_FACE('',(#4094),#4119,.T.);
#4094 = FACE_BOUND('',#4095,.T.);
#4095 = EDGE_LOOP('',(#4096,#4104,#4105,#4113));
#4096 = ORIENTED_EDGE('',*,*,#4097,.F.);
#4097 = EDGE_CURVE('',#3138,#4098,#4100,.T.);
#4098 = VERTEX_POINT('',#4099);
#4099 = CARTESIAN_POINT('',(0.16,-0.16,8.54));
#4100 = LINE('',#4101,#4102);
#4101 = CARTESIAN_POINT('',(0.16,-0.16,8.54));
#4102 = VECTOR('',#4103,1.);
#4103 = DIRECTION('',(-0.57735026919,0.57735026919,0.57735026919));
#4104 = ORIENTED_EDGE('',*,*,#3154,.T.);
#4105 = ORIENTED_EDGE('',*,*,#4106,.T.);
#4106 = EDGE_CURVE('',#3147,#4107,#4109,.T.);
#4107 = VERTEX_POINT('',#4108);
#4108 = CARTESIAN_POINT('',(0.16,0.16,8.54));
#4109 = LINE('',#4110,#4111);
#4110 = CARTESIAN_POINT('',(5.333333333333E-02,5.333333333333E-02,
    8.646666666667));
#4111 = VECTOR('',#4112,1.);
#4112 = DIRECTION('',(-0.57735026919,-0.57735026919,0.57735026919));
#4113 = ORIENTED_EDGE('',*,*,#4114,.F.);
#4114 = EDGE_CURVE('',#4098,#4107,#4115,.T.);
#4115 = LINE('',#4116,#4117);
#4116 = CARTESIAN_POINT('',(0.16,-0.32,8.54));
#4117 = VECTOR('',#4118,1.);
#4118 = DIRECTION('',(0.,1.,0.));
#4119 = PLANE('',#4120);
#4120 = AXIS2_PLACEMENT_3D('',#4121,#4122,#4123);
#4121 = CARTESIAN_POINT('',(0.24,-0.32,8.46));
#4122 = DIRECTION('',(0.707106781187,-1.735167508357E-18,0.707106781187)
  );
#4123 = DIRECTION('',(1.226948711654E-18,1.,1.226948711654E-18));
#4124 = ADVANCED_FACE('',(#4125),#4143,.T.);
#4125 = FACE_BOUND('',#4126,.F.);
#4126 = EDGE_LOOP('',(#4127,#4135,#4136,#4137));
#4127 = ORIENTED_EDGE('',*,*,#4128,.F.);
#4128 = EDGE_CURVE('',#3171,#4129,#4131,.T.);
#4129 = VERTEX_POINT('',#4130);
#4130 = CARTESIAN_POINT('',(-0.16,0.16,8.54));
#4131 = LINE('',#4132,#4133);
#4132 = CARTESIAN_POINT('',(-0.16,0.16,8.54));
#4133 = VECTOR('',#4134,1.);
#4134 = DIRECTION('',(0.57735026919,-0.57735026919,0.57735026919));
#4135 = ORIENTED_EDGE('',*,*,#3178,.T.);
#4136 = ORIENTED_EDGE('',*,*,#4106,.T.);
#4137 = ORIENTED_EDGE('',*,*,#4138,.F.);
#4138 = EDGE_CURVE('',#4129,#4107,#4139,.T.);
#4139 = LINE('',#4140,#4141);
#4140 = CARTESIAN_POINT('',(-0.32,0.16,8.54));
#4141 = VECTOR('',#4142,1.);
#4142 = DIRECTION('',(1.,0.,0.));
#4143 = PLANE('',#4144);
#4144 = AXIS2_PLACEMENT_3D('',#4145,#4146,#4147);
#4145 = CARTESIAN_POINT('',(-0.32,0.24,8.46));
#4146 = DIRECTION('',(1.735167508357E-18,0.707106781187,0.707106781187)
  );
#4147 = DIRECTION('',(-1.,1.226948711654E-18,1.226948711654E-18));
#4148 = ADVANCED_FACE('',(#4149),#4167,.F.);
#4149 = FACE_BOUND('',#4150,.F.);
#4150 = EDGE_LOOP('',(#4151,#4159,#4160,#4161));
#4151 = ORIENTED_EDGE('',*,*,#4152,.F.);
#4152 = EDGE_CURVE('',#3193,#4153,#4155,.T.);
#4153 = VERTEX_POINT('',#4154);
#4154 = CARTESIAN_POINT('',(-0.16,-0.16,8.54));
#4155 = LINE('',#4156,#4157);
#4156 = CARTESIAN_POINT('',(-0.266666666667,-0.266666666667,
    8.433333333333));
#4157 = VECTOR('',#4158,1.);
#4158 = DIRECTION('',(0.57735026919,0.57735026919,0.57735026919));
#4159 = ORIENTED_EDGE('',*,*,#3202,.T.);
#4160 = ORIENTED_EDGE('',*,*,#4128,.T.);
#4161 = ORIENTED_EDGE('',*,*,#4162,.F.);
#4162 = EDGE_CURVE('',#4153,#4129,#4163,.T.);
#4163 = LINE('',#4164,#4165);
#4164 = CARTESIAN_POINT('',(-0.16,-0.32,8.54));
#4165 = VECTOR('',#4166,1.);
#4166 = DIRECTION('',(0.,1.,0.));
#4167 = PLANE('',#4168);
#4168 = AXIS2_PLACEMENT_3D('',#4169,#4170,#4171);
#4169 = CARTESIAN_POINT('',(-0.24,-0.32,8.46));
#4170 = DIRECTION('',(0.707106781187,1.735167508357E-18,-0.707106781187)
  );
#4171 = DIRECTION('',(-1.226948711654E-18,1.,1.226948711654E-18));
#4172 = ADVANCED_FACE('',(#4173),#4184,.F.);
#4173 = FACE_BOUND('',#4174,.T.);
#4174 = EDGE_LOOP('',(#4175,#4176,#4177,#4178));
#4175 = ORIENTED_EDGE('',*,*,#4152,.F.);
#4176 = ORIENTED_EDGE('',*,*,#3219,.T.);
#4177 = ORIENTED_EDGE('',*,*,#4097,.T.);
#4178 = ORIENTED_EDGE('',*,*,#4179,.F.);
#4179 = EDGE_CURVE('',#4153,#4098,#4180,.T.);
#4180 = LINE('',#4181,#4182);
#4181 = CARTESIAN_POINT('',(-0.32,-0.16,8.54));
#4182 = VECTOR('',#4183,1.);
#4183 = DIRECTION('',(1.,0.,0.));
#4184 = PLANE('',#4185);
#4185 = AXIS2_PLACEMENT_3D('',#4186,#4187,#4188);
#4186 = CARTESIAN_POINT('',(-0.32,-0.24,8.46));
#4187 = DIRECTION('',(-1.735167508357E-18,0.707106781187,-0.707106781187
    ));
#4188 = DIRECTION('',(-1.,-1.226948711654E-18,1.226948711654E-18));
#4189 = ADVANCED_FACE('',(#4190),#4215,.T.);
#4190 = FACE_BOUND('',#4191,.F.);
#4191 = EDGE_LOOP('',(#4192,#4200,#4201,#4209));
#4192 = ORIENTED_EDGE('',*,*,#4193,.F.);
#4193 = EDGE_CURVE('',#3243,#4194,#4196,.T.);
#4194 = VERTEX_POINT('',#4195);
#4195 = CARTESIAN_POINT('',(-0.16,-2.38,8.54));
#4196 = LINE('',#4197,#4198);
#4197 = CARTESIAN_POINT('',(-0.16,-2.38,8.54));
#4198 = VECTOR('',#4199,1.);
#4199 = DIRECTION('',(0.57735026919,-0.57735026919,0.57735026919));
#4200 = ORIENTED_EDGE('',*,*,#3250,.T.);
#4201 = ORIENTED_EDGE('',*,*,#4202,.T.);
#4202 = EDGE_CURVE('',#3234,#4203,#4205,.T.);
#4203 = VERTEX_POINT('',#4204);
#4204 = CARTESIAN_POINT('',(0.16,-2.38,8.54));
#4205 = LINE('',#4206,#4207);
#4206 = CARTESIAN_POINT('',(5.333333333333E-02,-2.486666666667,
    8.646666666667));
#4207 = VECTOR('',#4208,1.);
#4208 = DIRECTION('',(-0.57735026919,-0.57735026919,0.57735026919));
#4209 = ORIENTED_EDGE('',*,*,#4210,.F.);
#4210 = EDGE_CURVE('',#4194,#4203,#4211,.T.);
#4211 = LINE('',#4212,#4213);
#4212 = CARTESIAN_POINT('',(-0.32,-2.38,8.54));
#4213 = VECTOR('',#4214,1.);
#4214 = DIRECTION('',(1.,0.,0.));
#4215 = PLANE('',#4216);
#4216 = AXIS2_PLACEMENT_3D('',#4217,#4218,#4219);
#4217 = CARTESIAN_POINT('',(-0.32,-2.3,8.46));
#4218 = DIRECTION('',(1.735167508357E-18,0.707106781187,0.707106781187)
  );
#4219 = DIRECTION('',(-1.,1.226948711654E-18,1.226948711654E-18));
#4220 = ADVANCED_FACE('',(#4221),#4239,.F.);
#4221 = FACE_BOUND('',#4222,.F.);
#4222 = EDGE_LOOP('',(#4223,#4231,#4232,#4233));
#4223 = ORIENTED_EDGE('',*,*,#4224,.F.);
#4224 = EDGE_CURVE('',#3265,#4225,#4227,.T.);
#4225 = VERTEX_POINT('',#4226);
#4226 = CARTESIAN_POINT('',(-0.16,-2.7,8.54));
#4227 = LINE('',#4228,#4229);
#4228 = CARTESIAN_POINT('',(-0.266666666667,-2.806666666667,
    8.433333333333));
#4229 = VECTOR('',#4230,1.);
#4230 = DIRECTION('',(0.57735026919,0.57735026919,0.57735026919));
#4231 = ORIENTED_EDGE('',*,*,#3274,.T.);
#4232 = ORIENTED_EDGE('',*,*,#4193,.T.);
#4233 = ORIENTED_EDGE('',*,*,#4234,.F.);
#4234 = EDGE_CURVE('',#4225,#4194,#4235,.T.);
#4235 = LINE('',#4236,#4237);
#4236 = CARTESIAN_POINT('',(-0.16,-2.86,8.54));
#4237 = VECTOR('',#4238,1.);
#4238 = DIRECTION('',(0.,1.,0.));
#4239 = PLANE('',#4240);
#4240 = AXIS2_PLACEMENT_3D('',#4241,#4242,#4243);
#4241 = CARTESIAN_POINT('',(-0.24,-2.86,8.46));
#4242 = DIRECTION('',(0.707106781187,1.735167508357E-18,-0.707106781187)
  );
#4243 = DIRECTION('',(-1.226948711654E-18,1.,1.226948711654E-18));
#4244 = ADVANCED_FACE('',(#4245),#4263,.F.);
#4245 = FACE_BOUND('',#4246,.T.);
#4246 = EDGE_LOOP('',(#4247,#4248,#4249,#4257));
#4247 = ORIENTED_EDGE('',*,*,#4224,.F.);
#4248 = ORIENTED_EDGE('',*,*,#3298,.T.);
#4249 = ORIENTED_EDGE('',*,*,#4250,.T.);
#4250 = EDGE_CURVE('',#3289,#4251,#4253,.T.);
#4251 = VERTEX_POINT('',#4252);
#4252 = CARTESIAN_POINT('',(0.16,-2.7,8.54));
#4253 = LINE('',#4254,#4255);
#4254 = CARTESIAN_POINT('',(0.16,-2.7,8.54));
#4255 = VECTOR('',#4256,1.);
#4256 = DIRECTION('',(-0.57735026919,0.57735026919,0.57735026919));
#4257 = ORIENTED_EDGE('',*,*,#4258,.F.);
#4258 = EDGE_CURVE('',#4225,#4251,#4259,.T.);
#4259 = LINE('',#4260,#4261);
#4260 = CARTESIAN_POINT('',(-0.32,-2.7,8.54));
#4261 = VECTOR('',#4262,1.);
#4262 = DIRECTION('',(1.,0.,0.));
#4263 = PLANE('',#4264);
#4264 = AXIS2_PLACEMENT_3D('',#4265,#4266,#4267);
#4265 = CARTESIAN_POINT('',(-0.32,-2.78,8.46));
#4266 = DIRECTION('',(-1.735167508357E-18,0.707106781187,-0.707106781187
    ));
#4267 = DIRECTION('',(-1.,-1.226948711654E-18,1.226948711654E-18));
#4268 = ADVANCED_FACE('',(#4269),#4280,.T.);
#4269 = FACE_BOUND('',#4270,.T.);
#4270 = EDGE_LOOP('',(#4271,#4272,#4273,#4274));
#4271 = ORIENTED_EDGE('',*,*,#4250,.F.);
#4272 = ORIENTED_EDGE('',*,*,#3315,.T.);
#4273 = ORIENTED_EDGE('',*,*,#4202,.T.);
#4274 = ORIENTED_EDGE('',*,*,#4275,.F.);
#4275 = EDGE_CURVE('',#4251,#4203,#4276,.T.);
#4276 = LINE('',#4277,#4278);
#4277 = CARTESIAN_POINT('',(0.16,-2.86,8.54));
#4278 = VECTOR('',#4279,1.);
#4279 = DIRECTION('',(0.,1.,0.));
#4280 = PLANE('',#4281);
#4281 = AXIS2_PLACEMENT_3D('',#4282,#4283,#4284);
#4282 = CARTESIAN_POINT('',(0.24,-2.86,8.46));
#4283 = DIRECTION('',(0.707106781187,-1.735167508357E-18,0.707106781187)
  );
#4284 = DIRECTION('',(1.226948711654E-18,1.,1.226948711654E-18));
#4285 = ADVANCED_FACE('',(#4286),#4311,.T.);
#4286 = FACE_BOUND('',#4287,.F.);
#4287 = EDGE_LOOP('',(#4288,#4296,#4297,#4305));
#4288 = ORIENTED_EDGE('',*,*,#4289,.F.);
#4289 = EDGE_CURVE('',#3339,#4290,#4292,.T.);
#4290 = VERTEX_POINT('',#4291);
#4291 = CARTESIAN_POINT('',(-0.16,-4.92,8.54));
#4292 = LINE('',#4293,#4294);
#4293 = CARTESIAN_POINT('',(-0.16,-4.92,8.54));
#4294 = VECTOR('',#4295,1.);
#4295 = DIRECTION('',(0.57735026919,-0.57735026919,0.57735026919));
#4296 = ORIENTED_EDGE('',*,*,#3346,.T.);
#4297 = ORIENTED_EDGE('',*,*,#4298,.T.);
#4298 = EDGE_CURVE('',#3330,#4299,#4301,.T.);
#4299 = VERTEX_POINT('',#4300);
#4300 = CARTESIAN_POINT('',(0.16,-4.92,8.54));
#4301 = LINE('',#4302,#4303);
#4302 = CARTESIAN_POINT('',(5.333333333333E-02,-5.026666666667,
    8.646666666667));
#4303 = VECTOR('',#4304,1.);
#4304 = DIRECTION('',(-0.57735026919,-0.57735026919,0.57735026919));
#4305 = ORIENTED_EDGE('',*,*,#4306,.F.);
#4306 = EDGE_CURVE('',#4290,#4299,#4307,.T.);
#4307 = LINE('',#4308,#4309);
#4308 = CARTESIAN_POINT('',(-0.32,-4.92,8.54));
#4309 = VECTOR('',#4310,1.);
#4310 = DIRECTION('',(1.,0.,0.));
#4311 = PLANE('',#4312);
#4312 = AXIS2_PLACEMENT_3D('',#4313,#4314,#4315);
#4313 = CARTESIAN_POINT('',(-0.32,-4.84,8.46));
#4314 = DIRECTION('',(1.735167508357E-18,0.707106781187,0.707106781187)
  );
#4315 = DIRECTION('',(-1.,1.226948711654E-18,1.226948711654E-18));
#4316 = ADVANCED_FACE('',(#4317),#4335,.F.);
#4317 = FACE_BOUND('',#4318,.F.);
#4318 = EDGE_LOOP('',(#4319,#4327,#4328,#4329));
#4319 = ORIENTED_EDGE('',*,*,#4320,.F.);
#4320 = EDGE_CURVE('',#3361,#4321,#4323,.T.);
#4321 = VERTEX_POINT('',#4322);
#4322 = CARTESIAN_POINT('',(-0.16,-5.24,8.54));
#4323 = LINE('',#4324,#4325);
#4324 = CARTESIAN_POINT('',(-0.266666666667,-5.346666666667,
    8.433333333333));
#4325 = VECTOR('',#4326,1.);
#4326 = DIRECTION('',(0.57735026919,0.57735026919,0.57735026919));
#4327 = ORIENTED_EDGE('',*,*,#3370,.T.);
#4328 = ORIENTED_EDGE('',*,*,#4289,.T.);
#4329 = ORIENTED_EDGE('',*,*,#4330,.F.);
#4330 = EDGE_CURVE('',#4321,#4290,#4331,.T.);
#4331 = LINE('',#4332,#4333);
#4332 = CARTESIAN_POINT('',(-0.16,-5.4,8.54));
#4333 = VECTOR('',#4334,1.);
#4334 = DIRECTION('',(0.,1.,0.));
#4335 = PLANE('',#4336);
#4336 = AXIS2_PLACEMENT_3D('',#4337,#4338,#4339);
#4337 = CARTESIAN_POINT('',(-0.24,-5.4,8.46));
#4338 = DIRECTION('',(0.707106781187,1.735167508357E-18,-0.707106781187)
  );
#4339 = DIRECTION('',(-1.226948711654E-18,1.,1.226948711654E-18));
#4340 = ADVANCED_FACE('',(#4341),#4359,.F.);
#4341 = FACE_BOUND('',#4342,.T.);
#4342 = EDGE_LOOP('',(#4343,#4344,#4345,#4353));
#4343 = ORIENTED_EDGE('',*,*,#4320,.F.);
#4344 = ORIENTED_EDGE('',*,*,#3394,.T.);
#4345 = ORIENTED_EDGE('',*,*,#4346,.T.);
#4346 = EDGE_CURVE('',#3385,#4347,#4349,.T.);
#4347 = VERTEX_POINT('',#4348);
#4348 = CARTESIAN_POINT('',(0.16,-5.24,8.54));
#4349 = LINE('',#4350,#4351);
#4350 = CARTESIAN_POINT('',(0.16,-5.24,8.54));
#4351 = VECTOR('',#4352,1.);
#4352 = DIRECTION('',(-0.57735026919,0.57735026919,0.57735026919));
#4353 = ORIENTED_EDGE('',*,*,#4354,.F.);
#4354 = EDGE_CURVE('',#4321,#4347,#4355,.T.);
#4355 = LINE('',#4356,#4357);
#4356 = CARTESIAN_POINT('',(-0.32,-5.24,8.54));
#4357 = VECTOR('',#4358,1.);
#4358 = DIRECTION('',(1.,0.,0.));
#4359 = PLANE('',#4360);
#4360 = AXIS2_PLACEMENT_3D('',#4361,#4362,#4363);
#4361 = CARTESIAN_POINT('',(-0.32,-5.32,8.46));
#4362 = DIRECTION('',(-1.735167508357E-18,0.707106781187,-0.707106781187
    ));
#4363 = DIRECTION('',(-1.,-1.226948711654E-18,1.226948711654E-18));
#4364 = ADVANCED_FACE('',(#4365),#4376,.T.);
#4365 = FACE_BOUND('',#4366,.T.);
#4366 = EDGE_LOOP('',(#4367,#4368,#4369,#4370));
#4367 = ORIENTED_EDGE('',*,*,#4346,.F.);
#4368 = ORIENTED_EDGE('',*,*,#3411,.T.);
#4369 = ORIENTED_EDGE('',*,*,#4298,.T.);
#4370 = ORIENTED_EDGE('',*,*,#4371,.F.);
#4371 = EDGE_CURVE('',#4347,#4299,#4372,.T.);
#4372 = LINE('',#4373,#4374);
#4373 = CARTESIAN_POINT('',(0.16,-5.4,8.54));
#4374 = VECTOR('',#4375,1.);
#4375 = DIRECTION('',(0.,1.,0.));
#4376 = PLANE('',#4377);
#4377 = AXIS2_PLACEMENT_3D('',#4378,#4379,#4380);
#4378 = CARTESIAN_POINT('',(0.24,-5.4,8.46));
#4379 = DIRECTION('',(0.707106781187,-1.735167508357E-18,0.707106781187)
  );
#4380 = DIRECTION('',(1.226948711654E-18,1.,1.226948711654E-18));
#4381 = ADVANCED_FACE('',(#4382),#4407,.T.);
#4382 = FACE_BOUND('',#4383,.F.);
#4383 = EDGE_LOOP('',(#4384,#4392,#4393,#4401));
#4384 = ORIENTED_EDGE('',*,*,#4385,.F.);
#4385 = EDGE_CURVE('',#3435,#4386,#4388,.T.);
#4386 = VERTEX_POINT('',#4387);
#4387 = CARTESIAN_POINT('',(-0.16,-10.,8.54));
#4388 = LINE('',#4389,#4390);
#4389 = CARTESIAN_POINT('',(-0.16,-10.,8.54));
#4390 = VECTOR('',#4391,1.);
#4391 = DIRECTION('',(0.57735026919,-0.57735026919,0.57735026919));
#4392 = ORIENTED_EDGE('',*,*,#3442,.T.);
#4393 = ORIENTED_EDGE('',*,*,#4394,.T.);
#4394 = EDGE_CURVE('',#3426,#4395,#4397,.T.);
#4395 = VERTEX_POINT('',#4396);
#4396 = CARTESIAN_POINT('',(0.16,-10.,8.54));
#4397 = LINE('',#4398,#4399);
#4398 = CARTESIAN_POINT('',(5.333333333333E-02,-10.10666666666,
    8.646666666667));
#4399 = VECTOR('',#4400,1.);
#4400 = DIRECTION('',(-0.57735026919,-0.57735026919,0.57735026919));
#4401 = ORIENTED_EDGE('',*,*,#4402,.F.);
#4402 = EDGE_CURVE('',#4386,#4395,#4403,.T.);
#4403 = LINE('',#4404,#4405);
#4404 = CARTESIAN_POINT('',(-0.32,-10.,8.54));
#4405 = VECTOR('',#4406,1.);
#4406 = DIRECTION('',(1.,0.,0.));
#4407 = PLANE('',#4408);
#4408 = AXIS2_PLACEMENT_3D('',#4409,#4410,#4411);
#4409 = CARTESIAN_POINT('',(-0.32,-9.92,8.46));
#4410 = DIRECTION('',(1.735167508357E-18,0.707106781187,0.707106781187)
  );
#4411 = DIRECTION('',(-1.,1.226948711654E-18,1.226948711654E-18));
#4412 = ADVANCED_FACE('',(#4413),#4431,.F.);
#4413 = FACE_BOUND('',#4414,.F.);
#4414 = EDGE_LOOP('',(#4415,#4423,#4424,#4425));
#4415 = ORIENTED_EDGE('',*,*,#4416,.F.);
#4416 = EDGE_CURVE('',#3457,#4417,#4419,.T.);
#4417 = VERTEX_POINT('',#4418);
#4418 = CARTESIAN_POINT('',(-0.16,-10.32,8.54));
#4419 = LINE('',#4420,#4421);
#4420 = CARTESIAN_POINT('',(-0.266666666667,-10.42666666666,
    8.433333333333));
#4421 = VECTOR('',#4422,1.);
#4422 = DIRECTION('',(0.57735026919,0.57735026919,0.57735026919));
#4423 = ORIENTED_EDGE('',*,*,#3466,.T.);
#4424 = ORIENTED_EDGE('',*,*,#4385,.T.);
#4425 = ORIENTED_EDGE('',*,*,#4426,.F.);
#4426 = EDGE_CURVE('',#4417,#4386,#4427,.T.);
#4427 = LINE('',#4428,#4429);
#4428 = CARTESIAN_POINT('',(-0.16,-10.48,8.54));
#4429 = VECTOR('',#4430,1.);
#4430 = DIRECTION('',(0.,1.,0.));
#4431 = PLANE('',#4432);
#4432 = AXIS2_PLACEMENT_3D('',#4433,#4434,#4435);
#4433 = CARTESIAN_POINT('',(-0.24,-10.48,8.46));
#4434 = DIRECTION('',(0.707106781187,1.735167508357E-18,-0.707106781187)
  );
#4435 = DIRECTION('',(-1.226948711654E-18,1.,1.226948711654E-18));
#4436 = ADVANCED_FACE('',(#4437),#4455,.F.);
#4437 = FACE_BOUND('',#4438,.T.);
#4438 = EDGE_LOOP('',(#4439,#4440,#4441,#4449));
#4439 = ORIENTED_EDGE('',*,*,#4416,.F.);
#4440 = ORIENTED_EDGE('',*,*,#3490,.T.);
#4441 = ORIENTED_EDGE('',*,*,#4442,.T.);
#4442 = EDGE_CURVE('',#3481,#4443,#4445,.T.);
#4443 = VERTEX_POINT('',#4444);
#4444 = CARTESIAN_POINT('',(0.16,-10.32,8.54));
#4445 = LINE('',#4446,#4447);
#4446 = CARTESIAN_POINT('',(0.16,-10.32,8.54));
#4447 = VECTOR('',#4448,1.);
#4448 = DIRECTION('',(-0.57735026919,0.57735026919,0.57735026919));
#4449 = ORIENTED_EDGE('',*,*,#4450,.F.);
#4450 = EDGE_CURVE('',#4417,#4443,#4451,.T.);
#4451 = LINE('',#4452,#4453);
#4452 = CARTESIAN_POINT('',(-0.32,-10.32,8.54));
#4453 = VECTOR('',#4454,1.);
#4454 = DIRECTION('',(1.,0.,0.));
#4455 = PLANE('',#4456);
#4456 = AXIS2_PLACEMENT_3D('',#4457,#4458,#4459);
#4457 = CARTESIAN_POINT('',(-0.32,-10.4,8.46));
#4458 = DIRECTION('',(-1.735167508357E-18,0.707106781187,-0.707106781187
    ));
#4459 = DIRECTION('',(-1.,-1.226948711654E-18,1.226948711654E-18));
#4460 = ADVANCED_FACE('',(#4461),#4472,.T.);
#4461 = FACE_BOUND('',#4462,.T.);
#4462 = EDGE_LOOP('',(#4463,#4464,#4465,#4466));
#4463 = ORIENTED_EDGE('',*,*,#4442,.F.);
#4464 = ORIENTED_EDGE('',*,*,#3507,.T.);
#4465 = ORIENTED_EDGE('',*,*,#4394,.T.);
#4466 = ORIENTED_EDGE('',*,*,#4467,.F.);
#4467 = EDGE_CURVE('',#4443,#4395,#4468,.T.);
#4468 = LINE('',#4469,#4470);
#4469 = CARTESIAN_POINT('',(0.16,-10.48,8.54));
#4470 = VECTOR('',#4471,1.);
#4471 = DIRECTION('',(0.,1.,0.));
#4472 = PLANE('',#4473);
#4473 = AXIS2_PLACEMENT_3D('',#4474,#4475,#4476);
#4474 = CARTESIAN_POINT('',(0.24,-10.48,8.46));
#4475 = DIRECTION('',(0.707106781187,-1.735167508357E-18,0.707106781187)
  );
#4476 = DIRECTION('',(1.226948711654E-18,1.,1.226948711654E-18));
#4477 = ADVANCED_FACE('',(#4478),#4503,.F.);
#4478 = FACE_BOUND('',#4479,.T.);
#4479 = EDGE_LOOP('',(#4480,#4488,#4489,#4497));
#4480 = ORIENTED_EDGE('',*,*,#4481,.F.);
#4481 = EDGE_CURVE('',#3531,#4482,#4484,.T.);
#4482 = VERTEX_POINT('',#4483);
#4483 = CARTESIAN_POINT('',(-0.16,-7.78,8.54));
#4484 = LINE('',#4485,#4486);
#4485 = CARTESIAN_POINT('',(-0.266666666667,-7.886666666667,
    8.433333333333));
#4486 = VECTOR('',#4487,1.);
#4487 = DIRECTION('',(0.57735026919,0.57735026919,0.57735026919));
#4488 = ORIENTED_EDGE('',*,*,#3538,.T.);
#4489 = ORIENTED_EDGE('',*,*,#4490,.T.);
#4490 = EDGE_CURVE('',#3522,#4491,#4493,.T.);
#4491 = VERTEX_POINT('',#4492);
#4492 = CARTESIAN_POINT('',(0.16,-7.78,8.54));
#4493 = LINE('',#4494,#4495);
#4494 = CARTESIAN_POINT('',(0.16,-7.78,8.54));
#4495 = VECTOR('',#4496,1.);
#4496 = DIRECTION('',(-0.57735026919,0.57735026919,0.57735026919));
#4497 = ORIENTED_EDGE('',*,*,#4498,.F.);
#4498 = EDGE_CURVE('',#4482,#4491,#4499,.T.);
#4499 = LINE('',#4500,#4501);
#4500 = CARTESIAN_POINT('',(-0.32,-7.78,8.54));
#4501 = VECTOR('',#4502,1.);
#4502 = DIRECTION('',(1.,0.,0.));
#4503 = PLANE('',#4504);
#4504 = AXIS2_PLACEMENT_3D('',#4505,#4506,#4507);
#4505 = CARTESIAN_POINT('',(-0.32,-7.86,8.46));
#4506 = DIRECTION('',(-1.735167508357E-18,0.707106781187,-0.707106781187
    ));
#4507 = DIRECTION('',(-1.,-1.226948711654E-18,1.226948711654E-18));
#4508 = ADVANCED_FACE('',(#4509),#4527,.T.);
#4509 = FACE_BOUND('',#4510,.T.);
#4510 = EDGE_LOOP('',(#4511,#4512,#4513,#4521));
#4511 = ORIENTED_EDGE('',*,*,#4490,.F.);
#4512 = ORIENTED_EDGE('',*,*,#3562,.T.);
#4513 = ORIENTED_EDGE('',*,*,#4514,.T.);
#4514 = EDGE_CURVE('',#3555,#4515,#4517,.T.);
#4515 = VERTEX_POINT('',#4516);
#4516 = CARTESIAN_POINT('',(0.16,-7.46,8.54));
#4517 = LINE('',#4518,#4519);
#4518 = CARTESIAN_POINT('',(5.333333333333E-02,-7.566666666667,
    8.646666666667));
#4519 = VECTOR('',#4520,1.);
#4520 = DIRECTION('',(-0.57735026919,-0.57735026919,0.57735026919));
#4521 = ORIENTED_EDGE('',*,*,#4522,.F.);
#4522 = EDGE_CURVE('',#4491,#4515,#4523,.T.);
#4523 = LINE('',#4524,#4525);
#4524 = CARTESIAN_POINT('',(0.16,-7.94,8.54));
#4525 = VECTOR('',#4526,1.);
#4526 = DIRECTION('',(0.,1.,0.));
#4527 = PLANE('',#4528);
#4528 = AXIS2_PLACEMENT_3D('',#4529,#4530,#4531);
#4529 = CARTESIAN_POINT('',(0.24,-7.94,8.46));
#4530 = DIRECTION('',(0.707106781187,-1.735167508357E-18,0.707106781187)
  );
#4531 = DIRECTION('',(1.226948711654E-18,1.,1.226948711654E-18));
#4532 = ADVANCED_FACE('',(#4533),#4551,.T.);
#4533 = FACE_BOUND('',#4534,.F.);
#4534 = EDGE_LOOP('',(#4535,#4543,#4544,#4545));
#4535 = ORIENTED_EDGE('',*,*,#4536,.F.);
#4536 = EDGE_CURVE('',#3579,#4537,#4539,.T.);
#4537 = VERTEX_POINT('',#4538);
#4538 = CARTESIAN_POINT('',(-0.16,-7.46,8.54));
#4539 = LINE('',#4540,#4541);
#4540 = CARTESIAN_POINT('',(-0.16,-7.46,8.54));
#4541 = VECTOR('',#4542,1.);
#4542 = DIRECTION('',(0.57735026919,-0.57735026919,0.57735026919));
#4543 = ORIENTED_EDGE('',*,*,#3586,.T.);
#4544 = ORIENTED_EDGE('',*,*,#4514,.T.);
#4545 = ORIENTED_EDGE('',*,*,#4546,.F.);
#4546 = EDGE_CURVE('',#4537,#4515,#4547,.T.);
#4547 = LINE('',#4548,#4549);
#4548 = CARTESIAN_POINT('',(-0.32,-7.46,8.54));
#4549 = VECTOR('',#4550,1.);
#4550 = DIRECTION('',(1.,0.,0.));
#4551 = PLANE('',#4552);
#4552 = AXIS2_PLACEMENT_3D('',#4553,#4554,#4555);
#4553 = CARTESIAN_POINT('',(-0.32,-7.38,8.46));
#4554 = DIRECTION('',(1.735167508357E-18,0.707106781187,0.707106781187)
  );
#4555 = DIRECTION('',(-1.,1.226948711654E-18,1.226948711654E-18));
#4556 = ADVANCED_FACE('',(#4557),#4568,.F.);
#4557 = FACE_BOUND('',#4558,.F.);
#4558 = EDGE_LOOP('',(#4559,#4560,#4561,#4562));
#4559 = ORIENTED_EDGE('',*,*,#4481,.F.);
#4560 = ORIENTED_EDGE('',*,*,#3603,.T.);
#4561 = ORIENTED_EDGE('',*,*,#4536,.T.);
#4562 = ORIENTED_EDGE('',*,*,#4563,.F.);
#4563 = EDGE_CURVE('',#4482,#4537,#4564,.T.);
#4564 = LINE('',#4565,#4566);
#4565 = CARTESIAN_POINT('',(-0.16,-7.94,8.54));
#4566 = VECTOR('',#4567,1.);
#4567 = DIRECTION('',(0.,1.,0.));
#4568 = PLANE('',#4569);
#4569 = AXIS2_PLACEMENT_3D('',#4570,#4571,#4572);
#4570 = CARTESIAN_POINT('',(-0.24,-7.94,8.46));
#4571 = DIRECTION('',(0.707106781187,1.735167508357E-18,-0.707106781187)
  );
#4572 = DIRECTION('',(-1.226948711654E-18,1.,1.226948711654E-18));
#4573 = ADVANCED_FACE('',(#4574),#4580,.F.);
#4574 = FACE_BOUND('',#4575,.F.);
#4575 = EDGE_LOOP('',(#4576,#4577,#4578,#4579));
#4576 = ORIENTED_EDGE('',*,*,#3699,.T.);
#4577 = ORIENTED_EDGE('',*,*,#3634,.T.);
#4578 = ORIENTED_EDGE('',*,*,#3658,.F.);
#4579 = ORIENTED_EDGE('',*,*,#3682,.F.);
#4580 = PLANE('',#4581);
#4581 = AXIS2_PLACEMENT_3D('',#4582,#4583,#4584);
#4582 = CARTESIAN_POINT('',(-0.32,-0.32,-3.));
#4583 = DIRECTION('',(0.,0.,1.));
#4584 = DIRECTION('',(1.,0.,-0.));
#4585 = ADVANCED_FACE('',(#4586),#4592,.F.);
#4586 = FACE_BOUND('',#4587,.F.);
#4587 = EDGE_LOOP('',(#4588,#4589,#4590,#4591));
#4588 = ORIENTED_EDGE('',*,*,#3778,.T.);
#4589 = ORIENTED_EDGE('',*,*,#3795,.T.);
#4590 = ORIENTED_EDGE('',*,*,#3730,.F.);
#4591 = ORIENTED_EDGE('',*,*,#3754,.F.);
#4592 = PLANE('',#4593);
#4593 = AXIS2_PLACEMENT_3D('',#4594,#4595,#4596);
#4594 = CARTESIAN_POINT('',(-0.32,-2.86,-3.));
#4595 = DIRECTION('',(0.,0.,1.));
#4596 = DIRECTION('',(1.,0.,-0.));
#4597 = ADVANCED_FACE('',(#4598),#4604,.F.);
#4598 = FACE_BOUND('',#4599,.F.);
#4599 = EDGE_LOOP('',(#4600,#4601,#4602,#4603));
#4600 = ORIENTED_EDGE('',*,*,#3874,.T.);
#4601 = ORIENTED_EDGE('',*,*,#3891,.T.);
#4602 = ORIENTED_EDGE('',*,*,#3826,.F.);
#4603 = ORIENTED_EDGE('',*,*,#3850,.F.);
#4604 = PLANE('',#4605);
#4605 = AXIS2_PLACEMENT_3D('',#4606,#4607,#4608);
#4606 = CARTESIAN_POINT('',(-0.32,-5.4,-3.));
#4607 = DIRECTION('',(0.,0.,1.));
#4608 = DIRECTION('',(1.,0.,-0.));
#4609 = ADVANCED_FACE('',(#4610),#4616,.F.);
#4610 = FACE_BOUND('',#4611,.F.);
#4611 = EDGE_LOOP('',(#4612,#4613,#4614,#4615));
#4612 = ORIENTED_EDGE('',*,*,#3970,.T.);
#4613 = ORIENTED_EDGE('',*,*,#3987,.T.);
#4614 = ORIENTED_EDGE('',*,*,#3922,.F.);
#4615 = ORIENTED_EDGE('',*,*,#3946,.F.);
#4616 = PLANE('',#4617);
#4617 = AXIS2_PLACEMENT_3D('',#4618,#4619,#4620);
#4618 = CARTESIAN_POINT('',(-0.32,-10.48,-3.));
#4619 = DIRECTION('',(0.,0.,1.));
#4620 = DIRECTION('',(1.,0.,-0.));
#4621 = ADVANCED_FACE('',(#4622),#4628,.F.);
#4622 = FACE_BOUND('',#4623,.F.);
#4623 = EDGE_LOOP('',(#4624,#4625,#4626,#4627));
#4624 = ORIENTED_EDGE('',*,*,#4018,.T.);
#4625 = ORIENTED_EDGE('',*,*,#4042,.T.);
#4626 = ORIENTED_EDGE('',*,*,#4066,.F.);
#4627 = ORIENTED_EDGE('',*,*,#4083,.F.);
#4628 = PLANE('',#4629);
#4629 = AXIS2_PLACEMENT_3D('',#4630,#4631,#4632);
#4630 = CARTESIAN_POINT('',(-0.32,-7.94,-3.));
#4631 = DIRECTION('',(0.,0.,1.));
#4632 = DIRECTION('',(1.,0.,-0.));
#4633 = ADVANCED_FACE('',(#4634),#4640,.T.);
#4634 = FACE_BOUND('',#4635,.T.);
#4635 = EDGE_LOOP('',(#4636,#4637,#4638,#4639));
#4636 = ORIENTED_EDGE('',*,*,#4114,.T.);
#4637 = ORIENTED_EDGE('',*,*,#4138,.F.);
#4638 = ORIENTED_EDGE('',*,*,#4162,.F.);
#4639 = ORIENTED_EDGE('',*,*,#4179,.T.);
#4640 = PLANE('',#4641);
#4641 = AXIS2_PLACEMENT_3D('',#4642,#4643,#4644);
#4642 = CARTESIAN_POINT('',(-0.32,-0.32,8.54));
#4643 = DIRECTION('',(0.,0.,1.));
#4644 = DIRECTION('',(1.,0.,-0.));
#4645 = ADVANCED_FACE('',(#4646),#4652,.T.);
#4646 = FACE_BOUND('',#4647,.T.);
#4647 = EDGE_LOOP('',(#4648,#4649,#4650,#4651));
#4648 = ORIENTED_EDGE('',*,*,#4275,.T.);
#4649 = ORIENTED_EDGE('',*,*,#4210,.F.);
#4650 = ORIENTED_EDGE('',*,*,#4234,.F.);
#4651 = ORIENTED_EDGE('',*,*,#4258,.T.);
#4652 = PLANE('',#4653);
#4653 = AXIS2_PLACEMENT_3D('',#4654,#4655,#4656);
#4654 = CARTESIAN_POINT('',(-0.32,-2.86,8.54));
#4655 = DIRECTION('',(0.,0.,1.));
#4656 = DIRECTION('',(1.,0.,-0.));
#4657 = ADVANCED_FACE('',(#4658),#4664,.T.);
#4658 = FACE_BOUND('',#4659,.T.);
#4659 = EDGE_LOOP('',(#4660,#4661,#4662,#4663));
#4660 = ORIENTED_EDGE('',*,*,#4371,.T.);
#4661 = ORIENTED_EDGE('',*,*,#4306,.F.);
#4662 = ORIENTED_EDGE('',*,*,#4330,.F.);
#4663 = ORIENTED_EDGE('',*,*,#4354,.T.);
#4664 = PLANE('',#4665);
#4665 = AXIS2_PLACEMENT_3D('',#4666,#4667,#4668);
#4666 = CARTESIAN_POINT('',(-0.32,-5.4,8.54));
#4667 = DIRECTION('',(0.,0.,1.));
#4668 = DIRECTION('',(1.,0.,-0.));
#4669 = ADVANCED_FACE('',(#4670),#4676,.T.);
#4670 = FACE_BOUND('',#4671,.T.);
#4671 = EDGE_LOOP('',(#4672,#4673,#4674,#4675));
#4672 = ORIENTED_EDGE('',*,*,#4467,.T.);
#4673 = ORIENTED_EDGE('',*,*,#4402,.F.);
#4674 = ORIENTED_EDGE('',*,*,#4426,.F.);
#4675 = ORIENTED_EDGE('',*,*,#4450,.T.);
#4676 = PLANE('',#4677);
#4677 = AXIS2_PLACEMENT_3D('',#4678,#4679,#4680);
#4678 = CARTESIAN_POINT('',(-0.32,-10.48,8.54));
#4679 = DIRECTION('',(0.,0.,1.));
#4680 = DIRECTION('',(1.,0.,-0.));
#4681 = ADVANCED_FACE('',(#4682),#4688,.T.);
#4682 = FACE_BOUND('',#4683,.T.);
#4683 = EDGE_LOOP('',(#4684,#4685,#4686,#4687));
#4684 = ORIENTED_EDGE('',*,*,#4522,.T.);
#4685 = ORIENTED_EDGE('',*,*,#4546,.F.);
#4686 = ORIENTED_EDGE('',*,*,#4563,.F.);
#4687 = ORIENTED_EDGE('',*,*,#4498,.T.);
#4688 = PLANE('',#4689);
#4689 = AXIS2_PLACEMENT_3D('',#4690,#4691,#4692);
#4690 = CARTESIAN_POINT('',(-0.32,-7.94,8.54));
#4691 = DIRECTION('',(0.,0.,1.));
#4692 = DIRECTION('',(1.,0.,-0.));
#4693 = ( GEOMETRIC_REPRESENTATION_CONTEXT(3) 
GLOBAL_UNCERTAINTY_ASSIGNED_CONTEXT((#4697)) 
GLOBAL_UNIT_ASSIGNED_CONTEXT((#4694,#4695,#4696)) REPRESENTATION_CONTEXT
('Context #1','3D Context with UNIT and UNCERTAINTY') );
#4694 = ( LENGTH_UNIT() NAMED_UNIT(*) SI_UNIT(.MILLI.,.METRE.) );
#4695 = ( NAMED_UNIT(*) PLANE_ANGLE_UNIT() SI_UNIT($,.RADIAN.) );
#4696 = ( NAMED_UNIT(*) SI_UNIT($,.STERADIAN.) SOLID_ANGLE_UNIT() );
#4697 = UNCERTAINTY_MEASURE_WITH_UNIT(LENGTH_MEASURE(1.E-07),#4694,
  'distance_accuracy_value','confusion accuracy');
#4698 = CONTEXT_DEPENDENT_SHAPE_REPRESENTATION(#4699,#4701);
#4699 = ( REPRESENTATION_RELATIONSHIP('','',#1238,#10) 
REPRESENTATION_RELATIONSHIP_WITH_TRANSFORMATION(#4700) 
SHAPE_REPRESENTATION_RELATIONSHIP() );
#4700 = ITEM_DEFINED_TRANSFORMATION('','',#11,#35);
#4701 = PRODUCT_DEFINITION_SHAPE('Placement','Placement of an item',
  #4702);
#4702 = NEXT_ASSEMBLY_USAGE_OCCURRENCE('6','J2','',#5,#1233,$);
#4703 = PRODUCT_RELATED_PRODUCT_CATEGORY('part',$,(#1235));
#4704 = CONTEXT_DEPENDENT_SHAPE_REPRESENTATION(#4705,#4707);
#4705 = ( REPRESENTATION_RELATIONSHIP('','',#822,#10) 
REPRESENTATION_RELATIONSHIP_WITH_TRANSFORMATION(#4706) 
SHAPE_REPRESENTATION_RELATIONSHIP() );
#4706 = ITEM_DEFINED_TRANSFORMATION('','',#11,#39);
#4707 = PRODUCT_DEFINITION_SHAPE('Placement','Placement of an item',
  #4708);
#4708 = NEXT_ASSEMBLY_USAGE_OCCURRENCE('7','R3','',#5,#817,$);
#4709 = SHAPE_DEFINITION_REPRESENTATION(#4710,#4716);
#4710 = PRODUCT_DEFINITION_SHAPE('','',#4711);
#4711 = PRODUCT_DEFINITION('design','',#4712,#4715);
#4712 = PRODUCT_DEFINITION_FORMATION('','',#4713);
#4713 = PRODUCT('SW_PUSH_6mm','SW_PUSH_6mm','',(#4714));
#4714 = PRODUCT_CONTEXT('',#2,'mechanical');
#4715 = PRODUCT_DEFINITION_CONTEXT('part definition',#2,'design');
#4716 = ADVANCED_BREP_SHAPE_REPRESENTATION('',(#11,#4717),#7946);
#4717 = MANIFOLD_SOLID_BREP('',#4718);
#4718 = CLOSED_SHELL('',(#4719,#4736,#4761,#4884,#4915,#4940,#4965,#4989
    ,#5013,#5038,#5063,#5080,#5105,#5130,#5155,#5180,#5211,#5236,#5261,
    #5349,#5437,#5462,#5487,#5504,#5513,#5539,#5548,#5557,#5601,#5751,
    #5775,#5918,#6068,#6218,#6235,#6385,#6409,#6552,#6702,#6852,#6869,
    #6878,#6895,#6912,#6929,#6946,#6968,#6985,#7002,#7019,#7036,#7048,
    #7065,#7082,#7099,#7116,#7133,#7150,#7167,#7184,#7196,#7218,#7235,
    #7252,#7269,#7286,#7298,#7315,#7332,#7349,#7366,#7383,#7400,#7417,
    #7434,#7446,#7468,#7485,#7502,#7519,#7536,#7548,#7565,#7582,#7599,
    #7616,#7633,#7650,#7667,#7684,#7696,#7718,#7735,#7752,#7769,#7786,
    #7798,#7815,#7832,#7849,#7866,#7883,#7900,#7917,#7934));
#4719 = ADVANCED_FACE('',(#4720),#4731,.F.);
#4720 = FACE_BOUND('',#4721,.T.);
#4721 = EDGE_LOOP('',(#4722));
#4722 = ORIENTED_EDGE('',*,*,#4723,.T.);
#4723 = EDGE_CURVE('',#4724,#4724,#4726,.T.);
#4724 = VERTEX_POINT('',#4725);
#4725 = CARTESIAN_POINT('',(1.65,-4.25,4.1));
#4726 = CIRCLE('',#4727,0.5);
#4727 = AXIS2_PLACEMENT_3D('',#4728,#4729,#4730);
#4728 = CARTESIAN_POINT('',(1.15,-4.25,4.1));
#4729 = DIRECTION('',(0.,0.,1.));
#4730 = DIRECTION('',(1.,0.,-0.));
#4731 = PLANE('',#4732);
#4732 = AXIS2_PLACEMENT_3D('',#4733,#4734,#4735);
#4733 = CARTESIAN_POINT('',(1.65,-4.25,4.1));
#4734 = DIRECTION('',(0.,0.,-1.));
#4735 = DIRECTION('',(-1.,0.,0.));
#4736 = ADVANCED_FACE('',(#4737),#4756,.T.);
#4737 = FACE_BOUND('',#4738,.T.);
#4738 = EDGE_LOOP('',(#4739,#4747,#4748,#4749));
#4739 = ORIENTED_EDGE('',*,*,#4740,.T.);
#4740 = EDGE_CURVE('',#4741,#4724,#4743,.T.);
#4741 = VERTEX_POINT('',#4742);
#4742 = CARTESIAN_POINT('',(1.65,-4.25,3.6));
#4743 = LINE('',#4744,#4745);
#4744 = CARTESIAN_POINT('',(1.65,-4.25,3.5));
#4745 = VECTOR('',#4746,1.);
#4746 = DIRECTION('',(0.,0.,1.));
#4747 = ORIENTED_EDGE('',*,*,#4723,.F.);
#4748 = ORIENTED_EDGE('',*,*,#4740,.F.);
#4749 = ORIENTED_EDGE('',*,*,#4750,.F.);
#4750 = EDGE_CURVE('',#4741,#4741,#4751,.T.);
#4751 = CIRCLE('',#4752,0.5);
#4752 = AXIS2_PLACEMENT_3D('',#4753,#4754,#4755);
#4753 = CARTESIAN_POINT('',(1.15,-4.25,3.6));
#4754 = DIRECTION('',(0.,0.,-1.));
#4755 = DIRECTION('',(1.,0.,0.));
#4756 = CYLINDRICAL_SURFACE('',#4757,0.5);
#4757 = AXIS2_PLACEMENT_3D('',#4758,#4759,#4760);
#4758 = CARTESIAN_POINT('',(1.15,-4.25,3.5));
#4759 = DIRECTION('',(-0.,-0.,-1.));
#4760 = DIRECTION('',(1.,0.,0.));
#4761 = ADVANCED_FACE('',(#4762,#4832,#4843,#4854,#4865,#4876),#4879,.F.
  );
#4762 = FACE_BOUND('',#4763,.F.);
#4763 = EDGE_LOOP('',(#4764,#4774,#4783,#4791,#4800,#4808,#4817,#4825));
#4764 = ORIENTED_EDGE('',*,*,#4765,.F.);
#4765 = EDGE_CURVE('',#4766,#4768,#4770,.T.);
#4766 = VERTEX_POINT('',#4767);
#4767 = CARTESIAN_POINT('',(0.45,-5.25,3.6));
#4768 = VERTEX_POINT('',#4769);
#4769 = CARTESIAN_POINT('',(5.85,-5.25,3.6));
#4770 = LINE('',#4771,#4772);
#4771 = CARTESIAN_POINT('',(0.15,-5.25,3.6));
#4772 = VECTOR('',#4773,1.);
#4773 = DIRECTION('',(1.,0.,0.));
#4774 = ORIENTED_EDGE('',*,*,#4775,.T.);
#4775 = EDGE_CURVE('',#4766,#4776,#4778,.T.);
#4776 = VERTEX_POINT('',#4777);
#4777 = CARTESIAN_POINT('',(0.15,-4.95,3.6));
#4778 = CIRCLE('',#4779,0.3);
#4779 = AXIS2_PLACEMENT_3D('',#4780,#4781,#4782);
#4780 = CARTESIAN_POINT('',(0.45,-4.95,3.6));
#4781 = DIRECTION('',(-0.,-0.,-1.));
#4782 = DIRECTION('',(0.,-1.,0.));
#4783 = ORIENTED_EDGE('',*,*,#4784,.F.);
#4784 = EDGE_CURVE('',#4785,#4776,#4787,.T.);
#4785 = VERTEX_POINT('',#4786);
#4786 = CARTESIAN_POINT('',(0.15,0.45,3.6));
#4787 = LINE('',#4788,#4789);
#4788 = CARTESIAN_POINT('',(0.15,0.75,3.6));
#4789 = VECTOR('',#4790,1.);
#4790 = DIRECTION('',(0.,-1.,0.));
#4791 = ORIENTED_EDGE('',*,*,#4792,.F.);
#4792 = EDGE_CURVE('',#4793,#4785,#4795,.T.);
#4793 = VERTEX_POINT('',#4794);
#4794 = CARTESIAN_POINT('',(0.45,0.75,3.6));
#4795 = CIRCLE('',#4796,0.3);
#4796 = AXIS2_PLACEMENT_3D('',#4797,#4798,#4799);
#4797 = CARTESIAN_POINT('',(0.45,0.45,3.6));
#4798 = DIRECTION('',(-0.,0.,1.));
#4799 = DIRECTION('',(0.,-1.,0.));
#4800 = ORIENTED_EDGE('',*,*,#4801,.F.);
#4801 = EDGE_CURVE('',#4802,#4793,#4804,.T.);
#4802 = VERTEX_POINT('',#4803);
#4803 = CARTESIAN_POINT('',(5.85,0.75,3.6));
#4804 = LINE('',#4805,#4806);
#4805 = CARTESIAN_POINT('',(6.15,0.75,3.6));
#4806 = VECTOR('',#4807,1.);
#4807 = DIRECTION('',(-1.,0.,0.));
#4808 = ORIENTED_EDGE('',*,*,#4809,.F.);
#4809 = EDGE_CURVE('',#4810,#4802,#4812,.T.);
#4810 = VERTEX_POINT('',#4811);
#4811 = CARTESIAN_POINT('',(6.15,0.45,3.6));
#4812 = CIRCLE('',#4813,0.3);
#4813 = AXIS2_PLACEMENT_3D('',#4814,#4815,#4816);
#4814 = CARTESIAN_POINT('',(5.85,0.45,3.6));
#4815 = DIRECTION('',(-0.,0.,1.));
#4816 = DIRECTION('',(0.,-1.,0.));
#4817 = ORIENTED_EDGE('',*,*,#4818,.F.);
#4818 = EDGE_CURVE('',#4819,#4810,#4821,.T.);
#4819 = VERTEX_POINT('',#4820);
#4820 = CARTESIAN_POINT('',(6.15,-4.95,3.6));
#4821 = LINE('',#4822,#4823);
#4822 = CARTESIAN_POINT('',(6.15,-5.25,3.6));
#4823 = VECTOR('',#4824,1.);
#4824 = DIRECTION('',(0.,1.,0.));
#4825 = ORIENTED_EDGE('',*,*,#4826,.F.);
#4826 = EDGE_CURVE('',#4768,#4819,#4827,.T.);
#4827 = CIRCLE('',#4828,0.3);
#4828 = AXIS2_PLACEMENT_3D('',#4829,#4830,#4831);
#4829 = CARTESIAN_POINT('',(5.85,-4.95,3.6));
#4830 = DIRECTION('',(-0.,0.,1.));
#4831 = DIRECTION('',(0.,-1.,0.));
#4832 = FACE_BOUND('',#4833,.F.);
#4833 = EDGE_LOOP('',(#4834));
#4834 = ORIENTED_EDGE('',*,*,#4835,.F.);
#4835 = EDGE_CURVE('',#4836,#4836,#4838,.T.);
#4836 = VERTEX_POINT('',#4837);
#4837 = CARTESIAN_POINT('',(5.65,-4.25,3.6));
#4838 = CIRCLE('',#4839,0.5);
#4839 = AXIS2_PLACEMENT_3D('',#4840,#4841,#4842);
#4840 = CARTESIAN_POINT('',(5.15,-4.25,3.6));
#4841 = DIRECTION('',(0.,0.,-1.));
#4842 = DIRECTION('',(1.,0.,0.));
#4843 = FACE_BOUND('',#4844,.F.);
#4844 = EDGE_LOOP('',(#4845));
#4845 = ORIENTED_EDGE('',*,*,#4846,.F.);
#4846 = EDGE_CURVE('',#4847,#4847,#4849,.T.);
#4847 = VERTEX_POINT('',#4848);
#4848 = CARTESIAN_POINT('',(4.9,-2.25,3.6));
#4849 = CIRCLE('',#4850,1.75);
#4850 = AXIS2_PLACEMENT_3D('',#4851,#4852,#4853);
#4851 = CARTESIAN_POINT('',(3.15,-2.25,3.6));
#4852 = DIRECTION('',(0.,0.,-1.));
#4853 = DIRECTION('',(1.,0.,0.));
#4854 = FACE_BOUND('',#4855,.F.);
#4855 = EDGE_LOOP('',(#4856));
#4856 = ORIENTED_EDGE('',*,*,#4857,.F.);
#4857 = EDGE_CURVE('',#4858,#4858,#4860,.T.);
#4858 = VERTEX_POINT('',#4859);
#4859 = CARTESIAN_POINT('',(1.65,-0.25,3.6));
#4860 = CIRCLE('',#4861,0.5);
#4861 = AXIS2_PLACEMENT_3D('',#4862,#4863,#4864);
#4862 = CARTESIAN_POINT('',(1.15,-0.25,3.6));
#4863 = DIRECTION('',(0.,0.,-1.));
#4864 = DIRECTION('',(1.,0.,0.));
#4865 = FACE_BOUND('',#4866,.F.);
#4866 = EDGE_LOOP('',(#4867));
#4867 = ORIENTED_EDGE('',*,*,#4868,.F.);
#4868 = EDGE_CURVE('',#4869,#4869,#4871,.T.);
#4869 = VERTEX_POINT('',#4870);
#4870 = CARTESIAN_POINT('',(5.65,-0.25,3.6));
#4871 = CIRCLE('',#4872,0.5);
#4872 = AXIS2_PLACEMENT_3D('',#4873,#4874,#4875);
#4873 = CARTESIAN_POINT('',(5.15,-0.25,3.6));
#4874 = DIRECTION('',(0.,0.,-1.));
#4875 = DIRECTION('',(1.,0.,0.));
#4876 = FACE_BOUND('',#4877,.F.);
#4877 = EDGE_LOOP('',(#4878));
#4878 = ORIENTED_EDGE('',*,*,#4750,.F.);
#4879 = PLANE('',#4880);
#4880 = AXIS2_PLACEMENT_3D('',#4881,#4882,#4883);
#4881 = CARTESIAN_POINT('',(0.15,-5.25,3.6));
#4882 = DIRECTION('',(0.,0.,-1.));
#4883 = DIRECTION('',(-1.,0.,0.));
#4884 = ADVANCED_FACE('',(#4885),#4910,.F.);
#4885 = FACE_BOUND('',#4886,.F.);
#4886 = EDGE_LOOP('',(#4887,#4897,#4903,#4904));
#4887 = ORIENTED_EDGE('',*,*,#4888,.F.);
#4888 = EDGE_CURVE('',#4889,#4891,#4893,.T.);
#4889 = VERTEX_POINT('',#4890);
#4890 = CARTESIAN_POINT('',(0.45,-5.25,3.5));
#4891 = VERTEX_POINT('',#4892);
#4892 = CARTESIAN_POINT('',(5.85,-5.25,3.5));
#4893 = LINE('',#4894,#4895);
#4894 = CARTESIAN_POINT('',(0.15,-5.25,3.5));
#4895 = VECTOR('',#4896,1.);
#4896 = DIRECTION('',(1.,0.,0.));
#4897 = ORIENTED_EDGE('',*,*,#4898,.T.);
#4898 = EDGE_CURVE('',#4889,#4766,#4899,.T.);
#4899 = LINE('',#4900,#4901);
#4900 = CARTESIAN_POINT('',(0.45,-5.25,3.5));
#4901 = VECTOR('',#4902,1.);
#4902 = DIRECTION('',(0.,0.,1.));
#4903 = ORIENTED_EDGE('',*,*,#4765,.T.);
#4904 = ORIENTED_EDGE('',*,*,#4905,.F.);
#4905 = EDGE_CURVE('',#4891,#4768,#4906,.T.);
#4906 = LINE('',#4907,#4908);
#4907 = CARTESIAN_POINT('',(5.85,-5.25,3.5));
#4908 = VECTOR('',#4909,1.);
#4909 = DIRECTION('',(0.,0.,1.));
#4910 = PLANE('',#4911);
#4911 = AXIS2_PLACEMENT_3D('',#4912,#4913,#4914);
#4912 = CARTESIAN_POINT('',(0.15,-5.25,3.5));
#4913 = DIRECTION('',(0.,1.,0.));
#4914 = DIRECTION('',(1.,0.,0.));
#4915 = ADVANCED_FACE('',(#4916),#4935,.T.);
#4916 = FACE_BOUND('',#4917,.T.);
#4917 = EDGE_LOOP('',(#4918,#4919,#4920,#4928));
#4918 = ORIENTED_EDGE('',*,*,#4898,.T.);
#4919 = ORIENTED_EDGE('',*,*,#4775,.T.);
#4920 = ORIENTED_EDGE('',*,*,#4921,.F.);
#4921 = EDGE_CURVE('',#4922,#4776,#4924,.T.);
#4922 = VERTEX_POINT('',#4923);
#4923 = CARTESIAN_POINT('',(0.15,-4.95,3.5));
#4924 = LINE('',#4925,#4926);
#4925 = CARTESIAN_POINT('',(0.15,-4.95,3.5));
#4926 = VECTOR('',#4927,1.);
#4927 = DIRECTION('',(0.,0.,1.));
#4928 = ORIENTED_EDGE('',*,*,#4929,.F.);
#4929 = EDGE_CURVE('',#4889,#4922,#4930,.T.);
#4930 = CIRCLE('',#4931,0.3);
#4931 = AXIS2_PLACEMENT_3D('',#4932,#4933,#4934);
#4932 = CARTESIAN_POINT('',(0.45,-4.95,3.5));
#4933 = DIRECTION('',(-0.,-0.,-1.));
#4934 = DIRECTION('',(0.,-1.,0.));
#4935 = CYLINDRICAL_SURFACE('',#4936,0.3);
#4936 = AXIS2_PLACEMENT_3D('',#4937,#4938,#4939);
#4937 = CARTESIAN_POINT('',(0.45,-4.95,3.5));
#4938 = DIRECTION('',(0.,0.,1.));
#4939 = DIRECTION('',(0.,-1.,0.));
#4940 = ADVANCED_FACE('',(#4941),#4960,.T.);
#4941 = FACE_BOUND('',#4942,.T.);
#4942 = EDGE_LOOP('',(#4943,#4952,#4958,#4959));
#4943 = ORIENTED_EDGE('',*,*,#4944,.T.);
#4944 = EDGE_CURVE('',#4891,#4945,#4947,.T.);
#4945 = VERTEX_POINT('',#4946);
#4946 = CARTESIAN_POINT('',(6.15,-4.95,3.5));
#4947 = CIRCLE('',#4948,0.3);
#4948 = AXIS2_PLACEMENT_3D('',#4949,#4950,#4951);
#4949 = CARTESIAN_POINT('',(5.85,-4.95,3.5));
#4950 = DIRECTION('',(-0.,0.,1.));
#4951 = DIRECTION('',(0.,-1.,0.));
#4952 = ORIENTED_EDGE('',*,*,#4953,.T.);
#4953 = EDGE_CURVE('',#4945,#4819,#4954,.T.);
#4954 = LINE('',#4955,#4956);
#4955 = CARTESIAN_POINT('',(6.15,-4.95,3.5));
#4956 = VECTOR('',#4957,1.);
#4957 = DIRECTION('',(0.,0.,1.));
#4958 = ORIENTED_EDGE('',*,*,#4826,.F.);
#4959 = ORIENTED_EDGE('',*,*,#4905,.F.);
#4960 = CYLINDRICAL_SURFACE('',#4961,0.3);
#4961 = AXIS2_PLACEMENT_3D('',#4962,#4963,#4964);
#4962 = CARTESIAN_POINT('',(5.85,-4.95,3.5));
#4963 = DIRECTION('',(0.,0.,1.));
#4964 = DIRECTION('',(0.,-1.,0.));
#4965 = ADVANCED_FACE('',(#4966),#4984,.F.);
#4966 = FACE_BOUND('',#4967,.F.);
#4967 = EDGE_LOOP('',(#4968,#4976,#4982,#4983));
#4968 = ORIENTED_EDGE('',*,*,#4969,.F.);
#4969 = EDGE_CURVE('',#4970,#4922,#4972,.T.);
#4970 = VERTEX_POINT('',#4971);
#4971 = CARTESIAN_POINT('',(0.15,0.45,3.5));
#4972 = LINE('',#4973,#4974);
#4973 = CARTESIAN_POINT('',(0.15,0.75,3.5));
#4974 = VECTOR('',#4975,1.);
#4975 = DIRECTION('',(0.,-1.,0.));
#4976 = ORIENTED_EDGE('',*,*,#4977,.T.);
#4977 = EDGE_CURVE('',#4970,#4785,#4978,.T.);
#4978 = LINE('',#4979,#4980);
#4979 = CARTESIAN_POINT('',(0.15,0.45,3.5));
#4980 = VECTOR('',#4981,1.);
#4981 = DIRECTION('',(0.,0.,1.));
#4982 = ORIENTED_EDGE('',*,*,#4784,.T.);
#4983 = ORIENTED_EDGE('',*,*,#4921,.F.);
#4984 = PLANE('',#4985);
#4985 = AXIS2_PLACEMENT_3D('',#4986,#4987,#4988);
#4986 = CARTESIAN_POINT('',(0.15,0.75,3.5));
#4987 = DIRECTION('',(1.,0.,0.));
#4988 = DIRECTION('',(0.,-1.,0.));
#4989 = ADVANCED_FACE('',(#4990),#5008,.F.);
#4990 = FACE_BOUND('',#4991,.F.);
#4991 = EDGE_LOOP('',(#4992,#5000,#5001,#5002));
#4992 = ORIENTED_EDGE('',*,*,#4993,.F.);
#4993 = EDGE_CURVE('',#4945,#4994,#4996,.T.);
#4994 = VERTEX_POINT('',#4995);
#4995 = CARTESIAN_POINT('',(6.15,0.45,3.5));
#4996 = LINE('',#4997,#4998);
#4997 = CARTESIAN_POINT('',(6.15,-5.25,3.5));
#4998 = VECTOR('',#4999,1.);
#4999 = DIRECTION('',(0.,1.,0.));
#5000 = ORIENTED_EDGE('',*,*,#4953,.T.);
#5001 = ORIENTED_EDGE('',*,*,#4818,.T.);
#5002 = ORIENTED_EDGE('',*,*,#5003,.F.);
#5003 = EDGE_CURVE('',#4994,#4810,#5004,.T.);
#5004 = LINE('',#5005,#5006);
#5005 = CARTESIAN_POINT('',(6.15,0.45,3.5));
#5006 = VECTOR('',#5007,1.);
#5007 = DIRECTION('',(0.,0.,1.));
#5008 = PLANE('',#5009);
#5009 = AXIS2_PLACEMENT_3D('',#5010,#5011,#5012);
#5010 = CARTESIAN_POINT('',(6.15,-5.25,3.5));
#5011 = DIRECTION('',(-1.,0.,0.));
#5012 = DIRECTION('',(0.,1.,0.));
#5013 = ADVANCED_FACE('',(#5014),#5033,.T.);
#5014 = FACE_BOUND('',#5015,.T.);
#5015 = EDGE_LOOP('',(#5016,#5025,#5026,#5027));
#5016 = ORIENTED_EDGE('',*,*,#5017,.T.);
#5017 = EDGE_CURVE('',#5018,#4970,#5020,.T.);
#5018 = VERTEX_POINT('',#5019);
#5019 = CARTESIAN_POINT('',(0.45,0.75,3.5));
#5020 = CIRCLE('',#5021,0.3);
#5021 = AXIS2_PLACEMENT_3D('',#5022,#5023,#5024);
#5022 = CARTESIAN_POINT('',(0.45,0.45,3.5));
#5023 = DIRECTION('',(-0.,0.,1.));
#5024 = DIRECTION('',(0.,-1.,0.));
#5025 = ORIENTED_EDGE('',*,*,#4977,.T.);
#5026 = ORIENTED_EDGE('',*,*,#4792,.F.);
#5027 = ORIENTED_EDGE('',*,*,#5028,.F.);
#5028 = EDGE_CURVE('',#5018,#4793,#5029,.T.);
#5029 = LINE('',#5030,#5031);
#5030 = CARTESIAN_POINT('',(0.45,0.75,3.5));
#5031 = VECTOR('',#5032,1.);
#5032 = DIRECTION('',(0.,0.,1.));
#5033 = CYLINDRICAL_SURFACE('',#5034,0.3);
#5034 = AXIS2_PLACEMENT_3D('',#5035,#5036,#5037);
#5035 = CARTESIAN_POINT('',(0.45,0.45,3.5));
#5036 = DIRECTION('',(0.,0.,1.));
#5037 = DIRECTION('',(0.,1.,0.));
#5038 = ADVANCED_FACE('',(#5039),#5058,.T.);
#5039 = FACE_BOUND('',#5040,.T.);
#5040 = EDGE_LOOP('',(#5041,#5050,#5056,#5057));
#5041 = ORIENTED_EDGE('',*,*,#5042,.T.);
#5042 = EDGE_CURVE('',#4994,#5043,#5045,.T.);
#5043 = VERTEX_POINT('',#5044);
#5044 = CARTESIAN_POINT('',(5.85,0.75,3.5));
#5045 = CIRCLE('',#5046,0.3);
#5046 = AXIS2_PLACEMENT_3D('',#5047,#5048,#5049);
#5047 = CARTESIAN_POINT('',(5.85,0.45,3.5));
#5048 = DIRECTION('',(-0.,0.,1.));
#5049 = DIRECTION('',(0.,-1.,0.));
#5050 = ORIENTED_EDGE('',*,*,#5051,.T.);
#5051 = EDGE_CURVE('',#5043,#4802,#5052,.T.);
#5052 = LINE('',#5053,#5054);
#5053 = CARTESIAN_POINT('',(5.85,0.75,3.5));
#5054 = VECTOR('',#5055,1.);
#5055 = DIRECTION('',(0.,0.,1.));
#5056 = ORIENTED_EDGE('',*,*,#4809,.F.);
#5057 = ORIENTED_EDGE('',*,*,#5003,.F.);
#5058 = CYLINDRICAL_SURFACE('',#5059,0.3);
#5059 = AXIS2_PLACEMENT_3D('',#5060,#5061,#5062);
#5060 = CARTESIAN_POINT('',(5.85,0.45,3.5));
#5061 = DIRECTION('',(0.,0.,1.));
#5062 = DIRECTION('',(1.,0.,-0.));
#5063 = ADVANCED_FACE('',(#5064),#5075,.F.);
#5064 = FACE_BOUND('',#5065,.F.);
#5065 = EDGE_LOOP('',(#5066,#5072,#5073,#5074));
#5066 = ORIENTED_EDGE('',*,*,#5067,.F.);
#5067 = EDGE_CURVE('',#5043,#5018,#5068,.T.);
#5068 = LINE('',#5069,#5070);
#5069 = CARTESIAN_POINT('',(6.15,0.75,3.5));
#5070 = VECTOR('',#5071,1.);
#5071 = DIRECTION('',(-1.,0.,0.));
#5072 = ORIENTED_EDGE('',*,*,#5051,.T.);
#5073 = ORIENTED_EDGE('',*,*,#4801,.T.);
#5074 = ORIENTED_EDGE('',*,*,#5028,.F.);
#5075 = PLANE('',#5076);
#5076 = AXIS2_PLACEMENT_3D('',#5077,#5078,#5079);
#5077 = CARTESIAN_POINT('',(6.15,0.75,3.5));
#5078 = DIRECTION('',(0.,-1.,0.));
#5079 = DIRECTION('',(-1.,0.,0.));
#5080 = ADVANCED_FACE('',(#5081),#5100,.T.);
#5081 = FACE_BOUND('',#5082,.T.);
#5082 = EDGE_LOOP('',(#5083,#5091,#5098,#5099));
#5083 = ORIENTED_EDGE('',*,*,#5084,.T.);
#5084 = EDGE_CURVE('',#4836,#5085,#5087,.T.);
#5085 = VERTEX_POINT('',#5086);
#5086 = CARTESIAN_POINT('',(5.65,-4.25,4.1));
#5087 = LINE('',#5088,#5089);
#5088 = CARTESIAN_POINT('',(5.65,-4.25,3.5));
#5089 = VECTOR('',#5090,1.);
#5090 = DIRECTION('',(0.,0.,1.));
#5091 = ORIENTED_EDGE('',*,*,#5092,.F.);
#5092 = EDGE_CURVE('',#5085,#5085,#5093,.T.);
#5093 = CIRCLE('',#5094,0.5);
#5094 = AXIS2_PLACEMENT_3D('',#5095,#5096,#5097);
#5095 = CARTESIAN_POINT('',(5.15,-4.25,4.1));
#5096 = DIRECTION('',(0.,0.,1.));
#5097 = DIRECTION('',(1.,0.,-0.));
#5098 = ORIENTED_EDGE('',*,*,#5084,.F.);
#5099 = ORIENTED_EDGE('',*,*,#4835,.F.);
#5100 = CYLINDRICAL_SURFACE('',#5101,0.5);
#5101 = AXIS2_PLACEMENT_3D('',#5102,#5103,#5104);
#5102 = CARTESIAN_POINT('',(5.15,-4.25,3.5));
#5103 = DIRECTION('',(-0.,-0.,-1.));
#5104 = DIRECTION('',(1.,0.,0.));
#5105 = ADVANCED_FACE('',(#5106),#5125,.T.);
#5106 = FACE_BOUND('',#5107,.T.);
#5107 = EDGE_LOOP('',(#5108,#5116,#5123,#5124));
#5108 = ORIENTED_EDGE('',*,*,#5109,.T.);
#5109 = EDGE_CURVE('',#4847,#5110,#5112,.T.);
#5110 = VERTEX_POINT('',#5111);
#5111 = CARTESIAN_POINT('',(4.9,-2.25,4.2));
#5112 = LINE('',#5113,#5114);
#5113 = CARTESIAN_POINT('',(4.9,-2.25,3.5));
#5114 = VECTOR('',#5115,1.);
#5115 = DIRECTION('',(0.,0.,1.));
#5116 = ORIENTED_EDGE('',*,*,#5117,.F.);
#5117 = EDGE_CURVE('',#5110,#5110,#5118,.T.);
#5118 = CIRCLE('',#5119,1.75);
#5119 = AXIS2_PLACEMENT_3D('',#5120,#5121,#5122);
#5120 = CARTESIAN_POINT('',(3.15,-2.25,4.2));
#5121 = DIRECTION('',(0.,0.,1.));
#5122 = DIRECTION('',(1.,0.,-0.));
#5123 = ORIENTED_EDGE('',*,*,#5109,.F.);
#5124 = ORIENTED_EDGE('',*,*,#4846,.F.);
#5125 = CYLINDRICAL_SURFACE('',#5126,1.75);
#5126 = AXIS2_PLACEMENT_3D('',#5127,#5128,#5129);
#5127 = CARTESIAN_POINT('',(3.15,-2.25,3.5));
#5128 = DIRECTION('',(-0.,-0.,-1.));
#5129 = DIRECTION('',(1.,0.,0.));
#5130 = ADVANCED_FACE('',(#5131),#5150,.T.);
#5131 = FACE_BOUND('',#5132,.T.);
#5132 = EDGE_LOOP('',(#5133,#5141,#5148,#5149));
#5133 = ORIENTED_EDGE('',*,*,#5134,.T.);
#5134 = EDGE_CURVE('',#4858,#5135,#5137,.T.);
#5135 = VERTEX_POINT('',#5136);
#5136 = CARTESIAN_POINT('',(1.65,-0.25,4.1));
#5137 = LINE('',#5138,#5139);
#5138 = CARTESIAN_POINT('',(1.65,-0.25,3.5));
#5139 = VECTOR('',#5140,1.);
#5140 = DIRECTION('',(0.,0.,1.));
#5141 = ORIENTED_EDGE('',*,*,#5142,.F.);
#5142 = EDGE_CURVE('',#5135,#5135,#5143,.T.);
#5143 = CIRCLE('',#5144,0.5);
#5144 = AXIS2_PLACEMENT_3D('',#5145,#5146,#5147);
#5145 = CARTESIAN_POINT('',(1.15,-0.25,4.1));
#5146 = DIRECTION('',(0.,0.,1.));
#5147 = DIRECTION('',(1.,0.,-0.));
#5148 = ORIENTED_EDGE('',*,*,#5134,.F.);
#5149 = ORIENTED_EDGE('',*,*,#4857,.F.);
#5150 = CYLINDRICAL_SURFACE('',#5151,0.5);
#5151 = AXIS2_PLACEMENT_3D('',#5152,#5153,#5154);
#5152 = CARTESIAN_POINT('',(1.15,-0.25,3.5));
#5153 = DIRECTION('',(-0.,-0.,-1.));
#5154 = DIRECTION('',(1.,0.,0.));
#5155 = ADVANCED_FACE('',(#5156),#5175,.T.);
#5156 = FACE_BOUND('',#5157,.T.);
#5157 = EDGE_LOOP('',(#5158,#5166,#5173,#5174));
#5158 = ORIENTED_EDGE('',*,*,#5159,.T.);
#5159 = EDGE_CURVE('',#4869,#5160,#5162,.T.);
#5160 = VERTEX_POINT('',#5161);
#5161 = CARTESIAN_POINT('',(5.65,-0.25,4.1));
#5162 = LINE('',#5163,#5164);
#5163 = CARTESIAN_POINT('',(5.65,-0.25,3.5));
#5164 = VECTOR('',#5165,1.);
#5165 = DIRECTION('',(0.,0.,1.));
#5166 = ORIENTED_EDGE('',*,*,#5167,.F.);
#5167 = EDGE_CURVE('',#5160,#5160,#5168,.T.);
#5168 = CIRCLE('',#5169,0.5);
#5169 = AXIS2_PLACEMENT_3D('',#5170,#5171,#5172);
#5170 = CARTESIAN_POINT('',(5.15,-0.25,4.1));
#5171 = DIRECTION('',(0.,0.,1.));
#5172 = DIRECTION('',(1.,0.,-0.));
#5173 = ORIENTED_EDGE('',*,*,#5159,.F.);
#5174 = ORIENTED_EDGE('',*,*,#4868,.F.);
#5175 = CYLINDRICAL_SURFACE('',#5176,0.5);
#5176 = AXIS2_PLACEMENT_3D('',#5177,#5178,#5179);
#5177 = CARTESIAN_POINT('',(5.15,-0.25,3.5));
#5178 = DIRECTION('',(-0.,-0.,-1.));
#5179 = DIRECTION('',(1.,0.,0.));
#5180 = ADVANCED_FACE('',(#5181),#5206,.F.);
#5181 = FACE_BOUND('',#5182,.F.);
#5182 = EDGE_LOOP('',(#5183,#5193,#5199,#5200));
#5183 = ORIENTED_EDGE('',*,*,#5184,.F.);
#5184 = EDGE_CURVE('',#5185,#5187,#5189,.T.);
#5185 = VERTEX_POINT('',#5186);
#5186 = CARTESIAN_POINT('',(0.45,-5.25,0.));
#5187 = VERTEX_POINT('',#5188);
#5188 = CARTESIAN_POINT('',(5.85,-5.25,0.));
#5189 = LINE('',#5190,#5191);
#5190 = CARTESIAN_POINT('',(0.15,-5.25,0.));
#5191 = VECTOR('',#5192,1.);
#5192 = DIRECTION('',(1.,0.,0.));
#5193 = ORIENTED_EDGE('',*,*,#5194,.T.);
#5194 = EDGE_CURVE('',#5185,#4889,#5195,.T.);
#5195 = LINE('',#5196,#5197);
#5196 = CARTESIAN_POINT('',(0.45,-5.25,0.));
#5197 = VECTOR('',#5198,1.);
#5198 = DIRECTION('',(0.,0.,1.));
#5199 = ORIENTED_EDGE('',*,*,#4888,.T.);
#5200 = ORIENTED_EDGE('',*,*,#5201,.F.);
#5201 = EDGE_CURVE('',#5187,#4891,#5202,.T.);
#5202 = LINE('',#5203,#5204);
#5203 = CARTESIAN_POINT('',(5.85,-5.25,0.));
#5204 = VECTOR('',#5205,1.);
#5205 = DIRECTION('',(0.,0.,1.));
#5206 = PLANE('',#5207);
#5207 = AXIS2_PLACEMENT_3D('',#5208,#5209,#5210);
#5208 = CARTESIAN_POINT('',(0.15,-5.25,0.));
#5209 = DIRECTION('',(0.,1.,0.));
#5210 = DIRECTION('',(1.,0.,0.));
#5211 = ADVANCED_FACE('',(#5212),#5231,.T.);
#5212 = FACE_BOUND('',#5213,.T.);
#5213 = EDGE_LOOP('',(#5214,#5215,#5216,#5224));
#5214 = ORIENTED_EDGE('',*,*,#5194,.T.);
#5215 = ORIENTED_EDGE('',*,*,#4929,.T.);
#5216 = ORIENTED_EDGE('',*,*,#5217,.F.);
#5217 = EDGE_CURVE('',#5218,#4922,#5220,.T.);
#5218 = VERTEX_POINT('',#5219);
#5219 = CARTESIAN_POINT('',(0.15,-4.95,0.));
#5220 = LINE('',#5221,#5222);
#5221 = CARTESIAN_POINT('',(0.15,-4.95,0.));
#5222 = VECTOR('',#5223,1.);
#5223 = DIRECTION('',(0.,0.,1.));
#5224 = ORIENTED_EDGE('',*,*,#5225,.F.);
#5225 = EDGE_CURVE('',#5185,#5218,#5226,.T.);
#5226 = CIRCLE('',#5227,0.3);
#5227 = AXIS2_PLACEMENT_3D('',#5228,#5229,#5230);
#5228 = CARTESIAN_POINT('',(0.45,-4.95,0.));
#5229 = DIRECTION('',(-0.,-0.,-1.));
#5230 = DIRECTION('',(0.,-1.,0.));
#5231 = CYLINDRICAL_SURFACE('',#5232,0.3);
#5232 = AXIS2_PLACEMENT_3D('',#5233,#5234,#5235);
#5233 = CARTESIAN_POINT('',(0.45,-4.95,0.));
#5234 = DIRECTION('',(0.,0.,1.));
#5235 = DIRECTION('',(0.,-1.,0.));
#5236 = ADVANCED_FACE('',(#5237),#5256,.T.);
#5237 = FACE_BOUND('',#5238,.T.);
#5238 = EDGE_LOOP('',(#5239,#5248,#5254,#5255));
#5239 = ORIENTED_EDGE('',*,*,#5240,.T.);
#5240 = EDGE_CURVE('',#5187,#5241,#5243,.T.);
#5241 = VERTEX_POINT('',#5242);
#5242 = CARTESIAN_POINT('',(6.15,-4.95,0.));
#5243 = CIRCLE('',#5244,0.3);
#5244 = AXIS2_PLACEMENT_3D('',#5245,#5246,#5247);
#5245 = CARTESIAN_POINT('',(5.85,-4.95,0.));
#5246 = DIRECTION('',(-0.,0.,1.));
#5247 = DIRECTION('',(0.,-1.,0.));
#5248 = ORIENTED_EDGE('',*,*,#5249,.T.);
#5249 = EDGE_CURVE('',#5241,#4945,#5250,.T.);
#5250 = LINE('',#5251,#5252);
#5251 = CARTESIAN_POINT('',(6.15,-4.95,0.));
#5252 = VECTOR('',#5253,1.);
#5253 = DIRECTION('',(0.,0.,1.));
#5254 = ORIENTED_EDGE('',*,*,#4944,.F.);
#5255 = ORIENTED_EDGE('',*,*,#5201,.F.);
#5256 = CYLINDRICAL_SURFACE('',#5257,0.3);
#5257 = AXIS2_PLACEMENT_3D('',#5258,#5259,#5260);
#5258 = CARTESIAN_POINT('',(5.85,-4.95,0.));
#5259 = DIRECTION('',(0.,0.,1.));
#5260 = DIRECTION('',(0.,-1.,0.));
#5261 = ADVANCED_FACE('',(#5262),#5344,.F.);
#5262 = FACE_BOUND('',#5263,.F.);
#5263 = EDGE_LOOP('',(#5264,#5274,#5280,#5281,#5282,#5290,#5298,#5306,
    #5314,#5322,#5330,#5338));
#5264 = ORIENTED_EDGE('',*,*,#5265,.F.);
#5265 = EDGE_CURVE('',#5266,#5268,#5270,.T.);
#5266 = VERTEX_POINT('',#5267);
#5267 = CARTESIAN_POINT('',(0.15,0.45,0.));
#5268 = VERTEX_POINT('',#5269);
#5269 = CARTESIAN_POINT('',(0.15,0.35,0.));
#5270 = LINE('',#5271,#5272);
#5271 = CARTESIAN_POINT('',(0.15,0.75,0.));
#5272 = VECTOR('',#5273,1.);
#5273 = DIRECTION('',(0.,-1.,0.));
#5274 = ORIENTED_EDGE('',*,*,#5275,.T.);
#5275 = EDGE_CURVE('',#5266,#4970,#5276,.T.);
#5276 = LINE('',#5277,#5278);
#5277 = CARTESIAN_POINT('',(0.15,0.45,0.));
#5278 = VECTOR('',#5279,1.);
#5279 = DIRECTION('',(0.,0.,1.));
#5280 = ORIENTED_EDGE('',*,*,#4969,.T.);
#5281 = ORIENTED_EDGE('',*,*,#5217,.F.);
#5282 = ORIENTED_EDGE('',*,*,#5283,.F.);
#5283 = EDGE_CURVE('',#5284,#5218,#5286,.T.);
#5284 = VERTEX_POINT('',#5285);
#5285 = CARTESIAN_POINT('',(0.15,-4.85,0.));
#5286 = LINE('',#5287,#5288);
#5287 = CARTESIAN_POINT('',(0.15,0.75,0.));
#5288 = VECTOR('',#5289,1.);
#5289 = DIRECTION('',(0.,-1.,0.));
#5290 = ORIENTED_EDGE('',*,*,#5291,.F.);
#5291 = EDGE_CURVE('',#5292,#5284,#5294,.T.);
#5292 = VERTEX_POINT('',#5293);
#5293 = CARTESIAN_POINT('',(0.15,-4.85,1.5));
#5294 = LINE('',#5295,#5296);
#5295 = CARTESIAN_POINT('',(0.15,-4.85,1.5));
#5296 = VECTOR('',#5297,1.);
#5297 = DIRECTION('',(0.,5.551115123126E-16,-1.));
#5298 = ORIENTED_EDGE('',*,*,#5299,.T.);
#5299 = EDGE_CURVE('',#5292,#5300,#5302,.T.);
#5300 = VERTEX_POINT('',#5301);
#5301 = CARTESIAN_POINT('',(0.15,-4.15,1.5));
#5302 = LINE('',#5303,#5304);
#5303 = CARTESIAN_POINT('',(0.15,-4.85,1.5));
#5304 = VECTOR('',#5305,1.);
#5305 = DIRECTION('',(0.,1.,3.330669073875E-16));
#5306 = ORIENTED_EDGE('',*,*,#5307,.T.);
#5307 = EDGE_CURVE('',#5300,#5308,#5310,.T.);
#5308 = VERTEX_POINT('',#5309);
#5309 = CARTESIAN_POINT('',(0.15,-4.15,0.));
#5310 = LINE('',#5311,#5312);
#5311 = CARTESIAN_POINT('',(0.15,-4.15,1.5));
#5312 = VECTOR('',#5313,1.);
#5313 = DIRECTION('',(0.,5.551115123126E-16,-1.));
#5314 = ORIENTED_EDGE('',*,*,#5315,.F.);
#5315 = EDGE_CURVE('',#5316,#5308,#5318,.T.);
#5316 = VERTEX_POINT('',#5317);
#5317 = CARTESIAN_POINT('',(0.15,-0.35,0.));
#5318 = LINE('',#5319,#5320);
#5319 = CARTESIAN_POINT('',(0.15,0.75,0.));
#5320 = VECTOR('',#5321,1.);
#5321 = DIRECTION('',(0.,-1.,0.));
#5322 = ORIENTED_EDGE('',*,*,#5323,.F.);
#5323 = EDGE_CURVE('',#5324,#5316,#5326,.T.);
#5324 = VERTEX_POINT('',#5325);
#5325 = CARTESIAN_POINT('',(0.15,-0.35,1.5));
#5326 = LINE('',#5327,#5328);
#5327 = CARTESIAN_POINT('',(0.15,-0.35,1.5));
#5328 = VECTOR('',#5329,1.);
#5329 = DIRECTION('',(0.,5.551115123126E-16,-1.));
#5330 = ORIENTED_EDGE('',*,*,#5331,.T.);
#5331 = EDGE_CURVE('',#5324,#5332,#5334,.T.);
#5332 = VERTEX_POINT('',#5333);
#5333 = CARTESIAN_POINT('',(0.15,0.35,1.5));
#5334 = LINE('',#5335,#5336);
#5335 = CARTESIAN_POINT('',(0.15,-0.35,1.5));
#5336 = VECTOR('',#5337,1.);
#5337 = DIRECTION('',(0.,1.,3.330669073875E-16));
#5338 = ORIENTED_EDGE('',*,*,#5339,.T.);
#5339 = EDGE_CURVE('',#5332,#5268,#5340,.T.);
#5340 = LINE('',#5341,#5342);
#5341 = CARTESIAN_POINT('',(0.15,0.35,1.5));
#5342 = VECTOR('',#5343,1.);
#5343 = DIRECTION('',(0.,5.551115123126E-16,-1.));
#5344 = PLANE('',#5345);
#5345 = AXIS2_PLACEMENT_3D('',#5346,#5347,#5348);
#5346 = CARTESIAN_POINT('',(0.15,0.75,0.));
#5347 = DIRECTION('',(1.,0.,0.));
#5348 = DIRECTION('',(0.,-1.,0.));
#5349 = ADVANCED_FACE('',(#5350),#5432,.F.);
#5350 = FACE_BOUND('',#5351,.F.);
#5351 = EDGE_LOOP('',(#5352,#5360,#5361,#5362,#5370,#5378,#5386,#5394,
    #5402,#5410,#5418,#5426));
#5352 = ORIENTED_EDGE('',*,*,#5353,.F.);
#5353 = EDGE_CURVE('',#5241,#5354,#5356,.T.);
#5354 = VERTEX_POINT('',#5355);
#5355 = CARTESIAN_POINT('',(6.15,-4.85,0.));
#5356 = LINE('',#5357,#5358);
#5357 = CARTESIAN_POINT('',(6.15,-5.25,0.));
#5358 = VECTOR('',#5359,1.);
#5359 = DIRECTION('',(0.,1.,0.));
#5360 = ORIENTED_EDGE('',*,*,#5249,.T.);
#5361 = ORIENTED_EDGE('',*,*,#4993,.T.);
#5362 = ORIENTED_EDGE('',*,*,#5363,.F.);
#5363 = EDGE_CURVE('',#5364,#4994,#5366,.T.);
#5364 = VERTEX_POINT('',#5365);
#5365 = CARTESIAN_POINT('',(6.15,0.45,0.));
#5366 = LINE('',#5367,#5368);
#5367 = CARTESIAN_POINT('',(6.15,0.45,0.));
#5368 = VECTOR('',#5369,1.);
#5369 = DIRECTION('',(0.,0.,1.));
#5370 = ORIENTED_EDGE('',*,*,#5371,.F.);
#5371 = EDGE_CURVE('',#5372,#5364,#5374,.T.);
#5372 = VERTEX_POINT('',#5373);
#5373 = CARTESIAN_POINT('',(6.15,0.35,0.));
#5374 = LINE('',#5375,#5376);
#5375 = CARTESIAN_POINT('',(6.15,-5.25,0.));
#5376 = VECTOR('',#5377,1.);
#5377 = DIRECTION('',(0.,1.,0.));
#5378 = ORIENTED_EDGE('',*,*,#5379,.F.);
#5379 = EDGE_CURVE('',#5380,#5372,#5382,.T.);
#5380 = VERTEX_POINT('',#5381);
#5381 = CARTESIAN_POINT('',(6.15,0.35,1.5));
#5382 = LINE('',#5383,#5384);
#5383 = CARTESIAN_POINT('',(6.15,0.35,1.5));
#5384 = VECTOR('',#5385,1.);
#5385 = DIRECTION('',(0.,5.551115123126E-16,-1.));
#5386 = ORIENTED_EDGE('',*,*,#5387,.F.);
#5387 = EDGE_CURVE('',#5388,#5380,#5390,.T.);
#5388 = VERTEX_POINT('',#5389);
#5389 = CARTESIAN_POINT('',(6.15,-0.35,1.5));
#5390 = LINE('',#5391,#5392);
#5391 = CARTESIAN_POINT('',(6.15,-0.35,1.5));
#5392 = VECTOR('',#5393,1.);
#5393 = DIRECTION('',(0.,1.,3.330669073875E-16));
#5394 = ORIENTED_EDGE('',*,*,#5395,.T.);
#5395 = EDGE_CURVE('',#5388,#5396,#5398,.T.);
#5396 = VERTEX_POINT('',#5397);
#5397 = CARTESIAN_POINT('',(6.15,-0.35,0.));
#5398 = LINE('',#5399,#5400);
#5399 = CARTESIAN_POINT('',(6.15,-0.35,1.5));
#5400 = VECTOR('',#5401,1.);
#5401 = DIRECTION('',(0.,5.551115123126E-16,-1.));
#5402 = ORIENTED_EDGE('',*,*,#5403,.F.);
#5403 = EDGE_CURVE('',#5404,#5396,#5406,.T.);
#5404 = VERTEX_POINT('',#5405);
#5405 = CARTESIAN_POINT('',(6.15,-4.15,0.));
#5406 = LINE('',#5407,#5408);
#5407 = CARTESIAN_POINT('',(6.15,-5.25,0.));
#5408 = VECTOR('',#5409,1.);
#5409 = DIRECTION('',(0.,1.,0.));
#5410 = ORIENTED_EDGE('',*,*,#5411,.F.);
#5411 = EDGE_CURVE('',#5412,#5404,#5414,.T.);
#5412 = VERTEX_POINT('',#5413);
#5413 = CARTESIAN_POINT('',(6.15,-4.15,1.5));
#5414 = LINE('',#5415,#5416);
#5415 = CARTESIAN_POINT('',(6.15,-4.15,1.5));
#5416 = VECTOR('',#5417,1.);
#5417 = DIRECTION('',(0.,5.551115123126E-16,-1.));
#5418 = ORIENTED_EDGE('',*,*,#5419,.F.);
#5419 = EDGE_CURVE('',#5420,#5412,#5422,.T.);
#5420 = VERTEX_POINT('',#5421);
#5421 = CARTESIAN_POINT('',(6.15,-4.85,1.5));
#5422 = LINE('',#5423,#5424);
#5423 = CARTESIAN_POINT('',(6.15,-4.85,1.5));
#5424 = VECTOR('',#5425,1.);
#5425 = DIRECTION('',(0.,1.,3.330669073875E-16));
#5426 = ORIENTED_EDGE('',*,*,#5427,.T.);
#5427 = EDGE_CURVE('',#5420,#5354,#5428,.T.);
#5428 = LINE('',#5429,#5430);
#5429 = CARTESIAN_POINT('',(6.15,-4.85,1.5));
#5430 = VECTOR('',#5431,1.);
#5431 = DIRECTION('',(0.,5.551115123126E-16,-1.));
#5432 = PLANE('',#5433);
#5433 = AXIS2_PLACEMENT_3D('',#5434,#5435,#5436);
#5434 = CARTESIAN_POINT('',(6.15,-5.25,0.));
#5435 = DIRECTION('',(-1.,0.,0.));
#5436 = DIRECTION('',(0.,1.,0.));
#5437 = ADVANCED_FACE('',(#5438),#5457,.T.);
#5438 = FACE_BOUND('',#5439,.T.);
#5439 = EDGE_LOOP('',(#5440,#5449,#5450,#5451));
#5440 = ORIENTED_EDGE('',*,*,#5441,.T.);
#5441 = EDGE_CURVE('',#5442,#5266,#5444,.T.);
#5442 = VERTEX_POINT('',#5443);
#5443 = CARTESIAN_POINT('',(0.45,0.75,0.));
#5444 = CIRCLE('',#5445,0.3);
#5445 = AXIS2_PLACEMENT_3D('',#5446,#5447,#5448);
#5446 = CARTESIAN_POINT('',(0.45,0.45,0.));
#5447 = DIRECTION('',(-0.,0.,1.));
#5448 = DIRECTION('',(0.,-1.,0.));
#5449 = ORIENTED_EDGE('',*,*,#5275,.T.);
#5450 = ORIENTED_EDGE('',*,*,#5017,.F.);
#5451 = ORIENTED_EDGE('',*,*,#5452,.F.);
#5452 = EDGE_CURVE('',#5442,#5018,#5453,.T.);
#5453 = LINE('',#5454,#5455);
#5454 = CARTESIAN_POINT('',(0.45,0.75,0.));
#5455 = VECTOR('',#5456,1.);
#5456 = DIRECTION('',(0.,0.,1.));
#5457 = CYLINDRICAL_SURFACE('',#5458,0.3);
#5458 = AXIS2_PLACEMENT_3D('',#5459,#5460,#5461);
#5459 = CARTESIAN_POINT('',(0.45,0.45,0.));
#5460 = DIRECTION('',(0.,0.,1.));
#5461 = DIRECTION('',(0.,1.,0.));
#5462 = ADVANCED_FACE('',(#5463),#5482,.T.);
#5463 = FACE_BOUND('',#5464,.T.);
#5464 = EDGE_LOOP('',(#5465,#5474,#5480,#5481));
#5465 = ORIENTED_EDGE('',*,*,#5466,.T.);
#5466 = EDGE_CURVE('',#5364,#5467,#5469,.T.);
#5467 = VERTEX_POINT('',#5468);
#5468 = CARTESIAN_POINT('',(5.85,0.75,0.));
#5469 = CIRCLE('',#5470,0.3);
#5470 = AXIS2_PLACEMENT_3D('',#5471,#5472,#5473);
#5471 = CARTESIAN_POINT('',(5.85,0.45,0.));
#5472 = DIRECTION('',(-0.,0.,1.));
#5473 = DIRECTION('',(0.,-1.,0.));
#5474 = ORIENTED_EDGE('',*,*,#5475,.T.);
#5475 = EDGE_CURVE('',#5467,#5043,#5476,.T.);
#5476 = LINE('',#5477,#5478);
#5477 = CARTESIAN_POINT('',(5.85,0.75,0.));
#5478 = VECTOR('',#5479,1.);
#5479 = DIRECTION('',(0.,0.,1.));
#5480 = ORIENTED_EDGE('',*,*,#5042,.F.);
#5481 = ORIENTED_EDGE('',*,*,#5363,.F.);
#5482 = CYLINDRICAL_SURFACE('',#5483,0.3);
#5483 = AXIS2_PLACEMENT_3D('',#5484,#5485,#5486);
#5484 = CARTESIAN_POINT('',(5.85,0.45,0.));
#5485 = DIRECTION('',(0.,0.,1.));
#5486 = DIRECTION('',(1.,0.,-0.));
#5487 = ADVANCED_FACE('',(#5488),#5499,.F.);
#5488 = FACE_BOUND('',#5489,.F.);
#5489 = EDGE_LOOP('',(#5490,#5496,#5497,#5498));
#5490 = ORIENTED_EDGE('',*,*,#5491,.F.);
#5491 = EDGE_CURVE('',#5467,#5442,#5492,.T.);
#5492 = LINE('',#5493,#5494);
#5493 = CARTESIAN_POINT('',(6.15,0.75,0.));
#5494 = VECTOR('',#5495,1.);
#5495 = DIRECTION('',(-1.,0.,0.));
#5496 = ORIENTED_EDGE('',*,*,#5475,.T.);
#5497 = ORIENTED_EDGE('',*,*,#5067,.T.);
#5498 = ORIENTED_EDGE('',*,*,#5452,.F.);
#5499 = PLANE('',#5500);
#5500 = AXIS2_PLACEMENT_3D('',#5501,#5502,#5503);
#5501 = CARTESIAN_POINT('',(6.15,0.75,0.));
#5502 = DIRECTION('',(0.,-1.,0.));
#5503 = DIRECTION('',(-1.,0.,0.));
#5504 = ADVANCED_FACE('',(#5505),#5508,.F.);
#5505 = FACE_BOUND('',#5506,.T.);
#5506 = EDGE_LOOP('',(#5507));
#5507 = ORIENTED_EDGE('',*,*,#5092,.T.);
#5508 = PLANE('',#5509);
#5509 = AXIS2_PLACEMENT_3D('',#5510,#5511,#5512);
#5510 = CARTESIAN_POINT('',(5.65,-4.25,4.1));
#5511 = DIRECTION('',(0.,0.,-1.));
#5512 = DIRECTION('',(-1.,0.,0.));
#5513 = ADVANCED_FACE('',(#5514),#5534,.T.);
#5514 = FACE_BOUND('',#5515,.T.);
#5515 = EDGE_LOOP('',(#5516,#5517,#5526,#5533));
#5516 = ORIENTED_EDGE('',*,*,#5117,.T.);
#5517 = ORIENTED_EDGE('',*,*,#5518,.F.);
#5518 = EDGE_CURVE('',#5519,#5110,#5521,.T.);
#5519 = VERTEX_POINT('',#5520);
#5520 = CARTESIAN_POINT('',(4.8,-2.25,4.3));
#5521 = CIRCLE('',#5522,0.1);
#5522 = AXIS2_PLACEMENT_3D('',#5523,#5524,#5525);
#5523 = CARTESIAN_POINT('',(4.8,-2.25,4.2));
#5524 = DIRECTION('',(-0.,1.,0.));
#5525 = DIRECTION('',(1.,0.,0.));
#5526 = ORIENTED_EDGE('',*,*,#5527,.F.);
#5527 = EDGE_CURVE('',#5519,#5519,#5528,.T.);
#5528 = CIRCLE('',#5529,1.65);
#5529 = AXIS2_PLACEMENT_3D('',#5530,#5531,#5532);
#5530 = CARTESIAN_POINT('',(3.15,-2.25,4.3));
#5531 = DIRECTION('',(0.,0.,1.));
#5532 = DIRECTION('',(1.,0.,-0.));
#5533 = ORIENTED_EDGE('',*,*,#5518,.T.);
#5534 = TOROIDAL_SURFACE('',#5535,1.65,0.1);
#5535 = AXIS2_PLACEMENT_3D('',#5536,#5537,#5538);
#5536 = CARTESIAN_POINT('',(3.15,-2.25,4.2));
#5537 = DIRECTION('',(0.,0.,-1.));
#5538 = DIRECTION('',(1.,0.,0.));
#5539 = ADVANCED_FACE('',(#5540),#5543,.F.);
#5540 = FACE_BOUND('',#5541,.T.);
#5541 = EDGE_LOOP('',(#5542));
#5542 = ORIENTED_EDGE('',*,*,#5142,.T.);
#5543 = PLANE('',#5544);
#5544 = AXIS2_PLACEMENT_3D('',#5545,#5546,#5547);
#5545 = CARTESIAN_POINT('',(1.65,-0.25,4.1));
#5546 = DIRECTION('',(0.,0.,-1.));
#5547 = DIRECTION('',(-1.,0.,0.));
#5548 = ADVANCED_FACE('',(#5549),#5552,.F.);
#5549 = FACE_BOUND('',#5550,.T.);
#5550 = EDGE_LOOP('',(#5551));
#5551 = ORIENTED_EDGE('',*,*,#5167,.T.);
#5552 = PLANE('',#5553);
#5553 = AXIS2_PLACEMENT_3D('',#5554,#5555,#5556);
#5554 = CARTESIAN_POINT('',(5.65,-0.25,4.1));
#5555 = DIRECTION('',(0.,0.,-1.));
#5556 = DIRECTION('',(-1.,0.,0.));
#5557 = ADVANCED_FACE('',(#5558),#5596,.T.);
#5558 = FACE_BOUND('',#5559,.T.);
#5559 = EDGE_LOOP('',(#5560,#5561,#5562,#5563,#5569,#5570,#5576,#5577,
    #5578,#5579,#5580,#5581,#5587,#5588,#5594,#5595));
#5560 = ORIENTED_EDGE('',*,*,#5184,.F.);
#5561 = ORIENTED_EDGE('',*,*,#5225,.T.);
#5562 = ORIENTED_EDGE('',*,*,#5283,.F.);
#5563 = ORIENTED_EDGE('',*,*,#5564,.F.);
#5564 = EDGE_CURVE('',#5308,#5284,#5565,.T.);
#5565 = LINE('',#5566,#5567);
#5566 = CARTESIAN_POINT('',(0.15,0.75,0.));
#5567 = VECTOR('',#5568,1.);
#5568 = DIRECTION('',(0.,-1.,0.));
#5569 = ORIENTED_EDGE('',*,*,#5315,.F.);
#5570 = ORIENTED_EDGE('',*,*,#5571,.F.);
#5571 = EDGE_CURVE('',#5268,#5316,#5572,.T.);
#5572 = LINE('',#5573,#5574);
#5573 = CARTESIAN_POINT('',(0.15,0.75,0.));
#5574 = VECTOR('',#5575,1.);
#5575 = DIRECTION('',(0.,-1.,0.));
#5576 = ORIENTED_EDGE('',*,*,#5265,.F.);
#5577 = ORIENTED_EDGE('',*,*,#5441,.F.);
#5578 = ORIENTED_EDGE('',*,*,#5491,.F.);
#5579 = ORIENTED_EDGE('',*,*,#5466,.F.);
#5580 = ORIENTED_EDGE('',*,*,#5371,.F.);
#5581 = ORIENTED_EDGE('',*,*,#5582,.F.);
#5582 = EDGE_CURVE('',#5396,#5372,#5583,.T.);
#5583 = LINE('',#5584,#5585);
#5584 = CARTESIAN_POINT('',(6.15,-5.25,0.));
#5585 = VECTOR('',#5586,1.);
#5586 = DIRECTION('',(0.,1.,0.));
#5587 = ORIENTED_EDGE('',*,*,#5403,.F.);
#5588 = ORIENTED_EDGE('',*,*,#5589,.F.);
#5589 = EDGE_CURVE('',#5354,#5404,#5590,.T.);
#5590 = LINE('',#5591,#5592);
#5591 = CARTESIAN_POINT('',(6.15,-5.25,0.));
#5592 = VECTOR('',#5593,1.);
#5593 = DIRECTION('',(0.,1.,0.));
#5594 = ORIENTED_EDGE('',*,*,#5353,.F.);
#5595 = ORIENTED_EDGE('',*,*,#5240,.F.);
#5596 = PLANE('',#5597);
#5597 = AXIS2_PLACEMENT_3D('',#5598,#5599,#5600);
#5598 = CARTESIAN_POINT('',(0.15,-5.25,0.));
#5599 = DIRECTION('',(0.,0.,-1.));
#5600 = DIRECTION('',(-1.,0.,0.));
#5601 = ADVANCED_FACE('',(#5602),#5746,.F.);
#5602 = FACE_BOUND('',#5603,.F.);
#5603 = EDGE_LOOP('',(#5604,#5614,#5623,#5631,#5640,#5648,#5656,#5664,
    #5673,#5681,#5690,#5698,#5707,#5713,#5714,#5722,#5731,#5739));
#5604 = ORIENTED_EDGE('',*,*,#5605,.T.);
#5605 = EDGE_CURVE('',#5606,#5608,#5610,.T.);
#5606 = VERTEX_POINT('',#5607);
#5607 = CARTESIAN_POINT('',(-0.162230377286,0.35,-0.540767924286));
#5608 = VERTEX_POINT('',#5609);
#5609 = CARTESIAN_POINT('',(-0.425000733956,0.35,-1.416669113186));
#5610 = LINE('',#5611,#5612);
#5611 = CARTESIAN_POINT('',(-0.15,0.35,-0.5));
#5612 = VECTOR('',#5613,1.);
#5613 = DIRECTION('',(-0.287347885566,5.31700397722E-16,-0.957826285221)
  );
#5614 = ORIENTED_EDGE('',*,*,#5615,.T.);
#5615 = EDGE_CURVE('',#5608,#5616,#5618,.T.);
#5616 = VERTEX_POINT('',#5617);
#5617 = CARTESIAN_POINT('',(-0.425000733956,0.35,-1.583330886814));
#5618 = CIRCLE('',#5619,0.29);
#5619 = AXIS2_PLACEMENT_3D('',#5620,#5621,#5622);
#5620 = CARTESIAN_POINT('',(-0.147231111242,0.35,-1.5));
#5621 = DIRECTION('',(0.,-1.,-3.330669073875E-16));
#5622 = DIRECTION('',(0.,-3.330669073875E-16,1.));
#5623 = ORIENTED_EDGE('',*,*,#5624,.T.);
#5624 = EDGE_CURVE('',#5616,#5625,#5627,.T.);
#5625 = VERTEX_POINT('',#5626);
#5626 = CARTESIAN_POINT('',(-0.162230377286,0.35,-2.459232075714));
#5627 = LINE('',#5628,#5629);
#5628 = CARTESIAN_POINT('',(-0.45,0.35,-1.5));
#5629 = VECTOR('',#5630,1.);
#5630 = DIRECTION('',(0.287347885566,5.31700397722E-16,-0.957826285221)
  );
#5631 = ORIENTED_EDGE('',*,*,#5632,.F.);
#5632 = EDGE_CURVE('',#5633,#5625,#5635,.T.);
#5633 = VERTEX_POINT('',#5634);
#5634 = CARTESIAN_POINT('',(-0.15,0.35,-2.542562962528));
#5635 = CIRCLE('',#5636,0.29);
#5636 = AXIS2_PLACEMENT_3D('',#5637,#5638,#5639);
#5637 = CARTESIAN_POINT('',(-0.44,0.35,-2.542562962528));
#5638 = DIRECTION('',(0.,-1.,-3.330669073875E-16));
#5639 = DIRECTION('',(0.,-3.330669073875E-16,1.));
#5640 = ORIENTED_EDGE('',*,*,#5641,.F.);
#5641 = EDGE_CURVE('',#5642,#5633,#5644,.T.);
#5642 = VERTEX_POINT('',#5643);
#5643 = CARTESIAN_POINT('',(-0.15,0.35,-3.5));
#5644 = LINE('',#5645,#5646);
#5645 = CARTESIAN_POINT('',(-0.15,0.35,-3.5));
#5646 = VECTOR('',#5647,1.);
#5647 = DIRECTION('',(0.,-5.551115123126E-16,1.));
#5648 = ORIENTED_EDGE('',*,*,#5649,.F.);
#5649 = EDGE_CURVE('',#5650,#5642,#5652,.T.);
#5650 = VERTEX_POINT('',#5651);
#5651 = CARTESIAN_POINT('',(0.15,0.35,-3.5));
#5652 = LINE('',#5653,#5654);
#5653 = CARTESIAN_POINT('',(0.15,0.35,-3.5));
#5654 = VECTOR('',#5655,1.);
#5655 = DIRECTION('',(-1.,-0.,0.));
#5656 = ORIENTED_EDGE('',*,*,#5657,.F.);
#5657 = EDGE_CURVE('',#5658,#5650,#5660,.T.);
#5658 = VERTEX_POINT('',#5659);
#5659 = CARTESIAN_POINT('',(0.15,0.35,-2.542562962528));
#5660 = LINE('',#5661,#5662);
#5661 = CARTESIAN_POINT('',(0.15,0.35,-2.5));
#5662 = VECTOR('',#5663,1.);
#5663 = DIRECTION('',(0.,5.551115123126E-16,-1.));
#5664 = ORIENTED_EDGE('',*,*,#5665,.F.);
#5665 = EDGE_CURVE('',#5666,#5658,#5668,.T.);
#5666 = VERTEX_POINT('',#5667);
#5667 = CARTESIAN_POINT('',(0.137769622714,0.35,-2.459232075714));
#5668 = CIRCLE('',#5669,0.29);
#5669 = AXIS2_PLACEMENT_3D('',#5670,#5671,#5672);
#5670 = CARTESIAN_POINT('',(-0.14,0.35,-2.542562962528));
#5671 = DIRECTION('',(-0.,1.,3.330669073875E-16));
#5672 = DIRECTION('',(0.,-3.330669073875E-16,1.));
#5673 = ORIENTED_EDGE('',*,*,#5674,.T.);
#5674 = EDGE_CURVE('',#5666,#5675,#5677,.T.);
#5675 = VERTEX_POINT('',#5676);
#5676 = CARTESIAN_POINT('',(-0.125000733956,0.35,-1.583330886814));
#5677 = LINE('',#5678,#5679);
#5678 = CARTESIAN_POINT('',(0.15,0.35,-2.5));
#5679 = VECTOR('',#5680,1.);
#5680 = DIRECTION('',(-0.287347885566,-5.31700397722E-16,0.957826285221)
  );
#5681 = ORIENTED_EDGE('',*,*,#5682,.F.);
#5682 = EDGE_CURVE('',#5683,#5675,#5685,.T.);
#5683 = VERTEX_POINT('',#5684);
#5684 = CARTESIAN_POINT('',(-0.125000733956,0.35,-1.416669113186));
#5685 = CIRCLE('',#5686,0.29);
#5686 = AXIS2_PLACEMENT_3D('',#5687,#5688,#5689);
#5687 = CARTESIAN_POINT('',(0.152768888758,0.35,-1.5));
#5688 = DIRECTION('',(0.,-1.,-3.330669073875E-16));
#5689 = DIRECTION('',(0.,-3.330669073875E-16,1.));
#5690 = ORIENTED_EDGE('',*,*,#5691,.T.);
#5691 = EDGE_CURVE('',#5683,#5692,#5694,.T.);
#5692 = VERTEX_POINT('',#5693);
#5693 = CARTESIAN_POINT('',(0.137769622714,0.35,-0.540767924286));
#5694 = LINE('',#5695,#5696);
#5695 = CARTESIAN_POINT('',(-0.15,0.35,-1.5));
#5696 = VECTOR('',#5697,1.);
#5697 = DIRECTION('',(0.287347885566,-5.31700397722E-16,0.957826285221)
  );
#5698 = ORIENTED_EDGE('',*,*,#5699,.F.);
#5699 = EDGE_CURVE('',#5700,#5692,#5702,.T.);
#5700 = VERTEX_POINT('',#5701);
#5701 = CARTESIAN_POINT('',(0.15,0.35,-0.457437037472));
#5702 = CIRCLE('',#5703,0.29);
#5703 = AXIS2_PLACEMENT_3D('',#5704,#5705,#5706);
#5704 = CARTESIAN_POINT('',(-0.14,0.35,-0.457437037472));
#5705 = DIRECTION('',(-0.,1.,3.330669073875E-16));
#5706 = DIRECTION('',(0.,-3.330669073875E-16,1.));
#5707 = ORIENTED_EDGE('',*,*,#5708,.F.);
#5708 = EDGE_CURVE('',#5268,#5700,#5709,.T.);
#5709 = LINE('',#5710,#5711);
#5710 = CARTESIAN_POINT('',(0.15,0.35,1.5));
#5711 = VECTOR('',#5712,1.);
#5712 = DIRECTION('',(0.,5.551115123126E-16,-1.));
#5713 = ORIENTED_EDGE('',*,*,#5339,.F.);
#5714 = ORIENTED_EDGE('',*,*,#5715,.F.);
#5715 = EDGE_CURVE('',#5716,#5332,#5718,.T.);
#5716 = VERTEX_POINT('',#5717);
#5717 = CARTESIAN_POINT('',(0.14,0.35,1.5));
#5718 = LINE('',#5719,#5720);
#5719 = CARTESIAN_POINT('',(-0.15,0.35,1.5));
#5720 = VECTOR('',#5721,1.);
#5721 = DIRECTION('',(1.,0.,0.));
#5722 = ORIENTED_EDGE('',*,*,#5723,.F.);
#5723 = EDGE_CURVE('',#5724,#5716,#5726,.T.);
#5724 = VERTEX_POINT('',#5725);
#5725 = CARTESIAN_POINT('',(-0.15,0.35,1.21));
#5726 = CIRCLE('',#5727,0.29);
#5727 = AXIS2_PLACEMENT_3D('',#5728,#5729,#5730);
#5728 = CARTESIAN_POINT('',(0.14,0.35,1.21));
#5729 = DIRECTION('',(-0.,1.,3.330669073875E-16));
#5730 = DIRECTION('',(0.,-3.330669073875E-16,1.));
#5731 = ORIENTED_EDGE('',*,*,#5732,.F.);
#5732 = EDGE_CURVE('',#5733,#5724,#5735,.T.);
#5733 = VERTEX_POINT('',#5734);
#5734 = CARTESIAN_POINT('',(-0.15,0.35,-0.457437037472));
#5735 = LINE('',#5736,#5737);
#5736 = CARTESIAN_POINT('',(-0.15,0.35,-0.5));
#5737 = VECTOR('',#5738,1.);
#5738 = DIRECTION('',(0.,-5.551115123126E-16,1.));
#5739 = ORIENTED_EDGE('',*,*,#5740,.F.);
#5740 = EDGE_CURVE('',#5606,#5733,#5741,.T.);
#5741 = CIRCLE('',#5742,0.29);
#5742 = AXIS2_PLACEMENT_3D('',#5743,#5744,#5745);
#5743 = CARTESIAN_POINT('',(-0.44,0.35,-0.457437037472));
#5744 = DIRECTION('',(0.,-1.,-3.330669073875E-16));
#5745 = DIRECTION('',(0.,-3.330669073875E-16,1.));
#5746 = PLANE('',#5747);
#5747 = AXIS2_PLACEMENT_3D('',#5748,#5749,#5750);
#5748 = CARTESIAN_POINT('',(-0.15,0.35,-0.5));
#5749 = DIRECTION('',(1.64346021921E-31,-1.,-5.551115123126E-16));
#5750 = DIRECTION('',(0.,5.551115123126E-16,-1.));
#5751 = ADVANCED_FACE('',(#5752),#5770,.F.);
#5752 = FACE_BOUND('',#5753,.F.);
#5753 = EDGE_LOOP('',(#5754,#5762,#5768,#5769));
#5754 = ORIENTED_EDGE('',*,*,#5755,.F.);
#5755 = EDGE_CURVE('',#5756,#5324,#5758,.T.);
#5756 = VERTEX_POINT('',#5757);
#5757 = CARTESIAN_POINT('',(0.14,-0.35,1.5));
#5758 = LINE('',#5759,#5760);
#5759 = CARTESIAN_POINT('',(-0.15,-0.35,1.5));
#5760 = VECTOR('',#5761,1.);
#5761 = DIRECTION('',(1.,0.,0.));
#5762 = ORIENTED_EDGE('',*,*,#5763,.T.);
#5763 = EDGE_CURVE('',#5756,#5716,#5764,.T.);
#5764 = LINE('',#5765,#5766);
#5765 = CARTESIAN_POINT('',(0.14,-0.35,1.5));
#5766 = VECTOR('',#5767,1.);
#5767 = DIRECTION('',(0.,1.,3.330669073875E-16));
#5768 = ORIENTED_EDGE('',*,*,#5715,.T.);
#5769 = ORIENTED_EDGE('',*,*,#5331,.F.);
#5770 = PLANE('',#5771);
#5771 = AXIS2_PLACEMENT_3D('',#5772,#5773,#5774);
#5772 = CARTESIAN_POINT('',(-0.15,-0.35,1.5));
#5773 = DIRECTION('',(0.,3.330669073875E-16,-1.));
#5774 = DIRECTION('',(1.,0.,0.));
#5775 = ADVANCED_FACE('',(#5776),#5913,.T.);
#5776 = FACE_BOUND('',#5777,.T.);
#5777 = EDGE_LOOP('',(#5778,#5788,#5797,#5805,#5814,#5822,#5830,#5838,
    #5847,#5855,#5864,#5872,#5881,#5887,#5888,#5889,#5898,#5906));
#5778 = ORIENTED_EDGE('',*,*,#5779,.T.);
#5779 = EDGE_CURVE('',#5780,#5782,#5784,.T.);
#5780 = VERTEX_POINT('',#5781);
#5781 = CARTESIAN_POINT('',(-0.162230377286,-0.35,-0.540767924286));
#5782 = VERTEX_POINT('',#5783);
#5783 = CARTESIAN_POINT('',(-0.425000733956,-0.35,-1.416669113186));
#5784 = LINE('',#5785,#5786);
#5785 = CARTESIAN_POINT('',(-0.15,-0.35,-0.5));
#5786 = VECTOR('',#5787,1.);
#5787 = DIRECTION('',(-0.287347885566,5.31700397722E-16,-0.957826285221)
  );
#5788 = ORIENTED_EDGE('',*,*,#5789,.T.);
#5789 = EDGE_CURVE('',#5782,#5790,#5792,.T.);
#5790 = VERTEX_POINT('',#5791);
#5791 = CARTESIAN_POINT('',(-0.425000733956,-0.35,-1.583330886814));
#5792 = CIRCLE('',#5793,0.29);
#5793 = AXIS2_PLACEMENT_3D('',#5794,#5795,#5796);
#5794 = CARTESIAN_POINT('',(-0.147231111242,-0.35,-1.5));
#5795 = DIRECTION('',(0.,-1.,-3.330669073875E-16));
#5796 = DIRECTION('',(0.,-3.330669073875E-16,1.));
#5797 = ORIENTED_EDGE('',*,*,#5798,.T.);
#5798 = EDGE_CURVE('',#5790,#5799,#5801,.T.);
#5799 = VERTEX_POINT('',#5800);
#5800 = CARTESIAN_POINT('',(-0.162230377286,-0.35,-2.459232075714));
#5801 = LINE('',#5802,#5803);
#5802 = CARTESIAN_POINT('',(-0.45,-0.35,-1.5));
#5803 = VECTOR('',#5804,1.);
#5804 = DIRECTION('',(0.287347885566,5.31700397722E-16,-0.957826285221)
  );
#5805 = ORIENTED_EDGE('',*,*,#5806,.F.);
#5806 = EDGE_CURVE('',#5807,#5799,#5809,.T.);
#5807 = VERTEX_POINT('',#5808);
#5808 = CARTESIAN_POINT('',(-0.15,-0.35,-2.542562962528));
#5809 = CIRCLE('',#5810,0.29);
#5810 = AXIS2_PLACEMENT_3D('',#5811,#5812,#5813);
#5811 = CARTESIAN_POINT('',(-0.44,-0.35,-2.542562962528));
#5812 = DIRECTION('',(0.,-1.,-3.330669073875E-16));
#5813 = DIRECTION('',(0.,-3.330669073875E-16,1.));
#5814 = ORIENTED_EDGE('',*,*,#5815,.F.);
#5815 = EDGE_CURVE('',#5816,#5807,#5818,.T.);
#5816 = VERTEX_POINT('',#5817);
#5817 = CARTESIAN_POINT('',(-0.15,-0.35,-3.5));
#5818 = LINE('',#5819,#5820);
#5819 = CARTESIAN_POINT('',(-0.15,-0.35,-3.5));
#5820 = VECTOR('',#5821,1.);
#5821 = DIRECTION('',(0.,-5.551115123126E-16,1.));
#5822 = ORIENTED_EDGE('',*,*,#5823,.F.);
#5823 = EDGE_CURVE('',#5824,#5816,#5826,.T.);
#5824 = VERTEX_POINT('',#5825);
#5825 = CARTESIAN_POINT('',(0.15,-0.35,-3.5));
#5826 = LINE('',#5827,#5828);
#5827 = CARTESIAN_POINT('',(0.15,-0.35,-3.5));
#5828 = VECTOR('',#5829,1.);
#5829 = DIRECTION('',(-1.,-0.,0.));
#5830 = ORIENTED_EDGE('',*,*,#5831,.F.);
#5831 = EDGE_CURVE('',#5832,#5824,#5834,.T.);
#5832 = VERTEX_POINT('',#5833);
#5833 = CARTESIAN_POINT('',(0.15,-0.35,-2.542562962528));
#5834 = LINE('',#5835,#5836);
#5835 = CARTESIAN_POINT('',(0.15,-0.35,-2.5));
#5836 = VECTOR('',#5837,1.);
#5837 = DIRECTION('',(0.,5.551115123126E-16,-1.));
#5838 = ORIENTED_EDGE('',*,*,#5839,.F.);
#5839 = EDGE_CURVE('',#5840,#5832,#5842,.T.);
#5840 = VERTEX_POINT('',#5841);
#5841 = CARTESIAN_POINT('',(0.137769622714,-0.35,-2.459232075714));
#5842 = CIRCLE('',#5843,0.29);
#5843 = AXIS2_PLACEMENT_3D('',#5844,#5845,#5846);
#5844 = CARTESIAN_POINT('',(-0.14,-0.35,-2.542562962528));
#5845 = DIRECTION('',(-0.,1.,3.330669073875E-16));
#5846 = DIRECTION('',(0.,-3.330669073875E-16,1.));
#5847 = ORIENTED_EDGE('',*,*,#5848,.T.);
#5848 = EDGE_CURVE('',#5840,#5849,#5851,.T.);
#5849 = VERTEX_POINT('',#5850);
#5850 = CARTESIAN_POINT('',(-0.125000733956,-0.35,-1.583330886814));
#5851 = LINE('',#5852,#5853);
#5852 = CARTESIAN_POINT('',(0.15,-0.35,-2.5));
#5853 = VECTOR('',#5854,1.);
#5854 = DIRECTION('',(-0.287347885566,-5.31700397722E-16,0.957826285221)
  );
#5855 = ORIENTED_EDGE('',*,*,#5856,.F.);
#5856 = EDGE_CURVE('',#5857,#5849,#5859,.T.);
#5857 = VERTEX_POINT('',#5858);
#5858 = CARTESIAN_POINT('',(-0.125000733956,-0.35,-1.416669113186));
#5859 = CIRCLE('',#5860,0.29);
#5860 = AXIS2_PLACEMENT_3D('',#5861,#5862,#5863);
#5861 = CARTESIAN_POINT('',(0.152768888758,-0.35,-1.5));
#5862 = DIRECTION('',(0.,-1.,-3.330669073875E-16));
#5863 = DIRECTION('',(0.,-3.330669073875E-16,1.));
#5864 = ORIENTED_EDGE('',*,*,#5865,.T.);
#5865 = EDGE_CURVE('',#5857,#5866,#5868,.T.);
#5866 = VERTEX_POINT('',#5867);
#5867 = CARTESIAN_POINT('',(0.137769622714,-0.35,-0.540767924286));
#5868 = LINE('',#5869,#5870);
#5869 = CARTESIAN_POINT('',(-0.15,-0.35,-1.5));
#5870 = VECTOR('',#5871,1.);
#5871 = DIRECTION('',(0.287347885566,-5.31700397722E-16,0.957826285221)
  );
#5872 = ORIENTED_EDGE('',*,*,#5873,.F.);
#5873 = EDGE_CURVE('',#5874,#5866,#5876,.T.);
#5874 = VERTEX_POINT('',#5875);
#5875 = CARTESIAN_POINT('',(0.15,-0.35,-0.457437037472));
#5876 = CIRCLE('',#5877,0.29);
#5877 = AXIS2_PLACEMENT_3D('',#5878,#5879,#5880);
#5878 = CARTESIAN_POINT('',(-0.14,-0.35,-0.457437037472));
#5879 = DIRECTION('',(-0.,1.,3.330669073875E-16));
#5880 = DIRECTION('',(0.,-3.330669073875E-16,1.));
#5881 = ORIENTED_EDGE('',*,*,#5882,.F.);
#5882 = EDGE_CURVE('',#5316,#5874,#5883,.T.);
#5883 = LINE('',#5884,#5885);
#5884 = CARTESIAN_POINT('',(0.15,-0.35,1.5));
#5885 = VECTOR('',#5886,1.);
#5886 = DIRECTION('',(0.,5.551115123126E-16,-1.));
#5887 = ORIENTED_EDGE('',*,*,#5323,.F.);
#5888 = ORIENTED_EDGE('',*,*,#5755,.F.);
#5889 = ORIENTED_EDGE('',*,*,#5890,.F.);
#5890 = EDGE_CURVE('',#5891,#5756,#5893,.T.);
#5891 = VERTEX_POINT('',#5892);
#5892 = CARTESIAN_POINT('',(-0.15,-0.35,1.21));
#5893 = CIRCLE('',#5894,0.29);
#5894 = AXIS2_PLACEMENT_3D('',#5895,#5896,#5897);
#5895 = CARTESIAN_POINT('',(0.14,-0.35,1.21));
#5896 = DIRECTION('',(-0.,1.,3.330669073875E-16));
#5897 = DIRECTION('',(0.,-3.330669073875E-16,1.));
#5898 = ORIENTED_EDGE('',*,*,#5899,.F.);
#5899 = EDGE_CURVE('',#5900,#5891,#5902,.T.);
#5900 = VERTEX_POINT('',#5901);
#5901 = CARTESIAN_POINT('',(-0.15,-0.35,-0.457437037472));
#5902 = LINE('',#5903,#5904);
#5903 = CARTESIAN_POINT('',(-0.15,-0.35,-0.5));
#5904 = VECTOR('',#5905,1.);
#5905 = DIRECTION('',(0.,-5.551115123126E-16,1.));
#5906 = ORIENTED_EDGE('',*,*,#5907,.F.);
#5907 = EDGE_CURVE('',#5780,#5900,#5908,.T.);
#5908 = CIRCLE('',#5909,0.29);
#5909 = AXIS2_PLACEMENT_3D('',#5910,#5911,#5912);
#5910 = CARTESIAN_POINT('',(-0.44,-0.35,-0.457437037472));
#5911 = DIRECTION('',(0.,-1.,-3.330669073875E-16));
#5912 = DIRECTION('',(0.,-3.330669073875E-16,1.));
#5913 = PLANE('',#5914);
#5914 = AXIS2_PLACEMENT_3D('',#5915,#5916,#5917);
#5915 = CARTESIAN_POINT('',(-0.15,-0.35,-0.5));
#5916 = DIRECTION('',(1.64346021921E-31,-1.,-5.551115123126E-16));
#5917 = DIRECTION('',(0.,5.551115123126E-16,-1.));
#5918 = ADVANCED_FACE('',(#5919),#6063,.T.);
#5919 = FACE_BOUND('',#5920,.T.);
#5920 = EDGE_LOOP('',(#5921,#5931,#5940,#5948,#5957,#5965,#5973,#5981,
    #5990,#5998,#6007,#6015,#6024,#6030,#6031,#6039,#6048,#6056));
#5921 = ORIENTED_EDGE('',*,*,#5922,.T.);
#5922 = EDGE_CURVE('',#5923,#5925,#5927,.T.);
#5923 = VERTEX_POINT('',#5924);
#5924 = CARTESIAN_POINT('',(-0.162230377286,-4.85,-0.540767924286));
#5925 = VERTEX_POINT('',#5926);
#5926 = CARTESIAN_POINT('',(-0.425000733956,-4.85,-1.416669113186));
#5927 = LINE('',#5928,#5929);
#5928 = CARTESIAN_POINT('',(-0.15,-4.85,-0.5));
#5929 = VECTOR('',#5930,1.);
#5930 = DIRECTION('',(-0.287347885566,5.31700397722E-16,-0.957826285221)
  );
#5931 = ORIENTED_EDGE('',*,*,#5932,.T.);
#5932 = EDGE_CURVE('',#5925,#5933,#5935,.T.);
#5933 = VERTEX_POINT('',#5934);
#5934 = CARTESIAN_POINT('',(-0.425000733956,-4.85,-1.583330886814));
#5935 = CIRCLE('',#5936,0.29);
#5936 = AXIS2_PLACEMENT_3D('',#5937,#5938,#5939);
#5937 = CARTESIAN_POINT('',(-0.147231111242,-4.85,-1.5));
#5938 = DIRECTION('',(0.,-1.,-3.330669073875E-16));
#5939 = DIRECTION('',(0.,-3.330669073875E-16,1.));
#5940 = ORIENTED_EDGE('',*,*,#5941,.T.);
#5941 = EDGE_CURVE('',#5933,#5942,#5944,.T.);
#5942 = VERTEX_POINT('',#5943);
#5943 = CARTESIAN_POINT('',(-0.162230377286,-4.85,-2.459232075714));
#5944 = LINE('',#5945,#5946);
#5945 = CARTESIAN_POINT('',(-0.45,-4.85,-1.5));
#5946 = VECTOR('',#5947,1.);
#5947 = DIRECTION('',(0.287347885566,5.31700397722E-16,-0.957826285221)
  );
#5948 = ORIENTED_EDGE('',*,*,#5949,.F.);
#5949 = EDGE_CURVE('',#5950,#5942,#5952,.T.);
#5950 = VERTEX_POINT('',#5951);
#5951 = CARTESIAN_POINT('',(-0.15,-4.85,-2.542562962528));
#5952 = CIRCLE('',#5953,0.29);
#5953 = AXIS2_PLACEMENT_3D('',#5954,#5955,#5956);
#5954 = CARTESIAN_POINT('',(-0.44,-4.85,-2.542562962528));
#5955 = DIRECTION('',(0.,-1.,-3.330669073875E-16));
#5956 = DIRECTION('',(0.,-3.330669073875E-16,1.));
#5957 = ORIENTED_EDGE('',*,*,#5958,.F.);
#5958 = EDGE_CURVE('',#5959,#5950,#5961,.T.);
#5959 = VERTEX_POINT('',#5960);
#5960 = CARTESIAN_POINT('',(-0.15,-4.85,-3.5));
#5961 = LINE('',#5962,#5963);
#5962 = CARTESIAN_POINT('',(-0.15,-4.85,-3.5));
#5963 = VECTOR('',#5964,1.);
#5964 = DIRECTION('',(0.,-5.551115123126E-16,1.));
#5965 = ORIENTED_EDGE('',*,*,#5966,.F.);
#5966 = EDGE_CURVE('',#5967,#5959,#5969,.T.);
#5967 = VERTEX_POINT('',#5968);
#5968 = CARTESIAN_POINT('',(0.15,-4.85,-3.5));
#5969 = LINE('',#5970,#5971);
#5970 = CARTESIAN_POINT('',(0.15,-4.85,-3.5));
#5971 = VECTOR('',#5972,1.);
#5972 = DIRECTION('',(-1.,-0.,0.));
#5973 = ORIENTED_EDGE('',*,*,#5974,.F.);
#5974 = EDGE_CURVE('',#5975,#5967,#5977,.T.);
#5975 = VERTEX_POINT('',#5976);
#5976 = CARTESIAN_POINT('',(0.15,-4.85,-2.542562962528));
#5977 = LINE('',#5978,#5979);
#5978 = CARTESIAN_POINT('',(0.15,-4.85,-2.5));
#5979 = VECTOR('',#5980,1.);
#5980 = DIRECTION('',(0.,5.551115123126E-16,-1.));
#5981 = ORIENTED_EDGE('',*,*,#5982,.F.);
#5982 = EDGE_CURVE('',#5983,#5975,#5985,.T.);
#5983 = VERTEX_POINT('',#5984);
#5984 = CARTESIAN_POINT('',(0.137769622714,-4.85,-2.459232075714));
#5985 = CIRCLE('',#5986,0.29);
#5986 = AXIS2_PLACEMENT_3D('',#5987,#5988,#5989);
#5987 = CARTESIAN_POINT('',(-0.14,-4.85,-2.542562962528));
#5988 = DIRECTION('',(-0.,1.,3.330669073875E-16));
#5989 = DIRECTION('',(0.,-3.330669073875E-16,1.));
#5990 = ORIENTED_EDGE('',*,*,#5991,.T.);
#5991 = EDGE_CURVE('',#5983,#5992,#5994,.T.);
#5992 = VERTEX_POINT('',#5993);
#5993 = CARTESIAN_POINT('',(-0.125000733956,-4.85,-1.583330886814));
#5994 = LINE('',#5995,#5996);
#5995 = CARTESIAN_POINT('',(0.15,-4.85,-2.5));
#5996 = VECTOR('',#5997,1.);
#5997 = DIRECTION('',(-0.287347885566,-5.31700397722E-16,0.957826285221)
  );
#5998 = ORIENTED_EDGE('',*,*,#5999,.F.);
#5999 = EDGE_CURVE('',#6000,#5992,#6002,.T.);
#6000 = VERTEX_POINT('',#6001);
#6001 = CARTESIAN_POINT('',(-0.125000733956,-4.85,-1.416669113186));
#6002 = CIRCLE('',#6003,0.29);
#6003 = AXIS2_PLACEMENT_3D('',#6004,#6005,#6006);
#6004 = CARTESIAN_POINT('',(0.152768888758,-4.85,-1.5));
#6005 = DIRECTION('',(0.,-1.,-3.330669073875E-16));
#6006 = DIRECTION('',(0.,-3.330669073875E-16,1.));
#6007 = ORIENTED_EDGE('',*,*,#6008,.T.);
#6008 = EDGE_CURVE('',#6000,#6009,#6011,.T.);
#6009 = VERTEX_POINT('',#6010);
#6010 = CARTESIAN_POINT('',(0.137769622714,-4.85,-0.540767924286));
#6011 = LINE('',#6012,#6013);
#6012 = CARTESIAN_POINT('',(-0.15,-4.85,-1.5));
#6013 = VECTOR('',#6014,1.);
#6014 = DIRECTION('',(0.287347885566,-5.31700397722E-16,0.957826285221)
  );
#6015 = ORIENTED_EDGE('',*,*,#6016,.F.);
#6016 = EDGE_CURVE('',#6017,#6009,#6019,.T.);
#6017 = VERTEX_POINT('',#6018);
#6018 = CARTESIAN_POINT('',(0.15,-4.85,-0.457437037472));
#6019 = CIRCLE('',#6020,0.29);
#6020 = AXIS2_PLACEMENT_3D('',#6021,#6022,#6023);
#6021 = CARTESIAN_POINT('',(-0.14,-4.85,-0.457437037472));
#6022 = DIRECTION('',(-0.,1.,3.330669073875E-16));
#6023 = DIRECTION('',(0.,-3.330669073875E-16,1.));
#6024 = ORIENTED_EDGE('',*,*,#6025,.F.);
#6025 = EDGE_CURVE('',#5284,#6017,#6026,.T.);
#6026 = LINE('',#6027,#6028);
#6027 = CARTESIAN_POINT('',(0.15,-4.85,1.5));
#6028 = VECTOR('',#6029,1.);
#6029 = DIRECTION('',(0.,5.551115123126E-16,-1.));
#6030 = ORIENTED_EDGE('',*,*,#5291,.F.);
#6031 = ORIENTED_EDGE('',*,*,#6032,.F.);
#6032 = EDGE_CURVE('',#6033,#5292,#6035,.T.);
#6033 = VERTEX_POINT('',#6034);
#6034 = CARTESIAN_POINT('',(0.14,-4.85,1.5));
#6035 = LINE('',#6036,#6037);
#6036 = CARTESIAN_POINT('',(-0.15,-4.85,1.5));
#6037 = VECTOR('',#6038,1.);
#6038 = DIRECTION('',(1.,0.,0.));
#6039 = ORIENTED_EDGE('',*,*,#6040,.F.);
#6040 = EDGE_CURVE('',#6041,#6033,#6043,.T.);
#6041 = VERTEX_POINT('',#6042);
#6042 = CARTESIAN_POINT('',(-0.15,-4.85,1.21));
#6043 = CIRCLE('',#6044,0.29);
#6044 = AXIS2_PLACEMENT_3D('',#6045,#6046,#6047);
#6045 = CARTESIAN_POINT('',(0.14,-4.85,1.21));
#6046 = DIRECTION('',(-0.,1.,3.330669073875E-16));
#6047 = DIRECTION('',(0.,-3.330669073875E-16,1.));
#6048 = ORIENTED_EDGE('',*,*,#6049,.F.);
#6049 = EDGE_CURVE('',#6050,#6041,#6052,.T.);
#6050 = VERTEX_POINT('',#6051);
#6051 = CARTESIAN_POINT('',(-0.15,-4.85,-0.457437037472));
#6052 = LINE('',#6053,#6054);
#6053 = CARTESIAN_POINT('',(-0.15,-4.85,-0.5));
#6054 = VECTOR('',#6055,1.);
#6055 = DIRECTION('',(0.,-5.551115123126E-16,1.));
#6056 = ORIENTED_EDGE('',*,*,#6057,.F.);
#6057 = EDGE_CURVE('',#5923,#6050,#6058,.T.);
#6058 = CIRCLE('',#6059,0.29);
#6059 = AXIS2_PLACEMENT_3D('',#6060,#6061,#6062);
#6060 = CARTESIAN_POINT('',(-0.44,-4.85,-0.457437037472));
#6061 = DIRECTION('',(0.,-1.,-3.330669073875E-16));
#6062 = DIRECTION('',(0.,-3.330669073875E-16,1.));
#6063 = PLANE('',#6064);
#6064 = AXIS2_PLACEMENT_3D('',#6065,#6066,#6067);
#6065 = CARTESIAN_POINT('',(-0.15,-4.85,-0.5));
#6066 = DIRECTION('',(0.,-1.,-3.330669073875E-16));
#6067 = DIRECTION('',(0.,3.330669073875E-16,-1.));
#6068 = ADVANCED_FACE('',(#6069),#6213,.F.);
#6069 = FACE_BOUND('',#6070,.F.);
#6070 = EDGE_LOOP('',(#6071,#6081,#6090,#6098,#6107,#6115,#6123,#6131,
    #6140,#6148,#6157,#6165,#6174,#6180,#6181,#6189,#6198,#6206));
#6071 = ORIENTED_EDGE('',*,*,#6072,.T.);
#6072 = EDGE_CURVE('',#6073,#6075,#6077,.T.);
#6073 = VERTEX_POINT('',#6074);
#6074 = CARTESIAN_POINT('',(-0.162230377286,-4.15,-0.540767924286));
#6075 = VERTEX_POINT('',#6076);
#6076 = CARTESIAN_POINT('',(-0.425000733956,-4.15,-1.416669113186));
#6077 = LINE('',#6078,#6079);
#6078 = CARTESIAN_POINT('',(-0.15,-4.15,-0.5));
#6079 = VECTOR('',#6080,1.);
#6080 = DIRECTION('',(-0.287347885566,5.31700397722E-16,-0.957826285221)
  );
#6081 = ORIENTED_EDGE('',*,*,#6082,.T.);
#6082 = EDGE_CURVE('',#6075,#6083,#6085,.T.);
#6083 = VERTEX_POINT('',#6084);
#6084 = CARTESIAN_POINT('',(-0.425000733956,-4.15,-1.583330886814));
#6085 = CIRCLE('',#6086,0.29);
#6086 = AXIS2_PLACEMENT_3D('',#6087,#6088,#6089);
#6087 = CARTESIAN_POINT('',(-0.147231111242,-4.15,-1.5));
#6088 = DIRECTION('',(0.,-1.,-3.330669073875E-16));
#6089 = DIRECTION('',(0.,-3.330669073875E-16,1.));
#6090 = ORIENTED_EDGE('',*,*,#6091,.T.);
#6091 = EDGE_CURVE('',#6083,#6092,#6094,.T.);
#6092 = VERTEX_POINT('',#6093);
#6093 = CARTESIAN_POINT('',(-0.162230377286,-4.15,-2.459232075714));
#6094 = LINE('',#6095,#6096);
#6095 = CARTESIAN_POINT('',(-0.45,-4.15,-1.5));
#6096 = VECTOR('',#6097,1.);
#6097 = DIRECTION('',(0.287347885566,5.31700397722E-16,-0.957826285221)
  );
#6098 = ORIENTED_EDGE('',*,*,#6099,.F.);
#6099 = EDGE_CURVE('',#6100,#6092,#6102,.T.);
#6100 = VERTEX_POINT('',#6101);
#6101 = CARTESIAN_POINT('',(-0.15,-4.15,-2.542562962528));
#6102 = CIRCLE('',#6103,0.29);
#6103 = AXIS2_PLACEMENT_3D('',#6104,#6105,#6106);
#6104 = CARTESIAN_POINT('',(-0.44,-4.15,-2.542562962528));
#6105 = DIRECTION('',(0.,-1.,-3.330669073875E-16));
#6106 = DIRECTION('',(0.,-3.330669073875E-16,1.));
#6107 = ORIENTED_EDGE('',*,*,#6108,.F.);
#6108 = EDGE_CURVE('',#6109,#6100,#6111,.T.);
#6109 = VERTEX_POINT('',#6110);
#6110 = CARTESIAN_POINT('',(-0.15,-4.15,-3.5));
#6111 = LINE('',#6112,#6113);
#6112 = CARTESIAN_POINT('',(-0.15,-4.15,-3.5));
#6113 = VECTOR('',#6114,1.);
#6114 = DIRECTION('',(0.,-5.551115123126E-16,1.));
#6115 = ORIENTED_EDGE('',*,*,#6116,.F.);
#6116 = EDGE_CURVE('',#6117,#6109,#6119,.T.);
#6117 = VERTEX_POINT('',#6118);
#6118 = CARTESIAN_POINT('',(0.15,-4.15,-3.5));
#6119 = LINE('',#6120,#6121);
#6120 = CARTESIAN_POINT('',(0.15,-4.15,-3.5));
#6121 = VECTOR('',#6122,1.);
#6122 = DIRECTION('',(-1.,-0.,0.));
#6123 = ORIENTED_EDGE('',*,*,#6124,.F.);
#6124 = EDGE_CURVE('',#6125,#6117,#6127,.T.);
#6125 = VERTEX_POINT('',#6126);
#6126 = CARTESIAN_POINT('',(0.15,-4.15,-2.542562962528));
#6127 = LINE('',#6128,#6129);
#6128 = CARTESIAN_POINT('',(0.15,-4.15,-2.5));
#6129 = VECTOR('',#6130,1.);
#6130 = DIRECTION('',(0.,5.551115123126E-16,-1.));
#6131 = ORIENTED_EDGE('',*,*,#6132,.F.);
#6132 = EDGE_CURVE('',#6133,#6125,#6135,.T.);
#6133 = VERTEX_POINT('',#6134);
#6134 = CARTESIAN_POINT('',(0.137769622714,-4.15,-2.459232075714));
#6135 = CIRCLE('',#6136,0.29);
#6136 = AXIS2_PLACEMENT_3D('',#6137,#6138,#6139);
#6137 = CARTESIAN_POINT('',(-0.14,-4.15,-2.542562962528));
#6138 = DIRECTION('',(-0.,1.,3.330669073875E-16));
#6139 = DIRECTION('',(0.,-3.330669073875E-16,1.));
#6140 = ORIENTED_EDGE('',*,*,#6141,.T.);
#6141 = EDGE_CURVE('',#6133,#6142,#6144,.T.);
#6142 = VERTEX_POINT('',#6143);
#6143 = CARTESIAN_POINT('',(-0.125000733956,-4.15,-1.583330886814));
#6144 = LINE('',#6145,#6146);
#6145 = CARTESIAN_POINT('',(0.15,-4.15,-2.5));
#6146 = VECTOR('',#6147,1.);
#6147 = DIRECTION('',(-0.287347885566,-5.31700397722E-16,0.957826285221)
  );
#6148 = ORIENTED_EDGE('',*,*,#6149,.F.);
#6149 = EDGE_CURVE('',#6150,#6142,#6152,.T.);
#6150 = VERTEX_POINT('',#6151);
#6151 = CARTESIAN_POINT('',(-0.125000733956,-4.15,-1.416669113186));
#6152 = CIRCLE('',#6153,0.29);
#6153 = AXIS2_PLACEMENT_3D('',#6154,#6155,#6156);
#6154 = CARTESIAN_POINT('',(0.152768888758,-4.15,-1.5));
#6155 = DIRECTION('',(0.,-1.,-3.330669073875E-16));
#6156 = DIRECTION('',(0.,-3.330669073875E-16,1.));
#6157 = ORIENTED_EDGE('',*,*,#6158,.T.);
#6158 = EDGE_CURVE('',#6150,#6159,#6161,.T.);
#6159 = VERTEX_POINT('',#6160);
#6160 = CARTESIAN_POINT('',(0.137769622714,-4.15,-0.540767924286));
#6161 = LINE('',#6162,#6163);
#6162 = CARTESIAN_POINT('',(-0.15,-4.15,-1.5));
#6163 = VECTOR('',#6164,1.);
#6164 = DIRECTION('',(0.287347885566,-5.31700397722E-16,0.957826285221)
  );
#6165 = ORIENTED_EDGE('',*,*,#6166,.F.);
#6166 = EDGE_CURVE('',#6167,#6159,#6169,.T.);
#6167 = VERTEX_POINT('',#6168);
#6168 = CARTESIAN_POINT('',(0.15,-4.15,-0.457437037472));
#6169 = CIRCLE('',#6170,0.29);
#6170 = AXIS2_PLACEMENT_3D('',#6171,#6172,#6173);
#6171 = CARTESIAN_POINT('',(-0.14,-4.15,-0.457437037472));
#6172 = DIRECTION('',(-0.,1.,3.330669073875E-16));
#6173 = DIRECTION('',(0.,-3.330669073875E-16,1.));
#6174 = ORIENTED_EDGE('',*,*,#6175,.F.);
#6175 = EDGE_CURVE('',#5308,#6167,#6176,.T.);
#6176 = LINE('',#6177,#6178);
#6177 = CARTESIAN_POINT('',(0.15,-4.15,1.5));
#6178 = VECTOR('',#6179,1.);
#6179 = DIRECTION('',(0.,5.551115123126E-16,-1.));
#6180 = ORIENTED_EDGE('',*,*,#5307,.F.);
#6181 = ORIENTED_EDGE('',*,*,#6182,.F.);
#6182 = EDGE_CURVE('',#6183,#5300,#6185,.T.);
#6183 = VERTEX_POINT('',#6184);
#6184 = CARTESIAN_POINT('',(0.14,-4.15,1.5));
#6185 = LINE('',#6186,#6187);
#6186 = CARTESIAN_POINT('',(-0.15,-4.15,1.5));
#6187 = VECTOR('',#6188,1.);
#6188 = DIRECTION('',(1.,0.,0.));
#6189 = ORIENTED_EDGE('',*,*,#6190,.F.);
#6190 = EDGE_CURVE('',#6191,#6183,#6193,.T.);
#6191 = VERTEX_POINT('',#6192);
#6192 = CARTESIAN_POINT('',(-0.15,-4.15,1.21));
#6193 = CIRCLE('',#6194,0.29);
#6194 = AXIS2_PLACEMENT_3D('',#6195,#6196,#6197);
#6195 = CARTESIAN_POINT('',(0.14,-4.15,1.21));
#6196 = DIRECTION('',(-0.,1.,3.330669073875E-16));
#6197 = DIRECTION('',(0.,-3.330669073875E-16,1.));
#6198 = ORIENTED_EDGE('',*,*,#6199,.F.);
#6199 = EDGE_CURVE('',#6200,#6191,#6202,.T.);
#6200 = VERTEX_POINT('',#6201);
#6201 = CARTESIAN_POINT('',(-0.15,-4.15,-0.457437037472));
#6202 = LINE('',#6203,#6204);
#6203 = CARTESIAN_POINT('',(-0.15,-4.15,-0.5));
#6204 = VECTOR('',#6205,1.);
#6205 = DIRECTION('',(0.,-5.551115123126E-16,1.));
#6206 = ORIENTED_EDGE('',*,*,#6207,.F.);
#6207 = EDGE_CURVE('',#6073,#6200,#6208,.T.);
#6208 = CIRCLE('',#6209,0.29);
#6209 = AXIS2_PLACEMENT_3D('',#6210,#6211,#6212);
#6210 = CARTESIAN_POINT('',(-0.44,-4.15,-0.457437037472));
#6211 = DIRECTION('',(0.,-1.,-3.330669073875E-16));
#6212 = DIRECTION('',(0.,-3.330669073875E-16,1.));
#6213 = PLANE('',#6214);
#6214 = AXIS2_PLACEMENT_3D('',#6215,#6216,#6217);
#6215 = CARTESIAN_POINT('',(-0.15,-4.15,-0.5));
#6216 = DIRECTION('',(0.,-1.,-3.330669073875E-16));
#6217 = DIRECTION('',(0.,3.330669073875E-16,-1.));
#6218 = ADVANCED_FACE('',(#6219),#6230,.F.);
#6219 = FACE_BOUND('',#6220,.F.);
#6220 = EDGE_LOOP('',(#6221,#6222,#6228,#6229));
#6221 = ORIENTED_EDGE('',*,*,#6032,.F.);
#6222 = ORIENTED_EDGE('',*,*,#6223,.T.);
#6223 = EDGE_CURVE('',#6033,#6183,#6224,.T.);
#6224 = LINE('',#6225,#6226);
#6225 = CARTESIAN_POINT('',(0.14,-4.85,1.5));
#6226 = VECTOR('',#6227,1.);
#6227 = DIRECTION('',(0.,1.,3.330669073875E-16));
#6228 = ORIENTED_EDGE('',*,*,#6182,.T.);
#6229 = ORIENTED_EDGE('',*,*,#5299,.F.);
#6230 = PLANE('',#6231);
#6231 = AXIS2_PLACEMENT_3D('',#6232,#6233,#6234);
#6232 = CARTESIAN_POINT('',(-0.15,-4.85,1.5));
#6233 = DIRECTION('',(0.,3.330669073875E-16,-1.));
#6234 = DIRECTION('',(1.,0.,0.));
#6235 = ADVANCED_FACE('',(#6236),#6380,.F.);
#6236 = FACE_BOUND('',#6237,.F.);
#6237 = EDGE_LOOP('',(#6238,#6248,#6257,#6265,#6274,#6282,#6290,#6298,
    #6307,#6315,#6324,#6332,#6341,#6347,#6348,#6356,#6365,#6373));
#6238 = ORIENTED_EDGE('',*,*,#6239,.T.);
#6239 = EDGE_CURVE('',#6240,#6242,#6244,.T.);
#6240 = VERTEX_POINT('',#6241);
#6241 = CARTESIAN_POINT('',(6.462230377286,-4.85,-0.540767924286));
#6242 = VERTEX_POINT('',#6243);
#6243 = CARTESIAN_POINT('',(6.725000733956,-4.85,-1.416669113186));
#6244 = LINE('',#6245,#6246);
#6245 = CARTESIAN_POINT('',(6.45,-4.85,-0.5));
#6246 = VECTOR('',#6247,1.);
#6247 = DIRECTION('',(0.287347885566,5.31700397722E-16,-0.957826285221)
  );
#6248 = ORIENTED_EDGE('',*,*,#6249,.T.);
#6249 = EDGE_CURVE('',#6242,#6250,#6252,.T.);
#6250 = VERTEX_POINT('',#6251);
#6251 = CARTESIAN_POINT('',(6.725000733956,-4.85,-1.583330886814));
#6252 = CIRCLE('',#6253,0.29);
#6253 = AXIS2_PLACEMENT_3D('',#6254,#6255,#6256);
#6254 = CARTESIAN_POINT('',(6.447231111242,-4.85,-1.5));
#6255 = DIRECTION('',(-0.,1.,3.330669073875E-16));
#6256 = DIRECTION('',(0.,-3.330669073875E-16,1.));
#6257 = ORIENTED_EDGE('',*,*,#6258,.T.);
#6258 = EDGE_CURVE('',#6250,#6259,#6261,.T.);
#6259 = VERTEX_POINT('',#6260);
#6260 = CARTESIAN_POINT('',(6.462230377286,-4.85,-2.459232075714));
#6261 = LINE('',#6262,#6263);
#6262 = CARTESIAN_POINT('',(6.75,-4.85,-1.5));
#6263 = VECTOR('',#6264,1.);
#6264 = DIRECTION('',(-0.287347885566,5.31700397722E-16,-0.957826285221)
  );
#6265 = ORIENTED_EDGE('',*,*,#6266,.F.);
#6266 = EDGE_CURVE('',#6267,#6259,#6269,.T.);
#6267 = VERTEX_POINT('',#6268);
#6268 = CARTESIAN_POINT('',(6.45,-4.85,-2.542562962528));
#6269 = CIRCLE('',#6270,0.29);
#6270 = AXIS2_PLACEMENT_3D('',#6271,#6272,#6273);
#6271 = CARTESIAN_POINT('',(6.74,-4.85,-2.542562962528));
#6272 = DIRECTION('',(-0.,1.,3.330669073875E-16));
#6273 = DIRECTION('',(0.,-3.330669073875E-16,1.));
#6274 = ORIENTED_EDGE('',*,*,#6275,.F.);
#6275 = EDGE_CURVE('',#6276,#6267,#6278,.T.);
#6276 = VERTEX_POINT('',#6277);
#6277 = CARTESIAN_POINT('',(6.45,-4.85,-3.5));
#6278 = LINE('',#6279,#6280);
#6279 = CARTESIAN_POINT('',(6.45,-4.85,-3.5));
#6280 = VECTOR('',#6281,1.);
#6281 = DIRECTION('',(0.,-5.551115123126E-16,1.));
#6282 = ORIENTED_EDGE('',*,*,#6283,.F.);
#6283 = EDGE_CURVE('',#6284,#6276,#6286,.T.);
#6284 = VERTEX_POINT('',#6285);
#6285 = CARTESIAN_POINT('',(6.15,-4.85,-3.5));
#6286 = LINE('',#6287,#6288);
#6287 = CARTESIAN_POINT('',(6.15,-4.85,-3.5));
#6288 = VECTOR('',#6289,1.);
#6289 = DIRECTION('',(1.,0.,0.));
#6290 = ORIENTED_EDGE('',*,*,#6291,.F.);
#6291 = EDGE_CURVE('',#6292,#6284,#6294,.T.);
#6292 = VERTEX_POINT('',#6293);
#6293 = CARTESIAN_POINT('',(6.15,-4.85,-2.542562962528));
#6294 = LINE('',#6295,#6296);
#6295 = CARTESIAN_POINT('',(6.15,-4.85,-2.5));
#6296 = VECTOR('',#6297,1.);
#6297 = DIRECTION('',(0.,5.551115123126E-16,-1.));
#6298 = ORIENTED_EDGE('',*,*,#6299,.F.);
#6299 = EDGE_CURVE('',#6300,#6292,#6302,.T.);
#6300 = VERTEX_POINT('',#6301);
#6301 = CARTESIAN_POINT('',(6.162230377286,-4.85,-2.459232075714));
#6302 = CIRCLE('',#6303,0.29);
#6303 = AXIS2_PLACEMENT_3D('',#6304,#6305,#6306);
#6304 = CARTESIAN_POINT('',(6.44,-4.85,-2.542562962528));
#6305 = DIRECTION('',(0.,-1.,-3.330669073875E-16));
#6306 = DIRECTION('',(0.,-3.330669073875E-16,1.));
#6307 = ORIENTED_EDGE('',*,*,#6308,.T.);
#6308 = EDGE_CURVE('',#6300,#6309,#6311,.T.);
#6309 = VERTEX_POINT('',#6310);
#6310 = CARTESIAN_POINT('',(6.425000733956,-4.85,-1.583330886814));
#6311 = LINE('',#6312,#6313);
#6312 = CARTESIAN_POINT('',(6.15,-4.85,-2.5));
#6313 = VECTOR('',#6314,1.);
#6314 = DIRECTION('',(0.287347885566,-5.31700397722E-16,0.957826285221)
  );
#6315 = ORIENTED_EDGE('',*,*,#6316,.F.);
#6316 = EDGE_CURVE('',#6317,#6309,#6319,.T.);
#6317 = VERTEX_POINT('',#6318);
#6318 = CARTESIAN_POINT('',(6.425000733956,-4.85,-1.416669113186));
#6319 = CIRCLE('',#6320,0.29);
#6320 = AXIS2_PLACEMENT_3D('',#6321,#6322,#6323);
#6321 = CARTESIAN_POINT('',(6.147231111242,-4.85,-1.5));
#6322 = DIRECTION('',(-0.,1.,3.330669073875E-16));
#6323 = DIRECTION('',(0.,-3.330669073875E-16,1.));
#6324 = ORIENTED_EDGE('',*,*,#6325,.T.);
#6325 = EDGE_CURVE('',#6317,#6326,#6328,.T.);
#6326 = VERTEX_POINT('',#6327);
#6327 = CARTESIAN_POINT('',(6.162230377286,-4.85,-0.540767924286));
#6328 = LINE('',#6329,#6330);
#6329 = CARTESIAN_POINT('',(6.45,-4.85,-1.5));
#6330 = VECTOR('',#6331,1.);
#6331 = DIRECTION('',(-0.287347885566,-5.31700397722E-16,0.957826285221)
  );
#6332 = ORIENTED_EDGE('',*,*,#6333,.F.);
#6333 = EDGE_CURVE('',#6334,#6326,#6336,.T.);
#6334 = VERTEX_POINT('',#6335);
#6335 = CARTESIAN_POINT('',(6.15,-4.85,-0.457437037472));
#6336 = CIRCLE('',#6337,0.29);
#6337 = AXIS2_PLACEMENT_3D('',#6338,#6339,#6340);
#6338 = CARTESIAN_POINT('',(6.44,-4.85,-0.457437037472));
#6339 = DIRECTION('',(0.,-1.,-3.330669073875E-16));
#6340 = DIRECTION('',(0.,-3.330669073875E-16,1.));
#6341 = ORIENTED_EDGE('',*,*,#6342,.F.);
#6342 = EDGE_CURVE('',#5354,#6334,#6343,.T.);
#6343 = LINE('',#6344,#6345);
#6344 = CARTESIAN_POINT('',(6.15,-4.85,1.5));
#6345 = VECTOR('',#6346,1.);
#6346 = DIRECTION('',(0.,5.551115123126E-16,-1.));
#6347 = ORIENTED_EDGE('',*,*,#5427,.F.);
#6348 = ORIENTED_EDGE('',*,*,#6349,.F.);
#6349 = EDGE_CURVE('',#6350,#5420,#6352,.T.);
#6350 = VERTEX_POINT('',#6351);
#6351 = CARTESIAN_POINT('',(6.16,-4.85,1.5));
#6352 = LINE('',#6353,#6354);
#6353 = CARTESIAN_POINT('',(6.45,-4.85,1.5));
#6354 = VECTOR('',#6355,1.);
#6355 = DIRECTION('',(-1.,-0.,0.));
#6356 = ORIENTED_EDGE('',*,*,#6357,.F.);
#6357 = EDGE_CURVE('',#6358,#6350,#6360,.T.);
#6358 = VERTEX_POINT('',#6359);
#6359 = CARTESIAN_POINT('',(6.45,-4.85,1.21));
#6360 = CIRCLE('',#6361,0.29);
#6361 = AXIS2_PLACEMENT_3D('',#6362,#6363,#6364);
#6362 = CARTESIAN_POINT('',(6.16,-4.85,1.21));
#6363 = DIRECTION('',(0.,-1.,-3.330669073875E-16));
#6364 = DIRECTION('',(0.,-3.330669073875E-16,1.));
#6365 = ORIENTED_EDGE('',*,*,#6366,.F.);
#6366 = EDGE_CURVE('',#6367,#6358,#6369,.T.);
#6367 = VERTEX_POINT('',#6368);
#6368 = CARTESIAN_POINT('',(6.45,-4.85,-0.457437037472));
#6369 = LINE('',#6370,#6371);
#6370 = CARTESIAN_POINT('',(6.45,-4.85,-0.5));
#6371 = VECTOR('',#6372,1.);
#6372 = DIRECTION('',(0.,-5.551115123126E-16,1.));
#6373 = ORIENTED_EDGE('',*,*,#6374,.F.);
#6374 = EDGE_CURVE('',#6240,#6367,#6375,.T.);
#6375 = CIRCLE('',#6376,0.29);
#6376 = AXIS2_PLACEMENT_3D('',#6377,#6378,#6379);
#6377 = CARTESIAN_POINT('',(6.74,-4.85,-0.457437037472));
#6378 = DIRECTION('',(-0.,1.,3.330669073875E-16));
#6379 = DIRECTION('',(0.,-3.330669073875E-16,1.));
#6380 = PLANE('',#6381);
#6381 = AXIS2_PLACEMENT_3D('',#6382,#6383,#6384);
#6382 = CARTESIAN_POINT('',(6.45,-4.85,-0.5));
#6383 = DIRECTION('',(0.,1.,3.330669073875E-16));
#6384 = DIRECTION('',(0.,-3.330669073875E-16,1.));
#6385 = ADVANCED_FACE('',(#6386),#6404,.T.);
#6386 = FACE_BOUND('',#6387,.T.);
#6387 = EDGE_LOOP('',(#6388,#6389,#6397,#6403));
#6388 = ORIENTED_EDGE('',*,*,#6349,.F.);
#6389 = ORIENTED_EDGE('',*,*,#6390,.T.);
#6390 = EDGE_CURVE('',#6350,#6391,#6393,.T.);
#6391 = VERTEX_POINT('',#6392);
#6392 = CARTESIAN_POINT('',(6.16,-4.15,1.5));
#6393 = LINE('',#6394,#6395);
#6394 = CARTESIAN_POINT('',(6.16,-4.85,1.5));
#6395 = VECTOR('',#6396,1.);
#6396 = DIRECTION('',(0.,1.,3.330669073875E-16));
#6397 = ORIENTED_EDGE('',*,*,#6398,.T.);
#6398 = EDGE_CURVE('',#6391,#5412,#6399,.T.);
#6399 = LINE('',#6400,#6401);
#6400 = CARTESIAN_POINT('',(6.45,-4.15,1.5));
#6401 = VECTOR('',#6402,1.);
#6402 = DIRECTION('',(-1.,-0.,0.));
#6403 = ORIENTED_EDGE('',*,*,#5419,.F.);
#6404 = PLANE('',#6405);
#6405 = AXIS2_PLACEMENT_3D('',#6406,#6407,#6408);
#6406 = CARTESIAN_POINT('',(6.45,-4.85,1.5));
#6407 = DIRECTION('',(0.,-3.330669073875E-16,1.));
#6408 = DIRECTION('',(-1.,0.,0.));
#6409 = ADVANCED_FACE('',(#6410),#6547,.T.);
#6410 = FACE_BOUND('',#6411,.T.);
#6411 = EDGE_LOOP('',(#6412,#6422,#6431,#6439,#6448,#6456,#6464,#6472,
    #6481,#6489,#6498,#6506,#6515,#6521,#6522,#6523,#6532,#6540));
#6412 = ORIENTED_EDGE('',*,*,#6413,.T.);
#6413 = EDGE_CURVE('',#6414,#6416,#6418,.T.);
#6414 = VERTEX_POINT('',#6415);
#6415 = CARTESIAN_POINT('',(6.462230377286,-4.15,-0.540767924286));
#6416 = VERTEX_POINT('',#6417);
#6417 = CARTESIAN_POINT('',(6.725000733956,-4.15,-1.416669113186));
#6418 = LINE('',#6419,#6420);
#6419 = CARTESIAN_POINT('',(6.45,-4.15,-0.5));
#6420 = VECTOR('',#6421,1.);
#6421 = DIRECTION('',(0.287347885566,5.31700397722E-16,-0.957826285221)
  );
#6422 = ORIENTED_EDGE('',*,*,#6423,.T.);
#6423 = EDGE_CURVE('',#6416,#6424,#6426,.T.);
#6424 = VERTEX_POINT('',#6425);
#6425 = CARTESIAN_POINT('',(6.725000733956,-4.15,-1.583330886814));
#6426 = CIRCLE('',#6427,0.29);
#6427 = AXIS2_PLACEMENT_3D('',#6428,#6429,#6430);
#6428 = CARTESIAN_POINT('',(6.447231111242,-4.15,-1.5));
#6429 = DIRECTION('',(-0.,1.,3.330669073875E-16));
#6430 = DIRECTION('',(0.,-3.330669073875E-16,1.));
#6431 = ORIENTED_EDGE('',*,*,#6432,.T.);
#6432 = EDGE_CURVE('',#6424,#6433,#6435,.T.);
#6433 = VERTEX_POINT('',#6434);
#6434 = CARTESIAN_POINT('',(6.462230377286,-4.15,-2.459232075714));
#6435 = LINE('',#6436,#6437);
#6436 = CARTESIAN_POINT('',(6.75,-4.15,-1.5));
#6437 = VECTOR('',#6438,1.);
#6438 = DIRECTION('',(-0.287347885566,5.31700397722E-16,-0.957826285221)
  );
#6439 = ORIENTED_EDGE('',*,*,#6440,.F.);
#6440 = EDGE_CURVE('',#6441,#6433,#6443,.T.);
#6441 = VERTEX_POINT('',#6442);
#6442 = CARTESIAN_POINT('',(6.45,-4.15,-2.542562962528));
#6443 = CIRCLE('',#6444,0.29);
#6444 = AXIS2_PLACEMENT_3D('',#6445,#6446,#6447);
#6445 = CARTESIAN_POINT('',(6.74,-4.15,-2.542562962528));
#6446 = DIRECTION('',(-0.,1.,3.330669073875E-16));
#6447 = DIRECTION('',(0.,-3.330669073875E-16,1.));
#6448 = ORIENTED_EDGE('',*,*,#6449,.F.);
#6449 = EDGE_CURVE('',#6450,#6441,#6452,.T.);
#6450 = VERTEX_POINT('',#6451);
#6451 = CARTESIAN_POINT('',(6.45,-4.15,-3.5));
#6452 = LINE('',#6453,#6454);
#6453 = CARTESIAN_POINT('',(6.45,-4.15,-3.5));
#6454 = VECTOR('',#6455,1.);
#6455 = DIRECTION('',(0.,-5.551115123126E-16,1.));
#6456 = ORIENTED_EDGE('',*,*,#6457,.F.);
#6457 = EDGE_CURVE('',#6458,#6450,#6460,.T.);
#6458 = VERTEX_POINT('',#6459);
#6459 = CARTESIAN_POINT('',(6.15,-4.15,-3.5));
#6460 = LINE('',#6461,#6462);
#6461 = CARTESIAN_POINT('',(6.15,-4.15,-3.5));
#6462 = VECTOR('',#6463,1.);
#6463 = DIRECTION('',(1.,0.,0.));
#6464 = ORIENTED_EDGE('',*,*,#6465,.F.);
#6465 = EDGE_CURVE('',#6466,#6458,#6468,.T.);
#6466 = VERTEX_POINT('',#6467);
#6467 = CARTESIAN_POINT('',(6.15,-4.15,-2.542562962528));
#6468 = LINE('',#6469,#6470);
#6469 = CARTESIAN_POINT('',(6.15,-4.15,-2.5));
#6470 = VECTOR('',#6471,1.);
#6471 = DIRECTION('',(0.,5.551115123126E-16,-1.));
#6472 = ORIENTED_EDGE('',*,*,#6473,.F.);
#6473 = EDGE_CURVE('',#6474,#6466,#6476,.T.);
#6474 = VERTEX_POINT('',#6475);
#6475 = CARTESIAN_POINT('',(6.162230377286,-4.15,-2.459232075714));
#6476 = CIRCLE('',#6477,0.29);
#6477 = AXIS2_PLACEMENT_3D('',#6478,#6479,#6480);
#6478 = CARTESIAN_POINT('',(6.44,-4.15,-2.542562962528));
#6479 = DIRECTION('',(0.,-1.,-3.330669073875E-16));
#6480 = DIRECTION('',(0.,-3.330669073875E-16,1.));
#6481 = ORIENTED_EDGE('',*,*,#6482,.T.);
#6482 = EDGE_CURVE('',#6474,#6483,#6485,.T.);
#6483 = VERTEX_POINT('',#6484);
#6484 = CARTESIAN_POINT('',(6.425000733956,-4.15,-1.583330886814));
#6485 = LINE('',#6486,#6487);
#6486 = CARTESIAN_POINT('',(6.15,-4.15,-2.5));
#6487 = VECTOR('',#6488,1.);
#6488 = DIRECTION('',(0.287347885566,-5.31700397722E-16,0.957826285221)
  );
#6489 = ORIENTED_EDGE('',*,*,#6490,.F.);
#6490 = EDGE_CURVE('',#6491,#6483,#6493,.T.);
#6491 = VERTEX_POINT('',#6492);
#6492 = CARTESIAN_POINT('',(6.425000733956,-4.15,-1.416669113186));
#6493 = CIRCLE('',#6494,0.29);
#6494 = AXIS2_PLACEMENT_3D('',#6495,#6496,#6497);
#6495 = CARTESIAN_POINT('',(6.147231111242,-4.15,-1.5));
#6496 = DIRECTION('',(-0.,1.,3.330669073875E-16));
#6497 = DIRECTION('',(0.,-3.330669073875E-16,1.));
#6498 = ORIENTED_EDGE('',*,*,#6499,.T.);
#6499 = EDGE_CURVE('',#6491,#6500,#6502,.T.);
#6500 = VERTEX_POINT('',#6501);
#6501 = CARTESIAN_POINT('',(6.162230377286,-4.15,-0.540767924286));
#6502 = LINE('',#6503,#6504);
#6503 = CARTESIAN_POINT('',(6.45,-4.15,-1.5));
#6504 = VECTOR('',#6505,1.);
#6505 = DIRECTION('',(-0.287347885566,-5.31700397722E-16,0.957826285221)
  );
#6506 = ORIENTED_EDGE('',*,*,#6507,.F.);
#6507 = EDGE_CURVE('',#6508,#6500,#6510,.T.);
#6508 = VERTEX_POINT('',#6509);
#6509 = CARTESIAN_POINT('',(6.15,-4.15,-0.457437037472));
#6510 = CIRCLE('',#6511,0.29);
#6511 = AXIS2_PLACEMENT_3D('',#6512,#6513,#6514);
#6512 = CARTESIAN_POINT('',(6.44,-4.15,-0.457437037472));
#6513 = DIRECTION('',(0.,-1.,-3.330669073875E-16));
#6514 = DIRECTION('',(0.,-3.330669073875E-16,1.));
#6515 = ORIENTED_EDGE('',*,*,#6516,.F.);
#6516 = EDGE_CURVE('',#5404,#6508,#6517,.T.);
#6517 = LINE('',#6518,#6519);
#6518 = CARTESIAN_POINT('',(6.15,-4.15,1.5));
#6519 = VECTOR('',#6520,1.);
#6520 = DIRECTION('',(0.,5.551115123126E-16,-1.));
#6521 = ORIENTED_EDGE('',*,*,#5411,.F.);
#6522 = ORIENTED_EDGE('',*,*,#6398,.F.);
#6523 = ORIENTED_EDGE('',*,*,#6524,.F.);
#6524 = EDGE_CURVE('',#6525,#6391,#6527,.T.);
#6525 = VERTEX_POINT('',#6526);
#6526 = CARTESIAN_POINT('',(6.45,-4.15,1.21));
#6527 = CIRCLE('',#6528,0.29);
#6528 = AXIS2_PLACEMENT_3D('',#6529,#6530,#6531);
#6529 = CARTESIAN_POINT('',(6.16,-4.15,1.21));
#6530 = DIRECTION('',(0.,-1.,-3.330669073875E-16));
#6531 = DIRECTION('',(0.,-3.330669073875E-16,1.));
#6532 = ORIENTED_EDGE('',*,*,#6533,.F.);
#6533 = EDGE_CURVE('',#6534,#6525,#6536,.T.);
#6534 = VERTEX_POINT('',#6535);
#6535 = CARTESIAN_POINT('',(6.45,-4.15,-0.457437037472));
#6536 = LINE('',#6537,#6538);
#6537 = CARTESIAN_POINT('',(6.45,-4.15,-0.5));
#6538 = VECTOR('',#6539,1.);
#6539 = DIRECTION('',(0.,-5.551115123126E-16,1.));
#6540 = ORIENTED_EDGE('',*,*,#6541,.F.);
#6541 = EDGE_CURVE('',#6414,#6534,#6542,.T.);
#6542 = CIRCLE('',#6543,0.29);
#6543 = AXIS2_PLACEMENT_3D('',#6544,#6545,#6546);
#6544 = CARTESIAN_POINT('',(6.74,-4.15,-0.457437037472));
#6545 = DIRECTION('',(-0.,1.,3.330669073875E-16));
#6546 = DIRECTION('',(0.,-3.330669073875E-16,1.));
#6547 = PLANE('',#6548);
#6548 = AXIS2_PLACEMENT_3D('',#6549,#6550,#6551);
#6549 = CARTESIAN_POINT('',(6.45,-4.15,-0.5));
#6550 = DIRECTION('',(0.,1.,3.330669073875E-16));
#6551 = DIRECTION('',(0.,-3.330669073875E-16,1.));
#6552 = ADVANCED_FACE('',(#6553),#6697,.T.);
#6553 = FACE_BOUND('',#6554,.T.);
#6554 = EDGE_LOOP('',(#6555,#6565,#6574,#6582,#6591,#6599,#6607,#6615,
    #6624,#6632,#6641,#6649,#6658,#6664,#6665,#6673,#6682,#6690));
#6555 = ORIENTED_EDGE('',*,*,#6556,.T.);
#6556 = EDGE_CURVE('',#6557,#6559,#6561,.T.);
#6557 = VERTEX_POINT('',#6558);
#6558 = CARTESIAN_POINT('',(6.462230377286,0.35,-0.540767924286));
#6559 = VERTEX_POINT('',#6560);
#6560 = CARTESIAN_POINT('',(6.725000733956,0.35,-1.416669113186));
#6561 = LINE('',#6562,#6563);
#6562 = CARTESIAN_POINT('',(6.45,0.35,-0.5));
#6563 = VECTOR('',#6564,1.);
#6564 = DIRECTION('',(0.287347885566,5.31700397722E-16,-0.957826285221)
  );
#6565 = ORIENTED_EDGE('',*,*,#6566,.T.);
#6566 = EDGE_CURVE('',#6559,#6567,#6569,.T.);
#6567 = VERTEX_POINT('',#6568);
#6568 = CARTESIAN_POINT('',(6.725000733956,0.35,-1.583330886814));
#6569 = CIRCLE('',#6570,0.29);
#6570 = AXIS2_PLACEMENT_3D('',#6571,#6572,#6573);
#6571 = CARTESIAN_POINT('',(6.447231111242,0.35,-1.5));
#6572 = DIRECTION('',(-0.,1.,3.330669073875E-16));
#6573 = DIRECTION('',(0.,-3.330669073875E-16,1.));
#6574 = ORIENTED_EDGE('',*,*,#6575,.T.);
#6575 = EDGE_CURVE('',#6567,#6576,#6578,.T.);
#6576 = VERTEX_POINT('',#6577);
#6577 = CARTESIAN_POINT('',(6.462230377286,0.35,-2.459232075714));
#6578 = LINE('',#6579,#6580);
#6579 = CARTESIAN_POINT('',(6.75,0.35,-1.5));
#6580 = VECTOR('',#6581,1.);
#6581 = DIRECTION('',(-0.287347885566,5.31700397722E-16,-0.957826285221)
  );
#6582 = ORIENTED_EDGE('',*,*,#6583,.F.);
#6583 = EDGE_CURVE('',#6584,#6576,#6586,.T.);
#6584 = VERTEX_POINT('',#6585);
#6585 = CARTESIAN_POINT('',(6.45,0.35,-2.542562962528));
#6586 = CIRCLE('',#6587,0.29);
#6587 = AXIS2_PLACEMENT_3D('',#6588,#6589,#6590);
#6588 = CARTESIAN_POINT('',(6.74,0.35,-2.542562962528));
#6589 = DIRECTION('',(-0.,1.,3.330669073875E-16));
#6590 = DIRECTION('',(0.,-3.330669073875E-16,1.));
#6591 = ORIENTED_EDGE('',*,*,#6592,.F.);
#6592 = EDGE_CURVE('',#6593,#6584,#6595,.T.);
#6593 = VERTEX_POINT('',#6594);
#6594 = CARTESIAN_POINT('',(6.45,0.35,-3.5));
#6595 = LINE('',#6596,#6597);
#6596 = CARTESIAN_POINT('',(6.45,0.35,-3.5));
#6597 = VECTOR('',#6598,1.);
#6598 = DIRECTION('',(0.,-5.551115123126E-16,1.));
#6599 = ORIENTED_EDGE('',*,*,#6600,.F.);
#6600 = EDGE_CURVE('',#6601,#6593,#6603,.T.);
#6601 = VERTEX_POINT('',#6602);
#6602 = CARTESIAN_POINT('',(6.15,0.35,-3.5));
#6603 = LINE('',#6604,#6605);
#6604 = CARTESIAN_POINT('',(6.15,0.35,-3.5));
#6605 = VECTOR('',#6606,1.);
#6606 = DIRECTION('',(1.,0.,0.));
#6607 = ORIENTED_EDGE('',*,*,#6608,.F.);
#6608 = EDGE_CURVE('',#6609,#6601,#6611,.T.);
#6609 = VERTEX_POINT('',#6610);
#6610 = CARTESIAN_POINT('',(6.15,0.35,-2.542562962528));
#6611 = LINE('',#6612,#6613);
#6612 = CARTESIAN_POINT('',(6.15,0.35,-2.5));
#6613 = VECTOR('',#6614,1.);
#6614 = DIRECTION('',(0.,5.551115123126E-16,-1.));
#6615 = ORIENTED_EDGE('',*,*,#6616,.F.);
#6616 = EDGE_CURVE('',#6617,#6609,#6619,.T.);
#6617 = VERTEX_POINT('',#6618);
#6618 = CARTESIAN_POINT('',(6.162230377286,0.35,-2.459232075714));
#6619 = CIRCLE('',#6620,0.29);
#6620 = AXIS2_PLACEMENT_3D('',#6621,#6622,#6623);
#6621 = CARTESIAN_POINT('',(6.44,0.35,-2.542562962528));
#6622 = DIRECTION('',(0.,-1.,-3.330669073875E-16));
#6623 = DIRECTION('',(0.,-3.330669073875E-16,1.));
#6624 = ORIENTED_EDGE('',*,*,#6625,.T.);
#6625 = EDGE_CURVE('',#6617,#6626,#6628,.T.);
#6626 = VERTEX_POINT('',#6627);
#6627 = CARTESIAN_POINT('',(6.425000733956,0.35,-1.583330886814));
#6628 = LINE('',#6629,#6630);
#6629 = CARTESIAN_POINT('',(6.15,0.35,-2.5));
#6630 = VECTOR('',#6631,1.);
#6631 = DIRECTION('',(0.287347885566,-5.31700397722E-16,0.957826285221)
  );
#6632 = ORIENTED_EDGE('',*,*,#6633,.F.);
#6633 = EDGE_CURVE('',#6634,#6626,#6636,.T.);
#6634 = VERTEX_POINT('',#6635);
#6635 = CARTESIAN_POINT('',(6.425000733956,0.35,-1.416669113186));
#6636 = CIRCLE('',#6637,0.29);
#6637 = AXIS2_PLACEMENT_3D('',#6638,#6639,#6640);
#6638 = CARTESIAN_POINT('',(6.147231111242,0.35,-1.5));
#6639 = DIRECTION('',(-0.,1.,3.330669073875E-16));
#6640 = DIRECTION('',(0.,-3.330669073875E-16,1.));
#6641 = ORIENTED_EDGE('',*,*,#6642,.T.);
#6642 = EDGE_CURVE('',#6634,#6643,#6645,.T.);
#6643 = VERTEX_POINT('',#6644);
#6644 = CARTESIAN_POINT('',(6.162230377286,0.35,-0.540767924286));
#6645 = LINE('',#6646,#6647);
#6646 = CARTESIAN_POINT('',(6.45,0.35,-1.5));
#6647 = VECTOR('',#6648,1.);
#6648 = DIRECTION('',(-0.287347885566,-5.31700397722E-16,0.957826285221)
  );
#6649 = ORIENTED_EDGE('',*,*,#6650,.F.);
#6650 = EDGE_CURVE('',#6651,#6643,#6653,.T.);
#6651 = VERTEX_POINT('',#6652);
#6652 = CARTESIAN_POINT('',(6.15,0.35,-0.457437037472));
#6653 = CIRCLE('',#6654,0.29);
#6654 = AXIS2_PLACEMENT_3D('',#6655,#6656,#6657);
#6655 = CARTESIAN_POINT('',(6.44,0.35,-0.457437037472));
#6656 = DIRECTION('',(0.,-1.,-3.330669073875E-16));
#6657 = DIRECTION('',(0.,-3.330669073875E-16,1.));
#6658 = ORIENTED_EDGE('',*,*,#6659,.F.);
#6659 = EDGE_CURVE('',#5372,#6651,#6660,.T.);
#6660 = LINE('',#6661,#6662);
#6661 = CARTESIAN_POINT('',(6.15,0.35,1.5));
#6662 = VECTOR('',#6663,1.);
#6663 = DIRECTION('',(0.,5.551115123126E-16,-1.));
#6664 = ORIENTED_EDGE('',*,*,#5379,.F.);
#6665 = ORIENTED_EDGE('',*,*,#6666,.F.);
#6666 = EDGE_CURVE('',#6667,#5380,#6669,.T.);
#6667 = VERTEX_POINT('',#6668);
#6668 = CARTESIAN_POINT('',(6.16,0.35,1.5));
#6669 = LINE('',#6670,#6671);
#6670 = CARTESIAN_POINT('',(6.45,0.35,1.5));
#6671 = VECTOR('',#6672,1.);
#6672 = DIRECTION('',(-1.,-0.,0.));
#6673 = ORIENTED_EDGE('',*,*,#6674,.F.);
#6674 = EDGE_CURVE('',#6675,#6667,#6677,.T.);
#6675 = VERTEX_POINT('',#6676);
#6676 = CARTESIAN_POINT('',(6.45,0.35,1.21));
#6677 = CIRCLE('',#6678,0.29);
#6678 = AXIS2_PLACEMENT_3D('',#6679,#6680,#6681);
#6679 = CARTESIAN_POINT('',(6.16,0.35,1.21));
#6680 = DIRECTION('',(0.,-1.,-3.330669073875E-16));
#6681 = DIRECTION('',(0.,-3.330669073875E-16,1.));
#6682 = ORIENTED_EDGE('',*,*,#6683,.F.);
#6683 = EDGE_CURVE('',#6684,#6675,#6686,.T.);
#6684 = VERTEX_POINT('',#6685);
#6685 = CARTESIAN_POINT('',(6.45,0.35,-0.457437037472));
#6686 = LINE('',#6687,#6688);
#6687 = CARTESIAN_POINT('',(6.45,0.35,-0.5));
#6688 = VECTOR('',#6689,1.);
#6689 = DIRECTION('',(0.,-5.551115123126E-16,1.));
#6690 = ORIENTED_EDGE('',*,*,#6691,.F.);
#6691 = EDGE_CURVE('',#6557,#6684,#6692,.T.);
#6692 = CIRCLE('',#6693,0.29);
#6693 = AXIS2_PLACEMENT_3D('',#6694,#6695,#6696);
#6694 = CARTESIAN_POINT('',(6.74,0.35,-0.457437037472));
#6695 = DIRECTION('',(-0.,1.,3.330669073875E-16));
#6696 = DIRECTION('',(0.,-3.330669073875E-16,1.));
#6697 = PLANE('',#6698);
#6698 = AXIS2_PLACEMENT_3D('',#6699,#6700,#6701);
#6699 = CARTESIAN_POINT('',(6.45,0.35,-0.5));
#6700 = DIRECTION('',(1.64346021921E-31,1.,5.551115123126E-16));
#6701 = DIRECTION('',(0.,-5.551115123126E-16,1.));
#6702 = ADVANCED_FACE('',(#6703),#6847,.F.);
#6703 = FACE_BOUND('',#6704,.F.);
#6704 = EDGE_LOOP('',(#6705,#6715,#6724,#6732,#6741,#6749,#6757,#6765,
    #6774,#6782,#6791,#6799,#6808,#6814,#6815,#6823,#6832,#6840));
#6705 = ORIENTED_EDGE('',*,*,#6706,.T.);
#6706 = EDGE_CURVE('',#6707,#6709,#6711,.T.);
#6707 = VERTEX_POINT('',#6708);
#6708 = CARTESIAN_POINT('',(6.462230377286,-0.35,-0.540767924286));
#6709 = VERTEX_POINT('',#6710);
#6710 = CARTESIAN_POINT('',(6.725000733956,-0.35,-1.416669113186));
#6711 = LINE('',#6712,#6713);
#6712 = CARTESIAN_POINT('',(6.45,-0.35,-0.5));
#6713 = VECTOR('',#6714,1.);
#6714 = DIRECTION('',(0.287347885566,5.31700397722E-16,-0.957826285221)
  );
#6715 = ORIENTED_EDGE('',*,*,#6716,.T.);
#6716 = EDGE_CURVE('',#6709,#6717,#6719,.T.);
#6717 = VERTEX_POINT('',#6718);
#6718 = CARTESIAN_POINT('',(6.725000733956,-0.35,-1.583330886814));
#6719 = CIRCLE('',#6720,0.29);
#6720 = AXIS2_PLACEMENT_3D('',#6721,#6722,#6723);
#6721 = CARTESIAN_POINT('',(6.447231111242,-0.35,-1.5));
#6722 = DIRECTION('',(-0.,1.,3.330669073875E-16));
#6723 = DIRECTION('',(0.,-3.330669073875E-16,1.));
#6724 = ORIENTED_EDGE('',*,*,#6725,.T.);
#6725 = EDGE_CURVE('',#6717,#6726,#6728,.T.);
#6726 = VERTEX_POINT('',#6727);
#6727 = CARTESIAN_POINT('',(6.462230377286,-0.35,-2.459232075714));
#6728 = LINE('',#6729,#6730);
#6729 = CARTESIAN_POINT('',(6.75,-0.35,-1.5));
#6730 = VECTOR('',#6731,1.);
#6731 = DIRECTION('',(-0.287347885566,5.31700397722E-16,-0.957826285221)
  );
#6732 = ORIENTED_EDGE('',*,*,#6733,.F.);
#6733 = EDGE_CURVE('',#6734,#6726,#6736,.T.);
#6734 = VERTEX_POINT('',#6735);
#6735 = CARTESIAN_POINT('',(6.45,-0.35,-2.542562962528));
#6736 = CIRCLE('',#6737,0.29);
#6737 = AXIS2_PLACEMENT_3D('',#6738,#6739,#6740);
#6738 = CARTESIAN_POINT('',(6.74,-0.35,-2.542562962528));
#6739 = DIRECTION('',(-0.,1.,3.330669073875E-16));
#6740 = DIRECTION('',(0.,-3.330669073875E-16,1.));
#6741 = ORIENTED_EDGE('',*,*,#6742,.F.);
#6742 = EDGE_CURVE('',#6743,#6734,#6745,.T.);
#6743 = VERTEX_POINT('',#6744);
#6744 = CARTESIAN_POINT('',(6.45,-0.35,-3.5));
#6745 = LINE('',#6746,#6747);
#6746 = CARTESIAN_POINT('',(6.45,-0.35,-3.5));
#6747 = VECTOR('',#6748,1.);
#6748 = DIRECTION('',(0.,-5.551115123126E-16,1.));
#6749 = ORIENTED_EDGE('',*,*,#6750,.F.);
#6750 = EDGE_CURVE('',#6751,#6743,#6753,.T.);
#6751 = VERTEX_POINT('',#6752);
#6752 = CARTESIAN_POINT('',(6.15,-0.35,-3.5));
#6753 = LINE('',#6754,#6755);
#6754 = CARTESIAN_POINT('',(6.15,-0.35,-3.5));
#6755 = VECTOR('',#6756,1.);
#6756 = DIRECTION('',(1.,0.,0.));
#6757 = ORIENTED_EDGE('',*,*,#6758,.F.);
#6758 = EDGE_CURVE('',#6759,#6751,#6761,.T.);
#6759 = VERTEX_POINT('',#6760);
#6760 = CARTESIAN_POINT('',(6.15,-0.35,-2.542562962528));
#6761 = LINE('',#6762,#6763);
#6762 = CARTESIAN_POINT('',(6.15,-0.35,-2.5));
#6763 = VECTOR('',#6764,1.);
#6764 = DIRECTION('',(0.,5.551115123126E-16,-1.));
#6765 = ORIENTED_EDGE('',*,*,#6766,.F.);
#6766 = EDGE_CURVE('',#6767,#6759,#6769,.T.);
#6767 = VERTEX_POINT('',#6768);
#6768 = CARTESIAN_POINT('',(6.162230377286,-0.35,-2.459232075714));
#6769 = CIRCLE('',#6770,0.29);
#6770 = AXIS2_PLACEMENT_3D('',#6771,#6772,#6773);
#6771 = CARTESIAN_POINT('',(6.44,-0.35,-2.542562962528));
#6772 = DIRECTION('',(0.,-1.,-3.330669073875E-16));
#6773 = DIRECTION('',(0.,-3.330669073875E-16,1.));
#6774 = ORIENTED_EDGE('',*,*,#6775,.T.);
#6775 = EDGE_CURVE('',#6767,#6776,#6778,.T.);
#6776 = VERTEX_POINT('',#6777);
#6777 = CARTESIAN_POINT('',(6.425000733956,-0.35,-1.583330886814));
#6778 = LINE('',#6779,#6780);
#6779 = CARTESIAN_POINT('',(6.15,-0.35,-2.5));
#6780 = VECTOR('',#6781,1.);
#6781 = DIRECTION('',(0.287347885566,-5.31700397722E-16,0.957826285221)
  );
#6782 = ORIENTED_EDGE('',*,*,#6783,.F.);
#6783 = EDGE_CURVE('',#6784,#6776,#6786,.T.);
#6784 = VERTEX_POINT('',#6785);
#6785 = CARTESIAN_POINT('',(6.425000733956,-0.35,-1.416669113186));
#6786 = CIRCLE('',#6787,0.29);
#6787 = AXIS2_PLACEMENT_3D('',#6788,#6789,#6790);
#6788 = CARTESIAN_POINT('',(6.147231111242,-0.35,-1.5));
#6789 = DIRECTION('',(-0.,1.,3.330669073875E-16));
#6790 = DIRECTION('',(0.,-3.330669073875E-16,1.));
#6791 = ORIENTED_EDGE('',*,*,#6792,.T.);
#6792 = EDGE_CURVE('',#6784,#6793,#6795,.T.);
#6793 = VERTEX_POINT('',#6794);
#6794 = CARTESIAN_POINT('',(6.162230377286,-0.35,-0.540767924286));
#6795 = LINE('',#6796,#6797);
#6796 = CARTESIAN_POINT('',(6.45,-0.35,-1.5));
#6797 = VECTOR('',#6798,1.);
#6798 = DIRECTION('',(-0.287347885566,-5.31700397722E-16,0.957826285221)
  );
#6799 = ORIENTED_EDGE('',*,*,#6800,.F.);
#6800 = EDGE_CURVE('',#6801,#6793,#6803,.T.);
#6801 = VERTEX_POINT('',#6802);
#6802 = CARTESIAN_POINT('',(6.15,-0.35,-0.457437037472));
#6803 = CIRCLE('',#6804,0.29);
#6804 = AXIS2_PLACEMENT_3D('',#6805,#6806,#6807);
#6805 = CARTESIAN_POINT('',(6.44,-0.35,-0.457437037472));
#6806 = DIRECTION('',(0.,-1.,-3.330669073875E-16));
#6807 = DIRECTION('',(0.,-3.330669073875E-16,1.));
#6808 = ORIENTED_EDGE('',*,*,#6809,.F.);
#6809 = EDGE_CURVE('',#5396,#6801,#6810,.T.);
#6810 = LINE('',#6811,#6812);
#6811 = CARTESIAN_POINT('',(6.15,-0.35,1.5));
#6812 = VECTOR('',#6813,1.);
#6813 = DIRECTION('',(0.,5.551115123126E-16,-1.));
#6814 = ORIENTED_EDGE('',*,*,#5395,.F.);
#6815 = ORIENTED_EDGE('',*,*,#6816,.F.);
#6816 = EDGE_CURVE('',#6817,#5388,#6819,.T.);
#6817 = VERTEX_POINT('',#6818);
#6818 = CARTESIAN_POINT('',(6.16,-0.35,1.5));
#6819 = LINE('',#6820,#6821);
#6820 = CARTESIAN_POINT('',(6.45,-0.35,1.5));
#6821 = VECTOR('',#6822,1.);
#6822 = DIRECTION('',(-1.,-0.,0.));
#6823 = ORIENTED_EDGE('',*,*,#6824,.F.);
#6824 = EDGE_CURVE('',#6825,#6817,#6827,.T.);
#6825 = VERTEX_POINT('',#6826);
#6826 = CARTESIAN_POINT('',(6.45,-0.35,1.21));
#6827 = CIRCLE('',#6828,0.29);
#6828 = AXIS2_PLACEMENT_3D('',#6829,#6830,#6831);
#6829 = CARTESIAN_POINT('',(6.16,-0.35,1.21));
#6830 = DIRECTION('',(0.,-1.,-3.330669073875E-16));
#6831 = DIRECTION('',(0.,-3.330669073875E-16,1.));
#6832 = ORIENTED_EDGE('',*,*,#6833,.F.);
#6833 = EDGE_CURVE('',#6834,#6825,#6836,.T.);
#6834 = VERTEX_POINT('',#6835);
#6835 = CARTESIAN_POINT('',(6.45,-0.35,-0.457437037472));
#6836 = LINE('',#6837,#6838);
#6837 = CARTESIAN_POINT('',(6.45,-0.35,-0.5));
#6838 = VECTOR('',#6839,1.);
#6839 = DIRECTION('',(0.,-5.551115123126E-16,1.));
#6840 = ORIENTED_EDGE('',*,*,#6841,.F.);
#6841 = EDGE_CURVE('',#6707,#6834,#6842,.T.);
#6842 = CIRCLE('',#6843,0.29);
#6843 = AXIS2_PLACEMENT_3D('',#6844,#6845,#6846);
#6844 = CARTESIAN_POINT('',(6.74,-0.35,-0.457437037472));
#6845 = DIRECTION('',(-0.,1.,3.330669073875E-16));
#6846 = DIRECTION('',(0.,-3.330669073875E-16,1.));
#6847 = PLANE('',#6848);
#6848 = AXIS2_PLACEMENT_3D('',#6849,#6850,#6851);
#6849 = CARTESIAN_POINT('',(6.45,-0.35,-0.5));
#6850 = DIRECTION('',(1.64346021921E-31,1.,5.551115123126E-16));
#6851 = DIRECTION('',(0.,-5.551115123126E-16,1.));
#6852 = ADVANCED_FACE('',(#6853),#6864,.T.);
#6853 = FACE_BOUND('',#6854,.T.);
#6854 = EDGE_LOOP('',(#6855,#6856,#6862,#6863));
#6855 = ORIENTED_EDGE('',*,*,#6816,.F.);
#6856 = ORIENTED_EDGE('',*,*,#6857,.T.);
#6857 = EDGE_CURVE('',#6817,#6667,#6858,.T.);
#6858 = LINE('',#6859,#6860);
#6859 = CARTESIAN_POINT('',(6.16,-0.35,1.5));
#6860 = VECTOR('',#6861,1.);
#6861 = DIRECTION('',(0.,1.,3.330669073875E-16));
#6862 = ORIENTED_EDGE('',*,*,#6666,.T.);
#6863 = ORIENTED_EDGE('',*,*,#5387,.F.);
#6864 = PLANE('',#6865);
#6865 = AXIS2_PLACEMENT_3D('',#6866,#6867,#6868);
#6866 = CARTESIAN_POINT('',(6.45,-0.35,1.5));
#6867 = DIRECTION('',(0.,-3.330669073875E-16,1.));
#6868 = DIRECTION('',(-1.,0.,0.));
#6869 = ADVANCED_FACE('',(#6870),#6873,.F.);
#6870 = FACE_BOUND('',#6871,.F.);
#6871 = EDGE_LOOP('',(#6872));
#6872 = ORIENTED_EDGE('',*,*,#5527,.F.);
#6873 = PLANE('',#6874);
#6874 = AXIS2_PLACEMENT_3D('',#6875,#6876,#6877);
#6875 = CARTESIAN_POINT('',(4.9,-2.25,4.3));
#6876 = DIRECTION('',(0.,0.,-1.));
#6877 = DIRECTION('',(-1.,0.,0.));
#6878 = ADVANCED_FACE('',(#6879),#6890,.F.);
#6879 = FACE_BOUND('',#6880,.F.);
#6880 = EDGE_LOOP('',(#6881,#6882,#6883,#6884));
#6881 = ORIENTED_EDGE('',*,*,#6025,.F.);
#6882 = ORIENTED_EDGE('',*,*,#5564,.F.);
#6883 = ORIENTED_EDGE('',*,*,#6175,.T.);
#6884 = ORIENTED_EDGE('',*,*,#6885,.F.);
#6885 = EDGE_CURVE('',#6017,#6167,#6886,.T.);
#6886 = LINE('',#6887,#6888);
#6887 = CARTESIAN_POINT('',(0.15,-4.85,-0.457437037472));
#6888 = VECTOR('',#6889,1.);
#6889 = DIRECTION('',(0.,1.,3.330669073875E-16));
#6890 = PLANE('',#6891);
#6891 = AXIS2_PLACEMENT_3D('',#6892,#6893,#6894);
#6892 = CARTESIAN_POINT('',(0.15,-4.85,1.5));
#6893 = DIRECTION('',(-1.,0.,-0.));
#6894 = DIRECTION('',(0.,5.551115123126E-16,-1.));
#6895 = ADVANCED_FACE('',(#6896),#6907,.T.);
#6896 = FACE_BOUND('',#6897,.T.);
#6897 = EDGE_LOOP('',(#6898,#6899,#6900,#6901));
#6898 = ORIENTED_EDGE('',*,*,#6342,.F.);
#6899 = ORIENTED_EDGE('',*,*,#5589,.T.);
#6900 = ORIENTED_EDGE('',*,*,#6516,.T.);
#6901 = ORIENTED_EDGE('',*,*,#6902,.F.);
#6902 = EDGE_CURVE('',#6334,#6508,#6903,.T.);
#6903 = LINE('',#6904,#6905);
#6904 = CARTESIAN_POINT('',(6.15,-4.85,-0.457437037472));
#6905 = VECTOR('',#6906,1.);
#6906 = DIRECTION('',(0.,1.,3.330669073875E-16));
#6907 = PLANE('',#6908);
#6908 = AXIS2_PLACEMENT_3D('',#6909,#6910,#6911);
#6909 = CARTESIAN_POINT('',(6.15,-4.85,1.5));
#6910 = DIRECTION('',(-1.,0.,-0.));
#6911 = DIRECTION('',(0.,5.551115123126E-16,-1.));
#6912 = ADVANCED_FACE('',(#6913),#6924,.F.);
#6913 = FACE_BOUND('',#6914,.F.);
#6914 = EDGE_LOOP('',(#6915,#6916,#6917,#6918));
#6915 = ORIENTED_EDGE('',*,*,#5882,.F.);
#6916 = ORIENTED_EDGE('',*,*,#5571,.F.);
#6917 = ORIENTED_EDGE('',*,*,#5708,.T.);
#6918 = ORIENTED_EDGE('',*,*,#6919,.F.);
#6919 = EDGE_CURVE('',#5874,#5700,#6920,.T.);
#6920 = LINE('',#6921,#6922);
#6921 = CARTESIAN_POINT('',(0.15,-0.35,-0.457437037472));
#6922 = VECTOR('',#6923,1.);
#6923 = DIRECTION('',(0.,1.,3.330669073875E-16));
#6924 = PLANE('',#6925);
#6925 = AXIS2_PLACEMENT_3D('',#6926,#6927,#6928);
#6926 = CARTESIAN_POINT('',(0.15,-0.35,1.5));
#6927 = DIRECTION('',(-1.,0.,-0.));
#6928 = DIRECTION('',(0.,5.551115123126E-16,-1.));
#6929 = ADVANCED_FACE('',(#6930),#6941,.T.);
#6930 = FACE_BOUND('',#6931,.T.);
#6931 = EDGE_LOOP('',(#6932,#6933,#6934,#6935));
#6932 = ORIENTED_EDGE('',*,*,#6809,.F.);
#6933 = ORIENTED_EDGE('',*,*,#5582,.T.);
#6934 = ORIENTED_EDGE('',*,*,#6659,.T.);
#6935 = ORIENTED_EDGE('',*,*,#6936,.F.);
#6936 = EDGE_CURVE('',#6801,#6651,#6937,.T.);
#6937 = LINE('',#6938,#6939);
#6938 = CARTESIAN_POINT('',(6.15,-0.35,-0.457437037472));
#6939 = VECTOR('',#6940,1.);
#6940 = DIRECTION('',(0.,1.,3.330669073875E-16));
#6941 = PLANE('',#6942);
#6942 = AXIS2_PLACEMENT_3D('',#6943,#6944,#6945);
#6943 = CARTESIAN_POINT('',(6.15,-0.35,1.5));
#6944 = DIRECTION('',(-1.,0.,-0.));
#6945 = DIRECTION('',(0.,5.551115123126E-16,-1.));
#6946 = ADVANCED_FACE('',(#6947),#6963,.T.);
#6947 = FACE_BOUND('',#6948,.T.);
#6948 = EDGE_LOOP('',(#6949,#6950,#6956,#6957));
#6949 = ORIENTED_EDGE('',*,*,#5779,.F.);
#6950 = ORIENTED_EDGE('',*,*,#6951,.T.);
#6951 = EDGE_CURVE('',#5780,#5606,#6952,.T.);
#6952 = LINE('',#6953,#6954);
#6953 = CARTESIAN_POINT('',(-0.162230377286,-0.35,-0.540767924286));
#6954 = VECTOR('',#6955,1.);
#6955 = DIRECTION('',(0.,1.,3.330669073875E-16));
#6956 = ORIENTED_EDGE('',*,*,#5605,.T.);
#6957 = ORIENTED_EDGE('',*,*,#6958,.F.);
#6958 = EDGE_CURVE('',#5782,#5608,#6959,.T.);
#6959 = LINE('',#6960,#6961);
#6960 = CARTESIAN_POINT('',(-0.425000733956,-0.35,-1.416669113186));
#6961 = VECTOR('',#6962,1.);
#6962 = DIRECTION('',(0.,1.,3.330669073875E-16));
#6963 = PLANE('',#6964);
#6964 = AXIS2_PLACEMENT_3D('',#6965,#6966,#6967);
#6965 = CARTESIAN_POINT('',(-0.15,-0.35,-0.5));
#6966 = DIRECTION('',(-0.957826285221,-9.570607158995E-17,0.287347885566
    ));
#6967 = DIRECTION('',(-0.287347885566,5.31700397722E-16,-0.957826285221)
  );
#6968 = ADVANCED_FACE('',(#6969),#6980,.F.);
#6969 = FACE_BOUND('',#6970,.F.);
#6970 = EDGE_LOOP('',(#6971,#6972,#6973,#6979));
#6971 = ORIENTED_EDGE('',*,*,#6951,.T.);
#6972 = ORIENTED_EDGE('',*,*,#5740,.T.);
#6973 = ORIENTED_EDGE('',*,*,#6974,.F.);
#6974 = EDGE_CURVE('',#5900,#5733,#6975,.T.);
#6975 = LINE('',#6976,#6977);
#6976 = CARTESIAN_POINT('',(-0.15,-0.35,-0.457437037472));
#6977 = VECTOR('',#6978,1.);
#6978 = DIRECTION('',(0.,1.,3.330669073875E-16));
#6979 = ORIENTED_EDGE('',*,*,#5907,.F.);
#6980 = CYLINDRICAL_SURFACE('',#6981,0.29);
#6981 = AXIS2_PLACEMENT_3D('',#6982,#6983,#6984);
#6982 = CARTESIAN_POINT('',(-0.44,-0.35,-0.457437037472));
#6983 = DIRECTION('',(0.,1.,3.330669073875E-16));
#6984 = DIRECTION('',(0.957826285221,9.570607158983E-17,-0.287347885566)
  );
#6985 = ADVANCED_FACE('',(#6986),#6997,.T.);
#6986 = FACE_BOUND('',#6987,.T.);
#6987 = EDGE_LOOP('',(#6988,#6989,#6990,#6996));
#6988 = ORIENTED_EDGE('',*,*,#6958,.T.);
#6989 = ORIENTED_EDGE('',*,*,#5615,.T.);
#6990 = ORIENTED_EDGE('',*,*,#6991,.F.);
#6991 = EDGE_CURVE('',#5790,#5616,#6992,.T.);
#6992 = LINE('',#6993,#6994);
#6993 = CARTESIAN_POINT('',(-0.425000733956,-0.35,-1.583330886814));
#6994 = VECTOR('',#6995,1.);
#6995 = DIRECTION('',(0.,1.,3.330669073875E-16));
#6996 = ORIENTED_EDGE('',*,*,#5789,.F.);
#6997 = CYLINDRICAL_SURFACE('',#6998,0.29);
#6998 = AXIS2_PLACEMENT_3D('',#6999,#7000,#7001);
#6999 = CARTESIAN_POINT('',(-0.147231111242,-0.35,-1.5));
#7000 = DIRECTION('',(0.,1.,3.330669073875E-16));
#7001 = DIRECTION('',(-0.957826285221,-9.570607158983E-17,0.287347885566
    ));
#7002 = ADVANCED_FACE('',(#7003),#7014,.F.);
#7003 = FACE_BOUND('',#7004,.F.);
#7004 = EDGE_LOOP('',(#7005,#7006,#7007,#7008));
#7005 = ORIENTED_EDGE('',*,*,#5899,.F.);
#7006 = ORIENTED_EDGE('',*,*,#6974,.T.);
#7007 = ORIENTED_EDGE('',*,*,#5732,.T.);
#7008 = ORIENTED_EDGE('',*,*,#7009,.F.);
#7009 = EDGE_CURVE('',#5891,#5724,#7010,.T.);
#7010 = LINE('',#7011,#7012);
#7011 = CARTESIAN_POINT('',(-0.15,-0.35,1.21));
#7012 = VECTOR('',#7013,1.);
#7013 = DIRECTION('',(0.,1.,3.330669073875E-16));
#7014 = PLANE('',#7015);
#7015 = AXIS2_PLACEMENT_3D('',#7016,#7017,#7018);
#7016 = CARTESIAN_POINT('',(-0.15,-0.35,-0.5));
#7017 = DIRECTION('',(1.,0.,0.));
#7018 = DIRECTION('',(0.,-5.551115123126E-16,1.));
#7019 = ADVANCED_FACE('',(#7020),#7031,.T.);
#7020 = FACE_BOUND('',#7021,.T.);
#7021 = EDGE_LOOP('',(#7022,#7023,#7024,#7025));
#7022 = ORIENTED_EDGE('',*,*,#5798,.F.);
#7023 = ORIENTED_EDGE('',*,*,#6991,.T.);
#7024 = ORIENTED_EDGE('',*,*,#5624,.T.);
#7025 = ORIENTED_EDGE('',*,*,#7026,.F.);
#7026 = EDGE_CURVE('',#5799,#5625,#7027,.T.);
#7027 = LINE('',#7028,#7029);
#7028 = CARTESIAN_POINT('',(-0.162230377286,-0.35,-2.459232075714));
#7029 = VECTOR('',#7030,1.);
#7030 = DIRECTION('',(0.,1.,3.330669073875E-16));
#7031 = PLANE('',#7032);
#7032 = AXIS2_PLACEMENT_3D('',#7033,#7034,#7035);
#7033 = CARTESIAN_POINT('',(-0.45,-0.35,-1.5));
#7034 = DIRECTION('',(-0.957826285221,9.570607158995E-17,-0.287347885566
    ));
#7035 = DIRECTION('',(0.287347885566,5.31700397722E-16,-0.957826285221)
  );
#7036 = ADVANCED_FACE('',(#7037),#7043,.T.);
#7037 = FACE_BOUND('',#7038,.T.);
#7038 = EDGE_LOOP('',(#7039,#7040,#7041,#7042));
#7039 = ORIENTED_EDGE('',*,*,#5890,.T.);
#7040 = ORIENTED_EDGE('',*,*,#5763,.T.);
#7041 = ORIENTED_EDGE('',*,*,#5723,.F.);
#7042 = ORIENTED_EDGE('',*,*,#7009,.F.);
#7043 = CYLINDRICAL_SURFACE('',#7044,0.29);
#7044 = AXIS2_PLACEMENT_3D('',#7045,#7046,#7047);
#7045 = CARTESIAN_POINT('',(0.14,-0.35,1.21));
#7046 = DIRECTION('',(0.,1.,3.330669073875E-16));
#7047 = DIRECTION('',(-1.,0.,0.));
#7048 = ADVANCED_FACE('',(#7049),#7060,.F.);
#7049 = FACE_BOUND('',#7050,.F.);
#7050 = EDGE_LOOP('',(#7051,#7057,#7058,#7059));
#7051 = ORIENTED_EDGE('',*,*,#7052,.T.);
#7052 = EDGE_CURVE('',#5807,#5633,#7053,.T.);
#7053 = LINE('',#7054,#7055);
#7054 = CARTESIAN_POINT('',(-0.15,-0.35,-2.542562962528));
#7055 = VECTOR('',#7056,1.);
#7056 = DIRECTION('',(0.,1.,3.330669073875E-16));
#7057 = ORIENTED_EDGE('',*,*,#5632,.T.);
#7058 = ORIENTED_EDGE('',*,*,#7026,.F.);
#7059 = ORIENTED_EDGE('',*,*,#5806,.F.);
#7060 = CYLINDRICAL_SURFACE('',#7061,0.29);
#7061 = AXIS2_PLACEMENT_3D('',#7062,#7063,#7064);
#7062 = CARTESIAN_POINT('',(-0.44,-0.35,-2.542562962528));
#7063 = DIRECTION('',(0.,1.,3.330669073875E-16));
#7064 = DIRECTION('',(1.,0.,-0.));
#7065 = ADVANCED_FACE('',(#7066),#7077,.F.);
#7066 = FACE_BOUND('',#7067,.F.);
#7067 = EDGE_LOOP('',(#7068,#7069,#7075,#7076));
#7068 = ORIENTED_EDGE('',*,*,#5815,.F.);
#7069 = ORIENTED_EDGE('',*,*,#7070,.T.);
#7070 = EDGE_CURVE('',#5816,#5642,#7071,.T.);
#7071 = LINE('',#7072,#7073);
#7072 = CARTESIAN_POINT('',(-0.15,-0.35,-3.5));
#7073 = VECTOR('',#7074,1.);
#7074 = DIRECTION('',(0.,1.,3.330669073875E-16));
#7075 = ORIENTED_EDGE('',*,*,#5641,.T.);
#7076 = ORIENTED_EDGE('',*,*,#7052,.F.);
#7077 = PLANE('',#7078);
#7078 = AXIS2_PLACEMENT_3D('',#7079,#7080,#7081);
#7079 = CARTESIAN_POINT('',(-0.15,-0.35,-3.5));
#7080 = DIRECTION('',(1.,0.,0.));
#7081 = DIRECTION('',(0.,-5.551115123126E-16,1.));
#7082 = ADVANCED_FACE('',(#7083),#7094,.F.);
#7083 = FACE_BOUND('',#7084,.F.);
#7084 = EDGE_LOOP('',(#7085,#7091,#7092,#7093));
#7085 = ORIENTED_EDGE('',*,*,#7086,.T.);
#7086 = EDGE_CURVE('',#5824,#5650,#7087,.T.);
#7087 = LINE('',#7088,#7089);
#7088 = CARTESIAN_POINT('',(0.15,-0.35,-3.5));
#7089 = VECTOR('',#7090,1.);
#7090 = DIRECTION('',(0.,1.,3.330669073875E-16));
#7091 = ORIENTED_EDGE('',*,*,#5649,.T.);
#7092 = ORIENTED_EDGE('',*,*,#7070,.F.);
#7093 = ORIENTED_EDGE('',*,*,#5823,.F.);
#7094 = PLANE('',#7095);
#7095 = AXIS2_PLACEMENT_3D('',#7096,#7097,#7098);
#7096 = CARTESIAN_POINT('',(0.15,-0.35,-3.5));
#7097 = DIRECTION('',(0.,-3.330669073875E-16,1.));
#7098 = DIRECTION('',(-1.,0.,0.));
#7099 = ADVANCED_FACE('',(#7100),#7111,.F.);
#7100 = FACE_BOUND('',#7101,.F.);
#7101 = EDGE_LOOP('',(#7102,#7103,#7109,#7110));
#7102 = ORIENTED_EDGE('',*,*,#5831,.F.);
#7103 = ORIENTED_EDGE('',*,*,#7104,.T.);
#7104 = EDGE_CURVE('',#5832,#5658,#7105,.T.);
#7105 = LINE('',#7106,#7107);
#7106 = CARTESIAN_POINT('',(0.15,-0.35,-2.542562962528));
#7107 = VECTOR('',#7108,1.);
#7108 = DIRECTION('',(0.,1.,3.330669073875E-16));
#7109 = ORIENTED_EDGE('',*,*,#5657,.T.);
#7110 = ORIENTED_EDGE('',*,*,#7086,.F.);
#7111 = PLANE('',#7112);
#7112 = AXIS2_PLACEMENT_3D('',#7113,#7114,#7115);
#7113 = CARTESIAN_POINT('',(0.15,-0.35,-2.5));
#7114 = DIRECTION('',(-1.,0.,-0.));
#7115 = DIRECTION('',(0.,5.551115123126E-16,-1.));
#7116 = ADVANCED_FACE('',(#7117),#7128,.T.);
#7117 = FACE_BOUND('',#7118,.T.);
#7118 = EDGE_LOOP('',(#7119,#7120,#7126,#7127));
#7119 = ORIENTED_EDGE('',*,*,#5873,.T.);
#7120 = ORIENTED_EDGE('',*,*,#7121,.T.);
#7121 = EDGE_CURVE('',#5866,#5692,#7122,.T.);
#7122 = LINE('',#7123,#7124);
#7123 = CARTESIAN_POINT('',(0.137769622714,-0.35,-0.540767924286));
#7124 = VECTOR('',#7125,1.);
#7125 = DIRECTION('',(0.,1.,3.330669073875E-16));
#7126 = ORIENTED_EDGE('',*,*,#5699,.F.);
#7127 = ORIENTED_EDGE('',*,*,#6919,.F.);
#7128 = CYLINDRICAL_SURFACE('',#7129,0.29);
#7129 = AXIS2_PLACEMENT_3D('',#7130,#7131,#7132);
#7130 = CARTESIAN_POINT('',(-0.14,-0.35,-0.457437037472));
#7131 = DIRECTION('',(0.,1.,3.330669073875E-16));
#7132 = DIRECTION('',(1.,0.,-0.));
#7133 = ADVANCED_FACE('',(#7134),#7145,.T.);
#7134 = FACE_BOUND('',#7135,.T.);
#7135 = EDGE_LOOP('',(#7136,#7137,#7138,#7139));
#7136 = ORIENTED_EDGE('',*,*,#5839,.T.);
#7137 = ORIENTED_EDGE('',*,*,#7104,.T.);
#7138 = ORIENTED_EDGE('',*,*,#5665,.F.);
#7139 = ORIENTED_EDGE('',*,*,#7140,.F.);
#7140 = EDGE_CURVE('',#5840,#5666,#7141,.T.);
#7141 = LINE('',#7142,#7143);
#7142 = CARTESIAN_POINT('',(0.137769622714,-0.35,-2.459232075714));
#7143 = VECTOR('',#7144,1.);
#7144 = DIRECTION('',(0.,1.,3.330669073875E-16));
#7145 = CYLINDRICAL_SURFACE('',#7146,0.29);
#7146 = AXIS2_PLACEMENT_3D('',#7147,#7148,#7149);
#7147 = CARTESIAN_POINT('',(-0.14,-0.35,-2.542562962528));
#7148 = DIRECTION('',(0.,1.,3.330669073875E-16));
#7149 = DIRECTION('',(0.957826285221,-9.570607158983E-17,0.287347885566)
  );
#7150 = ADVANCED_FACE('',(#7151),#7162,.T.);
#7151 = FACE_BOUND('',#7152,.T.);
#7152 = EDGE_LOOP('',(#7153,#7154,#7160,#7161));
#7153 = ORIENTED_EDGE('',*,*,#5865,.F.);
#7154 = ORIENTED_EDGE('',*,*,#7155,.T.);
#7155 = EDGE_CURVE('',#5857,#5683,#7156,.T.);
#7156 = LINE('',#7157,#7158);
#7157 = CARTESIAN_POINT('',(-0.125000733956,-0.35,-1.416669113186));
#7158 = VECTOR('',#7159,1.);
#7159 = DIRECTION('',(0.,1.,3.330669073875E-16));
#7160 = ORIENTED_EDGE('',*,*,#5691,.T.);
#7161 = ORIENTED_EDGE('',*,*,#7121,.F.);
#7162 = PLANE('',#7163);
#7163 = AXIS2_PLACEMENT_3D('',#7164,#7165,#7166);
#7164 = CARTESIAN_POINT('',(-0.15,-0.35,-1.5));
#7165 = DIRECTION('',(0.957826285221,9.570607158995E-17,-0.287347885566)
  );
#7166 = DIRECTION('',(0.287347885566,-5.31700397722E-16,0.957826285221)
  );
#7167 = ADVANCED_FACE('',(#7168),#7179,.T.);
#7168 = FACE_BOUND('',#7169,.T.);
#7169 = EDGE_LOOP('',(#7170,#7171,#7172,#7173));
#7170 = ORIENTED_EDGE('',*,*,#5848,.F.);
#7171 = ORIENTED_EDGE('',*,*,#7140,.T.);
#7172 = ORIENTED_EDGE('',*,*,#5674,.T.);
#7173 = ORIENTED_EDGE('',*,*,#7174,.F.);
#7174 = EDGE_CURVE('',#5849,#5675,#7175,.T.);
#7175 = LINE('',#7176,#7177);
#7176 = CARTESIAN_POINT('',(-0.125000733956,-0.35,-1.583330886814));
#7177 = VECTOR('',#7178,1.);
#7178 = DIRECTION('',(0.,1.,3.330669073875E-16));
#7179 = PLANE('',#7180);
#7180 = AXIS2_PLACEMENT_3D('',#7181,#7182,#7183);
#7181 = CARTESIAN_POINT('',(0.15,-0.35,-2.5));
#7182 = DIRECTION('',(0.957826285221,-9.570607158995E-17,0.287347885566)
  );
#7183 = DIRECTION('',(-0.287347885566,-5.31700397722E-16,0.957826285221)
  );
#7184 = ADVANCED_FACE('',(#7185),#7191,.F.);
#7185 = FACE_BOUND('',#7186,.F.);
#7186 = EDGE_LOOP('',(#7187,#7188,#7189,#7190));
#7187 = ORIENTED_EDGE('',*,*,#7155,.T.);
#7188 = ORIENTED_EDGE('',*,*,#5682,.T.);
#7189 = ORIENTED_EDGE('',*,*,#7174,.F.);
#7190 = ORIENTED_EDGE('',*,*,#5856,.F.);
#7191 = CYLINDRICAL_SURFACE('',#7192,0.29);
#7192 = AXIS2_PLACEMENT_3D('',#7193,#7194,#7195);
#7193 = CARTESIAN_POINT('',(0.152768888758,-0.35,-1.5));
#7194 = DIRECTION('',(0.,1.,3.330669073875E-16));
#7195 = DIRECTION('',(-0.957826285221,-9.570607158983E-17,0.287347885566
    ));
#7196 = ADVANCED_FACE('',(#7197),#7213,.T.);
#7197 = FACE_BOUND('',#7198,.T.);
#7198 = EDGE_LOOP('',(#7199,#7200,#7206,#7207));
#7199 = ORIENTED_EDGE('',*,*,#5922,.F.);
#7200 = ORIENTED_EDGE('',*,*,#7201,.T.);
#7201 = EDGE_CURVE('',#5923,#6073,#7202,.T.);
#7202 = LINE('',#7203,#7204);
#7203 = CARTESIAN_POINT('',(-0.162230377286,-4.85,-0.540767924286));
#7204 = VECTOR('',#7205,1.);
#7205 = DIRECTION('',(0.,1.,3.330669073875E-16));
#7206 = ORIENTED_EDGE('',*,*,#6072,.T.);
#7207 = ORIENTED_EDGE('',*,*,#7208,.F.);
#7208 = EDGE_CURVE('',#5925,#6075,#7209,.T.);
#7209 = LINE('',#7210,#7211);
#7210 = CARTESIAN_POINT('',(-0.425000733956,-4.85,-1.416669113186));
#7211 = VECTOR('',#7212,1.);
#7212 = DIRECTION('',(0.,1.,3.330669073875E-16));
#7213 = PLANE('',#7214);
#7214 = AXIS2_PLACEMENT_3D('',#7215,#7216,#7217);
#7215 = CARTESIAN_POINT('',(-0.15,-4.85,-0.5));
#7216 = DIRECTION('',(-0.957826285221,-9.570607158995E-17,0.287347885566
    ));
#7217 = DIRECTION('',(-0.287347885566,5.31700397722E-16,-0.957826285221)
  );
#7218 = ADVANCED_FACE('',(#7219),#7230,.F.);
#7219 = FACE_BOUND('',#7220,.F.);
#7220 = EDGE_LOOP('',(#7221,#7222,#7223,#7229));
#7221 = ORIENTED_EDGE('',*,*,#7201,.T.);
#7222 = ORIENTED_EDGE('',*,*,#6207,.T.);
#7223 = ORIENTED_EDGE('',*,*,#7224,.F.);
#7224 = EDGE_CURVE('',#6050,#6200,#7225,.T.);
#7225 = LINE('',#7226,#7227);
#7226 = CARTESIAN_POINT('',(-0.15,-4.85,-0.457437037472));
#7227 = VECTOR('',#7228,1.);
#7228 = DIRECTION('',(0.,1.,3.330669073875E-16));
#7229 = ORIENTED_EDGE('',*,*,#6057,.F.);
#7230 = CYLINDRICAL_SURFACE('',#7231,0.29);
#7231 = AXIS2_PLACEMENT_3D('',#7232,#7233,#7234);
#7232 = CARTESIAN_POINT('',(-0.44,-4.85,-0.457437037472));
#7233 = DIRECTION('',(0.,1.,3.330669073875E-16));
#7234 = DIRECTION('',(0.957826285221,9.570607158983E-17,-0.287347885566)
  );
#7235 = ADVANCED_FACE('',(#7236),#7247,.T.);
#7236 = FACE_BOUND('',#7237,.T.);
#7237 = EDGE_LOOP('',(#7238,#7239,#7240,#7246));
#7238 = ORIENTED_EDGE('',*,*,#7208,.T.);
#7239 = ORIENTED_EDGE('',*,*,#6082,.T.);
#7240 = ORIENTED_EDGE('',*,*,#7241,.F.);
#7241 = EDGE_CURVE('',#5933,#6083,#7242,.T.);
#7242 = LINE('',#7243,#7244);
#7243 = CARTESIAN_POINT('',(-0.425000733956,-4.85,-1.583330886814));
#7244 = VECTOR('',#7245,1.);
#7245 = DIRECTION('',(0.,1.,3.330669073875E-16));
#7246 = ORIENTED_EDGE('',*,*,#5932,.F.);
#7247 = CYLINDRICAL_SURFACE('',#7248,0.29);
#7248 = AXIS2_PLACEMENT_3D('',#7249,#7250,#7251);
#7249 = CARTESIAN_POINT('',(-0.147231111242,-4.85,-1.5));
#7250 = DIRECTION('',(0.,1.,3.330669073875E-16));
#7251 = DIRECTION('',(-0.957826285221,-9.570607158983E-17,0.287347885566
    ));
#7252 = ADVANCED_FACE('',(#7253),#7264,.F.);
#7253 = FACE_BOUND('',#7254,.F.);
#7254 = EDGE_LOOP('',(#7255,#7256,#7257,#7258));
#7255 = ORIENTED_EDGE('',*,*,#6049,.F.);
#7256 = ORIENTED_EDGE('',*,*,#7224,.T.);
#7257 = ORIENTED_EDGE('',*,*,#6199,.T.);
#7258 = ORIENTED_EDGE('',*,*,#7259,.F.);
#7259 = EDGE_CURVE('',#6041,#6191,#7260,.T.);
#7260 = LINE('',#7261,#7262);
#7261 = CARTESIAN_POINT('',(-0.15,-4.85,1.21));
#7262 = VECTOR('',#7263,1.);
#7263 = DIRECTION('',(0.,1.,3.330669073875E-16));
#7264 = PLANE('',#7265);
#7265 = AXIS2_PLACEMENT_3D('',#7266,#7267,#7268);
#7266 = CARTESIAN_POINT('',(-0.15,-4.85,-0.5));
#7267 = DIRECTION('',(1.,0.,0.));
#7268 = DIRECTION('',(0.,-5.551115123126E-16,1.));
#7269 = ADVANCED_FACE('',(#7270),#7281,.T.);
#7270 = FACE_BOUND('',#7271,.T.);
#7271 = EDGE_LOOP('',(#7272,#7273,#7274,#7275));
#7272 = ORIENTED_EDGE('',*,*,#5941,.F.);
#7273 = ORIENTED_EDGE('',*,*,#7241,.T.);
#7274 = ORIENTED_EDGE('',*,*,#6091,.T.);
#7275 = ORIENTED_EDGE('',*,*,#7276,.F.);
#7276 = EDGE_CURVE('',#5942,#6092,#7277,.T.);
#7277 = LINE('',#7278,#7279);
#7278 = CARTESIAN_POINT('',(-0.162230377286,-4.85,-2.459232075714));
#7279 = VECTOR('',#7280,1.);
#7280 = DIRECTION('',(0.,1.,3.330669073875E-16));
#7281 = PLANE('',#7282);
#7282 = AXIS2_PLACEMENT_3D('',#7283,#7284,#7285);
#7283 = CARTESIAN_POINT('',(-0.45,-4.85,-1.5));
#7284 = DIRECTION('',(-0.957826285221,9.570607158995E-17,-0.287347885566
    ));
#7285 = DIRECTION('',(0.287347885566,5.31700397722E-16,-0.957826285221)
  );
#7286 = ADVANCED_FACE('',(#7287),#7293,.T.);
#7287 = FACE_BOUND('',#7288,.T.);
#7288 = EDGE_LOOP('',(#7289,#7290,#7291,#7292));
#7289 = ORIENTED_EDGE('',*,*,#6040,.T.);
#7290 = ORIENTED_EDGE('',*,*,#6223,.T.);
#7291 = ORIENTED_EDGE('',*,*,#6190,.F.);
#7292 = ORIENTED_EDGE('',*,*,#7259,.F.);
#7293 = CYLINDRICAL_SURFACE('',#7294,0.29);
#7294 = AXIS2_PLACEMENT_3D('',#7295,#7296,#7297);
#7295 = CARTESIAN_POINT('',(0.14,-4.85,1.21));
#7296 = DIRECTION('',(0.,1.,3.330669073875E-16));
#7297 = DIRECTION('',(-1.,0.,0.));
#7298 = ADVANCED_FACE('',(#7299),#7310,.F.);
#7299 = FACE_BOUND('',#7300,.F.);
#7300 = EDGE_LOOP('',(#7301,#7307,#7308,#7309));
#7301 = ORIENTED_EDGE('',*,*,#7302,.T.);
#7302 = EDGE_CURVE('',#5950,#6100,#7303,.T.);
#7303 = LINE('',#7304,#7305);
#7304 = CARTESIAN_POINT('',(-0.15,-4.85,-2.542562962528));
#7305 = VECTOR('',#7306,1.);
#7306 = DIRECTION('',(0.,1.,3.330669073875E-16));
#7307 = ORIENTED_EDGE('',*,*,#6099,.T.);
#7308 = ORIENTED_EDGE('',*,*,#7276,.F.);
#7309 = ORIENTED_EDGE('',*,*,#5949,.F.);
#7310 = CYLINDRICAL_SURFACE('',#7311,0.29);
#7311 = AXIS2_PLACEMENT_3D('',#7312,#7313,#7314);
#7312 = CARTESIAN_POINT('',(-0.44,-4.85,-2.542562962528));
#7313 = DIRECTION('',(0.,1.,3.330669073875E-16));
#7314 = DIRECTION('',(1.,0.,-0.));
#7315 = ADVANCED_FACE('',(#7316),#7327,.F.);
#7316 = FACE_BOUND('',#7317,.F.);
#7317 = EDGE_LOOP('',(#7318,#7319,#7325,#7326));
#7318 = ORIENTED_EDGE('',*,*,#5958,.F.);
#7319 = ORIENTED_EDGE('',*,*,#7320,.T.);
#7320 = EDGE_CURVE('',#5959,#6109,#7321,.T.);
#7321 = LINE('',#7322,#7323);
#7322 = CARTESIAN_POINT('',(-0.15,-4.85,-3.5));
#7323 = VECTOR('',#7324,1.);
#7324 = DIRECTION('',(0.,1.,3.330669073875E-16));
#7325 = ORIENTED_EDGE('',*,*,#6108,.T.);
#7326 = ORIENTED_EDGE('',*,*,#7302,.F.);
#7327 = PLANE('',#7328);
#7328 = AXIS2_PLACEMENT_3D('',#7329,#7330,#7331);
#7329 = CARTESIAN_POINT('',(-0.15,-4.85,-3.5));
#7330 = DIRECTION('',(1.,0.,0.));
#7331 = DIRECTION('',(0.,-5.551115123126E-16,1.));
#7332 = ADVANCED_FACE('',(#7333),#7344,.F.);
#7333 = FACE_BOUND('',#7334,.F.);
#7334 = EDGE_LOOP('',(#7335,#7341,#7342,#7343));
#7335 = ORIENTED_EDGE('',*,*,#7336,.T.);
#7336 = EDGE_CURVE('',#5967,#6117,#7337,.T.);
#7337 = LINE('',#7338,#7339);
#7338 = CARTESIAN_POINT('',(0.15,-4.85,-3.5));
#7339 = VECTOR('',#7340,1.);
#7340 = DIRECTION('',(0.,1.,3.330669073875E-16));
#7341 = ORIENTED_EDGE('',*,*,#6116,.T.);
#7342 = ORIENTED_EDGE('',*,*,#7320,.F.);
#7343 = ORIENTED_EDGE('',*,*,#5966,.F.);
#7344 = PLANE('',#7345);
#7345 = AXIS2_PLACEMENT_3D('',#7346,#7347,#7348);
#7346 = CARTESIAN_POINT('',(0.15,-4.85,-3.5));
#7347 = DIRECTION('',(0.,-3.330669073875E-16,1.));
#7348 = DIRECTION('',(-1.,0.,0.));
#7349 = ADVANCED_FACE('',(#7350),#7361,.F.);
#7350 = FACE_BOUND('',#7351,.F.);
#7351 = EDGE_LOOP('',(#7352,#7353,#7359,#7360));
#7352 = ORIENTED_EDGE('',*,*,#5974,.F.);
#7353 = ORIENTED_EDGE('',*,*,#7354,.T.);
#7354 = EDGE_CURVE('',#5975,#6125,#7355,.T.);
#7355 = LINE('',#7356,#7357);
#7356 = CARTESIAN_POINT('',(0.15,-4.85,-2.542562962528));
#7357 = VECTOR('',#7358,1.);
#7358 = DIRECTION('',(0.,1.,3.330669073875E-16));
#7359 = ORIENTED_EDGE('',*,*,#6124,.T.);
#7360 = ORIENTED_EDGE('',*,*,#7336,.F.);
#7361 = PLANE('',#7362);
#7362 = AXIS2_PLACEMENT_3D('',#7363,#7364,#7365);
#7363 = CARTESIAN_POINT('',(0.15,-4.85,-2.5));
#7364 = DIRECTION('',(-1.,0.,-0.));
#7365 = DIRECTION('',(0.,5.551115123126E-16,-1.));
#7366 = ADVANCED_FACE('',(#7367),#7378,.T.);
#7367 = FACE_BOUND('',#7368,.T.);
#7368 = EDGE_LOOP('',(#7369,#7370,#7376,#7377));
#7369 = ORIENTED_EDGE('',*,*,#6016,.T.);
#7370 = ORIENTED_EDGE('',*,*,#7371,.T.);
#7371 = EDGE_CURVE('',#6009,#6159,#7372,.T.);
#7372 = LINE('',#7373,#7374);
#7373 = CARTESIAN_POINT('',(0.137769622714,-4.85,-0.540767924286));
#7374 = VECTOR('',#7375,1.);
#7375 = DIRECTION('',(0.,1.,3.330669073875E-16));
#7376 = ORIENTED_EDGE('',*,*,#6166,.F.);
#7377 = ORIENTED_EDGE('',*,*,#6885,.F.);
#7378 = CYLINDRICAL_SURFACE('',#7379,0.29);
#7379 = AXIS2_PLACEMENT_3D('',#7380,#7381,#7382);
#7380 = CARTESIAN_POINT('',(-0.14,-4.85,-0.457437037472));
#7381 = DIRECTION('',(0.,1.,3.330669073875E-16));
#7382 = DIRECTION('',(1.,0.,-0.));
#7383 = ADVANCED_FACE('',(#7384),#7395,.T.);
#7384 = FACE_BOUND('',#7385,.T.);
#7385 = EDGE_LOOP('',(#7386,#7387,#7388,#7389));
#7386 = ORIENTED_EDGE('',*,*,#5982,.T.);
#7387 = ORIENTED_EDGE('',*,*,#7354,.T.);
#7388 = ORIENTED_EDGE('',*,*,#6132,.F.);
#7389 = ORIENTED_EDGE('',*,*,#7390,.F.);
#7390 = EDGE_CURVE('',#5983,#6133,#7391,.T.);
#7391 = LINE('',#7392,#7393);
#7392 = CARTESIAN_POINT('',(0.137769622714,-4.85,-2.459232075714));
#7393 = VECTOR('',#7394,1.);
#7394 = DIRECTION('',(0.,1.,3.330669073875E-16));
#7395 = CYLINDRICAL_SURFACE('',#7396,0.29);
#7396 = AXIS2_PLACEMENT_3D('',#7397,#7398,#7399);
#7397 = CARTESIAN_POINT('',(-0.14,-4.85,-2.542562962528));
#7398 = DIRECTION('',(0.,1.,3.330669073875E-16));
#7399 = DIRECTION('',(0.957826285221,-9.570607158983E-17,0.287347885566)
  );
#7400 = ADVANCED_FACE('',(#7401),#7412,.T.);
#7401 = FACE_BOUND('',#7402,.T.);
#7402 = EDGE_LOOP('',(#7403,#7404,#7410,#7411));
#7403 = ORIENTED_EDGE('',*,*,#6008,.F.);
#7404 = ORIENTED_EDGE('',*,*,#7405,.T.);
#7405 = EDGE_CURVE('',#6000,#6150,#7406,.T.);
#7406 = LINE('',#7407,#7408);
#7407 = CARTESIAN_POINT('',(-0.125000733956,-4.85,-1.416669113186));
#7408 = VECTOR('',#7409,1.);
#7409 = DIRECTION('',(0.,1.,3.330669073875E-16));
#7410 = ORIENTED_EDGE('',*,*,#6158,.T.);
#7411 = ORIENTED_EDGE('',*,*,#7371,.F.);
#7412 = PLANE('',#7413);
#7413 = AXIS2_PLACEMENT_3D('',#7414,#7415,#7416);
#7414 = CARTESIAN_POINT('',(-0.15,-4.85,-1.5));
#7415 = DIRECTION('',(0.957826285221,9.570607158995E-17,-0.287347885566)
  );
#7416 = DIRECTION('',(0.287347885566,-5.31700397722E-16,0.957826285221)
  );
#7417 = ADVANCED_FACE('',(#7418),#7429,.T.);
#7418 = FACE_BOUND('',#7419,.T.);
#7419 = EDGE_LOOP('',(#7420,#7421,#7422,#7423));
#7420 = ORIENTED_EDGE('',*,*,#5991,.F.);
#7421 = ORIENTED_EDGE('',*,*,#7390,.T.);
#7422 = ORIENTED_EDGE('',*,*,#6141,.T.);
#7423 = ORIENTED_EDGE('',*,*,#7424,.F.);
#7424 = EDGE_CURVE('',#5992,#6142,#7425,.T.);
#7425 = LINE('',#7426,#7427);
#7426 = CARTESIAN_POINT('',(-0.125000733956,-4.85,-1.583330886814));
#7427 = VECTOR('',#7428,1.);
#7428 = DIRECTION('',(0.,1.,3.330669073875E-16));
#7429 = PLANE('',#7430);
#7430 = AXIS2_PLACEMENT_3D('',#7431,#7432,#7433);
#7431 = CARTESIAN_POINT('',(0.15,-4.85,-2.5));
#7432 = DIRECTION('',(0.957826285221,-9.570607158995E-17,0.287347885566)
  );
#7433 = DIRECTION('',(-0.287347885566,-5.31700397722E-16,0.957826285221)
  );
#7434 = ADVANCED_FACE('',(#7435),#7441,.F.);
#7435 = FACE_BOUND('',#7436,.F.);
#7436 = EDGE_LOOP('',(#7437,#7438,#7439,#7440));
#7437 = ORIENTED_EDGE('',*,*,#7405,.T.);
#7438 = ORIENTED_EDGE('',*,*,#6149,.T.);
#7439 = ORIENTED_EDGE('',*,*,#7424,.F.);
#7440 = ORIENTED_EDGE('',*,*,#5999,.F.);
#7441 = CYLINDRICAL_SURFACE('',#7442,0.29);
#7442 = AXIS2_PLACEMENT_3D('',#7443,#7444,#7445);
#7443 = CARTESIAN_POINT('',(0.152768888758,-4.85,-1.5));
#7444 = DIRECTION('',(0.,1.,3.330669073875E-16));
#7445 = DIRECTION('',(-0.957826285221,-9.570607158983E-17,0.287347885566
    ));
#7446 = ADVANCED_FACE('',(#7447),#7463,.F.);
#7447 = FACE_BOUND('',#7448,.F.);
#7448 = EDGE_LOOP('',(#7449,#7450,#7456,#7457));
#7449 = ORIENTED_EDGE('',*,*,#6239,.F.);
#7450 = ORIENTED_EDGE('',*,*,#7451,.T.);
#7451 = EDGE_CURVE('',#6240,#6414,#7452,.T.);
#7452 = LINE('',#7453,#7454);
#7453 = CARTESIAN_POINT('',(6.462230377286,-4.85,-0.540767924286));
#7454 = VECTOR('',#7455,1.);
#7455 = DIRECTION('',(0.,1.,3.330669073875E-16));
#7456 = ORIENTED_EDGE('',*,*,#6413,.T.);
#7457 = ORIENTED_EDGE('',*,*,#7458,.F.);
#7458 = EDGE_CURVE('',#6242,#6416,#7459,.T.);
#7459 = LINE('',#7460,#7461);
#7460 = CARTESIAN_POINT('',(6.725000733956,-4.85,-1.416669113186));
#7461 = VECTOR('',#7462,1.);
#7462 = DIRECTION('',(0.,1.,3.330669073875E-16));
#7463 = PLANE('',#7464);
#7464 = AXIS2_PLACEMENT_3D('',#7465,#7466,#7467);
#7465 = CARTESIAN_POINT('',(6.45,-4.85,-0.5));
#7466 = DIRECTION('',(-0.957826285221,9.570607158995E-17,-0.287347885566
    ));
#7467 = DIRECTION('',(0.287347885566,5.31700397722E-16,-0.957826285221)
  );
#7468 = ADVANCED_FACE('',(#7469),#7480,.F.);
#7469 = FACE_BOUND('',#7470,.F.);
#7470 = EDGE_LOOP('',(#7471,#7472,#7478,#7479));
#7471 = ORIENTED_EDGE('',*,*,#6374,.T.);
#7472 = ORIENTED_EDGE('',*,*,#7473,.T.);
#7473 = EDGE_CURVE('',#6367,#6534,#7474,.T.);
#7474 = LINE('',#7475,#7476);
#7475 = CARTESIAN_POINT('',(6.45,-4.85,-0.457437037472));
#7476 = VECTOR('',#7477,1.);
#7477 = DIRECTION('',(0.,1.,3.330669073875E-16));
#7478 = ORIENTED_EDGE('',*,*,#6541,.F.);
#7479 = ORIENTED_EDGE('',*,*,#7451,.F.);
#7480 = CYLINDRICAL_SURFACE('',#7481,0.29);
#7481 = AXIS2_PLACEMENT_3D('',#7482,#7483,#7484);
#7482 = CARTESIAN_POINT('',(6.74,-4.85,-0.457437037472));
#7483 = DIRECTION('',(0.,1.,3.330669073875E-16));
#7484 = DIRECTION('',(-0.957826285221,9.570607158983E-17,-0.287347885566
    ));
#7485 = ADVANCED_FACE('',(#7486),#7497,.T.);
#7486 = FACE_BOUND('',#7487,.T.);
#7487 = EDGE_LOOP('',(#7488,#7489,#7495,#7496));
#7488 = ORIENTED_EDGE('',*,*,#6249,.T.);
#7489 = ORIENTED_EDGE('',*,*,#7490,.T.);
#7490 = EDGE_CURVE('',#6250,#6424,#7491,.T.);
#7491 = LINE('',#7492,#7493);
#7492 = CARTESIAN_POINT('',(6.725000733956,-4.85,-1.583330886814));
#7493 = VECTOR('',#7494,1.);
#7494 = DIRECTION('',(0.,1.,3.330669073875E-16));
#7495 = ORIENTED_EDGE('',*,*,#6423,.F.);
#7496 = ORIENTED_EDGE('',*,*,#7458,.F.);
#7497 = CYLINDRICAL_SURFACE('',#7498,0.29);
#7498 = AXIS2_PLACEMENT_3D('',#7499,#7500,#7501);
#7499 = CARTESIAN_POINT('',(6.447231111242,-4.85,-1.5));
#7500 = DIRECTION('',(0.,1.,3.330669073875E-16));
#7501 = DIRECTION('',(0.957826285221,-9.570607158983E-17,0.287347885566)
  );
#7502 = ADVANCED_FACE('',(#7503),#7514,.T.);
#7503 = FACE_BOUND('',#7504,.T.);
#7504 = EDGE_LOOP('',(#7505,#7506,#7507,#7508));
#7505 = ORIENTED_EDGE('',*,*,#6366,.F.);
#7506 = ORIENTED_EDGE('',*,*,#7473,.T.);
#7507 = ORIENTED_EDGE('',*,*,#6533,.T.);
#7508 = ORIENTED_EDGE('',*,*,#7509,.F.);
#7509 = EDGE_CURVE('',#6358,#6525,#7510,.T.);
#7510 = LINE('',#7511,#7512);
#7511 = CARTESIAN_POINT('',(6.45,-4.85,1.21));
#7512 = VECTOR('',#7513,1.);
#7513 = DIRECTION('',(0.,1.,3.330669073875E-16));
#7514 = PLANE('',#7515);
#7515 = AXIS2_PLACEMENT_3D('',#7516,#7517,#7518);
#7516 = CARTESIAN_POINT('',(6.45,-4.85,-0.5));
#7517 = DIRECTION('',(1.,0.,0.));
#7518 = DIRECTION('',(0.,-5.551115123126E-16,1.));
#7519 = ADVANCED_FACE('',(#7520),#7531,.F.);
#7520 = FACE_BOUND('',#7521,.F.);
#7521 = EDGE_LOOP('',(#7522,#7523,#7524,#7525));
#7522 = ORIENTED_EDGE('',*,*,#6258,.F.);
#7523 = ORIENTED_EDGE('',*,*,#7490,.T.);
#7524 = ORIENTED_EDGE('',*,*,#6432,.T.);
#7525 = ORIENTED_EDGE('',*,*,#7526,.F.);
#7526 = EDGE_CURVE('',#6259,#6433,#7527,.T.);
#7527 = LINE('',#7528,#7529);
#7528 = CARTESIAN_POINT('',(6.462230377286,-4.85,-2.459232075714));
#7529 = VECTOR('',#7530,1.);
#7530 = DIRECTION('',(0.,1.,3.330669073875E-16));
#7531 = PLANE('',#7532);
#7532 = AXIS2_PLACEMENT_3D('',#7533,#7534,#7535);
#7533 = CARTESIAN_POINT('',(6.75,-4.85,-1.5));
#7534 = DIRECTION('',(-0.957826285221,-9.570607158995E-17,0.287347885566
    ));
#7535 = DIRECTION('',(-0.287347885566,5.31700397722E-16,-0.957826285221)
  );
#7536 = ADVANCED_FACE('',(#7537),#7543,.T.);
#7537 = FACE_BOUND('',#7538,.T.);
#7538 = EDGE_LOOP('',(#7539,#7540,#7541,#7542));
#7539 = ORIENTED_EDGE('',*,*,#7509,.T.);
#7540 = ORIENTED_EDGE('',*,*,#6524,.T.);
#7541 = ORIENTED_EDGE('',*,*,#6390,.F.);
#7542 = ORIENTED_EDGE('',*,*,#6357,.F.);
#7543 = CYLINDRICAL_SURFACE('',#7544,0.29);
#7544 = AXIS2_PLACEMENT_3D('',#7545,#7546,#7547);
#7545 = CARTESIAN_POINT('',(6.16,-4.85,1.21));
#7546 = DIRECTION('',(0.,1.,3.330669073875E-16));
#7547 = DIRECTION('',(1.,0.,-0.));
#7548 = ADVANCED_FACE('',(#7549),#7560,.F.);
#7549 = FACE_BOUND('',#7550,.F.);
#7550 = EDGE_LOOP('',(#7551,#7552,#7553,#7554));
#7551 = ORIENTED_EDGE('',*,*,#6266,.T.);
#7552 = ORIENTED_EDGE('',*,*,#7526,.T.);
#7553 = ORIENTED_EDGE('',*,*,#6440,.F.);
#7554 = ORIENTED_EDGE('',*,*,#7555,.F.);
#7555 = EDGE_CURVE('',#6267,#6441,#7556,.T.);
#7556 = LINE('',#7557,#7558);
#7557 = CARTESIAN_POINT('',(6.45,-4.85,-2.542562962528));
#7558 = VECTOR('',#7559,1.);
#7559 = DIRECTION('',(0.,1.,3.330669073875E-16));
#7560 = CYLINDRICAL_SURFACE('',#7561,0.29);
#7561 = AXIS2_PLACEMENT_3D('',#7562,#7563,#7564);
#7562 = CARTESIAN_POINT('',(6.74,-4.85,-2.542562962528));
#7563 = DIRECTION('',(0.,1.,3.330669073875E-16));
#7564 = DIRECTION('',(-1.,0.,0.));
#7565 = ADVANCED_FACE('',(#7566),#7577,.T.);
#7566 = FACE_BOUND('',#7567,.T.);
#7567 = EDGE_LOOP('',(#7568,#7569,#7575,#7576));
#7568 = ORIENTED_EDGE('',*,*,#6275,.F.);
#7569 = ORIENTED_EDGE('',*,*,#7570,.T.);
#7570 = EDGE_CURVE('',#6276,#6450,#7571,.T.);
#7571 = LINE('',#7572,#7573);
#7572 = CARTESIAN_POINT('',(6.45,-4.85,-3.5));
#7573 = VECTOR('',#7574,1.);
#7574 = DIRECTION('',(0.,1.,3.330669073875E-16));
#7575 = ORIENTED_EDGE('',*,*,#6449,.T.);
#7576 = ORIENTED_EDGE('',*,*,#7555,.F.);
#7577 = PLANE('',#7578);
#7578 = AXIS2_PLACEMENT_3D('',#7579,#7580,#7581);
#7579 = CARTESIAN_POINT('',(6.45,-4.85,-3.5));
#7580 = DIRECTION('',(1.,0.,0.));
#7581 = DIRECTION('',(0.,-5.551115123126E-16,1.));
#7582 = ADVANCED_FACE('',(#7583),#7594,.T.);
#7583 = FACE_BOUND('',#7584,.T.);
#7584 = EDGE_LOOP('',(#7585,#7591,#7592,#7593));
#7585 = ORIENTED_EDGE('',*,*,#7586,.T.);
#7586 = EDGE_CURVE('',#6284,#6458,#7587,.T.);
#7587 = LINE('',#7588,#7589);
#7588 = CARTESIAN_POINT('',(6.15,-4.85,-3.5));
#7589 = VECTOR('',#7590,1.);
#7590 = DIRECTION('',(0.,1.,3.330669073875E-16));
#7591 = ORIENTED_EDGE('',*,*,#6457,.T.);
#7592 = ORIENTED_EDGE('',*,*,#7570,.F.);
#7593 = ORIENTED_EDGE('',*,*,#6283,.F.);
#7594 = PLANE('',#7595);
#7595 = AXIS2_PLACEMENT_3D('',#7596,#7597,#7598);
#7596 = CARTESIAN_POINT('',(6.15,-4.85,-3.5));
#7597 = DIRECTION('',(0.,3.330669073875E-16,-1.));
#7598 = DIRECTION('',(1.,0.,0.));
#7599 = ADVANCED_FACE('',(#7600),#7611,.T.);
#7600 = FACE_BOUND('',#7601,.T.);
#7601 = EDGE_LOOP('',(#7602,#7603,#7609,#7610));
#7602 = ORIENTED_EDGE('',*,*,#6291,.F.);
#7603 = ORIENTED_EDGE('',*,*,#7604,.T.);
#7604 = EDGE_CURVE('',#6292,#6466,#7605,.T.);
#7605 = LINE('',#7606,#7607);
#7606 = CARTESIAN_POINT('',(6.15,-4.85,-2.542562962528));
#7607 = VECTOR('',#7608,1.);
#7608 = DIRECTION('',(0.,1.,3.330669073875E-16));
#7609 = ORIENTED_EDGE('',*,*,#6465,.T.);
#7610 = ORIENTED_EDGE('',*,*,#7586,.F.);
#7611 = PLANE('',#7612);
#7612 = AXIS2_PLACEMENT_3D('',#7613,#7614,#7615);
#7613 = CARTESIAN_POINT('',(6.15,-4.85,-2.5));
#7614 = DIRECTION('',(-1.,0.,-0.));
#7615 = DIRECTION('',(0.,5.551115123126E-16,-1.));
#7616 = ADVANCED_FACE('',(#7617),#7628,.T.);
#7617 = FACE_BOUND('',#7618,.T.);
#7618 = EDGE_LOOP('',(#7619,#7620,#7621,#7627));
#7619 = ORIENTED_EDGE('',*,*,#6902,.T.);
#7620 = ORIENTED_EDGE('',*,*,#6507,.T.);
#7621 = ORIENTED_EDGE('',*,*,#7622,.F.);
#7622 = EDGE_CURVE('',#6326,#6500,#7623,.T.);
#7623 = LINE('',#7624,#7625);
#7624 = CARTESIAN_POINT('',(6.162230377286,-4.85,-0.540767924286));
#7625 = VECTOR('',#7626,1.);
#7626 = DIRECTION('',(0.,1.,3.330669073875E-16));
#7627 = ORIENTED_EDGE('',*,*,#6333,.F.);
#7628 = CYLINDRICAL_SURFACE('',#7629,0.29);
#7629 = AXIS2_PLACEMENT_3D('',#7630,#7631,#7632);
#7630 = CARTESIAN_POINT('',(6.44,-4.85,-0.457437037472));
#7631 = DIRECTION('',(0.,1.,3.330669073875E-16));
#7632 = DIRECTION('',(-1.,0.,0.));
#7633 = ADVANCED_FACE('',(#7634),#7645,.T.);
#7634 = FACE_BOUND('',#7635,.T.);
#7635 = EDGE_LOOP('',(#7636,#7642,#7643,#7644));
#7636 = ORIENTED_EDGE('',*,*,#7637,.T.);
#7637 = EDGE_CURVE('',#6300,#6474,#7638,.T.);
#7638 = LINE('',#7639,#7640);
#7639 = CARTESIAN_POINT('',(6.162230377286,-4.85,-2.459232075714));
#7640 = VECTOR('',#7641,1.);
#7641 = DIRECTION('',(0.,1.,3.330669073875E-16));
#7642 = ORIENTED_EDGE('',*,*,#6473,.T.);
#7643 = ORIENTED_EDGE('',*,*,#7604,.F.);
#7644 = ORIENTED_EDGE('',*,*,#6299,.F.);
#7645 = CYLINDRICAL_SURFACE('',#7646,0.29);
#7646 = AXIS2_PLACEMENT_3D('',#7647,#7648,#7649);
#7647 = CARTESIAN_POINT('',(6.44,-4.85,-2.542562962528));
#7648 = DIRECTION('',(0.,1.,3.330669073875E-16));
#7649 = DIRECTION('',(-0.957826285221,-9.570607158983E-17,0.287347885566
    ));
#7650 = ADVANCED_FACE('',(#7651),#7662,.F.);
#7651 = FACE_BOUND('',#7652,.F.);
#7652 = EDGE_LOOP('',(#7653,#7654,#7660,#7661));
#7653 = ORIENTED_EDGE('',*,*,#6325,.F.);
#7654 = ORIENTED_EDGE('',*,*,#7655,.T.);
#7655 = EDGE_CURVE('',#6317,#6491,#7656,.T.);
#7656 = LINE('',#7657,#7658);
#7657 = CARTESIAN_POINT('',(6.425000733956,-4.85,-1.416669113186));
#7658 = VECTOR('',#7659,1.);
#7659 = DIRECTION('',(0.,1.,3.330669073875E-16));
#7660 = ORIENTED_EDGE('',*,*,#6499,.T.);
#7661 = ORIENTED_EDGE('',*,*,#7622,.F.);
#7662 = PLANE('',#7663);
#7663 = AXIS2_PLACEMENT_3D('',#7664,#7665,#7666);
#7664 = CARTESIAN_POINT('',(6.45,-4.85,-1.5));
#7665 = DIRECTION('',(0.957826285221,-9.570607158995E-17,0.287347885566)
  );
#7666 = DIRECTION('',(-0.287347885566,-5.31700397722E-16,0.957826285221)
  );
#7667 = ADVANCED_FACE('',(#7668),#7679,.F.);
#7668 = FACE_BOUND('',#7669,.F.);
#7669 = EDGE_LOOP('',(#7670,#7671,#7672,#7673));
#7670 = ORIENTED_EDGE('',*,*,#6308,.F.);
#7671 = ORIENTED_EDGE('',*,*,#7637,.T.);
#7672 = ORIENTED_EDGE('',*,*,#6482,.T.);
#7673 = ORIENTED_EDGE('',*,*,#7674,.F.);
#7674 = EDGE_CURVE('',#6309,#6483,#7675,.T.);
#7675 = LINE('',#7676,#7677);
#7676 = CARTESIAN_POINT('',(6.425000733956,-4.85,-1.583330886814));
#7677 = VECTOR('',#7678,1.);
#7678 = DIRECTION('',(0.,1.,3.330669073875E-16));
#7679 = PLANE('',#7680);
#7680 = AXIS2_PLACEMENT_3D('',#7681,#7682,#7683);
#7681 = CARTESIAN_POINT('',(6.15,-4.85,-2.5));
#7682 = DIRECTION('',(0.957826285221,9.570607158995E-17,-0.287347885566)
  );
#7683 = DIRECTION('',(0.287347885566,-5.31700397722E-16,0.957826285221)
  );
#7684 = ADVANCED_FACE('',(#7685),#7691,.F.);
#7685 = FACE_BOUND('',#7686,.F.);
#7686 = EDGE_LOOP('',(#7687,#7688,#7689,#7690));
#7687 = ORIENTED_EDGE('',*,*,#6316,.T.);
#7688 = ORIENTED_EDGE('',*,*,#7674,.T.);
#7689 = ORIENTED_EDGE('',*,*,#6490,.F.);
#7690 = ORIENTED_EDGE('',*,*,#7655,.F.);
#7691 = CYLINDRICAL_SURFACE('',#7692,0.29);
#7692 = AXIS2_PLACEMENT_3D('',#7693,#7694,#7695);
#7693 = CARTESIAN_POINT('',(6.147231111242,-4.85,-1.5));
#7694 = DIRECTION('',(0.,1.,3.330669073875E-16));
#7695 = DIRECTION('',(0.957826285221,-9.570607158983E-17,0.287347885566)
  );
#7696 = ADVANCED_FACE('',(#7697),#7713,.F.);
#7697 = FACE_BOUND('',#7698,.F.);
#7698 = EDGE_LOOP('',(#7699,#7700,#7706,#7707));
#7699 = ORIENTED_EDGE('',*,*,#6706,.F.);
#7700 = ORIENTED_EDGE('',*,*,#7701,.T.);
#7701 = EDGE_CURVE('',#6707,#6557,#7702,.T.);
#7702 = LINE('',#7703,#7704);
#7703 = CARTESIAN_POINT('',(6.462230377286,-0.35,-0.540767924286));
#7704 = VECTOR('',#7705,1.);
#7705 = DIRECTION('',(0.,1.,3.330669073875E-16));
#7706 = ORIENTED_EDGE('',*,*,#6556,.T.);
#7707 = ORIENTED_EDGE('',*,*,#7708,.F.);
#7708 = EDGE_CURVE('',#6709,#6559,#7709,.T.);
#7709 = LINE('',#7710,#7711);
#7710 = CARTESIAN_POINT('',(6.725000733956,-0.35,-1.416669113186));
#7711 = VECTOR('',#7712,1.);
#7712 = DIRECTION('',(0.,1.,3.330669073875E-16));
#7713 = PLANE('',#7714);
#7714 = AXIS2_PLACEMENT_3D('',#7715,#7716,#7717);
#7715 = CARTESIAN_POINT('',(6.45,-0.35,-0.5));
#7716 = DIRECTION('',(-0.957826285221,9.570607158995E-17,-0.287347885566
    ));
#7717 = DIRECTION('',(0.287347885566,5.31700397722E-16,-0.957826285221)
  );
#7718 = ADVANCED_FACE('',(#7719),#7730,.F.);
#7719 = FACE_BOUND('',#7720,.F.);
#7720 = EDGE_LOOP('',(#7721,#7722,#7728,#7729));
#7721 = ORIENTED_EDGE('',*,*,#6841,.T.);
#7722 = ORIENTED_EDGE('',*,*,#7723,.T.);
#7723 = EDGE_CURVE('',#6834,#6684,#7724,.T.);
#7724 = LINE('',#7725,#7726);
#7725 = CARTESIAN_POINT('',(6.45,-0.35,-0.457437037472));
#7726 = VECTOR('',#7727,1.);
#7727 = DIRECTION('',(0.,1.,3.330669073875E-16));
#7728 = ORIENTED_EDGE('',*,*,#6691,.F.);
#7729 = ORIENTED_EDGE('',*,*,#7701,.F.);
#7730 = CYLINDRICAL_SURFACE('',#7731,0.29);
#7731 = AXIS2_PLACEMENT_3D('',#7732,#7733,#7734);
#7732 = CARTESIAN_POINT('',(6.74,-0.35,-0.457437037472));
#7733 = DIRECTION('',(0.,1.,3.330669073875E-16));
#7734 = DIRECTION('',(-0.957826285221,9.570607158983E-17,-0.287347885566
    ));
#7735 = ADVANCED_FACE('',(#7736),#7747,.T.);
#7736 = FACE_BOUND('',#7737,.T.);
#7737 = EDGE_LOOP('',(#7738,#7739,#7745,#7746));
#7738 = ORIENTED_EDGE('',*,*,#6716,.T.);
#7739 = ORIENTED_EDGE('',*,*,#7740,.T.);
#7740 = EDGE_CURVE('',#6717,#6567,#7741,.T.);
#7741 = LINE('',#7742,#7743);
#7742 = CARTESIAN_POINT('',(6.725000733956,-0.35,-1.583330886814));
#7743 = VECTOR('',#7744,1.);
#7744 = DIRECTION('',(0.,1.,3.330669073875E-16));
#7745 = ORIENTED_EDGE('',*,*,#6566,.F.);
#7746 = ORIENTED_EDGE('',*,*,#7708,.F.);
#7747 = CYLINDRICAL_SURFACE('',#7748,0.29);
#7748 = AXIS2_PLACEMENT_3D('',#7749,#7750,#7751);
#7749 = CARTESIAN_POINT('',(6.447231111242,-0.35,-1.5));
#7750 = DIRECTION('',(0.,1.,3.330669073875E-16));
#7751 = DIRECTION('',(0.957826285221,-9.570607158983E-17,0.287347885566)
  );
#7752 = ADVANCED_FACE('',(#7753),#7764,.T.);
#7753 = FACE_BOUND('',#7754,.T.);
#7754 = EDGE_LOOP('',(#7755,#7756,#7757,#7758));
#7755 = ORIENTED_EDGE('',*,*,#6833,.F.);
#7756 = ORIENTED_EDGE('',*,*,#7723,.T.);
#7757 = ORIENTED_EDGE('',*,*,#6683,.T.);
#7758 = ORIENTED_EDGE('',*,*,#7759,.F.);
#7759 = EDGE_CURVE('',#6825,#6675,#7760,.T.);
#7760 = LINE('',#7761,#7762);
#7761 = CARTESIAN_POINT('',(6.45,-0.35,1.21));
#7762 = VECTOR('',#7763,1.);
#7763 = DIRECTION('',(0.,1.,3.330669073875E-16));
#7764 = PLANE('',#7765);
#7765 = AXIS2_PLACEMENT_3D('',#7766,#7767,#7768);
#7766 = CARTESIAN_POINT('',(6.45,-0.35,-0.5));
#7767 = DIRECTION('',(1.,0.,0.));
#7768 = DIRECTION('',(0.,-5.551115123126E-16,1.));
#7769 = ADVANCED_FACE('',(#7770),#7781,.F.);
#7770 = FACE_BOUND('',#7771,.F.);
#7771 = EDGE_LOOP('',(#7772,#7773,#7774,#7775));
#7772 = ORIENTED_EDGE('',*,*,#6725,.F.);
#7773 = ORIENTED_EDGE('',*,*,#7740,.T.);
#7774 = ORIENTED_EDGE('',*,*,#6575,.T.);
#7775 = ORIENTED_EDGE('',*,*,#7776,.F.);
#7776 = EDGE_CURVE('',#6726,#6576,#7777,.T.);
#7777 = LINE('',#7778,#7779);
#7778 = CARTESIAN_POINT('',(6.462230377286,-0.35,-2.459232075714));
#7779 = VECTOR('',#7780,1.);
#7780 = DIRECTION('',(0.,1.,3.330669073875E-16));
#7781 = PLANE('',#7782);
#7782 = AXIS2_PLACEMENT_3D('',#7783,#7784,#7785);
#7783 = CARTESIAN_POINT('',(6.75,-0.35,-1.5));
#7784 = DIRECTION('',(-0.957826285221,-9.570607158995E-17,0.287347885566
    ));
#7785 = DIRECTION('',(-0.287347885566,5.31700397722E-16,-0.957826285221)
  );
#7786 = ADVANCED_FACE('',(#7787),#7793,.T.);
#7787 = FACE_BOUND('',#7788,.T.);
#7788 = EDGE_LOOP('',(#7789,#7790,#7791,#7792));
#7789 = ORIENTED_EDGE('',*,*,#7759,.T.);
#7790 = ORIENTED_EDGE('',*,*,#6674,.T.);
#7791 = ORIENTED_EDGE('',*,*,#6857,.F.);
#7792 = ORIENTED_EDGE('',*,*,#6824,.F.);
#7793 = CYLINDRICAL_SURFACE('',#7794,0.29);
#7794 = AXIS2_PLACEMENT_3D('',#7795,#7796,#7797);
#7795 = CARTESIAN_POINT('',(6.16,-0.35,1.21));
#7796 = DIRECTION('',(0.,1.,3.330669073875E-16));
#7797 = DIRECTION('',(1.,0.,-0.));
#7798 = ADVANCED_FACE('',(#7799),#7810,.F.);
#7799 = FACE_BOUND('',#7800,.F.);
#7800 = EDGE_LOOP('',(#7801,#7802,#7803,#7804));
#7801 = ORIENTED_EDGE('',*,*,#6733,.T.);
#7802 = ORIENTED_EDGE('',*,*,#7776,.T.);
#7803 = ORIENTED_EDGE('',*,*,#6583,.F.);
#7804 = ORIENTED_EDGE('',*,*,#7805,.F.);
#7805 = EDGE_CURVE('',#6734,#6584,#7806,.T.);
#7806 = LINE('',#7807,#7808);
#7807 = CARTESIAN_POINT('',(6.45,-0.35,-2.542562962528));
#7808 = VECTOR('',#7809,1.);
#7809 = DIRECTION('',(0.,1.,3.330669073875E-16));
#7810 = CYLINDRICAL_SURFACE('',#7811,0.29);
#7811 = AXIS2_PLACEMENT_3D('',#7812,#7813,#7814);
#7812 = CARTESIAN_POINT('',(6.74,-0.35,-2.542562962528));
#7813 = DIRECTION('',(0.,1.,3.330669073875E-16));
#7814 = DIRECTION('',(-1.,0.,0.));
#7815 = ADVANCED_FACE('',(#7816),#7827,.T.);
#7816 = FACE_BOUND('',#7817,.T.);
#7817 = EDGE_LOOP('',(#7818,#7819,#7825,#7826));
#7818 = ORIENTED_EDGE('',*,*,#6742,.F.);
#7819 = ORIENTED_EDGE('',*,*,#7820,.T.);
#7820 = EDGE_CURVE('',#6743,#6593,#7821,.T.);
#7821 = LINE('',#7822,#7823);
#7822 = CARTESIAN_POINT('',(6.45,-0.35,-3.5));
#7823 = VECTOR('',#7824,1.);
#7824 = DIRECTION('',(0.,1.,3.330669073875E-16));
#7825 = ORIENTED_EDGE('',*,*,#6592,.T.);
#7826 = ORIENTED_EDGE('',*,*,#7805,.F.);
#7827 = PLANE('',#7828);
#7828 = AXIS2_PLACEMENT_3D('',#7829,#7830,#7831);
#7829 = CARTESIAN_POINT('',(6.45,-0.35,-3.5));
#7830 = DIRECTION('',(1.,0.,0.));
#7831 = DIRECTION('',(0.,-5.551115123126E-16,1.));
#7832 = ADVANCED_FACE('',(#7833),#7844,.T.);
#7833 = FACE_BOUND('',#7834,.T.);
#7834 = EDGE_LOOP('',(#7835,#7841,#7842,#7843));
#7835 = ORIENTED_EDGE('',*,*,#7836,.T.);
#7836 = EDGE_CURVE('',#6751,#6601,#7837,.T.);
#7837 = LINE('',#7838,#7839);
#7838 = CARTESIAN_POINT('',(6.15,-0.35,-3.5));
#7839 = VECTOR('',#7840,1.);
#7840 = DIRECTION('',(0.,1.,3.330669073875E-16));
#7841 = ORIENTED_EDGE('',*,*,#6600,.T.);
#7842 = ORIENTED_EDGE('',*,*,#7820,.F.);
#7843 = ORIENTED_EDGE('',*,*,#6750,.F.);
#7844 = PLANE('',#7845);
#7845 = AXIS2_PLACEMENT_3D('',#7846,#7847,#7848);
#7846 = CARTESIAN_POINT('',(6.15,-0.35,-3.5));
#7847 = DIRECTION('',(0.,3.330669073875E-16,-1.));
#7848 = DIRECTION('',(1.,0.,0.));
#7849 = ADVANCED_FACE('',(#7850),#7861,.T.);
#7850 = FACE_BOUND('',#7851,.T.);
#7851 = EDGE_LOOP('',(#7852,#7853,#7859,#7860));
#7852 = ORIENTED_EDGE('',*,*,#6758,.F.);
#7853 = ORIENTED_EDGE('',*,*,#7854,.T.);
#7854 = EDGE_CURVE('',#6759,#6609,#7855,.T.);
#7855 = LINE('',#7856,#7857);
#7856 = CARTESIAN_POINT('',(6.15,-0.35,-2.542562962528));
#7857 = VECTOR('',#7858,1.);
#7858 = DIRECTION('',(0.,1.,3.330669073875E-16));
#7859 = ORIENTED_EDGE('',*,*,#6608,.T.);
#7860 = ORIENTED_EDGE('',*,*,#7836,.F.);
#7861 = PLANE('',#7862);
#7862 = AXIS2_PLACEMENT_3D('',#7863,#7864,#7865);
#7863 = CARTESIAN_POINT('',(6.15,-0.35,-2.5));
#7864 = DIRECTION('',(-1.,0.,-0.));
#7865 = DIRECTION('',(0.,5.551115123126E-16,-1.));
#7866 = ADVANCED_FACE('',(#7867),#7878,.T.);
#7867 = FACE_BOUND('',#7868,.T.);
#7868 = EDGE_LOOP('',(#7869,#7870,#7871,#7877));
#7869 = ORIENTED_EDGE('',*,*,#6936,.T.);
#7870 = ORIENTED_EDGE('',*,*,#6650,.T.);
#7871 = ORIENTED_EDGE('',*,*,#7872,.F.);
#7872 = EDGE_CURVE('',#6793,#6643,#7873,.T.);
#7873 = LINE('',#7874,#7875);
#7874 = CARTESIAN_POINT('',(6.162230377286,-0.35,-0.540767924286));
#7875 = VECTOR('',#7876,1.);
#7876 = DIRECTION('',(0.,1.,3.330669073875E-16));
#7877 = ORIENTED_EDGE('',*,*,#6800,.F.);
#7878 = CYLINDRICAL_SURFACE('',#7879,0.29);
#7879 = AXIS2_PLACEMENT_3D('',#7880,#7881,#7882);
#7880 = CARTESIAN_POINT('',(6.44,-0.35,-0.457437037472));
#7881 = DIRECTION('',(0.,1.,3.330669073875E-16));
#7882 = DIRECTION('',(-1.,0.,0.));
#7883 = ADVANCED_FACE('',(#7884),#7895,.T.);
#7884 = FACE_BOUND('',#7885,.T.);
#7885 = EDGE_LOOP('',(#7886,#7892,#7893,#7894));
#7886 = ORIENTED_EDGE('',*,*,#7887,.T.);
#7887 = EDGE_CURVE('',#6767,#6617,#7888,.T.);
#7888 = LINE('',#7889,#7890);
#7889 = CARTESIAN_POINT('',(6.162230377286,-0.35,-2.459232075714));
#7890 = VECTOR('',#7891,1.);
#7891 = DIRECTION('',(0.,1.,3.330669073875E-16));
#7892 = ORIENTED_EDGE('',*,*,#6616,.T.);
#7893 = ORIENTED_EDGE('',*,*,#7854,.F.);
#7894 = ORIENTED_EDGE('',*,*,#6766,.F.);
#7895 = CYLINDRICAL_SURFACE('',#7896,0.29);
#7896 = AXIS2_PLACEMENT_3D('',#7897,#7898,#7899);
#7897 = CARTESIAN_POINT('',(6.44,-0.35,-2.542562962528));
#7898 = DIRECTION('',(0.,1.,3.330669073875E-16));
#7899 = DIRECTION('',(-0.957826285221,-9.570607158983E-17,0.287347885566
    ));
#7900 = ADVANCED_FACE('',(#7901),#7912,.F.);
#7901 = FACE_BOUND('',#7902,.F.);
#7902 = EDGE_LOOP('',(#7903,#7904,#7910,#7911));
#7903 = ORIENTED_EDGE('',*,*,#6792,.F.);
#7904 = ORIENTED_EDGE('',*,*,#7905,.T.);
#7905 = EDGE_CURVE('',#6784,#6634,#7906,.T.);
#7906 = LINE('',#7907,#7908);
#7907 = CARTESIAN_POINT('',(6.425000733956,-0.35,-1.416669113186));
#7908 = VECTOR('',#7909,1.);
#7909 = DIRECTION('',(0.,1.,3.330669073875E-16));
#7910 = ORIENTED_EDGE('',*,*,#6642,.T.);
#7911 = ORIENTED_EDGE('',*,*,#7872,.F.);
#7912 = PLANE('',#7913);
#7913 = AXIS2_PLACEMENT_3D('',#7914,#7915,#7916);
#7914 = CARTESIAN_POINT('',(6.45,-0.35,-1.5));
#7915 = DIRECTION('',(0.957826285221,-9.570607158995E-17,0.287347885566)
  );
#7916 = DIRECTION('',(-0.287347885566,-5.31700397722E-16,0.957826285221)
  );
#7917 = ADVANCED_FACE('',(#7918),#7929,.F.);
#7918 = FACE_BOUND('',#7919,.F.);
#7919 = EDGE_LOOP('',(#7920,#7921,#7922,#7923));
#7920 = ORIENTED_EDGE('',*,*,#6775,.F.);
#7921 = ORIENTED_EDGE('',*,*,#7887,.T.);
#7922 = ORIENTED_EDGE('',*,*,#6625,.T.);
#7923 = ORIENTED_EDGE('',*,*,#7924,.F.);
#7924 = EDGE_CURVE('',#6776,#6626,#7925,.T.);
#7925 = LINE('',#7926,#7927);
#7926 = CARTESIAN_POINT('',(6.425000733956,-0.35,-1.583330886814));
#7927 = VECTOR('',#7928,1.);
#7928 = DIRECTION('',(0.,1.,3.330669073875E-16));
#7929 = PLANE('',#7930);
#7930 = AXIS2_PLACEMENT_3D('',#7931,#7932,#7933);
#7931 = CARTESIAN_POINT('',(6.15,-0.35,-2.5));
#7932 = DIRECTION('',(0.957826285221,9.570607158995E-17,-0.287347885566)
  );
#7933 = DIRECTION('',(0.287347885566,-5.31700397722E-16,0.957826285221)
  );
#7934 = ADVANCED_FACE('',(#7935),#7941,.F.);
#7935 = FACE_BOUND('',#7936,.F.);
#7936 = EDGE_LOOP('',(#7937,#7938,#7939,#7940));
#7937 = ORIENTED_EDGE('',*,*,#6783,.T.);
#7938 = ORIENTED_EDGE('',*,*,#7924,.T.);
#7939 = ORIENTED_EDGE('',*,*,#6633,.F.);
#7940 = ORIENTED_EDGE('',*,*,#7905,.F.);
#7941 = CYLINDRICAL_SURFACE('',#7942,0.29);
#7942 = AXIS2_PLACEMENT_3D('',#7943,#7944,#7945);
#7943 = CARTESIAN_POINT('',(6.147231111242,-0.35,-1.5));
#7944 = DIRECTION('',(0.,1.,3.330669073875E-16));
#7945 = DIRECTION('',(0.957826285221,-9.570607158983E-17,0.287347885566)
  );
#7946 = ( GEOMETRIC_REPRESENTATION_CONTEXT(3) 
GLOBAL_UNCERTAINTY_ASSIGNED_CONTEXT((#7950)) 
GLOBAL_UNIT_ASSIGNED_CONTEXT((#7947,#7948,#7949)) REPRESENTATION_CONTEXT
('Context #1','3D Context with UNIT and UNCERTAINTY') );
#7947 = ( LENGTH_UNIT() NAMED_UNIT(*) SI_UNIT(.MILLI.,.METRE.) );
#7948 = ( NAMED_UNIT(*) PLANE_ANGLE_UNIT() SI_UNIT($,.RADIAN.) );
#7949 = ( NAMED_UNIT(*) SI_UNIT($,.STERADIAN.) SOLID_ANGLE_UNIT() );
#7950 = UNCERTAINTY_MEASURE_WITH_UNIT(LENGTH_MEASURE(1.E-07),#7947,
  'distance_accuracy_value','confusion accuracy');
#7951 = CONTEXT_DEPENDENT_SHAPE_REPRESENTATION(#7952,#7954);
#7952 = ( REPRESENTATION_RELATIONSHIP('','',#4716,#10) 
REPRESENTATION_RELATIONSHIP_WITH_TRANSFORMATION(#7953) 
SHAPE_REPRESENTATION_RELATIONSHIP() );
#7953 = ITEM_DEFINED_TRANSFORMATION('','',#11,#43);
#7954 = PRODUCT_DEFINITION_SHAPE('Placement','Placement of an item',
  #7955);
#7955 = NEXT_ASSEMBLY_USAGE_OCCURRENCE('8','SW2','',#5,#4711,$);
#7956 = PRODUCT_RELATED_PRODUCT_CATEGORY('part',$,(#4713));
#7957 = CONTEXT_DEPENDENT_SHAPE_REPRESENTATION(#7958,#7960);
#7958 = ( REPRESENTATION_RELATIONSHIP('','',#4716,#10) 
REPRESENTATION_RELATIONSHIP_WITH_TRANSFORMATION(#7959) 
SHAPE_REPRESENTATION_RELATIONSHIP() );
#7959 = ITEM_DEFINED_TRANSFORMATION('','',#11,#47);
#7960 = PRODUCT_DEFINITION_SHAPE('Placement','Placement of an item',
  #7961);
#7961 = NEXT_ASSEMBLY_USAGE_OCCURRENCE('9','SW1','',#5,#4711,$);
#7962 = SHAPE_DEFINITION_REPRESENTATION(#7963,#7969);
#7963 = PRODUCT_DEFINITION_SHAPE('','',#7964);
#7964 = PRODUCT_DEFINITION('design','',#7965,#7968);
#7965 = PRODUCT_DEFINITION_FORMATION('','',#7966);
#7966 = PRODUCT('PinHeader_1x04_P2.54mm_Vertical',
  'PinHeader_1x04_P2.54mm_Vertical','',(#7967));
#7967 = PRODUCT_CONTEXT('',#2,'mechanical');
#7968 = PRODUCT_DEFINITION_CONTEXT('part definition',#2,'design');
#7969 = ADVANCED_BREP_SHAPE_REPRESENTATION('',(#11,#7970),#10750);
#7970 = MANIFOLD_SOLID_BREP('',#7971);
#7971 = CLOSED_SHELL('',(#7972,#8012,#8043,#8074,#8403,#8732,#8749,#8766
    ,#8783,#8800,#8817,#8834,#8851,#8868,#8885,#8902,#8919,#8936,#8953,
    #8970,#8987,#9004,#9021,#9038,#9055,#9072,#9089,#9106,#9118,#9149,
    #9173,#9197,#9214,#9245,#9269,#9293,#9310,#9341,#9365,#9389,#9406,
    #9437,#9461,#9485,#9502,#9533,#9557,#9581,#9598,#9629,#9653,#9677,
    #9694,#9725,#9749,#9773,#9790,#9821,#9845,#9869,#9886,#9917,#9941,
    #9965,#9982,#10013,#10037,#10061,#10078,#10109,#10133,#10157,#10174,
    #10205,#10229,#10253,#10270,#10301,#10325,#10349,#10366,#10397,
    #10421,#10445,#10462,#10493,#10517,#10541,#10558,#10589,#10613,
    #10637,#10654,#10666,#10678,#10690,#10702,#10714,#10726,#10738));
#7972 = ADVANCED_FACE('',(#7973),#8007,.F.);
#7973 = FACE_BOUND('',#7974,.F.);
#7974 = EDGE_LOOP('',(#7975,#7985,#7993,#8001));
#7975 = ORIENTED_EDGE('',*,*,#7976,.T.);
#7976 = EDGE_CURVE('',#7977,#7979,#7981,.T.);
#7977 = VERTEX_POINT('',#7978);
#7978 = CARTESIAN_POINT('',(-1.016,1.27,0.));
#7979 = VERTEX_POINT('',#7980);
#7980 = CARTESIAN_POINT('',(-1.016,1.27,2.54));
#7981 = LINE('',#7982,#7983);
#7982 = CARTESIAN_POINT('',(-1.016,1.27,0.));
#7983 = VECTOR('',#7984,1.);
#7984 = DIRECTION('',(0.,0.,1.));
#7985 = ORIENTED_EDGE('',*,*,#7986,.T.);
#7986 = EDGE_CURVE('',#7979,#7987,#7989,.T.);
#7987 = VERTEX_POINT('',#7988);
#7988 = CARTESIAN_POINT('',(-1.27,1.016,2.54));
#7989 = LINE('',#7990,#7991);
#7990 = CARTESIAN_POINT('',(-1.016,1.27,2.54));
#7991 = VECTOR('',#7992,1.);
#7992 = DIRECTION('',(-0.707106781187,-0.707106781187,0.));
#7993 = ORIENTED_EDGE('',*,*,#7994,.F.);
#7994 = EDGE_CURVE('',#7995,#7987,#7997,.T.);
#7995 = VERTEX_POINT('',#7996);
#7996 = CARTESIAN_POINT('',(-1.27,1.016,0.));
#7997 = LINE('',#7998,#7999);
#7998 = CARTESIAN_POINT('',(-1.27,1.016,0.));
#7999 = VECTOR('',#8000,1.);
#8000 = DIRECTION('',(0.,0.,1.));
#8001 = ORIENTED_EDGE('',*,*,#8002,.F.);
#8002 = EDGE_CURVE('',#7977,#7995,#8003,.T.);
#8003 = LINE('',#8004,#8005);
#8004 = CARTESIAN_POINT('',(-1.016,1.27,0.));
#8005 = VECTOR('',#8006,1.);
#8006 = DIRECTION('',(-0.707106781187,-0.707106781187,0.));
#8007 = PLANE('',#8008);
#8008 = AXIS2_PLACEMENT_3D('',#8009,#8010,#8011);
#8009 = CARTESIAN_POINT('',(-1.016,1.27,0.));
#8010 = DIRECTION('',(0.707106781187,-0.707106781187,0.));
#8011 = DIRECTION('',(-0.707106781187,-0.707106781187,0.));
#8012 = ADVANCED_FACE('',(#8013),#8038,.F.);
#8013 = FACE_BOUND('',#8014,.F.);
#8014 = EDGE_LOOP('',(#8015,#8025,#8031,#8032));
#8015 = ORIENTED_EDGE('',*,*,#8016,.T.);
#8016 = EDGE_CURVE('',#8017,#8019,#8021,.T.);
#8017 = VERTEX_POINT('',#8018);
#8018 = CARTESIAN_POINT('',(1.016,1.27,0.));
#8019 = VERTEX_POINT('',#8020);
#8020 = CARTESIAN_POINT('',(1.016,1.27,2.54));
#8021 = LINE('',#8022,#8023);
#8022 = CARTESIAN_POINT('',(1.016,1.27,0.));
#8023 = VECTOR('',#8024,1.);
#8024 = DIRECTION('',(0.,0.,1.));
#8025 = ORIENTED_EDGE('',*,*,#8026,.T.);
#8026 = EDGE_CURVE('',#8019,#7979,#8027,.T.);
#8027 = LINE('',#8028,#8029);
#8028 = CARTESIAN_POINT('',(1.016,1.27,2.54));
#8029 = VECTOR('',#8030,1.);
#8030 = DIRECTION('',(-1.,0.,0.));
#8031 = ORIENTED_EDGE('',*,*,#7976,.F.);
#8032 = ORIENTED_EDGE('',*,*,#8033,.F.);
#8033 = EDGE_CURVE('',#8017,#7977,#8034,.T.);
#8034 = LINE('',#8035,#8036);
#8035 = CARTESIAN_POINT('',(1.016,1.27,0.));
#8036 = VECTOR('',#8037,1.);
#8037 = DIRECTION('',(-1.,0.,0.));
#8038 = PLANE('',#8039);
#8039 = AXIS2_PLACEMENT_3D('',#8040,#8041,#8042);
#8040 = CARTESIAN_POINT('',(1.016,1.27,0.));
#8041 = DIRECTION('',(0.,-1.,0.));
#8042 = DIRECTION('',(-1.,0.,0.));
#8043 = ADVANCED_FACE('',(#8044),#8069,.F.);
#8044 = FACE_BOUND('',#8045,.F.);
#8045 = EDGE_LOOP('',(#8046,#8047,#8055,#8063));
#8046 = ORIENTED_EDGE('',*,*,#7994,.T.);
#8047 = ORIENTED_EDGE('',*,*,#8048,.T.);
#8048 = EDGE_CURVE('',#7987,#8049,#8051,.T.);
#8049 = VERTEX_POINT('',#8050);
#8050 = CARTESIAN_POINT('',(-1.27,-1.016,2.54));
#8051 = LINE('',#8052,#8053);
#8052 = CARTESIAN_POINT('',(-1.27,1.016,2.54));
#8053 = VECTOR('',#8054,1.);
#8054 = DIRECTION('',(0.,-1.,0.));
#8055 = ORIENTED_EDGE('',*,*,#8056,.F.);
#8056 = EDGE_CURVE('',#8057,#8049,#8059,.T.);
#8057 = VERTEX_POINT('',#8058);
#8058 = CARTESIAN_POINT('',(-1.27,-1.016,0.));
#8059 = LINE('',#8060,#8061);
#8060 = CARTESIAN_POINT('',(-1.27,-1.016,0.));
#8061 = VECTOR('',#8062,1.);
#8062 = DIRECTION('',(0.,0.,1.));
#8063 = ORIENTED_EDGE('',*,*,#8064,.F.);
#8064 = EDGE_CURVE('',#7995,#8057,#8065,.T.);
#8065 = LINE('',#8066,#8067);
#8066 = CARTESIAN_POINT('',(-1.27,1.016,0.));
#8067 = VECTOR('',#8068,1.);
#8068 = DIRECTION('',(0.,-1.,0.));
#8069 = PLANE('',#8070);
#8070 = AXIS2_PLACEMENT_3D('',#8071,#8072,#8073);
#8071 = CARTESIAN_POINT('',(-1.27,1.016,0.));
#8072 = DIRECTION('',(1.,0.,0.));
#8073 = DIRECTION('',(0.,-1.,0.));
#8074 = ADVANCED_FACE('',(#8075,#8262,#8296,#8330,#8364),#8398,.F.);
#8075 = FACE_BOUND('',#8076,.F.);
#8076 = EDGE_LOOP('',(#8077,#8078,#8079,#8087,#8095,#8103,#8111,#8119,
    #8127,#8135,#8143,#8151,#8159,#8167,#8175,#8183,#8191,#8199,#8207,
    #8215,#8223,#8231,#8239,#8247,#8255,#8261));
#8077 = ORIENTED_EDGE('',*,*,#8002,.T.);
#8078 = ORIENTED_EDGE('',*,*,#8064,.T.);
#8079 = ORIENTED_EDGE('',*,*,#8080,.T.);
#8080 = EDGE_CURVE('',#8057,#8081,#8083,.T.);
#8081 = VERTEX_POINT('',#8082);
#8082 = CARTESIAN_POINT('',(-1.016,-1.27,0.));
#8083 = LINE('',#8084,#8085);
#8084 = CARTESIAN_POINT('',(-1.27,-1.016,0.));
#8085 = VECTOR('',#8086,1.);
#8086 = DIRECTION('',(0.707106781187,-0.707106781187,0.));
#8087 = ORIENTED_EDGE('',*,*,#8088,.T.);
#8088 = EDGE_CURVE('',#8081,#8089,#8091,.T.);
#8089 = VERTEX_POINT('',#8090);
#8090 = CARTESIAN_POINT('',(-1.27,-1.524,0.));
#8091 = LINE('',#8092,#8093);
#8092 = CARTESIAN_POINT('',(-1.016,-1.27,0.));
#8093 = VECTOR('',#8094,1.);
#8094 = DIRECTION('',(-0.707106781187,-0.707106781187,0.));
#8095 = ORIENTED_EDGE('',*,*,#8096,.T.);
#8096 = EDGE_CURVE('',#8089,#8097,#8099,.T.);
#8097 = VERTEX_POINT('',#8098);
#8098 = CARTESIAN_POINT('',(-1.27,-3.556,0.));
#8099 = LINE('',#8100,#8101);
#8100 = CARTESIAN_POINT('',(-1.27,-1.524,0.));
#8101 = VECTOR('',#8102,1.);
#8102 = DIRECTION('',(0.,-1.,0.));
#8103 = ORIENTED_EDGE('',*,*,#8104,.T.);
#8104 = EDGE_CURVE('',#8097,#8105,#8107,.T.);
#8105 = VERTEX_POINT('',#8106);
#8106 = CARTESIAN_POINT('',(-1.016,-3.81,0.));
#8107 = LINE('',#8108,#8109);
#8108 = CARTESIAN_POINT('',(-1.27,-3.556,0.));
#8109 = VECTOR('',#8110,1.);
#8110 = DIRECTION('',(0.707106781187,-0.707106781187,0.));
#8111 = ORIENTED_EDGE('',*,*,#8112,.T.);
#8112 = EDGE_CURVE('',#8105,#8113,#8115,.T.);
#8113 = VERTEX_POINT('',#8114);
#8114 = CARTESIAN_POINT('',(-1.27,-4.064,0.));
#8115 = LINE('',#8116,#8117);
#8116 = CARTESIAN_POINT('',(-1.016,-3.81,0.));
#8117 = VECTOR('',#8118,1.);
#8118 = DIRECTION('',(-0.707106781187,-0.707106781187,0.));
#8119 = ORIENTED_EDGE('',*,*,#8120,.T.);
#8120 = EDGE_CURVE('',#8113,#8121,#8123,.T.);
#8121 = VERTEX_POINT('',#8122);
#8122 = CARTESIAN_POINT('',(-1.27,-6.096,0.));
#8123 = LINE('',#8124,#8125);
#8124 = CARTESIAN_POINT('',(-1.27,-4.064,0.));
#8125 = VECTOR('',#8126,1.);
#8126 = DIRECTION('',(0.,-1.,0.));
#8127 = ORIENTED_EDGE('',*,*,#8128,.T.);
#8128 = EDGE_CURVE('',#8121,#8129,#8131,.T.);
#8129 = VERTEX_POINT('',#8130);
#8130 = CARTESIAN_POINT('',(-1.016,-6.35,0.));
#8131 = LINE('',#8132,#8133);
#8132 = CARTESIAN_POINT('',(-1.27,-6.096,0.));
#8133 = VECTOR('',#8134,1.);
#8134 = DIRECTION('',(0.707106781187,-0.707106781187,0.));
#8135 = ORIENTED_EDGE('',*,*,#8136,.T.);
#8136 = EDGE_CURVE('',#8129,#8137,#8139,.T.);
#8137 = VERTEX_POINT('',#8138);
#8138 = CARTESIAN_POINT('',(-1.27,-6.604,0.));
#8139 = LINE('',#8140,#8141);
#8140 = CARTESIAN_POINT('',(-1.016,-6.35,0.));
#8141 = VECTOR('',#8142,1.);
#8142 = DIRECTION('',(-0.707106781187,-0.707106781187,0.));
#8143 = ORIENTED_EDGE('',*,*,#8144,.T.);
#8144 = EDGE_CURVE('',#8137,#8145,#8147,.T.);
#8145 = VERTEX_POINT('',#8146);
#8146 = CARTESIAN_POINT('',(-1.27,-8.636,0.));
#8147 = LINE('',#8148,#8149);
#8148 = CARTESIAN_POINT('',(-1.27,-6.604,0.));
#8149 = VECTOR('',#8150,1.);
#8150 = DIRECTION('',(0.,-1.,0.));
#8151 = ORIENTED_EDGE('',*,*,#8152,.T.);
#8152 = EDGE_CURVE('',#8145,#8153,#8155,.T.);
#8153 = VERTEX_POINT('',#8154);
#8154 = CARTESIAN_POINT('',(-1.016,-8.89,0.));
#8155 = LINE('',#8156,#8157);
#8156 = CARTESIAN_POINT('',(-1.27,-8.636,0.));
#8157 = VECTOR('',#8158,1.);
#8158 = DIRECTION('',(0.707106781187,-0.707106781187,0.));
#8159 = ORIENTED_EDGE('',*,*,#8160,.T.);
#8160 = EDGE_CURVE('',#8153,#8161,#8163,.T.);
#8161 = VERTEX_POINT('',#8162);
#8162 = CARTESIAN_POINT('',(1.016,-8.89,0.));
#8163 = LINE('',#8164,#8165);
#8164 = CARTESIAN_POINT('',(-1.016,-8.89,0.));
#8165 = VECTOR('',#8166,1.);
#8166 = DIRECTION('',(1.,0.,0.));
#8167 = ORIENTED_EDGE('',*,*,#8168,.T.);
#8168 = EDGE_CURVE('',#8161,#8169,#8171,.T.);
#8169 = VERTEX_POINT('',#8170);
#8170 = CARTESIAN_POINT('',(1.27,-8.636,0.));
#8171 = LINE('',#8172,#8173);
#8172 = CARTESIAN_POINT('',(1.016,-8.89,0.));
#8173 = VECTOR('',#8174,1.);
#8174 = DIRECTION('',(0.707106781187,0.707106781187,0.));
#8175 = ORIENTED_EDGE('',*,*,#8176,.T.);
#8176 = EDGE_CURVE('',#8169,#8177,#8179,.T.);
#8177 = VERTEX_POINT('',#8178);
#8178 = CARTESIAN_POINT('',(1.27,-6.604,0.));
#8179 = LINE('',#8180,#8181);
#8180 = CARTESIAN_POINT('',(1.27,-8.636,0.));
#8181 = VECTOR('',#8182,1.);
#8182 = DIRECTION('',(0.,1.,0.));
#8183 = ORIENTED_EDGE('',*,*,#8184,.T.);
#8184 = EDGE_CURVE('',#8177,#8185,#8187,.T.);
#8185 = VERTEX_POINT('',#8186);
#8186 = CARTESIAN_POINT('',(1.016,-6.35,0.));
#8187 = LINE('',#8188,#8189);
#8188 = CARTESIAN_POINT('',(1.27,-6.604,0.));
#8189 = VECTOR('',#8190,1.);
#8190 = DIRECTION('',(-0.707106781187,0.707106781187,0.));
#8191 = ORIENTED_EDGE('',*,*,#8192,.T.);
#8192 = EDGE_CURVE('',#8185,#8193,#8195,.T.);
#8193 = VERTEX_POINT('',#8194);
#8194 = CARTESIAN_POINT('',(1.27,-6.096,0.));
#8195 = LINE('',#8196,#8197);
#8196 = CARTESIAN_POINT('',(1.016,-6.35,0.));
#8197 = VECTOR('',#8198,1.);
#8198 = DIRECTION('',(0.707106781187,0.707106781187,0.));
#8199 = ORIENTED_EDGE('',*,*,#8200,.T.);
#8200 = EDGE_CURVE('',#8193,#8201,#8203,.T.);
#8201 = VERTEX_POINT('',#8202);
#8202 = CARTESIAN_POINT('',(1.27,-4.064,0.));
#8203 = LINE('',#8204,#8205);
#8204 = CARTESIAN_POINT('',(1.27,-6.096,0.));
#8205 = VECTOR('',#8206,1.);
#8206 = DIRECTION('',(0.,1.,0.));
#8207 = ORIENTED_EDGE('',*,*,#8208,.T.);
#8208 = EDGE_CURVE('',#8201,#8209,#8211,.T.);
#8209 = VERTEX_POINT('',#8210);
#8210 = CARTESIAN_POINT('',(1.016,-3.81,0.));
#8211 = LINE('',#8212,#8213);
#8212 = CARTESIAN_POINT('',(1.27,-4.064,0.));
#8213 = VECTOR('',#8214,1.);
#8214 = DIRECTION('',(-0.707106781187,0.707106781187,0.));
#8215 = ORIENTED_EDGE('',*,*,#8216,.T.);
#8216 = EDGE_CURVE('',#8209,#8217,#8219,.T.);
#8217 = VERTEX_POINT('',#8218);
#8218 = CARTESIAN_POINT('',(1.27,-3.556,0.));
#8219 = LINE('',#8220,#8221);
#8220 = CARTESIAN_POINT('',(1.016,-3.81,0.));
#8221 = VECTOR('',#8222,1.);
#8222 = DIRECTION('',(0.707106781187,0.707106781187,0.));
#8223 = ORIENTED_EDGE('',*,*,#8224,.T.);
#8224 = EDGE_CURVE('',#8217,#8225,#8227,.T.);
#8225 = VERTEX_POINT('',#8226);
#8226 = CARTESIAN_POINT('',(1.27,-1.524,0.));
#8227 = LINE('',#8228,#8229);
#8228 = CARTESIAN_POINT('',(1.27,-3.556,0.));
#8229 = VECTOR('',#8230,1.);
#8230 = DIRECTION('',(0.,1.,0.));
#8231 = ORIENTED_EDGE('',*,*,#8232,.T.);
#8232 = EDGE_CURVE('',#8225,#8233,#8235,.T.);
#8233 = VERTEX_POINT('',#8234);
#8234 = CARTESIAN_POINT('',(1.016,-1.27,0.));
#8235 = LINE('',#8236,#8237);
#8236 = CARTESIAN_POINT('',(1.27,-1.524,0.));
#8237 = VECTOR('',#8238,1.);
#8238 = DIRECTION('',(-0.707106781187,0.707106781187,0.));
#8239 = ORIENTED_EDGE('',*,*,#8240,.T.);
#8240 = EDGE_CURVE('',#8233,#8241,#8243,.T.);
#8241 = VERTEX_POINT('',#8242);
#8242 = CARTESIAN_POINT('',(1.27,-1.016,0.));
#8243 = LINE('',#8244,#8245);
#8244 = CARTESIAN_POINT('',(1.016,-1.27,0.));
#8245 = VECTOR('',#8246,1.);
#8246 = DIRECTION('',(0.707106781187,0.707106781187,0.));
#8247 = ORIENTED_EDGE('',*,*,#8248,.T.);
#8248 = EDGE_CURVE('',#8241,#8249,#8251,.T.);
#8249 = VERTEX_POINT('',#8250);
#8250 = CARTESIAN_POINT('',(1.27,1.016,0.));
#8251 = LINE('',#8252,#8253);
#8252 = CARTESIAN_POINT('',(1.27,-1.016,0.));
#8253 = VECTOR('',#8254,1.);
#8254 = DIRECTION('',(0.,1.,0.));
#8255 = ORIENTED_EDGE('',*,*,#8256,.T.);
#8256 = EDGE_CURVE('',#8249,#8017,#8257,.T.);
#8257 = LINE('',#8258,#8259);
#8258 = CARTESIAN_POINT('',(1.27,1.016,0.));
#8259 = VECTOR('',#8260,1.);
#8260 = DIRECTION('',(-0.707106781187,0.707106781187,0.));
#8261 = ORIENTED_EDGE('',*,*,#8033,.T.);
#8262 = FACE_BOUND('',#8263,.F.);
#8263 = EDGE_LOOP('',(#8264,#8274,#8282,#8290));
#8264 = ORIENTED_EDGE('',*,*,#8265,.F.);
#8265 = EDGE_CURVE('',#8266,#8268,#8270,.T.);
#8266 = VERTEX_POINT('',#8267);
#8267 = CARTESIAN_POINT('',(0.32,-4.76,0.));
#8268 = VERTEX_POINT('',#8269);
#8269 = CARTESIAN_POINT('',(-0.32,-4.76,0.));
#8270 = LINE('',#8271,#8272);
#8271 = CARTESIAN_POINT('',(-0.16,-4.76,0.));
#8272 = VECTOR('',#8273,1.);
#8273 = DIRECTION('',(-1.,0.,0.));
#8274 = ORIENTED_EDGE('',*,*,#8275,.F.);
#8275 = EDGE_CURVE('',#8276,#8266,#8278,.T.);
#8276 = VERTEX_POINT('',#8277);
#8277 = CARTESIAN_POINT('',(0.32,-5.4,0.));
#8278 = LINE('',#8279,#8280);
#8279 = CARTESIAN_POINT('',(0.32,-4.605,0.));
#8280 = VECTOR('',#8281,1.);
#8281 = DIRECTION('',(0.,1.,0.));
#8282 = ORIENTED_EDGE('',*,*,#8283,.T.);
#8283 = EDGE_CURVE('',#8276,#8284,#8286,.T.);
#8284 = VERTEX_POINT('',#8285);
#8285 = CARTESIAN_POINT('',(-0.32,-5.4,0.));
#8286 = LINE('',#8287,#8288);
#8287 = CARTESIAN_POINT('',(-0.16,-5.4,0.));
#8288 = VECTOR('',#8289,1.);
#8289 = DIRECTION('',(-1.,0.,0.));
#8290 = ORIENTED_EDGE('',*,*,#8291,.T.);
#8291 = EDGE_CURVE('',#8284,#8268,#8292,.T.);
#8292 = LINE('',#8293,#8294);
#8293 = CARTESIAN_POINT('',(-0.32,-4.605,0.));
#8294 = VECTOR('',#8295,1.);
#8295 = DIRECTION('',(0.,1.,0.));
#8296 = FACE_BOUND('',#8297,.F.);
#8297 = EDGE_LOOP('',(#8298,#8308,#8316,#8324));
#8298 = ORIENTED_EDGE('',*,*,#8299,.F.);
#8299 = EDGE_CURVE('',#8300,#8302,#8304,.T.);
#8300 = VERTEX_POINT('',#8301);
#8301 = CARTESIAN_POINT('',(0.32,-7.94,0.));
#8302 = VERTEX_POINT('',#8303);
#8303 = CARTESIAN_POINT('',(0.32,-7.3,0.));
#8304 = LINE('',#8305,#8306);
#8305 = CARTESIAN_POINT('',(0.32,-5.875,0.));
#8306 = VECTOR('',#8307,1.);
#8307 = DIRECTION('',(0.,1.,0.));
#8308 = ORIENTED_EDGE('',*,*,#8309,.T.);
#8309 = EDGE_CURVE('',#8300,#8310,#8312,.T.);
#8310 = VERTEX_POINT('',#8311);
#8311 = CARTESIAN_POINT('',(-0.32,-7.94,0.));
#8312 = LINE('',#8313,#8314);
#8313 = CARTESIAN_POINT('',(-0.16,-7.94,0.));
#8314 = VECTOR('',#8315,1.);
#8315 = DIRECTION('',(-1.,0.,0.));
#8316 = ORIENTED_EDGE('',*,*,#8317,.T.);
#8317 = EDGE_CURVE('',#8310,#8318,#8320,.T.);
#8318 = VERTEX_POINT('',#8319);
#8319 = CARTESIAN_POINT('',(-0.32,-7.3,0.));
#8320 = LINE('',#8321,#8322);
#8321 = CARTESIAN_POINT('',(-0.32,-5.875,0.));
#8322 = VECTOR('',#8323,1.);
#8323 = DIRECTION('',(0.,1.,0.));
#8324 = ORIENTED_EDGE('',*,*,#8325,.F.);
#8325 = EDGE_CURVE('',#8302,#8318,#8326,.T.);
#8326 = LINE('',#8327,#8328);
#8327 = CARTESIAN_POINT('',(-0.16,-7.3,0.));
#8328 = VECTOR('',#8329,1.);
#8329 = DIRECTION('',(-1.,0.,0.));
#8330 = FACE_BOUND('',#8331,.F.);
#8331 = EDGE_LOOP('',(#8332,#8342,#8350,#8358));
#8332 = ORIENTED_EDGE('',*,*,#8333,.F.);
#8333 = EDGE_CURVE('',#8334,#8336,#8338,.T.);
#8334 = VERTEX_POINT('',#8335);
#8335 = CARTESIAN_POINT('',(0.32,-0.32,0.));
#8336 = VERTEX_POINT('',#8337);
#8337 = CARTESIAN_POINT('',(0.32,0.32,0.));
#8338 = LINE('',#8339,#8340);
#8339 = CARTESIAN_POINT('',(0.32,-2.065,0.));
#8340 = VECTOR('',#8341,1.);
#8341 = DIRECTION('',(0.,1.,0.));
#8342 = ORIENTED_EDGE('',*,*,#8343,.T.);
#8343 = EDGE_CURVE('',#8334,#8344,#8346,.T.);
#8344 = VERTEX_POINT('',#8345);
#8345 = CARTESIAN_POINT('',(-0.32,-0.32,0.));
#8346 = LINE('',#8347,#8348);
#8347 = CARTESIAN_POINT('',(-0.16,-0.32,0.));
#8348 = VECTOR('',#8349,1.);
#8349 = DIRECTION('',(-1.,0.,0.));
#8350 = ORIENTED_EDGE('',*,*,#8351,.T.);
#8351 = EDGE_CURVE('',#8344,#8352,#8354,.T.);
#8352 = VERTEX_POINT('',#8353);
#8353 = CARTESIAN_POINT('',(-0.32,0.32,0.));
#8354 = LINE('',#8355,#8356);
#8355 = CARTESIAN_POINT('',(-0.32,-2.065,0.));
#8356 = VECTOR('',#8357,1.);
#8357 = DIRECTION('',(0.,1.,0.));
#8358 = ORIENTED_EDGE('',*,*,#8359,.F.);
#8359 = EDGE_CURVE('',#8336,#8352,#8360,.T.);
#8360 = LINE('',#8361,#8362);
#8361 = CARTESIAN_POINT('',(-0.16,0.32,0.));
#8362 = VECTOR('',#8363,1.);
#8363 = DIRECTION('',(-1.,0.,0.));
#8364 = FACE_BOUND('',#8365,.F.);
#8365 = EDGE_LOOP('',(#8366,#8376,#8384,#8392));
#8366 = ORIENTED_EDGE('',*,*,#8367,.F.);
#8367 = EDGE_CURVE('',#8368,#8370,#8372,.T.);
#8368 = VERTEX_POINT('',#8369);
#8369 = CARTESIAN_POINT('',(0.32,-2.22,0.));
#8370 = VERTEX_POINT('',#8371);
#8371 = CARTESIAN_POINT('',(-0.32,-2.22,0.));
#8372 = LINE('',#8373,#8374);
#8373 = CARTESIAN_POINT('',(-0.16,-2.22,0.));
#8374 = VECTOR('',#8375,1.);
#8375 = DIRECTION('',(-1.,0.,0.));
#8376 = ORIENTED_EDGE('',*,*,#8377,.F.);
#8377 = EDGE_CURVE('',#8378,#8368,#8380,.T.);
#8378 = VERTEX_POINT('',#8379);
#8379 = CARTESIAN_POINT('',(0.32,-2.86,0.));
#8380 = LINE('',#8381,#8382);
#8381 = CARTESIAN_POINT('',(0.32,-3.335,0.));
#8382 = VECTOR('',#8383,1.);
#8383 = DIRECTION('',(0.,1.,0.));
#8384 = ORIENTED_EDGE('',*,*,#8385,.T.);
#8385 = EDGE_CURVE('',#8378,#8386,#8388,.T.);
#8386 = VERTEX_POINT('',#8387);
#8387 = CARTESIAN_POINT('',(-0.32,-2.86,0.));
#8388 = LINE('',#8389,#8390);
#8389 = CARTESIAN_POINT('',(-0.16,-2.86,0.));
#8390 = VECTOR('',#8391,1.);
#8391 = DIRECTION('',(-1.,0.,0.));
#8392 = ORIENTED_EDGE('',*,*,#8393,.T.);
#8393 = EDGE_CURVE('',#8386,#8370,#8394,.T.);
#8394 = LINE('',#8395,#8396);
#8395 = CARTESIAN_POINT('',(-0.32,-3.335,0.));
#8396 = VECTOR('',#8397,1.);
#8397 = DIRECTION('',(0.,1.,0.));
#8398 = PLANE('',#8399);
#8399 = AXIS2_PLACEMENT_3D('',#8400,#8401,#8402);
#8400 = CARTESIAN_POINT('',(4.259053689278E-17,-3.81,0.));
#8401 = DIRECTION('',(0.,0.,1.));
#8402 = DIRECTION('',(1.,0.,-0.));
#8403 = ADVANCED_FACE('',(#8404,#8591,#8625,#8659,#8693),#8727,.T.);
#8404 = FACE_BOUND('',#8405,.T.);
#8405 = EDGE_LOOP('',(#8406,#8407,#8408,#8416,#8424,#8432,#8440,#8448,
    #8456,#8464,#8472,#8480,#8488,#8496,#8504,#8512,#8520,#8528,#8536,
    #8544,#8552,#8560,#8568,#8576,#8584,#8590));
#8406 = ORIENTED_EDGE('',*,*,#7986,.T.);
#8407 = ORIENTED_EDGE('',*,*,#8048,.T.);
#8408 = ORIENTED_EDGE('',*,*,#8409,.T.);
#8409 = EDGE_CURVE('',#8049,#8410,#8412,.T.);
#8410 = VERTEX_POINT('',#8411);
#8411 = CARTESIAN_POINT('',(-1.016,-1.27,2.54));
#8412 = LINE('',#8413,#8414);
#8413 = CARTESIAN_POINT('',(-1.27,-1.016,2.54));
#8414 = VECTOR('',#8415,1.);
#8415 = DIRECTION('',(0.707106781187,-0.707106781187,0.));
#8416 = ORIENTED_EDGE('',*,*,#8417,.T.);
#8417 = EDGE_CURVE('',#8410,#8418,#8420,.T.);
#8418 = VERTEX_POINT('',#8419);
#8419 = CARTESIAN_POINT('',(-1.27,-1.524,2.54));
#8420 = LINE('',#8421,#8422);
#8421 = CARTESIAN_POINT('',(-1.016,-1.27,2.54));
#8422 = VECTOR('',#8423,1.);
#8423 = DIRECTION('',(-0.707106781187,-0.707106781187,0.));
#8424 = ORIENTED_EDGE('',*,*,#8425,.T.);
#8425 = EDGE_CURVE('',#8418,#8426,#8428,.T.);
#8426 = VERTEX_POINT('',#8427);
#8427 = CARTESIAN_POINT('',(-1.27,-3.556,2.54));
#8428 = LINE('',#8429,#8430);
#8429 = CARTESIAN_POINT('',(-1.27,-1.524,2.54));
#8430 = VECTOR('',#8431,1.);
#8431 = DIRECTION('',(0.,-1.,0.));
#8432 = ORIENTED_EDGE('',*,*,#8433,.T.);
#8433 = EDGE_CURVE('',#8426,#8434,#8436,.T.);
#8434 = VERTEX_POINT('',#8435);
#8435 = CARTESIAN_POINT('',(-1.016,-3.81,2.54));
#8436 = LINE('',#8437,#8438);
#8437 = CARTESIAN_POINT('',(-1.27,-3.556,2.54));
#8438 = VECTOR('',#8439,1.);
#8439 = DIRECTION('',(0.707106781187,-0.707106781187,0.));
#8440 = ORIENTED_EDGE('',*,*,#8441,.T.);
#8441 = EDGE_CURVE('',#8434,#8442,#8444,.T.);
#8442 = VERTEX_POINT('',#8443);
#8443 = CARTESIAN_POINT('',(-1.27,-4.064,2.54));
#8444 = LINE('',#8445,#8446);
#8445 = CARTESIAN_POINT('',(-1.016,-3.81,2.54));
#8446 = VECTOR('',#8447,1.);
#8447 = DIRECTION('',(-0.707106781187,-0.707106781187,0.));
#8448 = ORIENTED_EDGE('',*,*,#8449,.T.);
#8449 = EDGE_CURVE('',#8442,#8450,#8452,.T.);
#8450 = VERTEX_POINT('',#8451);
#8451 = CARTESIAN_POINT('',(-1.27,-6.096,2.54));
#8452 = LINE('',#8453,#8454);
#8453 = CARTESIAN_POINT('',(-1.27,-4.064,2.54));
#8454 = VECTOR('',#8455,1.);
#8455 = DIRECTION('',(0.,-1.,0.));
#8456 = ORIENTED_EDGE('',*,*,#8457,.T.);
#8457 = EDGE_CURVE('',#8450,#8458,#8460,.T.);
#8458 = VERTEX_POINT('',#8459);
#8459 = CARTESIAN_POINT('',(-1.016,-6.35,2.54));
#8460 = LINE('',#8461,#8462);
#8461 = CARTESIAN_POINT('',(-1.27,-6.096,2.54));
#8462 = VECTOR('',#8463,1.);
#8463 = DIRECTION('',(0.707106781187,-0.707106781187,0.));
#8464 = ORIENTED_EDGE('',*,*,#8465,.T.);
#8465 = EDGE_CURVE('',#8458,#8466,#8468,.T.);
#8466 = VERTEX_POINT('',#8467);
#8467 = CARTESIAN_POINT('',(-1.27,-6.604,2.54));
#8468 = LINE('',#8469,#8470);
#8469 = CARTESIAN_POINT('',(-1.016,-6.35,2.54));
#8470 = VECTOR('',#8471,1.);
#8471 = DIRECTION('',(-0.707106781187,-0.707106781187,0.));
#8472 = ORIENTED_EDGE('',*,*,#8473,.T.);
#8473 = EDGE_CURVE('',#8466,#8474,#8476,.T.);
#8474 = VERTEX_POINT('',#8475);
#8475 = CARTESIAN_POINT('',(-1.27,-8.636,2.54));
#8476 = LINE('',#8477,#8478);
#8477 = CARTESIAN_POINT('',(-1.27,-6.604,2.54));
#8478 = VECTOR('',#8479,1.);
#8479 = DIRECTION('',(0.,-1.,0.));
#8480 = ORIENTED_EDGE('',*,*,#8481,.T.);
#8481 = EDGE_CURVE('',#8474,#8482,#8484,.T.);
#8482 = VERTEX_POINT('',#8483);
#8483 = CARTESIAN_POINT('',(-1.016,-8.89,2.54));
#8484 = LINE('',#8485,#8486);
#8485 = CARTESIAN_POINT('',(-1.27,-8.636,2.54));
#8486 = VECTOR('',#8487,1.);
#8487 = DIRECTION('',(0.707106781187,-0.707106781187,0.));
#8488 = ORIENTED_EDGE('',*,*,#8489,.T.);
#8489 = EDGE_CURVE('',#8482,#8490,#8492,.T.);
#8490 = VERTEX_POINT('',#8491);
#8491 = CARTESIAN_POINT('',(1.016,-8.89,2.54));
#8492 = LINE('',#8493,#8494);
#8493 = CARTESIAN_POINT('',(-1.016,-8.89,2.54));
#8494 = VECTOR('',#8495,1.);
#8495 = DIRECTION('',(1.,0.,0.));
#8496 = ORIENTED_EDGE('',*,*,#8497,.T.);
#8497 = EDGE_CURVE('',#8490,#8498,#8500,.T.);
#8498 = VERTEX_POINT('',#8499);
#8499 = CARTESIAN_POINT('',(1.27,-8.636,2.54));
#8500 = LINE('',#8501,#8502);
#8501 = CARTESIAN_POINT('',(1.016,-8.89,2.54));
#8502 = VECTOR('',#8503,1.);
#8503 = DIRECTION('',(0.707106781187,0.707106781187,0.));
#8504 = ORIENTED_EDGE('',*,*,#8505,.T.);
#8505 = EDGE_CURVE('',#8498,#8506,#8508,.T.);
#8506 = VERTEX_POINT('',#8507);
#8507 = CARTESIAN_POINT('',(1.27,-6.604,2.54));
#8508 = LINE('',#8509,#8510);
#8509 = CARTESIAN_POINT('',(1.27,-8.636,2.54));
#8510 = VECTOR('',#8511,1.);
#8511 = DIRECTION('',(0.,1.,0.));
#8512 = ORIENTED_EDGE('',*,*,#8513,.T.);
#8513 = EDGE_CURVE('',#8506,#8514,#8516,.T.);
#8514 = VERTEX_POINT('',#8515);
#8515 = CARTESIAN_POINT('',(1.016,-6.35,2.54));
#8516 = LINE('',#8517,#8518);
#8517 = CARTESIAN_POINT('',(1.27,-6.604,2.54));
#8518 = VECTOR('',#8519,1.);
#8519 = DIRECTION('',(-0.707106781187,0.707106781187,0.));
#8520 = ORIENTED_EDGE('',*,*,#8521,.T.);
#8521 = EDGE_CURVE('',#8514,#8522,#8524,.T.);
#8522 = VERTEX_POINT('',#8523);
#8523 = CARTESIAN_POINT('',(1.27,-6.096,2.54));
#8524 = LINE('',#8525,#8526);
#8525 = CARTESIAN_POINT('',(1.016,-6.35,2.54));
#8526 = VECTOR('',#8527,1.);
#8527 = DIRECTION('',(0.707106781187,0.707106781187,0.));
#8528 = ORIENTED_EDGE('',*,*,#8529,.T.);
#8529 = EDGE_CURVE('',#8522,#8530,#8532,.T.);
#8530 = VERTEX_POINT('',#8531);
#8531 = CARTESIAN_POINT('',(1.27,-4.064,2.54));
#8532 = LINE('',#8533,#8534);
#8533 = CARTESIAN_POINT('',(1.27,-6.096,2.54));
#8534 = VECTOR('',#8535,1.);
#8535 = DIRECTION('',(0.,1.,0.));
#8536 = ORIENTED_EDGE('',*,*,#8537,.T.);
#8537 = EDGE_CURVE('',#8530,#8538,#8540,.T.);
#8538 = VERTEX_POINT('',#8539);
#8539 = CARTESIAN_POINT('',(1.016,-3.81,2.54));
#8540 = LINE('',#8541,#8542);
#8541 = CARTESIAN_POINT('',(1.27,-4.064,2.54));
#8542 = VECTOR('',#8543,1.);
#8543 = DIRECTION('',(-0.707106781187,0.707106781187,0.));
#8544 = ORIENTED_EDGE('',*,*,#8545,.T.);
#8545 = EDGE_CURVE('',#8538,#8546,#8548,.T.);
#8546 = VERTEX_POINT('',#8547);
#8547 = CARTESIAN_POINT('',(1.27,-3.556,2.54));
#8548 = LINE('',#8549,#8550);
#8549 = CARTESIAN_POINT('',(1.016,-3.81,2.54));
#8550 = VECTOR('',#8551,1.);
#8551 = DIRECTION('',(0.707106781187,0.707106781187,0.));
#8552 = ORIENTED_EDGE('',*,*,#8553,.T.);
#8553 = EDGE_CURVE('',#8546,#8554,#8556,.T.);
#8554 = VERTEX_POINT('',#8555);
#8555 = CARTESIAN_POINT('',(1.27,-1.524,2.54));
#8556 = LINE('',#8557,#8558);
#8557 = CARTESIAN_POINT('',(1.27,-3.556,2.54));
#8558 = VECTOR('',#8559,1.);
#8559 = DIRECTION('',(0.,1.,0.));
#8560 = ORIENTED_EDGE('',*,*,#8561,.T.);
#8561 = EDGE_CURVE('',#8554,#8562,#8564,.T.);
#8562 = VERTEX_POINT('',#8563);
#8563 = CARTESIAN_POINT('',(1.016,-1.27,2.54));
#8564 = LINE('',#8565,#8566);
#8565 = CARTESIAN_POINT('',(1.27,-1.524,2.54));
#8566 = VECTOR('',#8567,1.);
#8567 = DIRECTION('',(-0.707106781187,0.707106781187,0.));
#8568 = ORIENTED_EDGE('',*,*,#8569,.T.);
#8569 = EDGE_CURVE('',#8562,#8570,#8572,.T.);
#8570 = VERTEX_POINT('',#8571);
#8571 = CARTESIAN_POINT('',(1.27,-1.016,2.54));
#8572 = LINE('',#8573,#8574);
#8573 = CARTESIAN_POINT('',(1.016,-1.27,2.54));
#8574 = VECTOR('',#8575,1.);
#8575 = DIRECTION('',(0.707106781187,0.707106781187,0.));
#8576 = ORIENTED_EDGE('',*,*,#8577,.T.);
#8577 = EDGE_CURVE('',#8570,#8578,#8580,.T.);
#8578 = VERTEX_POINT('',#8579);
#8579 = CARTESIAN_POINT('',(1.27,1.016,2.54));
#8580 = LINE('',#8581,#8582);
#8581 = CARTESIAN_POINT('',(1.27,-1.016,2.54));
#8582 = VECTOR('',#8583,1.);
#8583 = DIRECTION('',(0.,1.,0.));
#8584 = ORIENTED_EDGE('',*,*,#8585,.T.);
#8585 = EDGE_CURVE('',#8578,#8019,#8586,.T.);
#8586 = LINE('',#8587,#8588);
#8587 = CARTESIAN_POINT('',(1.27,1.016,2.54));
#8588 = VECTOR('',#8589,1.);
#8589 = DIRECTION('',(-0.707106781187,0.707106781187,0.));
#8590 = ORIENTED_EDGE('',*,*,#8026,.T.);
#8591 = FACE_BOUND('',#8592,.T.);
#8592 = EDGE_LOOP('',(#8593,#8603,#8611,#8619));
#8593 = ORIENTED_EDGE('',*,*,#8594,.F.);
#8594 = EDGE_CURVE('',#8595,#8597,#8599,.T.);
#8595 = VERTEX_POINT('',#8596);
#8596 = CARTESIAN_POINT('',(0.32,-4.76,2.54));
#8597 = VERTEX_POINT('',#8598);
#8598 = CARTESIAN_POINT('',(-0.32,-4.76,2.54));
#8599 = LINE('',#8600,#8601);
#8600 = CARTESIAN_POINT('',(-0.16,-4.76,2.54));
#8601 = VECTOR('',#8602,1.);
#8602 = DIRECTION('',(-1.,0.,0.));
#8603 = ORIENTED_EDGE('',*,*,#8604,.F.);
#8604 = EDGE_CURVE('',#8605,#8595,#8607,.T.);
#8605 = VERTEX_POINT('',#8606);
#8606 = CARTESIAN_POINT('',(0.32,-5.4,2.54));
#8607 = LINE('',#8608,#8609);
#8608 = CARTESIAN_POINT('',(0.32,-4.605,2.54));
#8609 = VECTOR('',#8610,1.);
#8610 = DIRECTION('',(0.,1.,0.));
#8611 = ORIENTED_EDGE('',*,*,#8612,.T.);
#8612 = EDGE_CURVE('',#8605,#8613,#8615,.T.);
#8613 = VERTEX_POINT('',#8614);
#8614 = CARTESIAN_POINT('',(-0.32,-5.4,2.54));
#8615 = LINE('',#8616,#8617);
#8616 = CARTESIAN_POINT('',(-0.16,-5.4,2.54));
#8617 = VECTOR('',#8618,1.);
#8618 = DIRECTION('',(-1.,0.,0.));
#8619 = ORIENTED_EDGE('',*,*,#8620,.T.);
#8620 = EDGE_CURVE('',#8613,#8597,#8621,.T.);
#8621 = LINE('',#8622,#8623);
#8622 = CARTESIAN_POINT('',(-0.32,-4.605,2.54));
#8623 = VECTOR('',#8624,1.);
#8624 = DIRECTION('',(0.,1.,0.));
#8625 = FACE_BOUND('',#8626,.T.);
#8626 = EDGE_LOOP('',(#8627,#8637,#8645,#8653));
#8627 = ORIENTED_EDGE('',*,*,#8628,.F.);
#8628 = EDGE_CURVE('',#8629,#8631,#8633,.T.);
#8629 = VERTEX_POINT('',#8630);
#8630 = CARTESIAN_POINT('',(0.32,-7.94,2.54));
#8631 = VERTEX_POINT('',#8632);
#8632 = CARTESIAN_POINT('',(0.32,-7.3,2.54));
#8633 = LINE('',#8634,#8635);
#8634 = CARTESIAN_POINT('',(0.32,-5.875,2.54));
#8635 = VECTOR('',#8636,1.);
#8636 = DIRECTION('',(0.,1.,0.));
#8637 = ORIENTED_EDGE('',*,*,#8638,.T.);
#8638 = EDGE_CURVE('',#8629,#8639,#8641,.T.);
#8639 = VERTEX_POINT('',#8640);
#8640 = CARTESIAN_POINT('',(-0.32,-7.94,2.54));
#8641 = LINE('',#8642,#8643);
#8642 = CARTESIAN_POINT('',(-0.16,-7.94,2.54));
#8643 = VECTOR('',#8644,1.);
#8644 = DIRECTION('',(-1.,0.,0.));
#8645 = ORIENTED_EDGE('',*,*,#8646,.T.);
#8646 = EDGE_CURVE('',#8639,#8647,#8649,.T.);
#8647 = VERTEX_POINT('',#8648);
#8648 = CARTESIAN_POINT('',(-0.32,-7.3,2.54));
#8649 = LINE('',#8650,#8651);
#8650 = CARTESIAN_POINT('',(-0.32,-5.875,2.54));
#8651 = VECTOR('',#8652,1.);
#8652 = DIRECTION('',(0.,1.,0.));
#8653 = ORIENTED_EDGE('',*,*,#8654,.F.);
#8654 = EDGE_CURVE('',#8631,#8647,#8655,.T.);
#8655 = LINE('',#8656,#8657);
#8656 = CARTESIAN_POINT('',(-0.16,-7.3,2.54));
#8657 = VECTOR('',#8658,1.);
#8658 = DIRECTION('',(-1.,0.,0.));
#8659 = FACE_BOUND('',#8660,.T.);
#8660 = EDGE_LOOP('',(#8661,#8671,#8679,#8687));
#8661 = ORIENTED_EDGE('',*,*,#8662,.F.);
#8662 = EDGE_CURVE('',#8663,#8665,#8667,.T.);
#8663 = VERTEX_POINT('',#8664);
#8664 = CARTESIAN_POINT('',(0.32,-0.32,2.54));
#8665 = VERTEX_POINT('',#8666);
#8666 = CARTESIAN_POINT('',(0.32,0.32,2.54));
#8667 = LINE('',#8668,#8669);
#8668 = CARTESIAN_POINT('',(0.32,-2.065,2.54));
#8669 = VECTOR('',#8670,1.);
#8670 = DIRECTION('',(0.,1.,0.));
#8671 = ORIENTED_EDGE('',*,*,#8672,.T.);
#8672 = EDGE_CURVE('',#8663,#8673,#8675,.T.);
#8673 = VERTEX_POINT('',#8674);
#8674 = CARTESIAN_POINT('',(-0.32,-0.32,2.54));
#8675 = LINE('',#8676,#8677);
#8676 = CARTESIAN_POINT('',(-0.16,-0.32,2.54));
#8677 = VECTOR('',#8678,1.);
#8678 = DIRECTION('',(-1.,0.,0.));
#8679 = ORIENTED_EDGE('',*,*,#8680,.T.);
#8680 = EDGE_CURVE('',#8673,#8681,#8683,.T.);
#8681 = VERTEX_POINT('',#8682);
#8682 = CARTESIAN_POINT('',(-0.32,0.32,2.54));
#8683 = LINE('',#8684,#8685);
#8684 = CARTESIAN_POINT('',(-0.32,-2.065,2.54));
#8685 = VECTOR('',#8686,1.);
#8686 = DIRECTION('',(0.,1.,0.));
#8687 = ORIENTED_EDGE('',*,*,#8688,.F.);
#8688 = EDGE_CURVE('',#8665,#8681,#8689,.T.);
#8689 = LINE('',#8690,#8691);
#8690 = CARTESIAN_POINT('',(-0.16,0.32,2.54));
#8691 = VECTOR('',#8692,1.);
#8692 = DIRECTION('',(-1.,0.,0.));
#8693 = FACE_BOUND('',#8694,.T.);
#8694 = EDGE_LOOP('',(#8695,#8705,#8713,#8721));
#8695 = ORIENTED_EDGE('',*,*,#8696,.F.);
#8696 = EDGE_CURVE('',#8697,#8699,#8701,.T.);
#8697 = VERTEX_POINT('',#8698);
#8698 = CARTESIAN_POINT('',(0.32,-2.22,2.54));
#8699 = VERTEX_POINT('',#8700);
#8700 = CARTESIAN_POINT('',(-0.32,-2.22,2.54));
#8701 = LINE('',#8702,#8703);
#8702 = CARTESIAN_POINT('',(-0.16,-2.22,2.54));
#8703 = VECTOR('',#8704,1.);
#8704 = DIRECTION('',(-1.,0.,0.));
#8705 = ORIENTED_EDGE('',*,*,#8706,.F.);
#8706 = EDGE_CURVE('',#8707,#8697,#8709,.T.);
#8707 = VERTEX_POINT('',#8708);
#8708 = CARTESIAN_POINT('',(0.32,-2.86,2.54));
#8709 = LINE('',#8710,#8711);
#8710 = CARTESIAN_POINT('',(0.32,-3.335,2.54));
#8711 = VECTOR('',#8712,1.);
#8712 = DIRECTION('',(0.,1.,0.));
#8713 = ORIENTED_EDGE('',*,*,#8714,.T.);
#8714 = EDGE_CURVE('',#8707,#8715,#8717,.T.);
#8715 = VERTEX_POINT('',#8716);
#8716 = CARTESIAN_POINT('',(-0.32,-2.86,2.54));
#8717 = LINE('',#8718,#8719);
#8718 = CARTESIAN_POINT('',(-0.16,-2.86,2.54));
#8719 = VECTOR('',#8720,1.);
#8720 = DIRECTION('',(-1.,0.,0.));
#8721 = ORIENTED_EDGE('',*,*,#8722,.T.);
#8722 = EDGE_CURVE('',#8715,#8699,#8723,.T.);
#8723 = LINE('',#8724,#8725);
#8724 = CARTESIAN_POINT('',(-0.32,-3.335,2.54));
#8725 = VECTOR('',#8726,1.);
#8726 = DIRECTION('',(0.,1.,0.));
#8727 = PLANE('',#8728);
#8728 = AXIS2_PLACEMENT_3D('',#8729,#8730,#8731);
#8729 = CARTESIAN_POINT('',(4.259053689278E-17,-3.81,2.54));
#8730 = DIRECTION('',(0.,0.,1.));
#8731 = DIRECTION('',(1.,0.,-0.));
#8732 = ADVANCED_FACE('',(#8733),#8744,.F.);
#8733 = FACE_BOUND('',#8734,.F.);
#8734 = EDGE_LOOP('',(#8735,#8741,#8742,#8743));
#8735 = ORIENTED_EDGE('',*,*,#8736,.T.);
#8736 = EDGE_CURVE('',#8249,#8578,#8737,.T.);
#8737 = LINE('',#8738,#8739);
#8738 = CARTESIAN_POINT('',(1.27,1.016,0.));
#8739 = VECTOR('',#8740,1.);
#8740 = DIRECTION('',(0.,0.,1.));
#8741 = ORIENTED_EDGE('',*,*,#8585,.T.);
#8742 = ORIENTED_EDGE('',*,*,#8016,.F.);
#8743 = ORIENTED_EDGE('',*,*,#8256,.F.);
#8744 = PLANE('',#8745);
#8745 = AXIS2_PLACEMENT_3D('',#8746,#8747,#8748);
#8746 = CARTESIAN_POINT('',(1.27,1.016,0.));
#8747 = DIRECTION('',(-0.707106781187,-0.707106781187,0.));
#8748 = DIRECTION('',(-0.707106781187,0.707106781187,0.));
#8749 = ADVANCED_FACE('',(#8750),#8761,.F.);
#8750 = FACE_BOUND('',#8751,.F.);
#8751 = EDGE_LOOP('',(#8752,#8753,#8754,#8760));
#8752 = ORIENTED_EDGE('',*,*,#8056,.T.);
#8753 = ORIENTED_EDGE('',*,*,#8409,.T.);
#8754 = ORIENTED_EDGE('',*,*,#8755,.F.);
#8755 = EDGE_CURVE('',#8081,#8410,#8756,.T.);
#8756 = LINE('',#8757,#8758);
#8757 = CARTESIAN_POINT('',(-1.016,-1.27,0.));
#8758 = VECTOR('',#8759,1.);
#8759 = DIRECTION('',(0.,0.,1.));
#8760 = ORIENTED_EDGE('',*,*,#8080,.F.);
#8761 = PLANE('',#8762);
#8762 = AXIS2_PLACEMENT_3D('',#8763,#8764,#8765);
#8763 = CARTESIAN_POINT('',(-1.27,-1.016,0.));
#8764 = DIRECTION('',(0.707106781187,0.707106781187,0.));
#8765 = DIRECTION('',(0.707106781187,-0.707106781187,0.));
#8766 = ADVANCED_FACE('',(#8767),#8778,.F.);
#8767 = FACE_BOUND('',#8768,.F.);
#8768 = EDGE_LOOP('',(#8769,#8775,#8776,#8777));
#8769 = ORIENTED_EDGE('',*,*,#8770,.T.);
#8770 = EDGE_CURVE('',#8241,#8570,#8771,.T.);
#8771 = LINE('',#8772,#8773);
#8772 = CARTESIAN_POINT('',(1.27,-1.016,0.));
#8773 = VECTOR('',#8774,1.);
#8774 = DIRECTION('',(0.,0.,1.));
#8775 = ORIENTED_EDGE('',*,*,#8577,.T.);
#8776 = ORIENTED_EDGE('',*,*,#8736,.F.);
#8777 = ORIENTED_EDGE('',*,*,#8248,.F.);
#8778 = PLANE('',#8779);
#8779 = AXIS2_PLACEMENT_3D('',#8780,#8781,#8782);
#8780 = CARTESIAN_POINT('',(1.27,-1.016,0.));
#8781 = DIRECTION('',(-1.,0.,0.));
#8782 = DIRECTION('',(0.,1.,0.));
#8783 = ADVANCED_FACE('',(#8784),#8795,.F.);
#8784 = FACE_BOUND('',#8785,.F.);
#8785 = EDGE_LOOP('',(#8786,#8787,#8788,#8794));
#8786 = ORIENTED_EDGE('',*,*,#8755,.T.);
#8787 = ORIENTED_EDGE('',*,*,#8417,.T.);
#8788 = ORIENTED_EDGE('',*,*,#8789,.F.);
#8789 = EDGE_CURVE('',#8089,#8418,#8790,.T.);
#8790 = LINE('',#8791,#8792);
#8791 = CARTESIAN_POINT('',(-1.27,-1.524,0.));
#8792 = VECTOR('',#8793,1.);
#8793 = DIRECTION('',(0.,0.,1.));
#8794 = ORIENTED_EDGE('',*,*,#8088,.F.);
#8795 = PLANE('',#8796);
#8796 = AXIS2_PLACEMENT_3D('',#8797,#8798,#8799);
#8797 = CARTESIAN_POINT('',(-1.016,-1.27,0.));
#8798 = DIRECTION('',(0.707106781187,-0.707106781187,0.));
#8799 = DIRECTION('',(-0.707106781187,-0.707106781187,0.));
#8800 = ADVANCED_FACE('',(#8801),#8812,.F.);
#8801 = FACE_BOUND('',#8802,.F.);
#8802 = EDGE_LOOP('',(#8803,#8809,#8810,#8811));
#8803 = ORIENTED_EDGE('',*,*,#8804,.T.);
#8804 = EDGE_CURVE('',#8233,#8562,#8805,.T.);
#8805 = LINE('',#8806,#8807);
#8806 = CARTESIAN_POINT('',(1.016,-1.27,0.));
#8807 = VECTOR('',#8808,1.);
#8808 = DIRECTION('',(0.,0.,1.));
#8809 = ORIENTED_EDGE('',*,*,#8569,.T.);
#8810 = ORIENTED_EDGE('',*,*,#8770,.F.);
#8811 = ORIENTED_EDGE('',*,*,#8240,.F.);
#8812 = PLANE('',#8813);
#8813 = AXIS2_PLACEMENT_3D('',#8814,#8815,#8816);
#8814 = CARTESIAN_POINT('',(1.016,-1.27,0.));
#8815 = DIRECTION('',(-0.707106781187,0.707106781187,0.));
#8816 = DIRECTION('',(0.707106781187,0.707106781187,0.));
#8817 = ADVANCED_FACE('',(#8818),#8829,.F.);
#8818 = FACE_BOUND('',#8819,.F.);
#8819 = EDGE_LOOP('',(#8820,#8821,#8822,#8828));
#8820 = ORIENTED_EDGE('',*,*,#8789,.T.);
#8821 = ORIENTED_EDGE('',*,*,#8425,.T.);
#8822 = ORIENTED_EDGE('',*,*,#8823,.F.);
#8823 = EDGE_CURVE('',#8097,#8426,#8824,.T.);
#8824 = LINE('',#8825,#8826);
#8825 = CARTESIAN_POINT('',(-1.27,-3.556,0.));
#8826 = VECTOR('',#8827,1.);
#8827 = DIRECTION('',(0.,0.,1.));
#8828 = ORIENTED_EDGE('',*,*,#8096,.F.);
#8829 = PLANE('',#8830);
#8830 = AXIS2_PLACEMENT_3D('',#8831,#8832,#8833);
#8831 = CARTESIAN_POINT('',(-1.27,-1.524,0.));
#8832 = DIRECTION('',(1.,0.,0.));
#8833 = DIRECTION('',(0.,-1.,0.));
#8834 = ADVANCED_FACE('',(#8835),#8846,.F.);
#8835 = FACE_BOUND('',#8836,.F.);
#8836 = EDGE_LOOP('',(#8837,#8843,#8844,#8845));
#8837 = ORIENTED_EDGE('',*,*,#8838,.T.);
#8838 = EDGE_CURVE('',#8225,#8554,#8839,.T.);
#8839 = LINE('',#8840,#8841);
#8840 = CARTESIAN_POINT('',(1.27,-1.524,0.));
#8841 = VECTOR('',#8842,1.);
#8842 = DIRECTION('',(0.,0.,1.));
#8843 = ORIENTED_EDGE('',*,*,#8561,.T.);
#8844 = ORIENTED_EDGE('',*,*,#8804,.F.);
#8845 = ORIENTED_EDGE('',*,*,#8232,.F.);
#8846 = PLANE('',#8847);
#8847 = AXIS2_PLACEMENT_3D('',#8848,#8849,#8850);
#8848 = CARTESIAN_POINT('',(1.27,-1.524,0.));
#8849 = DIRECTION('',(-0.707106781187,-0.707106781187,0.));
#8850 = DIRECTION('',(-0.707106781187,0.707106781187,0.));
#8851 = ADVANCED_FACE('',(#8852),#8863,.F.);
#8852 = FACE_BOUND('',#8853,.F.);
#8853 = EDGE_LOOP('',(#8854,#8855,#8856,#8862));
#8854 = ORIENTED_EDGE('',*,*,#8823,.T.);
#8855 = ORIENTED_EDGE('',*,*,#8433,.T.);
#8856 = ORIENTED_EDGE('',*,*,#8857,.F.);
#8857 = EDGE_CURVE('',#8105,#8434,#8858,.T.);
#8858 = LINE('',#8859,#8860);
#8859 = CARTESIAN_POINT('',(-1.016,-3.81,0.));
#8860 = VECTOR('',#8861,1.);
#8861 = DIRECTION('',(0.,0.,1.));
#8862 = ORIENTED_EDGE('',*,*,#8104,.F.);
#8863 = PLANE('',#8864);
#8864 = AXIS2_PLACEMENT_3D('',#8865,#8866,#8867);
#8865 = CARTESIAN_POINT('',(-1.27,-3.556,0.));
#8866 = DIRECTION('',(0.707106781187,0.707106781187,0.));
#8867 = DIRECTION('',(0.707106781187,-0.707106781187,0.));
#8868 = ADVANCED_FACE('',(#8869),#8880,.F.);
#8869 = FACE_BOUND('',#8870,.F.);
#8870 = EDGE_LOOP('',(#8871,#8877,#8878,#8879));
#8871 = ORIENTED_EDGE('',*,*,#8872,.T.);
#8872 = EDGE_CURVE('',#8217,#8546,#8873,.T.);
#8873 = LINE('',#8874,#8875);
#8874 = CARTESIAN_POINT('',(1.27,-3.556,0.));
#8875 = VECTOR('',#8876,1.);
#8876 = DIRECTION('',(0.,0.,1.));
#8877 = ORIENTED_EDGE('',*,*,#8553,.T.);
#8878 = ORIENTED_EDGE('',*,*,#8838,.F.);
#8879 = ORIENTED_EDGE('',*,*,#8224,.F.);
#8880 = PLANE('',#8881);
#8881 = AXIS2_PLACEMENT_3D('',#8882,#8883,#8884);
#8882 = CARTESIAN_POINT('',(1.27,-3.556,0.));
#8883 = DIRECTION('',(-1.,0.,0.));
#8884 = DIRECTION('',(0.,1.,0.));
#8885 = ADVANCED_FACE('',(#8886),#8897,.F.);
#8886 = FACE_BOUND('',#8887,.F.);
#8887 = EDGE_LOOP('',(#8888,#8889,#8890,#8896));
#8888 = ORIENTED_EDGE('',*,*,#8857,.T.);
#8889 = ORIENTED_EDGE('',*,*,#8441,.T.);
#8890 = ORIENTED_EDGE('',*,*,#8891,.F.);
#8891 = EDGE_CURVE('',#8113,#8442,#8892,.T.);
#8892 = LINE('',#8893,#8894);
#8893 = CARTESIAN_POINT('',(-1.27,-4.064,0.));
#8894 = VECTOR('',#8895,1.);
#8895 = DIRECTION('',(0.,0.,1.));
#8896 = ORIENTED_EDGE('',*,*,#8112,.F.);
#8897 = PLANE('',#8898);
#8898 = AXIS2_PLACEMENT_3D('',#8899,#8900,#8901);
#8899 = CARTESIAN_POINT('',(-1.016,-3.81,0.));
#8900 = DIRECTION('',(0.707106781187,-0.707106781187,0.));
#8901 = DIRECTION('',(-0.707106781187,-0.707106781187,0.));
#8902 = ADVANCED_FACE('',(#8903),#8914,.F.);
#8903 = FACE_BOUND('',#8904,.F.);
#8904 = EDGE_LOOP('',(#8905,#8911,#8912,#8913));
#8905 = ORIENTED_EDGE('',*,*,#8906,.T.);
#8906 = EDGE_CURVE('',#8209,#8538,#8907,.T.);
#8907 = LINE('',#8908,#8909);
#8908 = CARTESIAN_POINT('',(1.016,-3.81,0.));
#8909 = VECTOR('',#8910,1.);
#8910 = DIRECTION('',(0.,0.,1.));
#8911 = ORIENTED_EDGE('',*,*,#8545,.T.);
#8912 = ORIENTED_EDGE('',*,*,#8872,.F.);
#8913 = ORIENTED_EDGE('',*,*,#8216,.F.);
#8914 = PLANE('',#8915);
#8915 = AXIS2_PLACEMENT_3D('',#8916,#8917,#8918);
#8916 = CARTESIAN_POINT('',(1.016,-3.81,0.));
#8917 = DIRECTION('',(-0.707106781187,0.707106781187,0.));
#8918 = DIRECTION('',(0.707106781187,0.707106781187,0.));
#8919 = ADVANCED_FACE('',(#8920),#8931,.F.);
#8920 = FACE_BOUND('',#8921,.F.);
#8921 = EDGE_LOOP('',(#8922,#8923,#8924,#8930));
#8922 = ORIENTED_EDGE('',*,*,#8891,.T.);
#8923 = ORIENTED_EDGE('',*,*,#8449,.T.);
#8924 = ORIENTED_EDGE('',*,*,#8925,.F.);
#8925 = EDGE_CURVE('',#8121,#8450,#8926,.T.);
#8926 = LINE('',#8927,#8928);
#8927 = CARTESIAN_POINT('',(-1.27,-6.096,0.));
#8928 = VECTOR('',#8929,1.);
#8929 = DIRECTION('',(0.,0.,1.));
#8930 = ORIENTED_EDGE('',*,*,#8120,.F.);
#8931 = PLANE('',#8932);
#8932 = AXIS2_PLACEMENT_3D('',#8933,#8934,#8935);
#8933 = CARTESIAN_POINT('',(-1.27,-4.064,0.));
#8934 = DIRECTION('',(1.,0.,0.));
#8935 = DIRECTION('',(0.,-1.,0.));
#8936 = ADVANCED_FACE('',(#8937),#8948,.F.);
#8937 = FACE_BOUND('',#8938,.F.);
#8938 = EDGE_LOOP('',(#8939,#8945,#8946,#8947));
#8939 = ORIENTED_EDGE('',*,*,#8940,.T.);
#8940 = EDGE_CURVE('',#8201,#8530,#8941,.T.);
#8941 = LINE('',#8942,#8943);
#8942 = CARTESIAN_POINT('',(1.27,-4.064,0.));
#8943 = VECTOR('',#8944,1.);
#8944 = DIRECTION('',(0.,0.,1.));
#8945 = ORIENTED_EDGE('',*,*,#8537,.T.);
#8946 = ORIENTED_EDGE('',*,*,#8906,.F.);
#8947 = ORIENTED_EDGE('',*,*,#8208,.F.);
#8948 = PLANE('',#8949);
#8949 = AXIS2_PLACEMENT_3D('',#8950,#8951,#8952);
#8950 = CARTESIAN_POINT('',(1.27,-4.064,0.));
#8951 = DIRECTION('',(-0.707106781187,-0.707106781187,0.));
#8952 = DIRECTION('',(-0.707106781187,0.707106781187,0.));
#8953 = ADVANCED_FACE('',(#8954),#8965,.F.);
#8954 = FACE_BOUND('',#8955,.F.);
#8955 = EDGE_LOOP('',(#8956,#8957,#8958,#8964));
#8956 = ORIENTED_EDGE('',*,*,#8925,.T.);
#8957 = ORIENTED_EDGE('',*,*,#8457,.T.);
#8958 = ORIENTED_EDGE('',*,*,#8959,.F.);
#8959 = EDGE_CURVE('',#8129,#8458,#8960,.T.);
#8960 = LINE('',#8961,#8962);
#8961 = CARTESIAN_POINT('',(-1.016,-6.35,0.));
#8962 = VECTOR('',#8963,1.);
#8963 = DIRECTION('',(0.,0.,1.));
#8964 = ORIENTED_EDGE('',*,*,#8128,.F.);
#8965 = PLANE('',#8966);
#8966 = AXIS2_PLACEMENT_3D('',#8967,#8968,#8969);
#8967 = CARTESIAN_POINT('',(-1.27,-6.096,0.));
#8968 = DIRECTION('',(0.707106781187,0.707106781187,0.));
#8969 = DIRECTION('',(0.707106781187,-0.707106781187,0.));
#8970 = ADVANCED_FACE('',(#8971),#8982,.F.);
#8971 = FACE_BOUND('',#8972,.F.);
#8972 = EDGE_LOOP('',(#8973,#8979,#8980,#8981));
#8973 = ORIENTED_EDGE('',*,*,#8974,.T.);
#8974 = EDGE_CURVE('',#8193,#8522,#8975,.T.);
#8975 = LINE('',#8976,#8977);
#8976 = CARTESIAN_POINT('',(1.27,-6.096,0.));
#8977 = VECTOR('',#8978,1.);
#8978 = DIRECTION('',(0.,0.,1.));
#8979 = ORIENTED_EDGE('',*,*,#8529,.T.);
#8980 = ORIENTED_EDGE('',*,*,#8940,.F.);
#8981 = ORIENTED_EDGE('',*,*,#8200,.F.);
#8982 = PLANE('',#8983);
#8983 = AXIS2_PLACEMENT_3D('',#8984,#8985,#8986);
#8984 = CARTESIAN_POINT('',(1.27,-6.096,0.));
#8985 = DIRECTION('',(-1.,0.,0.));
#8986 = DIRECTION('',(0.,1.,0.));
#8987 = ADVANCED_FACE('',(#8988),#8999,.F.);
#8988 = FACE_BOUND('',#8989,.F.);
#8989 = EDGE_LOOP('',(#8990,#8991,#8992,#8998));
#8990 = ORIENTED_EDGE('',*,*,#8959,.T.);
#8991 = ORIENTED_EDGE('',*,*,#8465,.T.);
#8992 = ORIENTED_EDGE('',*,*,#8993,.F.);
#8993 = EDGE_CURVE('',#8137,#8466,#8994,.T.);
#8994 = LINE('',#8995,#8996);
#8995 = CARTESIAN_POINT('',(-1.27,-6.604,0.));
#8996 = VECTOR('',#8997,1.);
#8997 = DIRECTION('',(0.,0.,1.));
#8998 = ORIENTED_EDGE('',*,*,#8136,.F.);
#8999 = PLANE('',#9000);
#9000 = AXIS2_PLACEMENT_3D('',#9001,#9002,#9003);
#9001 = CARTESIAN_POINT('',(-1.016,-6.35,0.));
#9002 = DIRECTION('',(0.707106781187,-0.707106781187,0.));
#9003 = DIRECTION('',(-0.707106781187,-0.707106781187,0.));
#9004 = ADVANCED_FACE('',(#9005),#9016,.F.);
#9005 = FACE_BOUND('',#9006,.F.);
#9006 = EDGE_LOOP('',(#9007,#9013,#9014,#9015));
#9007 = ORIENTED_EDGE('',*,*,#9008,.T.);
#9008 = EDGE_CURVE('',#8185,#8514,#9009,.T.);
#9009 = LINE('',#9010,#9011);
#9010 = CARTESIAN_POINT('',(1.016,-6.35,0.));
#9011 = VECTOR('',#9012,1.);
#9012 = DIRECTION('',(0.,0.,1.));
#9013 = ORIENTED_EDGE('',*,*,#8521,.T.);
#9014 = ORIENTED_EDGE('',*,*,#8974,.F.);
#9015 = ORIENTED_EDGE('',*,*,#8192,.F.);
#9016 = PLANE('',#9017);
#9017 = AXIS2_PLACEMENT_3D('',#9018,#9019,#9020);
#9018 = CARTESIAN_POINT('',(1.016,-6.35,0.));
#9019 = DIRECTION('',(-0.707106781187,0.707106781187,0.));
#9020 = DIRECTION('',(0.707106781187,0.707106781187,0.));
#9021 = ADVANCED_FACE('',(#9022),#9033,.F.);
#9022 = FACE_BOUND('',#9023,.F.);
#9023 = EDGE_LOOP('',(#9024,#9025,#9026,#9032));
#9024 = ORIENTED_EDGE('',*,*,#8993,.T.);
#9025 = ORIENTED_EDGE('',*,*,#8473,.T.);
#9026 = ORIENTED_EDGE('',*,*,#9027,.F.);
#9027 = EDGE_CURVE('',#8145,#8474,#9028,.T.);
#9028 = LINE('',#9029,#9030);
#9029 = CARTESIAN_POINT('',(-1.27,-8.636,0.));
#9030 = VECTOR('',#9031,1.);
#9031 = DIRECTION('',(0.,0.,1.));
#9032 = ORIENTED_EDGE('',*,*,#8144,.F.);
#9033 = PLANE('',#9034);
#9034 = AXIS2_PLACEMENT_3D('',#9035,#9036,#9037);
#9035 = CARTESIAN_POINT('',(-1.27,-6.604,0.));
#9036 = DIRECTION('',(1.,0.,0.));
#9037 = DIRECTION('',(0.,-1.,0.));
#9038 = ADVANCED_FACE('',(#9039),#9050,.F.);
#9039 = FACE_BOUND('',#9040,.F.);
#9040 = EDGE_LOOP('',(#9041,#9047,#9048,#9049));
#9041 = ORIENTED_EDGE('',*,*,#9042,.T.);
#9042 = EDGE_CURVE('',#8177,#8506,#9043,.T.);
#9043 = LINE('',#9044,#9045);
#9044 = CARTESIAN_POINT('',(1.27,-6.604,0.));
#9045 = VECTOR('',#9046,1.);
#9046 = DIRECTION('',(0.,0.,1.));
#9047 = ORIENTED_EDGE('',*,*,#8513,.T.);
#9048 = ORIENTED_EDGE('',*,*,#9008,.F.);
#9049 = ORIENTED_EDGE('',*,*,#8184,.F.);
#9050 = PLANE('',#9051);
#9051 = AXIS2_PLACEMENT_3D('',#9052,#9053,#9054);
#9052 = CARTESIAN_POINT('',(1.27,-6.604,0.));
#9053 = DIRECTION('',(-0.707106781187,-0.707106781187,0.));
#9054 = DIRECTION('',(-0.707106781187,0.707106781187,0.));
#9055 = ADVANCED_FACE('',(#9056),#9067,.F.);
#9056 = FACE_BOUND('',#9057,.F.);
#9057 = EDGE_LOOP('',(#9058,#9059,#9060,#9066));
#9058 = ORIENTED_EDGE('',*,*,#9027,.T.);
#9059 = ORIENTED_EDGE('',*,*,#8481,.T.);
#9060 = ORIENTED_EDGE('',*,*,#9061,.F.);
#9061 = EDGE_CURVE('',#8153,#8482,#9062,.T.);
#9062 = LINE('',#9063,#9064);
#9063 = CARTESIAN_POINT('',(-1.016,-8.89,0.));
#9064 = VECTOR('',#9065,1.);
#9065 = DIRECTION('',(0.,0.,1.));
#9066 = ORIENTED_EDGE('',*,*,#8152,.F.);
#9067 = PLANE('',#9068);
#9068 = AXIS2_PLACEMENT_3D('',#9069,#9070,#9071);
#9069 = CARTESIAN_POINT('',(-1.27,-8.636,0.));
#9070 = DIRECTION('',(0.707106781187,0.707106781187,0.));
#9071 = DIRECTION('',(0.707106781187,-0.707106781187,0.));
#9072 = ADVANCED_FACE('',(#9073),#9084,.F.);
#9073 = FACE_BOUND('',#9074,.F.);
#9074 = EDGE_LOOP('',(#9075,#9081,#9082,#9083));
#9075 = ORIENTED_EDGE('',*,*,#9076,.T.);
#9076 = EDGE_CURVE('',#8169,#8498,#9077,.T.);
#9077 = LINE('',#9078,#9079);
#9078 = CARTESIAN_POINT('',(1.27,-8.636,0.));
#9079 = VECTOR('',#9080,1.);
#9080 = DIRECTION('',(0.,0.,1.));
#9081 = ORIENTED_EDGE('',*,*,#8505,.T.);
#9082 = ORIENTED_EDGE('',*,*,#9042,.F.);
#9083 = ORIENTED_EDGE('',*,*,#8176,.F.);
#9084 = PLANE('',#9085);
#9085 = AXIS2_PLACEMENT_3D('',#9086,#9087,#9088);
#9086 = CARTESIAN_POINT('',(1.27,-8.636,0.));
#9087 = DIRECTION('',(-1.,0.,0.));
#9088 = DIRECTION('',(0.,1.,0.));
#9089 = ADVANCED_FACE('',(#9090),#9101,.F.);
#9090 = FACE_BOUND('',#9091,.F.);
#9091 = EDGE_LOOP('',(#9092,#9093,#9094,#9100));
#9092 = ORIENTED_EDGE('',*,*,#9061,.T.);
#9093 = ORIENTED_EDGE('',*,*,#8489,.T.);
#9094 = ORIENTED_EDGE('',*,*,#9095,.F.);
#9095 = EDGE_CURVE('',#8161,#8490,#9096,.T.);
#9096 = LINE('',#9097,#9098);
#9097 = CARTESIAN_POINT('',(1.016,-8.89,0.));
#9098 = VECTOR('',#9099,1.);
#9099 = DIRECTION('',(0.,0.,1.));
#9100 = ORIENTED_EDGE('',*,*,#8160,.F.);
#9101 = PLANE('',#9102);
#9102 = AXIS2_PLACEMENT_3D('',#9103,#9104,#9105);
#9103 = CARTESIAN_POINT('',(-1.016,-8.89,0.));
#9104 = DIRECTION('',(0.,1.,0.));
#9105 = DIRECTION('',(1.,0.,0.));
#9106 = ADVANCED_FACE('',(#9107),#9113,.F.);
#9107 = FACE_BOUND('',#9108,.F.);
#9108 = EDGE_LOOP('',(#9109,#9110,#9111,#9112));
#9109 = ORIENTED_EDGE('',*,*,#9095,.T.);
#9110 = ORIENTED_EDGE('',*,*,#8497,.T.);
#9111 = ORIENTED_EDGE('',*,*,#9076,.F.);
#9112 = ORIENTED_EDGE('',*,*,#8168,.F.);
#9113 = PLANE('',#9114);
#9114 = AXIS2_PLACEMENT_3D('',#9115,#9116,#9117);
#9115 = CARTESIAN_POINT('',(1.016,-8.89,0.));
#9116 = DIRECTION('',(-0.707106781187,0.707106781187,0.));
#9117 = DIRECTION('',(0.707106781187,0.707106781187,0.));
#9118 = ADVANCED_FACE('',(#9119),#9144,.T.);
#9119 = FACE_BOUND('',#9120,.T.);
#9120 = EDGE_LOOP('',(#9121,#9129,#9137,#9143));
#9121 = ORIENTED_EDGE('',*,*,#9122,.F.);
#9122 = EDGE_CURVE('',#9123,#8266,#9125,.T.);
#9123 = VERTEX_POINT('',#9124);
#9124 = CARTESIAN_POINT('',(0.32,-4.76,-2.84));
#9125 = LINE('',#9126,#9127);
#9126 = CARTESIAN_POINT('',(0.32,-4.76,-3.));
#9127 = VECTOR('',#9128,1.);
#9128 = DIRECTION('',(0.,0.,1.));
#9129 = ORIENTED_EDGE('',*,*,#9130,.F.);
#9130 = EDGE_CURVE('',#9131,#9123,#9133,.T.);
#9131 = VERTEX_POINT('',#9132);
#9132 = CARTESIAN_POINT('',(-0.32,-4.76,-2.84));
#9133 = LINE('',#9134,#9135);
#9134 = CARTESIAN_POINT('',(-0.32,-4.76,-2.84));
#9135 = VECTOR('',#9136,1.);
#9136 = DIRECTION('',(1.,0.,0.));
#9137 = ORIENTED_EDGE('',*,*,#9138,.T.);
#9138 = EDGE_CURVE('',#9131,#8268,#9139,.T.);
#9139 = LINE('',#9140,#9141);
#9140 = CARTESIAN_POINT('',(-0.32,-4.76,-3.));
#9141 = VECTOR('',#9142,1.);
#9142 = DIRECTION('',(0.,0.,1.));
#9143 = ORIENTED_EDGE('',*,*,#8265,.F.);
#9144 = PLANE('',#9145);
#9145 = AXIS2_PLACEMENT_3D('',#9146,#9147,#9148);
#9146 = CARTESIAN_POINT('',(-0.32,-4.76,-3.));
#9147 = DIRECTION('',(0.,1.,0.));
#9148 = DIRECTION('',(0.,-0.,1.));
#9149 = ADVANCED_FACE('',(#9150),#9168,.F.);
#9150 = FACE_BOUND('',#9151,.F.);
#9151 = EDGE_LOOP('',(#9152,#9160,#9166,#9167));
#9152 = ORIENTED_EDGE('',*,*,#9153,.F.);
#9153 = EDGE_CURVE('',#9154,#8284,#9156,.T.);
#9154 = VERTEX_POINT('',#9155);
#9155 = CARTESIAN_POINT('',(-0.32,-5.4,-2.84));
#9156 = LINE('',#9157,#9158);
#9157 = CARTESIAN_POINT('',(-0.32,-5.4,-3.));
#9158 = VECTOR('',#9159,1.);
#9159 = DIRECTION('',(0.,0.,1.));
#9160 = ORIENTED_EDGE('',*,*,#9161,.T.);
#9161 = EDGE_CURVE('',#9154,#9131,#9162,.T.);
#9162 = LINE('',#9163,#9164);
#9163 = CARTESIAN_POINT('',(-0.32,-5.4,-2.84));
#9164 = VECTOR('',#9165,1.);
#9165 = DIRECTION('',(0.,1.,0.));
#9166 = ORIENTED_EDGE('',*,*,#9138,.T.);
#9167 = ORIENTED_EDGE('',*,*,#8291,.F.);
#9168 = PLANE('',#9169);
#9169 = AXIS2_PLACEMENT_3D('',#9170,#9171,#9172);
#9170 = CARTESIAN_POINT('',(-0.32,-5.4,-3.));
#9171 = DIRECTION('',(1.,0.,0.));
#9172 = DIRECTION('',(0.,0.,1.));
#9173 = ADVANCED_FACE('',(#9174),#9192,.F.);
#9174 = FACE_BOUND('',#9175,.F.);
#9175 = EDGE_LOOP('',(#9176,#9184,#9190,#9191));
#9176 = ORIENTED_EDGE('',*,*,#9177,.F.);
#9177 = EDGE_CURVE('',#9178,#8276,#9180,.T.);
#9178 = VERTEX_POINT('',#9179);
#9179 = CARTESIAN_POINT('',(0.32,-5.4,-2.84));
#9180 = LINE('',#9181,#9182);
#9181 = CARTESIAN_POINT('',(0.32,-5.4,-3.));
#9182 = VECTOR('',#9183,1.);
#9183 = DIRECTION('',(0.,0.,1.));
#9184 = ORIENTED_EDGE('',*,*,#9185,.F.);
#9185 = EDGE_CURVE('',#9154,#9178,#9186,.T.);
#9186 = LINE('',#9187,#9188);
#9187 = CARTESIAN_POINT('',(-0.32,-5.4,-2.84));
#9188 = VECTOR('',#9189,1.);
#9189 = DIRECTION('',(1.,0.,0.));
#9190 = ORIENTED_EDGE('',*,*,#9153,.T.);
#9191 = ORIENTED_EDGE('',*,*,#8283,.F.);
#9192 = PLANE('',#9193);
#9193 = AXIS2_PLACEMENT_3D('',#9194,#9195,#9196);
#9194 = CARTESIAN_POINT('',(-0.32,-5.4,-3.));
#9195 = DIRECTION('',(0.,1.,0.));
#9196 = DIRECTION('',(0.,-0.,1.));
#9197 = ADVANCED_FACE('',(#9198),#9209,.T.);
#9198 = FACE_BOUND('',#9199,.T.);
#9199 = EDGE_LOOP('',(#9200,#9201,#9207,#9208));
#9200 = ORIENTED_EDGE('',*,*,#9177,.F.);
#9201 = ORIENTED_EDGE('',*,*,#9202,.T.);
#9202 = EDGE_CURVE('',#9178,#9123,#9203,.T.);
#9203 = LINE('',#9204,#9205);
#9204 = CARTESIAN_POINT('',(0.32,-5.4,-2.84));
#9205 = VECTOR('',#9206,1.);
#9206 = DIRECTION('',(0.,1.,0.));
#9207 = ORIENTED_EDGE('',*,*,#9122,.T.);
#9208 = ORIENTED_EDGE('',*,*,#8275,.F.);
#9209 = PLANE('',#9210);
#9210 = AXIS2_PLACEMENT_3D('',#9211,#9212,#9213);
#9211 = CARTESIAN_POINT('',(0.32,-5.4,-3.));
#9212 = DIRECTION('',(1.,0.,0.));
#9213 = DIRECTION('',(0.,0.,1.));
#9214 = ADVANCED_FACE('',(#9215),#9240,.T.);
#9215 = FACE_BOUND('',#9216,.T.);
#9216 = EDGE_LOOP('',(#9217,#9225,#9233,#9239));
#9217 = ORIENTED_EDGE('',*,*,#9218,.F.);
#9218 = EDGE_CURVE('',#9219,#8300,#9221,.T.);
#9219 = VERTEX_POINT('',#9220);
#9220 = CARTESIAN_POINT('',(0.32,-7.94,-2.84));
#9221 = LINE('',#9222,#9223);
#9222 = CARTESIAN_POINT('',(0.32,-7.94,-3.));
#9223 = VECTOR('',#9224,1.);
#9224 = DIRECTION('',(0.,0.,1.));
#9225 = ORIENTED_EDGE('',*,*,#9226,.T.);
#9226 = EDGE_CURVE('',#9219,#9227,#9229,.T.);
#9227 = VERTEX_POINT('',#9228);
#9228 = CARTESIAN_POINT('',(0.32,-7.3,-2.84));
#9229 = LINE('',#9230,#9231);
#9230 = CARTESIAN_POINT('',(0.32,-7.94,-2.84));
#9231 = VECTOR('',#9232,1.);
#9232 = DIRECTION('',(0.,1.,0.));
#9233 = ORIENTED_EDGE('',*,*,#9234,.T.);
#9234 = EDGE_CURVE('',#9227,#8302,#9235,.T.);
#9235 = LINE('',#9236,#9237);
#9236 = CARTESIAN_POINT('',(0.32,-7.3,-3.));
#9237 = VECTOR('',#9238,1.);
#9238 = DIRECTION('',(0.,0.,1.));
#9239 = ORIENTED_EDGE('',*,*,#8299,.F.);
#9240 = PLANE('',#9241);
#9241 = AXIS2_PLACEMENT_3D('',#9242,#9243,#9244);
#9242 = CARTESIAN_POINT('',(0.32,-7.94,-3.));
#9243 = DIRECTION('',(1.,0.,0.));
#9244 = DIRECTION('',(0.,0.,1.));
#9245 = ADVANCED_FACE('',(#9246),#9264,.T.);
#9246 = FACE_BOUND('',#9247,.T.);
#9247 = EDGE_LOOP('',(#9248,#9249,#9257,#9263));
#9248 = ORIENTED_EDGE('',*,*,#9234,.F.);
#9249 = ORIENTED_EDGE('',*,*,#9250,.F.);
#9250 = EDGE_CURVE('',#9251,#9227,#9253,.T.);
#9251 = VERTEX_POINT('',#9252);
#9252 = CARTESIAN_POINT('',(-0.32,-7.3,-2.84));
#9253 = LINE('',#9254,#9255);
#9254 = CARTESIAN_POINT('',(-0.32,-7.3,-2.84));
#9255 = VECTOR('',#9256,1.);
#9256 = DIRECTION('',(1.,0.,0.));
#9257 = ORIENTED_EDGE('',*,*,#9258,.T.);
#9258 = EDGE_CURVE('',#9251,#8318,#9259,.T.);
#9259 = LINE('',#9260,#9261);
#9260 = CARTESIAN_POINT('',(-0.32,-7.3,-3.));
#9261 = VECTOR('',#9262,1.);
#9262 = DIRECTION('',(0.,0.,1.));
#9263 = ORIENTED_EDGE('',*,*,#8325,.F.);
#9264 = PLANE('',#9265);
#9265 = AXIS2_PLACEMENT_3D('',#9266,#9267,#9268);
#9266 = CARTESIAN_POINT('',(-0.32,-7.3,-3.));
#9267 = DIRECTION('',(0.,1.,0.));
#9268 = DIRECTION('',(0.,-0.,1.));
#9269 = ADVANCED_FACE('',(#9270),#9288,.F.);
#9270 = FACE_BOUND('',#9271,.F.);
#9271 = EDGE_LOOP('',(#9272,#9280,#9286,#9287));
#9272 = ORIENTED_EDGE('',*,*,#9273,.F.);
#9273 = EDGE_CURVE('',#9274,#8310,#9276,.T.);
#9274 = VERTEX_POINT('',#9275);
#9275 = CARTESIAN_POINT('',(-0.32,-7.94,-2.84));
#9276 = LINE('',#9277,#9278);
#9277 = CARTESIAN_POINT('',(-0.32,-7.94,-3.));
#9278 = VECTOR('',#9279,1.);
#9279 = DIRECTION('',(0.,0.,1.));
#9280 = ORIENTED_EDGE('',*,*,#9281,.T.);
#9281 = EDGE_CURVE('',#9274,#9251,#9282,.T.);
#9282 = LINE('',#9283,#9284);
#9283 = CARTESIAN_POINT('',(-0.32,-7.94,-2.84));
#9284 = VECTOR('',#9285,1.);
#9285 = DIRECTION('',(0.,1.,0.));
#9286 = ORIENTED_EDGE('',*,*,#9258,.T.);
#9287 = ORIENTED_EDGE('',*,*,#8317,.F.);
#9288 = PLANE('',#9289);
#9289 = AXIS2_PLACEMENT_3D('',#9290,#9291,#9292);
#9290 = CARTESIAN_POINT('',(-0.32,-7.94,-3.));
#9291 = DIRECTION('',(1.,0.,0.));
#9292 = DIRECTION('',(0.,0.,1.));
#9293 = ADVANCED_FACE('',(#9294),#9305,.F.);
#9294 = FACE_BOUND('',#9295,.F.);
#9295 = EDGE_LOOP('',(#9296,#9297,#9303,#9304));
#9296 = ORIENTED_EDGE('',*,*,#9218,.F.);
#9297 = ORIENTED_EDGE('',*,*,#9298,.F.);
#9298 = EDGE_CURVE('',#9274,#9219,#9299,.T.);
#9299 = LINE('',#9300,#9301);
#9300 = CARTESIAN_POINT('',(-0.32,-7.94,-2.84));
#9301 = VECTOR('',#9302,1.);
#9302 = DIRECTION('',(1.,0.,0.));
#9303 = ORIENTED_EDGE('',*,*,#9273,.T.);
#9304 = ORIENTED_EDGE('',*,*,#8309,.F.);
#9305 = PLANE('',#9306);
#9306 = AXIS2_PLACEMENT_3D('',#9307,#9308,#9309);
#9307 = CARTESIAN_POINT('',(-0.32,-7.94,-3.));
#9308 = DIRECTION('',(0.,1.,0.));
#9309 = DIRECTION('',(0.,-0.,1.));
#9310 = ADVANCED_FACE('',(#9311),#9336,.T.);
#9311 = FACE_BOUND('',#9312,.T.);
#9312 = EDGE_LOOP('',(#9313,#9321,#9329,#9335));
#9313 = ORIENTED_EDGE('',*,*,#9314,.F.);
#9314 = EDGE_CURVE('',#9315,#8334,#9317,.T.);
#9315 = VERTEX_POINT('',#9316);
#9316 = CARTESIAN_POINT('',(0.32,-0.32,-2.84));
#9317 = LINE('',#9318,#9319);
#9318 = CARTESIAN_POINT('',(0.32,-0.32,-3.));
#9319 = VECTOR('',#9320,1.);
#9320 = DIRECTION('',(0.,0.,1.));
#9321 = ORIENTED_EDGE('',*,*,#9322,.T.);
#9322 = EDGE_CURVE('',#9315,#9323,#9325,.T.);
#9323 = VERTEX_POINT('',#9324);
#9324 = CARTESIAN_POINT('',(0.32,0.32,-2.84));
#9325 = LINE('',#9326,#9327);
#9326 = CARTESIAN_POINT('',(0.32,-0.32,-2.84));
#9327 = VECTOR('',#9328,1.);
#9328 = DIRECTION('',(0.,1.,0.));
#9329 = ORIENTED_EDGE('',*,*,#9330,.T.);
#9330 = EDGE_CURVE('',#9323,#8336,#9331,.T.);
#9331 = LINE('',#9332,#9333);
#9332 = CARTESIAN_POINT('',(0.32,0.32,-3.));
#9333 = VECTOR('',#9334,1.);
#9334 = DIRECTION('',(0.,0.,1.));
#9335 = ORIENTED_EDGE('',*,*,#8333,.F.);
#9336 = PLANE('',#9337);
#9337 = AXIS2_PLACEMENT_3D('',#9338,#9339,#9340);
#9338 = CARTESIAN_POINT('',(0.32,-0.32,-3.));
#9339 = DIRECTION('',(1.,0.,0.));
#9340 = DIRECTION('',(0.,0.,1.));
#9341 = ADVANCED_FACE('',(#9342),#9360,.T.);
#9342 = FACE_BOUND('',#9343,.T.);
#9343 = EDGE_LOOP('',(#9344,#9345,#9353,#9359));
#9344 = ORIENTED_EDGE('',*,*,#9330,.F.);
#9345 = ORIENTED_EDGE('',*,*,#9346,.F.);
#9346 = EDGE_CURVE('',#9347,#9323,#9349,.T.);
#9347 = VERTEX_POINT('',#9348);
#9348 = CARTESIAN_POINT('',(-0.32,0.32,-2.84));
#9349 = LINE('',#9350,#9351);
#9350 = CARTESIAN_POINT('',(-0.32,0.32,-2.84));
#9351 = VECTOR('',#9352,1.);
#9352 = DIRECTION('',(1.,0.,0.));
#9353 = ORIENTED_EDGE('',*,*,#9354,.T.);
#9354 = EDGE_CURVE('',#9347,#8352,#9355,.T.);
#9355 = LINE('',#9356,#9357);
#9356 = CARTESIAN_POINT('',(-0.32,0.32,-3.));
#9357 = VECTOR('',#9358,1.);
#9358 = DIRECTION('',(0.,0.,1.));
#9359 = ORIENTED_EDGE('',*,*,#8359,.F.);
#9360 = PLANE('',#9361);
#9361 = AXIS2_PLACEMENT_3D('',#9362,#9363,#9364);
#9362 = CARTESIAN_POINT('',(-0.32,0.32,-3.));
#9363 = DIRECTION('',(0.,1.,0.));
#9364 = DIRECTION('',(0.,-0.,1.));
#9365 = ADVANCED_FACE('',(#9366),#9384,.F.);
#9366 = FACE_BOUND('',#9367,.F.);
#9367 = EDGE_LOOP('',(#9368,#9376,#9382,#9383));
#9368 = ORIENTED_EDGE('',*,*,#9369,.F.);
#9369 = EDGE_CURVE('',#9370,#8344,#9372,.T.);
#9370 = VERTEX_POINT('',#9371);
#9371 = CARTESIAN_POINT('',(-0.32,-0.32,-2.84));
#9372 = LINE('',#9373,#9374);
#9373 = CARTESIAN_POINT('',(-0.32,-0.32,-3.));
#9374 = VECTOR('',#9375,1.);
#9375 = DIRECTION('',(0.,0.,1.));
#9376 = ORIENTED_EDGE('',*,*,#9377,.T.);
#9377 = EDGE_CURVE('',#9370,#9347,#9378,.T.);
#9378 = LINE('',#9379,#9380);
#9379 = CARTESIAN_POINT('',(-0.32,-0.32,-2.84));
#9380 = VECTOR('',#9381,1.);
#9381 = DIRECTION('',(0.,1.,0.));
#9382 = ORIENTED_EDGE('',*,*,#9354,.T.);
#9383 = ORIENTED_EDGE('',*,*,#8351,.F.);
#9384 = PLANE('',#9385);
#9385 = AXIS2_PLACEMENT_3D('',#9386,#9387,#9388);
#9386 = CARTESIAN_POINT('',(-0.32,-0.32,-3.));
#9387 = DIRECTION('',(1.,0.,0.));
#9388 = DIRECTION('',(0.,0.,1.));
#9389 = ADVANCED_FACE('',(#9390),#9401,.F.);
#9390 = FACE_BOUND('',#9391,.F.);
#9391 = EDGE_LOOP('',(#9392,#9393,#9399,#9400));
#9392 = ORIENTED_EDGE('',*,*,#9314,.F.);
#9393 = ORIENTED_EDGE('',*,*,#9394,.F.);
#9394 = EDGE_CURVE('',#9370,#9315,#9395,.T.);
#9395 = LINE('',#9396,#9397);
#9396 = CARTESIAN_POINT('',(-0.32,-0.32,-2.84));
#9397 = VECTOR('',#9398,1.);
#9398 = DIRECTION('',(1.,0.,0.));
#9399 = ORIENTED_EDGE('',*,*,#9369,.T.);
#9400 = ORIENTED_EDGE('',*,*,#8343,.F.);
#9401 = PLANE('',#9402);
#9402 = AXIS2_PLACEMENT_3D('',#9403,#9404,#9405);
#9403 = CARTESIAN_POINT('',(-0.32,-0.32,-3.));
#9404 = DIRECTION('',(0.,1.,0.));
#9405 = DIRECTION('',(0.,-0.,1.));
#9406 = ADVANCED_FACE('',(#9407),#9432,.T.);
#9407 = FACE_BOUND('',#9408,.T.);
#9408 = EDGE_LOOP('',(#9409,#9417,#9425,#9431));
#9409 = ORIENTED_EDGE('',*,*,#9410,.F.);
#9410 = EDGE_CURVE('',#9411,#8368,#9413,.T.);
#9411 = VERTEX_POINT('',#9412);
#9412 = CARTESIAN_POINT('',(0.32,-2.22,-2.84));
#9413 = LINE('',#9414,#9415);
#9414 = CARTESIAN_POINT('',(0.32,-2.22,-3.));
#9415 = VECTOR('',#9416,1.);
#9416 = DIRECTION('',(0.,0.,1.));
#9417 = ORIENTED_EDGE('',*,*,#9418,.F.);
#9418 = EDGE_CURVE('',#9419,#9411,#9421,.T.);
#9419 = VERTEX_POINT('',#9420);
#9420 = CARTESIAN_POINT('',(-0.32,-2.22,-2.84));
#9421 = LINE('',#9422,#9423);
#9422 = CARTESIAN_POINT('',(-0.32,-2.22,-2.84));
#9423 = VECTOR('',#9424,1.);
#9424 = DIRECTION('',(1.,0.,0.));
#9425 = ORIENTED_EDGE('',*,*,#9426,.T.);
#9426 = EDGE_CURVE('',#9419,#8370,#9427,.T.);
#9427 = LINE('',#9428,#9429);
#9428 = CARTESIAN_POINT('',(-0.32,-2.22,-3.));
#9429 = VECTOR('',#9430,1.);
#9430 = DIRECTION('',(0.,0.,1.));
#9431 = ORIENTED_EDGE('',*,*,#8367,.F.);
#9432 = PLANE('',#9433);
#9433 = AXIS2_PLACEMENT_3D('',#9434,#9435,#9436);
#9434 = CARTESIAN_POINT('',(-0.32,-2.22,-3.));
#9435 = DIRECTION('',(0.,1.,0.));
#9436 = DIRECTION('',(0.,-0.,1.));
#9437 = ADVANCED_FACE('',(#9438),#9456,.F.);
#9438 = FACE_BOUND('',#9439,.F.);
#9439 = EDGE_LOOP('',(#9440,#9448,#9454,#9455));
#9440 = ORIENTED_EDGE('',*,*,#9441,.F.);
#9441 = EDGE_CURVE('',#9442,#8386,#9444,.T.);
#9442 = VERTEX_POINT('',#9443);
#9443 = CARTESIAN_POINT('',(-0.32,-2.86,-2.84));
#9444 = LINE('',#9445,#9446);
#9445 = CARTESIAN_POINT('',(-0.32,-2.86,-3.));
#9446 = VECTOR('',#9447,1.);
#9447 = DIRECTION('',(0.,0.,1.));
#9448 = ORIENTED_EDGE('',*,*,#9449,.T.);
#9449 = EDGE_CURVE('',#9442,#9419,#9450,.T.);
#9450 = LINE('',#9451,#9452);
#9451 = CARTESIAN_POINT('',(-0.32,-2.86,-2.84));
#9452 = VECTOR('',#9453,1.);
#9453 = DIRECTION('',(0.,1.,0.));
#9454 = ORIENTED_EDGE('',*,*,#9426,.T.);
#9455 = ORIENTED_EDGE('',*,*,#8393,.F.);
#9456 = PLANE('',#9457);
#9457 = AXIS2_PLACEMENT_3D('',#9458,#9459,#9460);
#9458 = CARTESIAN_POINT('',(-0.32,-2.86,-3.));
#9459 = DIRECTION('',(1.,0.,0.));
#9460 = DIRECTION('',(0.,0.,1.));
#9461 = ADVANCED_FACE('',(#9462),#9480,.F.);
#9462 = FACE_BOUND('',#9463,.F.);
#9463 = EDGE_LOOP('',(#9464,#9472,#9478,#9479));
#9464 = ORIENTED_EDGE('',*,*,#9465,.F.);
#9465 = EDGE_CURVE('',#9466,#8378,#9468,.T.);
#9466 = VERTEX_POINT('',#9467);
#9467 = CARTESIAN_POINT('',(0.32,-2.86,-2.84));
#9468 = LINE('',#9469,#9470);
#9469 = CARTESIAN_POINT('',(0.32,-2.86,-3.));
#9470 = VECTOR('',#9471,1.);
#9471 = DIRECTION('',(0.,0.,1.));
#9472 = ORIENTED_EDGE('',*,*,#9473,.F.);
#9473 = EDGE_CURVE('',#9442,#9466,#9474,.T.);
#9474 = LINE('',#9475,#9476);
#9475 = CARTESIAN_POINT('',(-0.32,-2.86,-2.84));
#9476 = VECTOR('',#9477,1.);
#9477 = DIRECTION('',(1.,0.,0.));
#9478 = ORIENTED_EDGE('',*,*,#9441,.T.);
#9479 = ORIENTED_EDGE('',*,*,#8385,.F.);
#9480 = PLANE('',#9481);
#9481 = AXIS2_PLACEMENT_3D('',#9482,#9483,#9484);
#9482 = CARTESIAN_POINT('',(-0.32,-2.86,-3.));
#9483 = DIRECTION('',(0.,1.,0.));
#9484 = DIRECTION('',(0.,-0.,1.));
#9485 = ADVANCED_FACE('',(#9486),#9497,.T.);
#9486 = FACE_BOUND('',#9487,.T.);
#9487 = EDGE_LOOP('',(#9488,#9489,#9495,#9496));
#9488 = ORIENTED_EDGE('',*,*,#9465,.F.);
#9489 = ORIENTED_EDGE('',*,*,#9490,.T.);
#9490 = EDGE_CURVE('',#9466,#9411,#9491,.T.);
#9491 = LINE('',#9492,#9493);
#9492 = CARTESIAN_POINT('',(0.32,-2.86,-2.84));
#9493 = VECTOR('',#9494,1.);
#9494 = DIRECTION('',(0.,1.,0.));
#9495 = ORIENTED_EDGE('',*,*,#9410,.T.);
#9496 = ORIENTED_EDGE('',*,*,#8377,.F.);
#9497 = PLANE('',#9498);
#9498 = AXIS2_PLACEMENT_3D('',#9499,#9500,#9501);
#9499 = CARTESIAN_POINT('',(0.32,-2.86,-3.));
#9500 = DIRECTION('',(1.,0.,0.));
#9501 = DIRECTION('',(0.,0.,1.));
#9502 = ADVANCED_FACE('',(#9503),#9528,.T.);
#9503 = FACE_BOUND('',#9504,.T.);
#9504 = EDGE_LOOP('',(#9505,#9513,#9514,#9522));
#9505 = ORIENTED_EDGE('',*,*,#9506,.F.);
#9506 = EDGE_CURVE('',#8595,#9507,#9509,.T.);
#9507 = VERTEX_POINT('',#9508);
#9508 = CARTESIAN_POINT('',(0.32,-4.76,8.38));
#9509 = LINE('',#9510,#9511);
#9510 = CARTESIAN_POINT('',(0.32,-4.76,-3.));
#9511 = VECTOR('',#9512,1.);
#9512 = DIRECTION('',(0.,0.,1.));
#9513 = ORIENTED_EDGE('',*,*,#8594,.T.);
#9514 = ORIENTED_EDGE('',*,*,#9515,.T.);
#9515 = EDGE_CURVE('',#8597,#9516,#9518,.T.);
#9516 = VERTEX_POINT('',#9517);
#9517 = CARTESIAN_POINT('',(-0.32,-4.76,8.38));
#9518 = LINE('',#9519,#9520);
#9519 = CARTESIAN_POINT('',(-0.32,-4.76,-3.));
#9520 = VECTOR('',#9521,1.);
#9521 = DIRECTION('',(0.,0.,1.));
#9522 = ORIENTED_EDGE('',*,*,#9523,.T.);
#9523 = EDGE_CURVE('',#9516,#9507,#9524,.T.);
#9524 = LINE('',#9525,#9526);
#9525 = CARTESIAN_POINT('',(-0.32,-4.76,8.38));
#9526 = VECTOR('',#9527,1.);
#9527 = DIRECTION('',(1.,0.,0.));
#9528 = PLANE('',#9529);
#9529 = AXIS2_PLACEMENT_3D('',#9530,#9531,#9532);
#9530 = CARTESIAN_POINT('',(-0.32,-4.76,-3.));
#9531 = DIRECTION('',(0.,1.,0.));
#9532 = DIRECTION('',(0.,-0.,1.));
#9533 = ADVANCED_FACE('',(#9534),#9552,.F.);
#9534 = FACE_BOUND('',#9535,.F.);
#9535 = EDGE_LOOP('',(#9536,#9544,#9545,#9546));
#9536 = ORIENTED_EDGE('',*,*,#9537,.F.);
#9537 = EDGE_CURVE('',#8613,#9538,#9540,.T.);
#9538 = VERTEX_POINT('',#9539);
#9539 = CARTESIAN_POINT('',(-0.32,-5.4,8.38));
#9540 = LINE('',#9541,#9542);
#9541 = CARTESIAN_POINT('',(-0.32,-5.4,-3.));
#9542 = VECTOR('',#9543,1.);
#9543 = DIRECTION('',(0.,0.,1.));
#9544 = ORIENTED_EDGE('',*,*,#8620,.T.);
#9545 = ORIENTED_EDGE('',*,*,#9515,.T.);
#9546 = ORIENTED_EDGE('',*,*,#9547,.F.);
#9547 = EDGE_CURVE('',#9538,#9516,#9548,.T.);
#9548 = LINE('',#9549,#9550);
#9549 = CARTESIAN_POINT('',(-0.32,-5.4,8.38));
#9550 = VECTOR('',#9551,1.);
#9551 = DIRECTION('',(0.,1.,0.));
#9552 = PLANE('',#9553);
#9553 = AXIS2_PLACEMENT_3D('',#9554,#9555,#9556);
#9554 = CARTESIAN_POINT('',(-0.32,-5.4,-3.));
#9555 = DIRECTION('',(1.,0.,0.));
#9556 = DIRECTION('',(0.,0.,1.));
#9557 = ADVANCED_FACE('',(#9558),#9576,.F.);
#9558 = FACE_BOUND('',#9559,.F.);
#9559 = EDGE_LOOP('',(#9560,#9568,#9569,#9570));
#9560 = ORIENTED_EDGE('',*,*,#9561,.F.);
#9561 = EDGE_CURVE('',#8605,#9562,#9564,.T.);
#9562 = VERTEX_POINT('',#9563);
#9563 = CARTESIAN_POINT('',(0.32,-5.4,8.38));
#9564 = LINE('',#9565,#9566);
#9565 = CARTESIAN_POINT('',(0.32,-5.4,-3.));
#9566 = VECTOR('',#9567,1.);
#9567 = DIRECTION('',(0.,0.,1.));
#9568 = ORIENTED_EDGE('',*,*,#8612,.T.);
#9569 = ORIENTED_EDGE('',*,*,#9537,.T.);
#9570 = ORIENTED_EDGE('',*,*,#9571,.T.);
#9571 = EDGE_CURVE('',#9538,#9562,#9572,.T.);
#9572 = LINE('',#9573,#9574);
#9573 = CARTESIAN_POINT('',(-0.32,-5.4,8.38));
#9574 = VECTOR('',#9575,1.);
#9575 = DIRECTION('',(1.,0.,0.));
#9576 = PLANE('',#9577);
#9577 = AXIS2_PLACEMENT_3D('',#9578,#9579,#9580);
#9578 = CARTESIAN_POINT('',(-0.32,-5.4,-3.));
#9579 = DIRECTION('',(0.,1.,0.));
#9580 = DIRECTION('',(0.,-0.,1.));
#9581 = ADVANCED_FACE('',(#9582),#9593,.T.);
#9582 = FACE_BOUND('',#9583,.T.);
#9583 = EDGE_LOOP('',(#9584,#9585,#9586,#9587));
#9584 = ORIENTED_EDGE('',*,*,#9561,.F.);
#9585 = ORIENTED_EDGE('',*,*,#8604,.T.);
#9586 = ORIENTED_EDGE('',*,*,#9506,.T.);
#9587 = ORIENTED_EDGE('',*,*,#9588,.F.);
#9588 = EDGE_CURVE('',#9562,#9507,#9589,.T.);
#9589 = LINE('',#9590,#9591);
#9590 = CARTESIAN_POINT('',(0.32,-5.4,8.38));
#9591 = VECTOR('',#9592,1.);
#9592 = DIRECTION('',(0.,1.,0.));
#9593 = PLANE('',#9594);
#9594 = AXIS2_PLACEMENT_3D('',#9595,#9596,#9597);
#9595 = CARTESIAN_POINT('',(0.32,-5.4,-3.));
#9596 = DIRECTION('',(1.,0.,0.));
#9597 = DIRECTION('',(0.,0.,1.));
#9598 = ADVANCED_FACE('',(#9599),#9624,.T.);
#9599 = FACE_BOUND('',#9600,.T.);
#9600 = EDGE_LOOP('',(#9601,#9609,#9610,#9618));
#9601 = ORIENTED_EDGE('',*,*,#9602,.F.);
#9602 = EDGE_CURVE('',#8629,#9603,#9605,.T.);
#9603 = VERTEX_POINT('',#9604);
#9604 = CARTESIAN_POINT('',(0.32,-7.94,8.38));
#9605 = LINE('',#9606,#9607);
#9606 = CARTESIAN_POINT('',(0.32,-7.94,-3.));
#9607 = VECTOR('',#9608,1.);
#9608 = DIRECTION('',(0.,0.,1.));
#9609 = ORIENTED_EDGE('',*,*,#8628,.T.);
#9610 = ORIENTED_EDGE('',*,*,#9611,.T.);
#9611 = EDGE_CURVE('',#8631,#9612,#9614,.T.);
#9612 = VERTEX_POINT('',#9613);
#9613 = CARTESIAN_POINT('',(0.32,-7.3,8.38));
#9614 = LINE('',#9615,#9616);
#9615 = CARTESIAN_POINT('',(0.32,-7.3,-3.));
#9616 = VECTOR('',#9617,1.);
#9617 = DIRECTION('',(0.,0.,1.));
#9618 = ORIENTED_EDGE('',*,*,#9619,.F.);
#9619 = EDGE_CURVE('',#9603,#9612,#9620,.T.);
#9620 = LINE('',#9621,#9622);
#9621 = CARTESIAN_POINT('',(0.32,-7.94,8.38));
#9622 = VECTOR('',#9623,1.);
#9623 = DIRECTION('',(0.,1.,0.));
#9624 = PLANE('',#9625);
#9625 = AXIS2_PLACEMENT_3D('',#9626,#9627,#9628);
#9626 = CARTESIAN_POINT('',(0.32,-7.94,-3.));
#9627 = DIRECTION('',(1.,0.,0.));
#9628 = DIRECTION('',(0.,0.,1.));
#9629 = ADVANCED_FACE('',(#9630),#9648,.T.);
#9630 = FACE_BOUND('',#9631,.T.);
#9631 = EDGE_LOOP('',(#9632,#9633,#9634,#9642));
#9632 = ORIENTED_EDGE('',*,*,#9611,.F.);
#9633 = ORIENTED_EDGE('',*,*,#8654,.T.);
#9634 = ORIENTED_EDGE('',*,*,#9635,.T.);
#9635 = EDGE_CURVE('',#8647,#9636,#9638,.T.);
#9636 = VERTEX_POINT('',#9637);
#9637 = CARTESIAN_POINT('',(-0.32,-7.3,8.38));
#9638 = LINE('',#9639,#9640);
#9639 = CARTESIAN_POINT('',(-0.32,-7.3,-3.));
#9640 = VECTOR('',#9641,1.);
#9641 = DIRECTION('',(0.,0.,1.));
#9642 = ORIENTED_EDGE('',*,*,#9643,.T.);
#9643 = EDGE_CURVE('',#9636,#9612,#9644,.T.);
#9644 = LINE('',#9645,#9646);
#9645 = CARTESIAN_POINT('',(-0.32,-7.3,8.38));
#9646 = VECTOR('',#9647,1.);
#9647 = DIRECTION('',(1.,0.,0.));
#9648 = PLANE('',#9649);
#9649 = AXIS2_PLACEMENT_3D('',#9650,#9651,#9652);
#9650 = CARTESIAN_POINT('',(-0.32,-7.3,-3.));
#9651 = DIRECTION('',(0.,1.,0.));
#9652 = DIRECTION('',(0.,-0.,1.));
#9653 = ADVANCED_FACE('',(#9654),#9672,.F.);
#9654 = FACE_BOUND('',#9655,.F.);
#9655 = EDGE_LOOP('',(#9656,#9664,#9665,#9666));
#9656 = ORIENTED_EDGE('',*,*,#9657,.F.);
#9657 = EDGE_CURVE('',#8639,#9658,#9660,.T.);
#9658 = VERTEX_POINT('',#9659);
#9659 = CARTESIAN_POINT('',(-0.32,-7.94,8.38));
#9660 = LINE('',#9661,#9662);
#9661 = CARTESIAN_POINT('',(-0.32,-7.94,-3.));
#9662 = VECTOR('',#9663,1.);
#9663 = DIRECTION('',(0.,0.,1.));
#9664 = ORIENTED_EDGE('',*,*,#8646,.T.);
#9665 = ORIENTED_EDGE('',*,*,#9635,.T.);
#9666 = ORIENTED_EDGE('',*,*,#9667,.F.);
#9667 = EDGE_CURVE('',#9658,#9636,#9668,.T.);
#9668 = LINE('',#9669,#9670);
#9669 = CARTESIAN_POINT('',(-0.32,-7.94,8.38));
#9670 = VECTOR('',#9671,1.);
#9671 = DIRECTION('',(0.,1.,0.));
#9672 = PLANE('',#9673);
#9673 = AXIS2_PLACEMENT_3D('',#9674,#9675,#9676);
#9674 = CARTESIAN_POINT('',(-0.32,-7.94,-3.));
#9675 = DIRECTION('',(1.,0.,0.));
#9676 = DIRECTION('',(0.,0.,1.));
#9677 = ADVANCED_FACE('',(#9678),#9689,.F.);
#9678 = FACE_BOUND('',#9679,.F.);
#9679 = EDGE_LOOP('',(#9680,#9681,#9682,#9683));
#9680 = ORIENTED_EDGE('',*,*,#9602,.F.);
#9681 = ORIENTED_EDGE('',*,*,#8638,.T.);
#9682 = ORIENTED_EDGE('',*,*,#9657,.T.);
#9683 = ORIENTED_EDGE('',*,*,#9684,.T.);
#9684 = EDGE_CURVE('',#9658,#9603,#9685,.T.);
#9685 = LINE('',#9686,#9687);
#9686 = CARTESIAN_POINT('',(-0.32,-7.94,8.38));
#9687 = VECTOR('',#9688,1.);
#9688 = DIRECTION('',(1.,0.,0.));
#9689 = PLANE('',#9690);
#9690 = AXIS2_PLACEMENT_3D('',#9691,#9692,#9693);
#9691 = CARTESIAN_POINT('',(-0.32,-7.94,-3.));
#9692 = DIRECTION('',(0.,1.,0.));
#9693 = DIRECTION('',(0.,-0.,1.));
#9694 = ADVANCED_FACE('',(#9695),#9720,.T.);
#9695 = FACE_BOUND('',#9696,.T.);
#9696 = EDGE_LOOP('',(#9697,#9705,#9706,#9714));
#9697 = ORIENTED_EDGE('',*,*,#9698,.F.);
#9698 = EDGE_CURVE('',#8663,#9699,#9701,.T.);
#9699 = VERTEX_POINT('',#9700);
#9700 = CARTESIAN_POINT('',(0.32,-0.32,8.38));
#9701 = LINE('',#9702,#9703);
#9702 = CARTESIAN_POINT('',(0.32,-0.32,-3.));
#9703 = VECTOR('',#9704,1.);
#9704 = DIRECTION('',(0.,0.,1.));
#9705 = ORIENTED_EDGE('',*,*,#8662,.T.);
#9706 = ORIENTED_EDGE('',*,*,#9707,.T.);
#9707 = EDGE_CURVE('',#8665,#9708,#9710,.T.);
#9708 = VERTEX_POINT('',#9709);
#9709 = CARTESIAN_POINT('',(0.32,0.32,8.38));
#9710 = LINE('',#9711,#9712);
#9711 = CARTESIAN_POINT('',(0.32,0.32,-3.));
#9712 = VECTOR('',#9713,1.);
#9713 = DIRECTION('',(0.,0.,1.));
#9714 = ORIENTED_EDGE('',*,*,#9715,.F.);
#9715 = EDGE_CURVE('',#9699,#9708,#9716,.T.);
#9716 = LINE('',#9717,#9718);
#9717 = CARTESIAN_POINT('',(0.32,-0.32,8.38));
#9718 = VECTOR('',#9719,1.);
#9719 = DIRECTION('',(0.,1.,0.));
#9720 = PLANE('',#9721);
#9721 = AXIS2_PLACEMENT_3D('',#9722,#9723,#9724);
#9722 = CARTESIAN_POINT('',(0.32,-0.32,-3.));
#9723 = DIRECTION('',(1.,0.,0.));
#9724 = DIRECTION('',(0.,0.,1.));
#9725 = ADVANCED_FACE('',(#9726),#9744,.T.);
#9726 = FACE_BOUND('',#9727,.T.);
#9727 = EDGE_LOOP('',(#9728,#9729,#9730,#9738));
#9728 = ORIENTED_EDGE('',*,*,#9707,.F.);
#9729 = ORIENTED_EDGE('',*,*,#8688,.T.);
#9730 = ORIENTED_EDGE('',*,*,#9731,.T.);
#9731 = EDGE_CURVE('',#8681,#9732,#9734,.T.);
#9732 = VERTEX_POINT('',#9733);
#9733 = CARTESIAN_POINT('',(-0.32,0.32,8.38));
#9734 = LINE('',#9735,#9736);
#9735 = CARTESIAN_POINT('',(-0.32,0.32,-3.));
#9736 = VECTOR('',#9737,1.);
#9737 = DIRECTION('',(0.,0.,1.));
#9738 = ORIENTED_EDGE('',*,*,#9739,.T.);
#9739 = EDGE_CURVE('',#9732,#9708,#9740,.T.);
#9740 = LINE('',#9741,#9742);
#9741 = CARTESIAN_POINT('',(-0.32,0.32,8.38));
#9742 = VECTOR('',#9743,1.);
#9743 = DIRECTION('',(1.,0.,0.));
#9744 = PLANE('',#9745);
#9745 = AXIS2_PLACEMENT_3D('',#9746,#9747,#9748);
#9746 = CARTESIAN_POINT('',(-0.32,0.32,-3.));
#9747 = DIRECTION('',(0.,1.,0.));
#9748 = DIRECTION('',(0.,-0.,1.));
#9749 = ADVANCED_FACE('',(#9750),#9768,.F.);
#9750 = FACE_BOUND('',#9751,.F.);
#9751 = EDGE_LOOP('',(#9752,#9760,#9761,#9762));
#9752 = ORIENTED_EDGE('',*,*,#9753,.F.);
#9753 = EDGE_CURVE('',#8673,#9754,#9756,.T.);
#9754 = VERTEX_POINT('',#9755);
#9755 = CARTESIAN_POINT('',(-0.32,-0.32,8.38));
#9756 = LINE('',#9757,#9758);
#9757 = CARTESIAN_POINT('',(-0.32,-0.32,-3.));
#9758 = VECTOR('',#9759,1.);
#9759 = DIRECTION('',(0.,0.,1.));
#9760 = ORIENTED_EDGE('',*,*,#8680,.T.);
#9761 = ORIENTED_EDGE('',*,*,#9731,.T.);
#9762 = ORIENTED_EDGE('',*,*,#9763,.F.);
#9763 = EDGE_CURVE('',#9754,#9732,#9764,.T.);
#9764 = LINE('',#9765,#9766);
#9765 = CARTESIAN_POINT('',(-0.32,-0.32,8.38));
#9766 = VECTOR('',#9767,1.);
#9767 = DIRECTION('',(0.,1.,0.));
#9768 = PLANE('',#9769);
#9769 = AXIS2_PLACEMENT_3D('',#9770,#9771,#9772);
#9770 = CARTESIAN_POINT('',(-0.32,-0.32,-3.));
#9771 = DIRECTION('',(1.,0.,0.));
#9772 = DIRECTION('',(0.,0.,1.));
#9773 = ADVANCED_FACE('',(#9774),#9785,.F.);
#9774 = FACE_BOUND('',#9775,.F.);
#9775 = EDGE_LOOP('',(#9776,#9777,#9778,#9779));
#9776 = ORIENTED_EDGE('',*,*,#9698,.F.);
#9777 = ORIENTED_EDGE('',*,*,#8672,.T.);
#9778 = ORIENTED_EDGE('',*,*,#9753,.T.);
#9779 = ORIENTED_EDGE('',*,*,#9780,.T.);
#9780 = EDGE_CURVE('',#9754,#9699,#9781,.T.);
#9781 = LINE('',#9782,#9783);
#9782 = CARTESIAN_POINT('',(-0.32,-0.32,8.38));
#9783 = VECTOR('',#9784,1.);
#9784 = DIRECTION('',(1.,0.,0.));
#9785 = PLANE('',#9786);
#9786 = AXIS2_PLACEMENT_3D('',#9787,#9788,#9789);
#9787 = CARTESIAN_POINT('',(-0.32,-0.32,-3.));
#9788 = DIRECTION('',(0.,1.,0.));
#9789 = DIRECTION('',(0.,-0.,1.));
#9790 = ADVANCED_FACE('',(#9791),#9816,.T.);
#9791 = FACE_BOUND('',#9792,.T.);
#9792 = EDGE_LOOP('',(#9793,#9801,#9802,#9810));
#9793 = ORIENTED_EDGE('',*,*,#9794,.F.);
#9794 = EDGE_CURVE('',#8697,#9795,#9797,.T.);
#9795 = VERTEX_POINT('',#9796);
#9796 = CARTESIAN_POINT('',(0.32,-2.22,8.38));
#9797 = LINE('',#9798,#9799);
#9798 = CARTESIAN_POINT('',(0.32,-2.22,-3.));
#9799 = VECTOR('',#9800,1.);
#9800 = DIRECTION('',(0.,0.,1.));
#9801 = ORIENTED_EDGE('',*,*,#8696,.T.);
#9802 = ORIENTED_EDGE('',*,*,#9803,.T.);
#9803 = EDGE_CURVE('',#8699,#9804,#9806,.T.);
#9804 = VERTEX_POINT('',#9805);
#9805 = CARTESIAN_POINT('',(-0.32,-2.22,8.38));
#9806 = LINE('',#9807,#9808);
#9807 = CARTESIAN_POINT('',(-0.32,-2.22,-3.));
#9808 = VECTOR('',#9809,1.);
#9809 = DIRECTION('',(0.,0.,1.));
#9810 = ORIENTED_EDGE('',*,*,#9811,.T.);
#9811 = EDGE_CURVE('',#9804,#9795,#9812,.T.);
#9812 = LINE('',#9813,#9814);
#9813 = CARTESIAN_POINT('',(-0.32,-2.22,8.38));
#9814 = VECTOR('',#9815,1.);
#9815 = DIRECTION('',(1.,0.,0.));
#9816 = PLANE('',#9817);
#9817 = AXIS2_PLACEMENT_3D('',#9818,#9819,#9820);
#9818 = CARTESIAN_POINT('',(-0.32,-2.22,-3.));
#9819 = DIRECTION('',(0.,1.,0.));
#9820 = DIRECTION('',(0.,-0.,1.));
#9821 = ADVANCED_FACE('',(#9822),#9840,.F.);
#9822 = FACE_BOUND('',#9823,.F.);
#9823 = EDGE_LOOP('',(#9824,#9832,#9833,#9834));
#9824 = ORIENTED_EDGE('',*,*,#9825,.F.);
#9825 = EDGE_CURVE('',#8715,#9826,#9828,.T.);
#9826 = VERTEX_POINT('',#9827);
#9827 = CARTESIAN_POINT('',(-0.32,-2.86,8.38));
#9828 = LINE('',#9829,#9830);
#9829 = CARTESIAN_POINT('',(-0.32,-2.86,-3.));
#9830 = VECTOR('',#9831,1.);
#9831 = DIRECTION('',(0.,0.,1.));
#9832 = ORIENTED_EDGE('',*,*,#8722,.T.);
#9833 = ORIENTED_EDGE('',*,*,#9803,.T.);
#9834 = ORIENTED_EDGE('',*,*,#9835,.F.);
#9835 = EDGE_CURVE('',#9826,#9804,#9836,.T.);
#9836 = LINE('',#9837,#9838);
#9837 = CARTESIAN_POINT('',(-0.32,-2.86,8.38));
#9838 = VECTOR('',#9839,1.);
#9839 = DIRECTION('',(0.,1.,0.));
#9840 = PLANE('',#9841);
#9841 = AXIS2_PLACEMENT_3D('',#9842,#9843,#9844);
#9842 = CARTESIAN_POINT('',(-0.32,-2.86,-3.));
#9843 = DIRECTION('',(1.,0.,0.));
#9844 = DIRECTION('',(0.,0.,1.));
#9845 = ADVANCED_FACE('',(#9846),#9864,.F.);
#9846 = FACE_BOUND('',#9847,.F.);
#9847 = EDGE_LOOP('',(#9848,#9856,#9857,#9858));
#9848 = ORIENTED_EDGE('',*,*,#9849,.F.);
#9849 = EDGE_CURVE('',#8707,#9850,#9852,.T.);
#9850 = VERTEX_POINT('',#9851);
#9851 = CARTESIAN_POINT('',(0.32,-2.86,8.38));
#9852 = LINE('',#9853,#9854);
#9853 = CARTESIAN_POINT('',(0.32,-2.86,-3.));
#9854 = VECTOR('',#9855,1.);
#9855 = DIRECTION('',(0.,0.,1.));
#9856 = ORIENTED_EDGE('',*,*,#8714,.T.);
#9857 = ORIENTED_EDGE('',*,*,#9825,.T.);
#9858 = ORIENTED_EDGE('',*,*,#9859,.T.);
#9859 = EDGE_CURVE('',#9826,#9850,#9860,.T.);
#9860 = LINE('',#9861,#9862);
#9861 = CARTESIAN_POINT('',(-0.32,-2.86,8.38));
#9862 = VECTOR('',#9863,1.);
#9863 = DIRECTION('',(1.,0.,0.));
#9864 = PLANE('',#9865);
#9865 = AXIS2_PLACEMENT_3D('',#9866,#9867,#9868);
#9866 = CARTESIAN_POINT('',(-0.32,-2.86,-3.));
#9867 = DIRECTION('',(0.,1.,0.));
#9868 = DIRECTION('',(0.,-0.,1.));
#9869 = ADVANCED_FACE('',(#9870),#9881,.T.);
#9870 = FACE_BOUND('',#9871,.T.);
#9871 = EDGE_LOOP('',(#9872,#9873,#9874,#9875));
#9872 = ORIENTED_EDGE('',*,*,#9849,.F.);
#9873 = ORIENTED_EDGE('',*,*,#8706,.T.);
#9874 = ORIENTED_EDGE('',*,*,#9794,.T.);
#9875 = ORIENTED_EDGE('',*,*,#9876,.F.);
#9876 = EDGE_CURVE('',#9850,#9795,#9877,.T.);
#9877 = LINE('',#9878,#9879);
#9878 = CARTESIAN_POINT('',(0.32,-2.86,8.38));
#9879 = VECTOR('',#9880,1.);
#9880 = DIRECTION('',(0.,1.,0.));
#9881 = PLANE('',#9882);
#9882 = AXIS2_PLACEMENT_3D('',#9883,#9884,#9885);
#9883 = CARTESIAN_POINT('',(0.32,-2.86,-3.));
#9884 = DIRECTION('',(1.,0.,0.));
#9885 = DIRECTION('',(0.,0.,1.));
#9886 = ADVANCED_FACE('',(#9887),#9912,.F.);
#9887 = FACE_BOUND('',#9888,.T.);
#9888 = EDGE_LOOP('',(#9889,#9897,#9898,#9906));
#9889 = ORIENTED_EDGE('',*,*,#9890,.F.);
#9890 = EDGE_CURVE('',#9131,#9891,#9893,.T.);
#9891 = VERTEX_POINT('',#9892);
#9892 = CARTESIAN_POINT('',(-0.16,-4.92,-3.));
#9893 = LINE('',#9894,#9895);
#9894 = CARTESIAN_POINT('',(-0.16,-4.92,-3.));
#9895 = VECTOR('',#9896,1.);
#9896 = DIRECTION('',(0.57735026919,-0.57735026919,-0.57735026919));
#9897 = ORIENTED_EDGE('',*,*,#9130,.T.);
#9898 = ORIENTED_EDGE('',*,*,#9899,.T.);
#9899 = EDGE_CURVE('',#9123,#9900,#9902,.T.);
#9900 = VERTEX_POINT('',#9901);
#9901 = CARTESIAN_POINT('',(0.16,-4.92,-3.));
#9902 = LINE('',#9903,#9904);
#9903 = CARTESIAN_POINT('',(5.333333333333E-02,-5.026666666667,
    -3.106666666667));
#9904 = VECTOR('',#9905,1.);
#9905 = DIRECTION('',(-0.57735026919,-0.57735026919,-0.57735026919));
#9906 = ORIENTED_EDGE('',*,*,#9907,.F.);
#9907 = EDGE_CURVE('',#9891,#9900,#9908,.T.);
#9908 = LINE('',#9909,#9910);
#9909 = CARTESIAN_POINT('',(-0.32,-4.92,-3.));
#9910 = VECTOR('',#9911,1.);
#9911 = DIRECTION('',(1.,0.,0.));
#9912 = PLANE('',#9913);
#9913 = AXIS2_PLACEMENT_3D('',#9914,#9915,#9916);
#9914 = CARTESIAN_POINT('',(-0.32,-4.84,-2.92));
#9915 = DIRECTION('',(-1.735167508357E-18,-0.707106781187,0.707106781187
    ));
#9916 = DIRECTION('',(-1.,1.226948711654E-18,-1.226948711654E-18));
#9917 = ADVANCED_FACE('',(#9918),#9936,.T.);
#9918 = FACE_BOUND('',#9919,.T.);
#9919 = EDGE_LOOP('',(#9920,#9928,#9929,#9930));
#9920 = ORIENTED_EDGE('',*,*,#9921,.F.);
#9921 = EDGE_CURVE('',#9154,#9922,#9924,.T.);
#9922 = VERTEX_POINT('',#9923);
#9923 = CARTESIAN_POINT('',(-0.16,-5.24,-3.));
#9924 = LINE('',#9925,#9926);
#9925 = CARTESIAN_POINT('',(-0.266666666667,-5.346666666667,
    -2.893333333333));
#9926 = VECTOR('',#9927,1.);
#9927 = DIRECTION('',(0.57735026919,0.57735026919,-0.57735026919));
#9928 = ORIENTED_EDGE('',*,*,#9161,.T.);
#9929 = ORIENTED_EDGE('',*,*,#9890,.T.);
#9930 = ORIENTED_EDGE('',*,*,#9931,.F.);
#9931 = EDGE_CURVE('',#9922,#9891,#9932,.T.);
#9932 = LINE('',#9933,#9934);
#9933 = CARTESIAN_POINT('',(-0.16,-5.4,-3.));
#9934 = VECTOR('',#9935,1.);
#9935 = DIRECTION('',(0.,1.,0.));
#9936 = PLANE('',#9937);
#9937 = AXIS2_PLACEMENT_3D('',#9938,#9939,#9940);
#9938 = CARTESIAN_POINT('',(-0.24,-5.4,-2.92));
#9939 = DIRECTION('',(-0.707106781187,-1.735167508357E-18,
    -0.707106781187));
#9940 = DIRECTION('',(-1.226948711654E-18,1.,-1.226948711654E-18));
#9941 = ADVANCED_FACE('',(#9942),#9960,.T.);
#9942 = FACE_BOUND('',#9943,.F.);
#9943 = EDGE_LOOP('',(#9944,#9945,#9946,#9954));
#9944 = ORIENTED_EDGE('',*,*,#9921,.F.);
#9945 = ORIENTED_EDGE('',*,*,#9185,.T.);
#9946 = ORIENTED_EDGE('',*,*,#9947,.T.);
#9947 = EDGE_CURVE('',#9178,#9948,#9950,.T.);
#9948 = VERTEX_POINT('',#9949);
#9949 = CARTESIAN_POINT('',(0.16,-5.24,-3.));
#9950 = LINE('',#9951,#9952);
#9951 = CARTESIAN_POINT('',(0.16,-5.24,-3.));
#9952 = VECTOR('',#9953,1.);
#9953 = DIRECTION('',(-0.57735026919,0.57735026919,-0.57735026919));
#9954 = ORIENTED_EDGE('',*,*,#9955,.F.);
#9955 = EDGE_CURVE('',#9922,#9948,#9956,.T.);
#9956 = LINE('',#9957,#9958);
#9957 = CARTESIAN_POINT('',(-0.32,-5.24,-3.));
#9958 = VECTOR('',#9959,1.);
#9959 = DIRECTION('',(1.,0.,0.));
#9960 = PLANE('',#9961);
#9961 = AXIS2_PLACEMENT_3D('',#9962,#9963,#9964);
#9962 = CARTESIAN_POINT('',(-0.32,-5.32,-2.92));
#9963 = DIRECTION('',(1.735167508357E-18,-0.707106781187,-0.707106781187
    ));
#9964 = DIRECTION('',(-1.,-1.226948711654E-18,-1.226948711654E-18));
#9965 = ADVANCED_FACE('',(#9966),#9977,.F.);
#9966 = FACE_BOUND('',#9967,.F.);
#9967 = EDGE_LOOP('',(#9968,#9969,#9970,#9971));
#9968 = ORIENTED_EDGE('',*,*,#9947,.F.);
#9969 = ORIENTED_EDGE('',*,*,#9202,.T.);
#9970 = ORIENTED_EDGE('',*,*,#9899,.T.);
#9971 = ORIENTED_EDGE('',*,*,#9972,.F.);
#9972 = EDGE_CURVE('',#9948,#9900,#9973,.T.);
#9973 = LINE('',#9974,#9975);
#9974 = CARTESIAN_POINT('',(0.16,-5.4,-3.));
#9975 = VECTOR('',#9976,1.);
#9976 = DIRECTION('',(0.,1.,0.));
#9977 = PLANE('',#9978);
#9978 = AXIS2_PLACEMENT_3D('',#9979,#9980,#9981);
#9979 = CARTESIAN_POINT('',(0.24,-5.4,-2.92));
#9980 = DIRECTION('',(-0.707106781187,1.735167508357E-18,0.707106781187)
  );
#9981 = DIRECTION('',(1.226948711654E-18,1.,-1.226948711654E-18));
#9982 = ADVANCED_FACE('',(#9983),#10008,.F.);
#9983 = FACE_BOUND('',#9984,.F.);
#9984 = EDGE_LOOP('',(#9985,#9993,#9994,#10002));
#9985 = ORIENTED_EDGE('',*,*,#9986,.F.);
#9986 = EDGE_CURVE('',#9219,#9987,#9989,.T.);
#9987 = VERTEX_POINT('',#9988);
#9988 = CARTESIAN_POINT('',(0.16,-7.78,-3.));
#9989 = LINE('',#9990,#9991);
#9990 = CARTESIAN_POINT('',(0.16,-7.78,-3.));
#9991 = VECTOR('',#9992,1.);
#9992 = DIRECTION('',(-0.57735026919,0.57735026919,-0.57735026919));
#9993 = ORIENTED_EDGE('',*,*,#9226,.T.);
#9994 = ORIENTED_EDGE('',*,*,#9995,.T.);
#9995 = EDGE_CURVE('',#9227,#9996,#9998,.T.);
#9996 = VERTEX_POINT('',#9997);
#9997 = CARTESIAN_POINT('',(0.16,-7.46,-3.));
#9998 = LINE('',#9999,#10000);
#9999 = CARTESIAN_POINT('',(5.333333333333E-02,-7.566666666667,
    -3.106666666667));
#10000 = VECTOR('',#10001,1.);
#10001 = DIRECTION('',(-0.57735026919,-0.57735026919,-0.57735026919));
#10002 = ORIENTED_EDGE('',*,*,#10003,.F.);
#10003 = EDGE_CURVE('',#9987,#9996,#10004,.T.);
#10004 = LINE('',#10005,#10006);
#10005 = CARTESIAN_POINT('',(0.16,-7.94,-3.));
#10006 = VECTOR('',#10007,1.);
#10007 = DIRECTION('',(0.,1.,0.));
#10008 = PLANE('',#10009);
#10009 = AXIS2_PLACEMENT_3D('',#10010,#10011,#10012);
#10010 = CARTESIAN_POINT('',(0.24,-7.94,-2.92));
#10011 = DIRECTION('',(-0.707106781187,1.735167508357E-18,0.707106781187
    ));
#10012 = DIRECTION('',(1.226948711654E-18,1.,-1.226948711654E-18));
#10013 = ADVANCED_FACE('',(#10014),#10032,.F.);
#10014 = FACE_BOUND('',#10015,.T.);
#10015 = EDGE_LOOP('',(#10016,#10024,#10025,#10026));
#10016 = ORIENTED_EDGE('',*,*,#10017,.F.);
#10017 = EDGE_CURVE('',#9251,#10018,#10020,.T.);
#10018 = VERTEX_POINT('',#10019);
#10019 = CARTESIAN_POINT('',(-0.16,-7.46,-3.));
#10020 = LINE('',#10021,#10022);
#10021 = CARTESIAN_POINT('',(-0.16,-7.46,-3.));
#10022 = VECTOR('',#10023,1.);
#10023 = DIRECTION('',(0.57735026919,-0.57735026919,-0.57735026919));
#10024 = ORIENTED_EDGE('',*,*,#9250,.T.);
#10025 = ORIENTED_EDGE('',*,*,#9995,.T.);
#10026 = ORIENTED_EDGE('',*,*,#10027,.F.);
#10027 = EDGE_CURVE('',#10018,#9996,#10028,.T.);
#10028 = LINE('',#10029,#10030);
#10029 = CARTESIAN_POINT('',(-0.32,-7.46,-3.));
#10030 = VECTOR('',#10031,1.);
#10031 = DIRECTION('',(1.,0.,0.));
#10032 = PLANE('',#10033);
#10033 = AXIS2_PLACEMENT_3D('',#10034,#10035,#10036);
#10034 = CARTESIAN_POINT('',(-0.32,-7.38,-2.92));
#10035 = DIRECTION('',(-1.735167508357E-18,-0.707106781187,
    0.707106781187));
#10036 = DIRECTION('',(-1.,1.226948711654E-18,-1.226948711654E-18));
#10037 = ADVANCED_FACE('',(#10038),#10056,.T.);
#10038 = FACE_BOUND('',#10039,.T.);
#10039 = EDGE_LOOP('',(#10040,#10048,#10049,#10050));
#10040 = ORIENTED_EDGE('',*,*,#10041,.F.);
#10041 = EDGE_CURVE('',#9274,#10042,#10044,.T.);
#10042 = VERTEX_POINT('',#10043);
#10043 = CARTESIAN_POINT('',(-0.16,-7.78,-3.));
#10044 = LINE('',#10045,#10046);
#10045 = CARTESIAN_POINT('',(-0.266666666667,-7.886666666667,
    -2.893333333333));
#10046 = VECTOR('',#10047,1.);
#10047 = DIRECTION('',(0.57735026919,0.57735026919,-0.57735026919));
#10048 = ORIENTED_EDGE('',*,*,#9281,.T.);
#10049 = ORIENTED_EDGE('',*,*,#10017,.T.);
#10050 = ORIENTED_EDGE('',*,*,#10051,.F.);
#10051 = EDGE_CURVE('',#10042,#10018,#10052,.T.);
#10052 = LINE('',#10053,#10054);
#10053 = CARTESIAN_POINT('',(-0.16,-7.94,-3.));
#10054 = VECTOR('',#10055,1.);
#10055 = DIRECTION('',(0.,1.,0.));
#10056 = PLANE('',#10057);
#10057 = AXIS2_PLACEMENT_3D('',#10058,#10059,#10060);
#10058 = CARTESIAN_POINT('',(-0.24,-7.94,-2.92));
#10059 = DIRECTION('',(-0.707106781187,-1.735167508357E-18,
    -0.707106781187));
#10060 = DIRECTION('',(-1.226948711654E-18,1.,-1.226948711654E-18));
#10061 = ADVANCED_FACE('',(#10062),#10073,.T.);
#10062 = FACE_BOUND('',#10063,.F.);
#10063 = EDGE_LOOP('',(#10064,#10065,#10066,#10067));
#10064 = ORIENTED_EDGE('',*,*,#10041,.F.);
#10065 = ORIENTED_EDGE('',*,*,#9298,.T.);
#10066 = ORIENTED_EDGE('',*,*,#9986,.T.);
#10067 = ORIENTED_EDGE('',*,*,#10068,.F.);
#10068 = EDGE_CURVE('',#10042,#9987,#10069,.T.);
#10069 = LINE('',#10070,#10071);
#10070 = CARTESIAN_POINT('',(-0.32,-7.78,-3.));
#10071 = VECTOR('',#10072,1.);
#10072 = DIRECTION('',(1.,0.,0.));
#10073 = PLANE('',#10074);
#10074 = AXIS2_PLACEMENT_3D('',#10075,#10076,#10077);
#10075 = CARTESIAN_POINT('',(-0.32,-7.86,-2.92));
#10076 = DIRECTION('',(1.735167508357E-18,-0.707106781187,
    -0.707106781187));
#10077 = DIRECTION('',(-1.,-1.226948711654E-18,-1.226948711654E-18));
#10078 = ADVANCED_FACE('',(#10079),#10104,.F.);
#10079 = FACE_BOUND('',#10080,.F.);
#10080 = EDGE_LOOP('',(#10081,#10089,#10090,#10098));
#10081 = ORIENTED_EDGE('',*,*,#10082,.F.);
#10082 = EDGE_CURVE('',#9315,#10083,#10085,.T.);
#10083 = VERTEX_POINT('',#10084);
#10084 = CARTESIAN_POINT('',(0.16,-0.16,-3.));
#10085 = LINE('',#10086,#10087);
#10086 = CARTESIAN_POINT('',(0.16,-0.16,-3.));
#10087 = VECTOR('',#10088,1.);
#10088 = DIRECTION('',(-0.57735026919,0.57735026919,-0.57735026919));
#10089 = ORIENTED_EDGE('',*,*,#9322,.T.);
#10090 = ORIENTED_EDGE('',*,*,#10091,.T.);
#10091 = EDGE_CURVE('',#9323,#10092,#10094,.T.);
#10092 = VERTEX_POINT('',#10093);
#10093 = CARTESIAN_POINT('',(0.16,0.16,-3.));
#10094 = LINE('',#10095,#10096);
#10095 = CARTESIAN_POINT('',(5.333333333333E-02,5.333333333333E-02,
    -3.106666666667));
#10096 = VECTOR('',#10097,1.);
#10097 = DIRECTION('',(-0.57735026919,-0.57735026919,-0.57735026919));
#10098 = ORIENTED_EDGE('',*,*,#10099,.F.);
#10099 = EDGE_CURVE('',#10083,#10092,#10100,.T.);
#10100 = LINE('',#10101,#10102);
#10101 = CARTESIAN_POINT('',(0.16,-0.32,-3.));
#10102 = VECTOR('',#10103,1.);
#10103 = DIRECTION('',(0.,1.,0.));
#10104 = PLANE('',#10105);
#10105 = AXIS2_PLACEMENT_3D('',#10106,#10107,#10108);
#10106 = CARTESIAN_POINT('',(0.24,-0.32,-2.92));
#10107 = DIRECTION('',(-0.707106781187,1.735167508357E-18,0.707106781187
    ));
#10108 = DIRECTION('',(1.226948711654E-18,1.,-1.226948711654E-18));
#10109 = ADVANCED_FACE('',(#10110),#10128,.F.);
#10110 = FACE_BOUND('',#10111,.T.);
#10111 = EDGE_LOOP('',(#10112,#10120,#10121,#10122));
#10112 = ORIENTED_EDGE('',*,*,#10113,.F.);
#10113 = EDGE_CURVE('',#9347,#10114,#10116,.T.);
#10114 = VERTEX_POINT('',#10115);
#10115 = CARTESIAN_POINT('',(-0.16,0.16,-3.));
#10116 = LINE('',#10117,#10118);
#10117 = CARTESIAN_POINT('',(-0.16,0.16,-3.));
#10118 = VECTOR('',#10119,1.);
#10119 = DIRECTION('',(0.57735026919,-0.57735026919,-0.57735026919));
#10120 = ORIENTED_EDGE('',*,*,#9346,.T.);
#10121 = ORIENTED_EDGE('',*,*,#10091,.T.);
#10122 = ORIENTED_EDGE('',*,*,#10123,.F.);
#10123 = EDGE_CURVE('',#10114,#10092,#10124,.T.);
#10124 = LINE('',#10125,#10126);
#10125 = CARTESIAN_POINT('',(-0.32,0.16,-3.));
#10126 = VECTOR('',#10127,1.);
#10127 = DIRECTION('',(1.,0.,0.));
#10128 = PLANE('',#10129);
#10129 = AXIS2_PLACEMENT_3D('',#10130,#10131,#10132);
#10130 = CARTESIAN_POINT('',(-0.32,0.24,-2.92));
#10131 = DIRECTION('',(-1.735167508357E-18,-0.707106781187,
    0.707106781187));
#10132 = DIRECTION('',(-1.,1.226948711654E-18,-1.226948711654E-18));
#10133 = ADVANCED_FACE('',(#10134),#10152,.T.);
#10134 = FACE_BOUND('',#10135,.T.);
#10135 = EDGE_LOOP('',(#10136,#10144,#10145,#10146));
#10136 = ORIENTED_EDGE('',*,*,#10137,.F.);
#10137 = EDGE_CURVE('',#9370,#10138,#10140,.T.);
#10138 = VERTEX_POINT('',#10139);
#10139 = CARTESIAN_POINT('',(-0.16,-0.16,-3.));
#10140 = LINE('',#10141,#10142);
#10141 = CARTESIAN_POINT('',(-0.266666666667,-0.266666666667,
    -2.893333333333));
#10142 = VECTOR('',#10143,1.);
#10143 = DIRECTION('',(0.57735026919,0.57735026919,-0.57735026919));
#10144 = ORIENTED_EDGE('',*,*,#9377,.T.);
#10145 = ORIENTED_EDGE('',*,*,#10113,.T.);
#10146 = ORIENTED_EDGE('',*,*,#10147,.F.);
#10147 = EDGE_CURVE('',#10138,#10114,#10148,.T.);
#10148 = LINE('',#10149,#10150);
#10149 = CARTESIAN_POINT('',(-0.16,-0.32,-3.));
#10150 = VECTOR('',#10151,1.);
#10151 = DIRECTION('',(0.,1.,0.));
#10152 = PLANE('',#10153);
#10153 = AXIS2_PLACEMENT_3D('',#10154,#10155,#10156);
#10154 = CARTESIAN_POINT('',(-0.24,-0.32,-2.92));
#10155 = DIRECTION('',(-0.707106781187,-1.735167508357E-18,
    -0.707106781187));
#10156 = DIRECTION('',(-1.226948711654E-18,1.,-1.226948711654E-18));
#10157 = ADVANCED_FACE('',(#10158),#10169,.T.);
#10158 = FACE_BOUND('',#10159,.F.);
#10159 = EDGE_LOOP('',(#10160,#10161,#10162,#10163));
#10160 = ORIENTED_EDGE('',*,*,#10137,.F.);
#10161 = ORIENTED_EDGE('',*,*,#9394,.T.);
#10162 = ORIENTED_EDGE('',*,*,#10082,.T.);
#10163 = ORIENTED_EDGE('',*,*,#10164,.F.);
#10164 = EDGE_CURVE('',#10138,#10083,#10165,.T.);
#10165 = LINE('',#10166,#10167);
#10166 = CARTESIAN_POINT('',(-0.32,-0.16,-3.));
#10167 = VECTOR('',#10168,1.);
#10168 = DIRECTION('',(1.,0.,0.));
#10169 = PLANE('',#10170);
#10170 = AXIS2_PLACEMENT_3D('',#10171,#10172,#10173);
#10171 = CARTESIAN_POINT('',(-0.32,-0.24,-2.92));
#10172 = DIRECTION('',(1.735167508357E-18,-0.707106781187,
    -0.707106781187));
#10173 = DIRECTION('',(-1.,-1.226948711654E-18,-1.226948711654E-18));
#10174 = ADVANCED_FACE('',(#10175),#10200,.F.);
#10175 = FACE_BOUND('',#10176,.T.);
#10176 = EDGE_LOOP('',(#10177,#10185,#10186,#10194));
#10177 = ORIENTED_EDGE('',*,*,#10178,.F.);
#10178 = EDGE_CURVE('',#9419,#10179,#10181,.T.);
#10179 = VERTEX_POINT('',#10180);
#10180 = CARTESIAN_POINT('',(-0.16,-2.38,-3.));
#10181 = LINE('',#10182,#10183);
#10182 = CARTESIAN_POINT('',(-0.16,-2.38,-3.));
#10183 = VECTOR('',#10184,1.);
#10184 = DIRECTION('',(0.57735026919,-0.57735026919,-0.57735026919));
#10185 = ORIENTED_EDGE('',*,*,#9418,.T.);
#10186 = ORIENTED_EDGE('',*,*,#10187,.T.);
#10187 = EDGE_CURVE('',#9411,#10188,#10190,.T.);
#10188 = VERTEX_POINT('',#10189);
#10189 = CARTESIAN_POINT('',(0.16,-2.38,-3.));
#10190 = LINE('',#10191,#10192);
#10191 = CARTESIAN_POINT('',(5.333333333333E-02,-2.486666666667,
    -3.106666666667));
#10192 = VECTOR('',#10193,1.);
#10193 = DIRECTION('',(-0.57735026919,-0.57735026919,-0.57735026919));
#10194 = ORIENTED_EDGE('',*,*,#10195,.F.);
#10195 = EDGE_CURVE('',#10179,#10188,#10196,.T.);
#10196 = LINE('',#10197,#10198);
#10197 = CARTESIAN_POINT('',(-0.32,-2.38,-3.));
#10198 = VECTOR('',#10199,1.);
#10199 = DIRECTION('',(1.,0.,0.));
#10200 = PLANE('',#10201);
#10201 = AXIS2_PLACEMENT_3D('',#10202,#10203,#10204);
#10202 = CARTESIAN_POINT('',(-0.32,-2.3,-2.92));
#10203 = DIRECTION('',(-1.735167508357E-18,-0.707106781187,
    0.707106781187));
#10204 = DIRECTION('',(-1.,1.226948711654E-18,-1.226948711654E-18));
#10205 = ADVANCED_FACE('',(#10206),#10224,.T.);
#10206 = FACE_BOUND('',#10207,.T.);
#10207 = EDGE_LOOP('',(#10208,#10216,#10217,#10218));
#10208 = ORIENTED_EDGE('',*,*,#10209,.F.);
#10209 = EDGE_CURVE('',#9442,#10210,#10212,.T.);
#10210 = VERTEX_POINT('',#10211);
#10211 = CARTESIAN_POINT('',(-0.16,-2.7,-3.));
#10212 = LINE('',#10213,#10214);
#10213 = CARTESIAN_POINT('',(-0.266666666667,-2.806666666667,
    -2.893333333333));
#10214 = VECTOR('',#10215,1.);
#10215 = DIRECTION('',(0.57735026919,0.57735026919,-0.57735026919));
#10216 = ORIENTED_EDGE('',*,*,#9449,.T.);
#10217 = ORIENTED_EDGE('',*,*,#10178,.T.);
#10218 = ORIENTED_EDGE('',*,*,#10219,.F.);
#10219 = EDGE_CURVE('',#10210,#10179,#10220,.T.);
#10220 = LINE('',#10221,#10222);
#10221 = CARTESIAN_POINT('',(-0.16,-2.86,-3.));
#10222 = VECTOR('',#10223,1.);
#10223 = DIRECTION('',(0.,1.,0.));
#10224 = PLANE('',#10225);
#10225 = AXIS2_PLACEMENT_3D('',#10226,#10227,#10228);
#10226 = CARTESIAN_POINT('',(-0.24,-2.86,-2.92));
#10227 = DIRECTION('',(-0.707106781187,-1.735167508357E-18,
    -0.707106781187));
#10228 = DIRECTION('',(-1.226948711654E-18,1.,-1.226948711654E-18));
#10229 = ADVANCED_FACE('',(#10230),#10248,.T.);
#10230 = FACE_BOUND('',#10231,.F.);
#10231 = EDGE_LOOP('',(#10232,#10233,#10234,#10242));
#10232 = ORIENTED_EDGE('',*,*,#10209,.F.);
#10233 = ORIENTED_EDGE('',*,*,#9473,.T.);
#10234 = ORIENTED_EDGE('',*,*,#10235,.T.);
#10235 = EDGE_CURVE('',#9466,#10236,#10238,.T.);
#10236 = VERTEX_POINT('',#10237);
#10237 = CARTESIAN_POINT('',(0.16,-2.7,-3.));
#10238 = LINE('',#10239,#10240);
#10239 = CARTESIAN_POINT('',(0.16,-2.7,-3.));
#10240 = VECTOR('',#10241,1.);
#10241 = DIRECTION('',(-0.57735026919,0.57735026919,-0.57735026919));
#10242 = ORIENTED_EDGE('',*,*,#10243,.F.);
#10243 = EDGE_CURVE('',#10210,#10236,#10244,.T.);
#10244 = LINE('',#10245,#10246);
#10245 = CARTESIAN_POINT('',(-0.32,-2.7,-3.));
#10246 = VECTOR('',#10247,1.);
#10247 = DIRECTION('',(1.,0.,0.));
#10248 = PLANE('',#10249);
#10249 = AXIS2_PLACEMENT_3D('',#10250,#10251,#10252);
#10250 = CARTESIAN_POINT('',(-0.32,-2.78,-2.92));
#10251 = DIRECTION('',(1.735167508357E-18,-0.707106781187,
    -0.707106781187));
#10252 = DIRECTION('',(-1.,-1.226948711654E-18,-1.226948711654E-18));
#10253 = ADVANCED_FACE('',(#10254),#10265,.F.);
#10254 = FACE_BOUND('',#10255,.F.);
#10255 = EDGE_LOOP('',(#10256,#10257,#10258,#10259));
#10256 = ORIENTED_EDGE('',*,*,#10235,.F.);
#10257 = ORIENTED_EDGE('',*,*,#9490,.T.);
#10258 = ORIENTED_EDGE('',*,*,#10187,.T.);
#10259 = ORIENTED_EDGE('',*,*,#10260,.F.);
#10260 = EDGE_CURVE('',#10236,#10188,#10261,.T.);
#10261 = LINE('',#10262,#10263);
#10262 = CARTESIAN_POINT('',(0.16,-2.86,-3.));
#10263 = VECTOR('',#10264,1.);
#10264 = DIRECTION('',(0.,1.,0.));
#10265 = PLANE('',#10266);
#10266 = AXIS2_PLACEMENT_3D('',#10267,#10268,#10269);
#10267 = CARTESIAN_POINT('',(0.24,-2.86,-2.92));
#10268 = DIRECTION('',(-0.707106781187,1.735167508357E-18,0.707106781187
    ));
#10269 = DIRECTION('',(1.226948711654E-18,1.,-1.226948711654E-18));
#10270 = ADVANCED_FACE('',(#10271),#10296,.T.);
#10271 = FACE_BOUND('',#10272,.F.);
#10272 = EDGE_LOOP('',(#10273,#10281,#10282,#10290));
#10273 = ORIENTED_EDGE('',*,*,#10274,.F.);
#10274 = EDGE_CURVE('',#9516,#10275,#10277,.T.);
#10275 = VERTEX_POINT('',#10276);
#10276 = CARTESIAN_POINT('',(-0.16,-4.92,8.54));
#10277 = LINE('',#10278,#10279);
#10278 = CARTESIAN_POINT('',(-0.16,-4.92,8.54));
#10279 = VECTOR('',#10280,1.);
#10280 = DIRECTION('',(0.57735026919,-0.57735026919,0.57735026919));
#10281 = ORIENTED_EDGE('',*,*,#9523,.T.);
#10282 = ORIENTED_EDGE('',*,*,#10283,.T.);
#10283 = EDGE_CURVE('',#9507,#10284,#10286,.T.);
#10284 = VERTEX_POINT('',#10285);
#10285 = CARTESIAN_POINT('',(0.16,-4.92,8.54));
#10286 = LINE('',#10287,#10288);
#10287 = CARTESIAN_POINT('',(5.333333333333E-02,-5.026666666667,
    8.646666666667));
#10288 = VECTOR('',#10289,1.);
#10289 = DIRECTION('',(-0.57735026919,-0.57735026919,0.57735026919));
#10290 = ORIENTED_EDGE('',*,*,#10291,.F.);
#10291 = EDGE_CURVE('',#10275,#10284,#10292,.T.);
#10292 = LINE('',#10293,#10294);
#10293 = CARTESIAN_POINT('',(-0.32,-4.92,8.54));
#10294 = VECTOR('',#10295,1.);
#10295 = DIRECTION('',(1.,0.,0.));
#10296 = PLANE('',#10297);
#10297 = AXIS2_PLACEMENT_3D('',#10298,#10299,#10300);
#10298 = CARTESIAN_POINT('',(-0.32,-4.84,8.46));
#10299 = DIRECTION('',(1.735167508357E-18,0.707106781187,0.707106781187)
  );
#10300 = DIRECTION('',(-1.,1.226948711654E-18,1.226948711654E-18));
#10301 = ADVANCED_FACE('',(#10302),#10320,.F.);
#10302 = FACE_BOUND('',#10303,.F.);
#10303 = EDGE_LOOP('',(#10304,#10312,#10313,#10314));
#10304 = ORIENTED_EDGE('',*,*,#10305,.F.);
#10305 = EDGE_CURVE('',#9538,#10306,#10308,.T.);
#10306 = VERTEX_POINT('',#10307);
#10307 = CARTESIAN_POINT('',(-0.16,-5.24,8.54));
#10308 = LINE('',#10309,#10310);
#10309 = CARTESIAN_POINT('',(-0.266666666667,-5.346666666667,
    8.433333333333));
#10310 = VECTOR('',#10311,1.);
#10311 = DIRECTION('',(0.57735026919,0.57735026919,0.57735026919));
#10312 = ORIENTED_EDGE('',*,*,#9547,.T.);
#10313 = ORIENTED_EDGE('',*,*,#10274,.T.);
#10314 = ORIENTED_EDGE('',*,*,#10315,.F.);
#10315 = EDGE_CURVE('',#10306,#10275,#10316,.T.);
#10316 = LINE('',#10317,#10318);
#10317 = CARTESIAN_POINT('',(-0.16,-5.4,8.54));
#10318 = VECTOR('',#10319,1.);
#10319 = DIRECTION('',(0.,1.,0.));
#10320 = PLANE('',#10321);
#10321 = AXIS2_PLACEMENT_3D('',#10322,#10323,#10324);
#10322 = CARTESIAN_POINT('',(-0.24,-5.4,8.46));
#10323 = DIRECTION('',(0.707106781187,1.735167508357E-18,-0.707106781187
    ));
#10324 = DIRECTION('',(-1.226948711654E-18,1.,1.226948711654E-18));
#10325 = ADVANCED_FACE('',(#10326),#10344,.F.);
#10326 = FACE_BOUND('',#10327,.T.);
#10327 = EDGE_LOOP('',(#10328,#10329,#10330,#10338));
#10328 = ORIENTED_EDGE('',*,*,#10305,.F.);
#10329 = ORIENTED_EDGE('',*,*,#9571,.T.);
#10330 = ORIENTED_EDGE('',*,*,#10331,.T.);
#10331 = EDGE_CURVE('',#9562,#10332,#10334,.T.);
#10332 = VERTEX_POINT('',#10333);
#10333 = CARTESIAN_POINT('',(0.16,-5.24,8.54));
#10334 = LINE('',#10335,#10336);
#10335 = CARTESIAN_POINT('',(0.16,-5.24,8.54));
#10336 = VECTOR('',#10337,1.);
#10337 = DIRECTION('',(-0.57735026919,0.57735026919,0.57735026919));
#10338 = ORIENTED_EDGE('',*,*,#10339,.F.);
#10339 = EDGE_CURVE('',#10306,#10332,#10340,.T.);
#10340 = LINE('',#10341,#10342);
#10341 = CARTESIAN_POINT('',(-0.32,-5.24,8.54));
#10342 = VECTOR('',#10343,1.);
#10343 = DIRECTION('',(1.,0.,0.));
#10344 = PLANE('',#10345);
#10345 = AXIS2_PLACEMENT_3D('',#10346,#10347,#10348);
#10346 = CARTESIAN_POINT('',(-0.32,-5.32,8.46));
#10347 = DIRECTION('',(-1.735167508357E-18,0.707106781187,
    -0.707106781187));
#10348 = DIRECTION('',(-1.,-1.226948711654E-18,1.226948711654E-18));
#10349 = ADVANCED_FACE('',(#10350),#10361,.T.);
#10350 = FACE_BOUND('',#10351,.T.);
#10351 = EDGE_LOOP('',(#10352,#10353,#10354,#10355));
#10352 = ORIENTED_EDGE('',*,*,#10331,.F.);
#10353 = ORIENTED_EDGE('',*,*,#9588,.T.);
#10354 = ORIENTED_EDGE('',*,*,#10283,.T.);
#10355 = ORIENTED_EDGE('',*,*,#10356,.F.);
#10356 = EDGE_CURVE('',#10332,#10284,#10357,.T.);
#10357 = LINE('',#10358,#10359);
#10358 = CARTESIAN_POINT('',(0.16,-5.4,8.54));
#10359 = VECTOR('',#10360,1.);
#10360 = DIRECTION('',(0.,1.,0.));
#10361 = PLANE('',#10362);
#10362 = AXIS2_PLACEMENT_3D('',#10363,#10364,#10365);
#10363 = CARTESIAN_POINT('',(0.24,-5.4,8.46));
#10364 = DIRECTION('',(0.707106781187,-1.735167508357E-18,0.707106781187
    ));
#10365 = DIRECTION('',(1.226948711654E-18,1.,1.226948711654E-18));
#10366 = ADVANCED_FACE('',(#10367),#10392,.T.);
#10367 = FACE_BOUND('',#10368,.T.);
#10368 = EDGE_LOOP('',(#10369,#10377,#10378,#10386));
#10369 = ORIENTED_EDGE('',*,*,#10370,.F.);
#10370 = EDGE_CURVE('',#9603,#10371,#10373,.T.);
#10371 = VERTEX_POINT('',#10372);
#10372 = CARTESIAN_POINT('',(0.16,-7.78,8.54));
#10373 = LINE('',#10374,#10375);
#10374 = CARTESIAN_POINT('',(0.16,-7.78,8.54));
#10375 = VECTOR('',#10376,1.);
#10376 = DIRECTION('',(-0.57735026919,0.57735026919,0.57735026919));
#10377 = ORIENTED_EDGE('',*,*,#9619,.T.);
#10378 = ORIENTED_EDGE('',*,*,#10379,.T.);
#10379 = EDGE_CURVE('',#9612,#10380,#10382,.T.);
#10380 = VERTEX_POINT('',#10381);
#10381 = CARTESIAN_POINT('',(0.16,-7.46,8.54));
#10382 = LINE('',#10383,#10384);
#10383 = CARTESIAN_POINT('',(5.333333333333E-02,-7.566666666667,
    8.646666666667));
#10384 = VECTOR('',#10385,1.);
#10385 = DIRECTION('',(-0.57735026919,-0.57735026919,0.57735026919));
#10386 = ORIENTED_EDGE('',*,*,#10387,.F.);
#10387 = EDGE_CURVE('',#10371,#10380,#10388,.T.);
#10388 = LINE('',#10389,#10390);
#10389 = CARTESIAN_POINT('',(0.16,-7.94,8.54));
#10390 = VECTOR('',#10391,1.);
#10391 = DIRECTION('',(0.,1.,0.));
#10392 = PLANE('',#10393);
#10393 = AXIS2_PLACEMENT_3D('',#10394,#10395,#10396);
#10394 = CARTESIAN_POINT('',(0.24,-7.94,8.46));
#10395 = DIRECTION('',(0.707106781187,-1.735167508357E-18,0.707106781187
    ));
#10396 = DIRECTION('',(1.226948711654E-18,1.,1.226948711654E-18));
#10397 = ADVANCED_FACE('',(#10398),#10416,.T.);
#10398 = FACE_BOUND('',#10399,.F.);
#10399 = EDGE_LOOP('',(#10400,#10408,#10409,#10410));
#10400 = ORIENTED_EDGE('',*,*,#10401,.F.);
#10401 = EDGE_CURVE('',#9636,#10402,#10404,.T.);
#10402 = VERTEX_POINT('',#10403);
#10403 = CARTESIAN_POINT('',(-0.16,-7.46,8.54));
#10404 = LINE('',#10405,#10406);
#10405 = CARTESIAN_POINT('',(-0.16,-7.46,8.54));
#10406 = VECTOR('',#10407,1.);
#10407 = DIRECTION('',(0.57735026919,-0.57735026919,0.57735026919));
#10408 = ORIENTED_EDGE('',*,*,#9643,.T.);
#10409 = ORIENTED_EDGE('',*,*,#10379,.T.);
#10410 = ORIENTED_EDGE('',*,*,#10411,.F.);
#10411 = EDGE_CURVE('',#10402,#10380,#10412,.T.);
#10412 = LINE('',#10413,#10414);
#10413 = CARTESIAN_POINT('',(-0.32,-7.46,8.54));
#10414 = VECTOR('',#10415,1.);
#10415 = DIRECTION('',(1.,0.,0.));
#10416 = PLANE('',#10417);
#10417 = AXIS2_PLACEMENT_3D('',#10418,#10419,#10420);
#10418 = CARTESIAN_POINT('',(-0.32,-7.38,8.46));
#10419 = DIRECTION('',(1.735167508357E-18,0.707106781187,0.707106781187)
  );
#10420 = DIRECTION('',(-1.,1.226948711654E-18,1.226948711654E-18));
#10421 = ADVANCED_FACE('',(#10422),#10440,.F.);
#10422 = FACE_BOUND('',#10423,.F.);
#10423 = EDGE_LOOP('',(#10424,#10432,#10433,#10434));
#10424 = ORIENTED_EDGE('',*,*,#10425,.F.);
#10425 = EDGE_CURVE('',#9658,#10426,#10428,.T.);
#10426 = VERTEX_POINT('',#10427);
#10427 = CARTESIAN_POINT('',(-0.16,-7.78,8.54));
#10428 = LINE('',#10429,#10430);
#10429 = CARTESIAN_POINT('',(-0.266666666667,-7.886666666667,
    8.433333333333));
#10430 = VECTOR('',#10431,1.);
#10431 = DIRECTION('',(0.57735026919,0.57735026919,0.57735026919));
#10432 = ORIENTED_EDGE('',*,*,#9667,.T.);
#10433 = ORIENTED_EDGE('',*,*,#10401,.T.);
#10434 = ORIENTED_EDGE('',*,*,#10435,.F.);
#10435 = EDGE_CURVE('',#10426,#10402,#10436,.T.);
#10436 = LINE('',#10437,#10438);
#10437 = CARTESIAN_POINT('',(-0.16,-7.94,8.54));
#10438 = VECTOR('',#10439,1.);
#10439 = DIRECTION('',(0.,1.,0.));
#10440 = PLANE('',#10441);
#10441 = AXIS2_PLACEMENT_3D('',#10442,#10443,#10444);
#10442 = CARTESIAN_POINT('',(-0.24,-7.94,8.46));
#10443 = DIRECTION('',(0.707106781187,1.735167508357E-18,-0.707106781187
    ));
#10444 = DIRECTION('',(-1.226948711654E-18,1.,1.226948711654E-18));
#10445 = ADVANCED_FACE('',(#10446),#10457,.F.);
#10446 = FACE_BOUND('',#10447,.T.);
#10447 = EDGE_LOOP('',(#10448,#10449,#10450,#10451));
#10448 = ORIENTED_EDGE('',*,*,#10425,.F.);
#10449 = ORIENTED_EDGE('',*,*,#9684,.T.);
#10450 = ORIENTED_EDGE('',*,*,#10370,.T.);
#10451 = ORIENTED_EDGE('',*,*,#10452,.F.);
#10452 = EDGE_CURVE('',#10426,#10371,#10453,.T.);
#10453 = LINE('',#10454,#10455);
#10454 = CARTESIAN_POINT('',(-0.32,-7.78,8.54));
#10455 = VECTOR('',#10456,1.);
#10456 = DIRECTION('',(1.,0.,0.));
#10457 = PLANE('',#10458);
#10458 = AXIS2_PLACEMENT_3D('',#10459,#10460,#10461);
#10459 = CARTESIAN_POINT('',(-0.32,-7.86,8.46));
#10460 = DIRECTION('',(-1.735167508357E-18,0.707106781187,
    -0.707106781187));
#10461 = DIRECTION('',(-1.,-1.226948711654E-18,1.226948711654E-18));
#10462 = ADVANCED_FACE('',(#10463),#10488,.T.);
#10463 = FACE_BOUND('',#10464,.T.);
#10464 = EDGE_LOOP('',(#10465,#10473,#10474,#10482));
#10465 = ORIENTED_EDGE('',*,*,#10466,.F.);
#10466 = EDGE_CURVE('',#9699,#10467,#10469,.T.);
#10467 = VERTEX_POINT('',#10468);
#10468 = CARTESIAN_POINT('',(0.16,-0.16,8.54));
#10469 = LINE('',#10470,#10471);
#10470 = CARTESIAN_POINT('',(0.16,-0.16,8.54));
#10471 = VECTOR('',#10472,1.);
#10472 = DIRECTION('',(-0.57735026919,0.57735026919,0.57735026919));
#10473 = ORIENTED_EDGE('',*,*,#9715,.T.);
#10474 = ORIENTED_EDGE('',*,*,#10475,.T.);
#10475 = EDGE_CURVE('',#9708,#10476,#10478,.T.);
#10476 = VERTEX_POINT('',#10477);
#10477 = CARTESIAN_POINT('',(0.16,0.16,8.54));
#10478 = LINE('',#10479,#10480);
#10479 = CARTESIAN_POINT('',(5.333333333333E-02,5.333333333333E-02,
    8.646666666667));
#10480 = VECTOR('',#10481,1.);
#10481 = DIRECTION('',(-0.57735026919,-0.57735026919,0.57735026919));
#10482 = ORIENTED_EDGE('',*,*,#10483,.F.);
#10483 = EDGE_CURVE('',#10467,#10476,#10484,.T.);
#10484 = LINE('',#10485,#10486);
#10485 = CARTESIAN_POINT('',(0.16,-0.32,8.54));
#10486 = VECTOR('',#10487,1.);
#10487 = DIRECTION('',(0.,1.,0.));
#10488 = PLANE('',#10489);
#10489 = AXIS2_PLACEMENT_3D('',#10490,#10491,#10492);
#10490 = CARTESIAN_POINT('',(0.24,-0.32,8.46));
#10491 = DIRECTION('',(0.707106781187,-1.735167508357E-18,0.707106781187
    ));
#10492 = DIRECTION('',(1.226948711654E-18,1.,1.226948711654E-18));
#10493 = ADVANCED_FACE('',(#10494),#10512,.T.);
#10494 = FACE_BOUND('',#10495,.F.);
#10495 = EDGE_LOOP('',(#10496,#10504,#10505,#10506));
#10496 = ORIENTED_EDGE('',*,*,#10497,.F.);
#10497 = EDGE_CURVE('',#9732,#10498,#10500,.T.);
#10498 = VERTEX_POINT('',#10499);
#10499 = CARTESIAN_POINT('',(-0.16,0.16,8.54));
#10500 = LINE('',#10501,#10502);
#10501 = CARTESIAN_POINT('',(-0.16,0.16,8.54));
#10502 = VECTOR('',#10503,1.);
#10503 = DIRECTION('',(0.57735026919,-0.57735026919,0.57735026919));
#10504 = ORIENTED_EDGE('',*,*,#9739,.T.);
#10505 = ORIENTED_EDGE('',*,*,#10475,.T.);
#10506 = ORIENTED_EDGE('',*,*,#10507,.F.);
#10507 = EDGE_CURVE('',#10498,#10476,#10508,.T.);
#10508 = LINE('',#10509,#10510);
#10509 = CARTESIAN_POINT('',(-0.32,0.16,8.54));
#10510 = VECTOR('',#10511,1.);
#10511 = DIRECTION('',(1.,0.,0.));
#10512 = PLANE('',#10513);
#10513 = AXIS2_PLACEMENT_3D('',#10514,#10515,#10516);
#10514 = CARTESIAN_POINT('',(-0.32,0.24,8.46));
#10515 = DIRECTION('',(1.735167508357E-18,0.707106781187,0.707106781187)
  );
#10516 = DIRECTION('',(-1.,1.226948711654E-18,1.226948711654E-18));
#10517 = ADVANCED_FACE('',(#10518),#10536,.F.);
#10518 = FACE_BOUND('',#10519,.F.);
#10519 = EDGE_LOOP('',(#10520,#10528,#10529,#10530));
#10520 = ORIENTED_EDGE('',*,*,#10521,.F.);
#10521 = EDGE_CURVE('',#9754,#10522,#10524,.T.);
#10522 = VERTEX_POINT('',#10523);
#10523 = CARTESIAN_POINT('',(-0.16,-0.16,8.54));
#10524 = LINE('',#10525,#10526);
#10525 = CARTESIAN_POINT('',(-0.266666666667,-0.266666666667,
    8.433333333333));
#10526 = VECTOR('',#10527,1.);
#10527 = DIRECTION('',(0.57735026919,0.57735026919,0.57735026919));
#10528 = ORIENTED_EDGE('',*,*,#9763,.T.);
#10529 = ORIENTED_EDGE('',*,*,#10497,.T.);
#10530 = ORIENTED_EDGE('',*,*,#10531,.F.);
#10531 = EDGE_CURVE('',#10522,#10498,#10532,.T.);
#10532 = LINE('',#10533,#10534);
#10533 = CARTESIAN_POINT('',(-0.16,-0.32,8.54));
#10534 = VECTOR('',#10535,1.);
#10535 = DIRECTION('',(0.,1.,0.));
#10536 = PLANE('',#10537);
#10537 = AXIS2_PLACEMENT_3D('',#10538,#10539,#10540);
#10538 = CARTESIAN_POINT('',(-0.24,-0.32,8.46));
#10539 = DIRECTION('',(0.707106781187,1.735167508357E-18,-0.707106781187
    ));
#10540 = DIRECTION('',(-1.226948711654E-18,1.,1.226948711654E-18));
#10541 = ADVANCED_FACE('',(#10542),#10553,.F.);
#10542 = FACE_BOUND('',#10543,.T.);
#10543 = EDGE_LOOP('',(#10544,#10545,#10546,#10547));
#10544 = ORIENTED_EDGE('',*,*,#10521,.F.);
#10545 = ORIENTED_EDGE('',*,*,#9780,.T.);
#10546 = ORIENTED_EDGE('',*,*,#10466,.T.);
#10547 = ORIENTED_EDGE('',*,*,#10548,.F.);
#10548 = EDGE_CURVE('',#10522,#10467,#10549,.T.);
#10549 = LINE('',#10550,#10551);
#10550 = CARTESIAN_POINT('',(-0.32,-0.16,8.54));
#10551 = VECTOR('',#10552,1.);
#10552 = DIRECTION('',(1.,0.,0.));
#10553 = PLANE('',#10554);
#10554 = AXIS2_PLACEMENT_3D('',#10555,#10556,#10557);
#10555 = CARTESIAN_POINT('',(-0.32,-0.24,8.46));
#10556 = DIRECTION('',(-1.735167508357E-18,0.707106781187,
    -0.707106781187));
#10557 = DIRECTION('',(-1.,-1.226948711654E-18,1.226948711654E-18));
#10558 = ADVANCED_FACE('',(#10559),#10584,.T.);
#10559 = FACE_BOUND('',#10560,.F.);
#10560 = EDGE_LOOP('',(#10561,#10569,#10570,#10578));
#10561 = ORIENTED_EDGE('',*,*,#10562,.F.);
#10562 = EDGE_CURVE('',#9804,#10563,#10565,.T.);
#10563 = VERTEX_POINT('',#10564);
#10564 = CARTESIAN_POINT('',(-0.16,-2.38,8.54));
#10565 = LINE('',#10566,#10567);
#10566 = CARTESIAN_POINT('',(-0.16,-2.38,8.54));
#10567 = VECTOR('',#10568,1.);
#10568 = DIRECTION('',(0.57735026919,-0.57735026919,0.57735026919));
#10569 = ORIENTED_EDGE('',*,*,#9811,.T.);
#10570 = ORIENTED_EDGE('',*,*,#10571,.T.);
#10571 = EDGE_CURVE('',#9795,#10572,#10574,.T.);
#10572 = VERTEX_POINT('',#10573);
#10573 = CARTESIAN_POINT('',(0.16,-2.38,8.54));
#10574 = LINE('',#10575,#10576);
#10575 = CARTESIAN_POINT('',(5.333333333333E-02,-2.486666666667,
    8.646666666667));
#10576 = VECTOR('',#10577,1.);
#10577 = DIRECTION('',(-0.57735026919,-0.57735026919,0.57735026919));
#10578 = ORIENTED_EDGE('',*,*,#10579,.F.);
#10579 = EDGE_CURVE('',#10563,#10572,#10580,.T.);
#10580 = LINE('',#10581,#10582);
#10581 = CARTESIAN_POINT('',(-0.32,-2.38,8.54));
#10582 = VECTOR('',#10583,1.);
#10583 = DIRECTION('',(1.,0.,0.));
#10584 = PLANE('',#10585);
#10585 = AXIS2_PLACEMENT_3D('',#10586,#10587,#10588);
#10586 = CARTESIAN_POINT('',(-0.32,-2.3,8.46));
#10587 = DIRECTION('',(1.735167508357E-18,0.707106781187,0.707106781187)
  );
#10588 = DIRECTION('',(-1.,1.226948711654E-18,1.226948711654E-18));
#10589 = ADVANCED_FACE('',(#10590),#10608,.F.);
#10590 = FACE_BOUND('',#10591,.F.);
#10591 = EDGE_LOOP('',(#10592,#10600,#10601,#10602));
#10592 = ORIENTED_EDGE('',*,*,#10593,.F.);
#10593 = EDGE_CURVE('',#9826,#10594,#10596,.T.);
#10594 = VERTEX_POINT('',#10595);
#10595 = CARTESIAN_POINT('',(-0.16,-2.7,8.54));
#10596 = LINE('',#10597,#10598);
#10597 = CARTESIAN_POINT('',(-0.266666666667,-2.806666666667,
    8.433333333333));
#10598 = VECTOR('',#10599,1.);
#10599 = DIRECTION('',(0.57735026919,0.57735026919,0.57735026919));
#10600 = ORIENTED_EDGE('',*,*,#9835,.T.);
#10601 = ORIENTED_EDGE('',*,*,#10562,.T.);
#10602 = ORIENTED_EDGE('',*,*,#10603,.F.);
#10603 = EDGE_CURVE('',#10594,#10563,#10604,.T.);
#10604 = LINE('',#10605,#10606);
#10605 = CARTESIAN_POINT('',(-0.16,-2.86,8.54));
#10606 = VECTOR('',#10607,1.);
#10607 = DIRECTION('',(0.,1.,0.));
#10608 = PLANE('',#10609);
#10609 = AXIS2_PLACEMENT_3D('',#10610,#10611,#10612);
#10610 = CARTESIAN_POINT('',(-0.24,-2.86,8.46));
#10611 = DIRECTION('',(0.707106781187,1.735167508357E-18,-0.707106781187
    ));
#10612 = DIRECTION('',(-1.226948711654E-18,1.,1.226948711654E-18));
#10613 = ADVANCED_FACE('',(#10614),#10632,.F.);
#10614 = FACE_BOUND('',#10615,.T.);
#10615 = EDGE_LOOP('',(#10616,#10617,#10618,#10626));
#10616 = ORIENTED_EDGE('',*,*,#10593,.F.);
#10617 = ORIENTED_EDGE('',*,*,#9859,.T.);
#10618 = ORIENTED_EDGE('',*,*,#10619,.T.);
#10619 = EDGE_CURVE('',#9850,#10620,#10622,.T.);
#10620 = VERTEX_POINT('',#10621);
#10621 = CARTESIAN_POINT('',(0.16,-2.7,8.54));
#10622 = LINE('',#10623,#10624);
#10623 = CARTESIAN_POINT('',(0.16,-2.7,8.54));
#10624 = VECTOR('',#10625,1.);
#10625 = DIRECTION('',(-0.57735026919,0.57735026919,0.57735026919));
#10626 = ORIENTED_EDGE('',*,*,#10627,.F.);
#10627 = EDGE_CURVE('',#10594,#10620,#10628,.T.);
#10628 = LINE('',#10629,#10630);
#10629 = CARTESIAN_POINT('',(-0.32,-2.7,8.54));
#10630 = VECTOR('',#10631,1.);
#10631 = DIRECTION('',(1.,0.,0.));
#10632 = PLANE('',#10633);
#10633 = AXIS2_PLACEMENT_3D('',#10634,#10635,#10636);
#10634 = CARTESIAN_POINT('',(-0.32,-2.78,8.46));
#10635 = DIRECTION('',(-1.735167508357E-18,0.707106781187,
    -0.707106781187));
#10636 = DIRECTION('',(-1.,-1.226948711654E-18,1.226948711654E-18));
#10637 = ADVANCED_FACE('',(#10638),#10649,.T.);
#10638 = FACE_BOUND('',#10639,.T.);
#10639 = EDGE_LOOP('',(#10640,#10641,#10642,#10643));
#10640 = ORIENTED_EDGE('',*,*,#10619,.F.);
#10641 = ORIENTED_EDGE('',*,*,#9876,.T.);
#10642 = ORIENTED_EDGE('',*,*,#10571,.T.);
#10643 = ORIENTED_EDGE('',*,*,#10644,.F.);
#10644 = EDGE_CURVE('',#10620,#10572,#10645,.T.);
#10645 = LINE('',#10646,#10647);
#10646 = CARTESIAN_POINT('',(0.16,-2.86,8.54));
#10647 = VECTOR('',#10648,1.);
#10648 = DIRECTION('',(0.,1.,0.));
#10649 = PLANE('',#10650);
#10650 = AXIS2_PLACEMENT_3D('',#10651,#10652,#10653);
#10651 = CARTESIAN_POINT('',(0.24,-2.86,8.46));
#10652 = DIRECTION('',(0.707106781187,-1.735167508357E-18,0.707106781187
    ));
#10653 = DIRECTION('',(1.226948711654E-18,1.,1.226948711654E-18));
#10654 = ADVANCED_FACE('',(#10655),#10661,.F.);
#10655 = FACE_BOUND('',#10656,.F.);
#10656 = EDGE_LOOP('',(#10657,#10658,#10659,#10660));
#10657 = ORIENTED_EDGE('',*,*,#9972,.T.);
#10658 = ORIENTED_EDGE('',*,*,#9907,.F.);
#10659 = ORIENTED_EDGE('',*,*,#9931,.F.);
#10660 = ORIENTED_EDGE('',*,*,#9955,.T.);
#10661 = PLANE('',#10662);
#10662 = AXIS2_PLACEMENT_3D('',#10663,#10664,#10665);
#10663 = CARTESIAN_POINT('',(-0.32,-5.4,-3.));
#10664 = DIRECTION('',(0.,0.,1.));
#10665 = DIRECTION('',(1.,0.,-0.));
#10666 = ADVANCED_FACE('',(#10667),#10673,.F.);
#10667 = FACE_BOUND('',#10668,.F.);
#10668 = EDGE_LOOP('',(#10669,#10670,#10671,#10672));
#10669 = ORIENTED_EDGE('',*,*,#10003,.T.);
#10670 = ORIENTED_EDGE('',*,*,#10027,.F.);
#10671 = ORIENTED_EDGE('',*,*,#10051,.F.);
#10672 = ORIENTED_EDGE('',*,*,#10068,.T.);
#10673 = PLANE('',#10674);
#10674 = AXIS2_PLACEMENT_3D('',#10675,#10676,#10677);
#10675 = CARTESIAN_POINT('',(-0.32,-7.94,-3.));
#10676 = DIRECTION('',(0.,0.,1.));
#10677 = DIRECTION('',(1.,0.,-0.));
#10678 = ADVANCED_FACE('',(#10679),#10685,.F.);
#10679 = FACE_BOUND('',#10680,.F.);
#10680 = EDGE_LOOP('',(#10681,#10682,#10683,#10684));
#10681 = ORIENTED_EDGE('',*,*,#10099,.T.);
#10682 = ORIENTED_EDGE('',*,*,#10123,.F.);
#10683 = ORIENTED_EDGE('',*,*,#10147,.F.);
#10684 = ORIENTED_EDGE('',*,*,#10164,.T.);
#10685 = PLANE('',#10686);
#10686 = AXIS2_PLACEMENT_3D('',#10687,#10688,#10689);
#10687 = CARTESIAN_POINT('',(-0.32,-0.32,-3.));
#10688 = DIRECTION('',(0.,0.,1.));
#10689 = DIRECTION('',(1.,0.,-0.));
#10690 = ADVANCED_FACE('',(#10691),#10697,.F.);
#10691 = FACE_BOUND('',#10692,.F.);
#10692 = EDGE_LOOP('',(#10693,#10694,#10695,#10696));
#10693 = ORIENTED_EDGE('',*,*,#10260,.T.);
#10694 = ORIENTED_EDGE('',*,*,#10195,.F.);
#10695 = ORIENTED_EDGE('',*,*,#10219,.F.);
#10696 = ORIENTED_EDGE('',*,*,#10243,.T.);
#10697 = PLANE('',#10698);
#10698 = AXIS2_PLACEMENT_3D('',#10699,#10700,#10701);
#10699 = CARTESIAN_POINT('',(-0.32,-2.86,-3.));
#10700 = DIRECTION('',(0.,0.,1.));
#10701 = DIRECTION('',(1.,0.,-0.));
#10702 = ADVANCED_FACE('',(#10703),#10709,.T.);
#10703 = FACE_BOUND('',#10704,.T.);
#10704 = EDGE_LOOP('',(#10705,#10706,#10707,#10708));
#10705 = ORIENTED_EDGE('',*,*,#10356,.T.);
#10706 = ORIENTED_EDGE('',*,*,#10291,.F.);
#10707 = ORIENTED_EDGE('',*,*,#10315,.F.);
#10708 = ORIENTED_EDGE('',*,*,#10339,.T.);
#10709 = PLANE('',#10710);
#10710 = AXIS2_PLACEMENT_3D('',#10711,#10712,#10713);
#10711 = CARTESIAN_POINT('',(-0.32,-5.4,8.54));
#10712 = DIRECTION('',(0.,0.,1.));
#10713 = DIRECTION('',(1.,0.,-0.));
#10714 = ADVANCED_FACE('',(#10715),#10721,.T.);
#10715 = FACE_BOUND('',#10716,.T.);
#10716 = EDGE_LOOP('',(#10717,#10718,#10719,#10720));
#10717 = ORIENTED_EDGE('',*,*,#10387,.T.);
#10718 = ORIENTED_EDGE('',*,*,#10411,.F.);
#10719 = ORIENTED_EDGE('',*,*,#10435,.F.);
#10720 = ORIENTED_EDGE('',*,*,#10452,.T.);
#10721 = PLANE('',#10722);
#10722 = AXIS2_PLACEMENT_3D('',#10723,#10724,#10725);
#10723 = CARTESIAN_POINT('',(-0.32,-7.94,8.54));
#10724 = DIRECTION('',(0.,0.,1.));
#10725 = DIRECTION('',(1.,0.,-0.));
#10726 = ADVANCED_FACE('',(#10727),#10733,.T.);
#10727 = FACE_BOUND('',#10728,.T.);
#10728 = EDGE_LOOP('',(#10729,#10730,#10731,#10732));
#10729 = ORIENTED_EDGE('',*,*,#10483,.T.);
#10730 = ORIENTED_EDGE('',*,*,#10507,.F.);
#10731 = ORIENTED_EDGE('',*,*,#10531,.F.);
#10732 = ORIENTED_EDGE('',*,*,#10548,.T.);
#10733 = PLANE('',#10734);
#10734 = AXIS2_PLACEMENT_3D('',#10735,#10736,#10737);
#10735 = CARTESIAN_POINT('',(-0.32,-0.32,8.54));
#10736 = DIRECTION('',(0.,0.,1.));
#10737 = DIRECTION('',(1.,0.,-0.));
#10738 = ADVANCED_FACE('',(#10739),#10745,.T.);
#10739 = FACE_BOUND('',#10740,.T.);
#10740 = EDGE_LOOP('',(#10741,#10742,#10743,#10744));
#10741 = ORIENTED_EDGE('',*,*,#10644,.T.);
#10742 = ORIENTED_EDGE('',*,*,#10579,.F.);
#10743 = ORIENTED_EDGE('',*,*,#10603,.F.);
#10744 = ORIENTED_EDGE('',*,*,#10627,.T.);
#10745 = PLANE('',#10746);
#10746 = AXIS2_PLACEMENT_3D('',#10747,#10748,#10749);
#10747 = CARTESIAN_POINT('',(-0.32,-2.86,8.54));
#10748 = DIRECTION('',(0.,0.,1.));
#10749 = DIRECTION('',(1.,0.,-0.));
#10750 = ( GEOMETRIC_REPRESENTATION_CONTEXT(3) 
GLOBAL_UNCERTAINTY_ASSIGNED_CONTEXT((#10754)) 
GLOBAL_UNIT_ASSIGNED_CONTEXT((#10751,#10752,#10753)) 
REPRESENTATION_CONTEXT('Context #1',
  '3D Context with UNIT and UNCERTAINTY') );
#10751 = ( LENGTH_UNIT() NAMED_UNIT(*) SI_UNIT(.MILLI.,.METRE.) );
#10752 = ( NAMED_UNIT(*) PLANE_ANGLE_UNIT() SI_UNIT($,.RADIAN.) );
#10753 = ( NAMED_UNIT(*) SI_UNIT($,.STERADIAN.) SOLID_ANGLE_UNIT() );
#10754 = UNCERTAINTY_MEASURE_WITH_UNIT(LENGTH_MEASURE(1.E-07),#10751,
  'distance_accuracy_value','confusion accuracy');
#10755 = CONTEXT_DEPENDENT_SHAPE_REPRESENTATION(#10756,#10758);
#10756 = ( REPRESENTATION_RELATIONSHIP('','',#7969,#10) 
REPRESENTATION_RELATIONSHIP_WITH_TRANSFORMATION(#10757) 
SHAPE_REPRESENTATION_RELATIONSHIP() );
#10757 = ITEM_DEFINED_TRANSFORMATION('','',#11,#51);
#10758 = PRODUCT_DEFINITION_SHAPE('Placement','Placement of an item',
  #10759);
#10759 = NEXT_ASSEMBLY_USAGE_OCCURRENCE('10','J1','',#5,#7964,$);
#10760 = PRODUCT_RELATED_PRODUCT_CATEGORY('part',$,(#7966));
#10761 = SHAPE_DEFINITION_REPRESENTATION(#10762,#10768);
#10762 = PRODUCT_DEFINITION_SHAPE('','',#10763);
#10763 = PRODUCT_DEFINITION('design','',#10764,#10767);
#10764 = PRODUCT_DEFINITION_FORMATION('','',#10765);
#10765 = PRODUCT('rgb_led_controller_PCB','rgb_led_controller_PCB','',(
    #10766));
#10766 = PRODUCT_CONTEXT('',#2,'mechanical');
#10767 = PRODUCT_DEFINITION_CONTEXT('part definition',#2,'design');
#10768 = ADVANCED_BREP_SHAPE_REPRESENTATION('',(#11,#10769),#12830);
#10769 = MANIFOLD_SOLID_BREP('',#10770);
#10770 = CLOSED_SHELL('',(#10771,#10811,#10842,#10873,#11429,#11985,
    #11997,#12014,#12031,#12048,#12065,#12082,#12099,#12116,#12133,
    #12150,#12167,#12184,#12201,#12218,#12235,#12252,#12269,#12286,
    #12303,#12320,#12337,#12354,#12371,#12388,#12405,#12422,#12439,
    #12456,#12473,#12490,#12507,#12524,#12541,#12558,#12575,#12592,
    #12609,#12626,#12643,#12660,#12677,#12694,#12711,#12728,#12745,
    #12762,#12779,#12796,#12813));
#10771 = ADVANCED_FACE('',(#10772),#10806,.T.);
#10772 = FACE_BOUND('',#10773,.T.);
#10773 = EDGE_LOOP('',(#10774,#10784,#10792,#10800));
#10774 = ORIENTED_EDGE('',*,*,#10775,.T.);
#10775 = EDGE_CURVE('',#10776,#10778,#10780,.T.);
#10776 = VERTEX_POINT('',#10777);
#10777 = CARTESIAN_POINT('',(186.,-144.5,0.));
#10778 = VERTEX_POINT('',#10779);
#10779 = CARTESIAN_POINT('',(186.,-144.5,1.51));
#10780 = LINE('',#10781,#10782);
#10781 = CARTESIAN_POINT('',(186.,-144.5,0.));
#10782 = VECTOR('',#10783,1.);
#10783 = DIRECTION('',(0.,0.,1.));
#10784 = ORIENTED_EDGE('',*,*,#10785,.T.);
#10785 = EDGE_CURVE('',#10778,#10786,#10788,.T.);
#10786 = VERTEX_POINT('',#10787);
#10787 = CARTESIAN_POINT('',(116.,-144.5,1.51));
#10788 = LINE('',#10789,#10790);
#10789 = CARTESIAN_POINT('',(186.,-144.5,1.51));
#10790 = VECTOR('',#10791,1.);
#10791 = DIRECTION('',(-1.,0.,0.));
#10792 = ORIENTED_EDGE('',*,*,#10793,.F.);
#10793 = EDGE_CURVE('',#10794,#10786,#10796,.T.);
#10794 = VERTEX_POINT('',#10795);
#10795 = CARTESIAN_POINT('',(116.,-144.5,0.));
#10796 = LINE('',#10797,#10798);
#10797 = CARTESIAN_POINT('',(116.,-144.5,0.));
#10798 = VECTOR('',#10799,1.);
#10799 = DIRECTION('',(0.,0.,1.));
#10800 = ORIENTED_EDGE('',*,*,#10801,.F.);
#10801 = EDGE_CURVE('',#10776,#10794,#10802,.T.);
#10802 = LINE('',#10803,#10804);
#10803 = CARTESIAN_POINT('',(186.,-144.5,0.));
#10804 = VECTOR('',#10805,1.);
#10805 = DIRECTION('',(-1.,0.,0.));
#10806 = PLANE('',#10807);
#10807 = AXIS2_PLACEMENT_3D('',#10808,#10809,#10810);
#10808 = CARTESIAN_POINT('',(186.,-144.5,0.));
#10809 = DIRECTION('',(0.,-1.,0.));
#10810 = DIRECTION('',(-1.,0.,0.));
#10811 = ADVANCED_FACE('',(#10812),#10837,.T.);
#10812 = FACE_BOUND('',#10813,.T.);
#10813 = EDGE_LOOP('',(#10814,#10824,#10830,#10831));
#10814 = ORIENTED_EDGE('',*,*,#10815,.T.);
#10815 = EDGE_CURVE('',#10816,#10818,#10820,.T.);
#10816 = VERTEX_POINT('',#10817);
#10817 = CARTESIAN_POINT('',(186.,-86.5,0.));
#10818 = VERTEX_POINT('',#10819);
#10819 = CARTESIAN_POINT('',(186.,-86.5,1.51));
#10820 = LINE('',#10821,#10822);
#10821 = CARTESIAN_POINT('',(186.,-86.5,0.));
#10822 = VECTOR('',#10823,1.);
#10823 = DIRECTION('',(0.,0.,1.));
#10824 = ORIENTED_EDGE('',*,*,#10825,.T.);
#10825 = EDGE_CURVE('',#10818,#10778,#10826,.T.);
#10826 = LINE('',#10827,#10828);
#10827 = CARTESIAN_POINT('',(186.,-86.5,1.51));
#10828 = VECTOR('',#10829,1.);
#10829 = DIRECTION('',(0.,-1.,0.));
#10830 = ORIENTED_EDGE('',*,*,#10775,.F.);
#10831 = ORIENTED_EDGE('',*,*,#10832,.F.);
#10832 = EDGE_CURVE('',#10816,#10776,#10833,.T.);
#10833 = LINE('',#10834,#10835);
#10834 = CARTESIAN_POINT('',(186.,-86.5,0.));
#10835 = VECTOR('',#10836,1.);
#10836 = DIRECTION('',(0.,-1.,0.));
#10837 = PLANE('',#10838);
#10838 = AXIS2_PLACEMENT_3D('',#10839,#10840,#10841);
#10839 = CARTESIAN_POINT('',(186.,-86.5,0.));
#10840 = DIRECTION('',(1.,0.,-0.));
#10841 = DIRECTION('',(0.,-1.,0.));
#10842 = ADVANCED_FACE('',(#10843),#10868,.T.);
#10843 = FACE_BOUND('',#10844,.T.);
#10844 = EDGE_LOOP('',(#10845,#10846,#10854,#10862));
#10845 = ORIENTED_EDGE('',*,*,#10793,.T.);
#10846 = ORIENTED_EDGE('',*,*,#10847,.T.);
#10847 = EDGE_CURVE('',#10786,#10848,#10850,.T.);
#10848 = VERTEX_POINT('',#10849);
#10849 = CARTESIAN_POINT('',(116.,-86.5,1.51));
#10850 = LINE('',#10851,#10852);
#10851 = CARTESIAN_POINT('',(116.,-144.5,1.51));
#10852 = VECTOR('',#10853,1.);
#10853 = DIRECTION('',(0.,1.,0.));
#10854 = ORIENTED_EDGE('',*,*,#10855,.F.);
#10855 = EDGE_CURVE('',#10856,#10848,#10858,.T.);
#10856 = VERTEX_POINT('',#10857);
#10857 = CARTESIAN_POINT('',(116.,-86.5,0.));
#10858 = LINE('',#10859,#10860);
#10859 = CARTESIAN_POINT('',(116.,-86.5,0.));
#10860 = VECTOR('',#10861,1.);
#10861 = DIRECTION('',(0.,0.,1.));
#10862 = ORIENTED_EDGE('',*,*,#10863,.F.);
#10863 = EDGE_CURVE('',#10794,#10856,#10864,.T.);
#10864 = LINE('',#10865,#10866);
#10865 = CARTESIAN_POINT('',(116.,-144.5,0.));
#10866 = VECTOR('',#10867,1.);
#10867 = DIRECTION('',(0.,1.,0.));
#10868 = PLANE('',#10869);
#10869 = AXIS2_PLACEMENT_3D('',#10870,#10871,#10872);
#10870 = CARTESIAN_POINT('',(116.,-144.5,0.));
#10871 = DIRECTION('',(-1.,0.,0.));
#10872 = DIRECTION('',(0.,1.,0.));
#10873 = ADVANCED_FACE('',(#10874,#10885,#10896,#10907,#10918,#10929,
    #10940,#10951,#10962,#10973,#10984,#10995,#11006,#11017,#11028,
    #11039,#11050,#11061,#11072,#11083,#11094,#11105,#11116,#11127,
    #11138,#11149,#11160,#11171,#11182,#11193,#11204,#11215,#11226,
    #11237,#11248,#11259,#11270,#11281,#11292,#11303,#11314,#11325,
    #11336,#11347,#11358,#11369,#11380,#11391,#11402,#11413),#11424,.F.
  );
#10874 = FACE_BOUND('',#10875,.F.);
#10875 = EDGE_LOOP('',(#10876,#10877,#10878,#10884));
#10876 = ORIENTED_EDGE('',*,*,#10801,.F.);
#10877 = ORIENTED_EDGE('',*,*,#10832,.F.);
#10878 = ORIENTED_EDGE('',*,*,#10879,.F.);
#10879 = EDGE_CURVE('',#10856,#10816,#10880,.T.);
#10880 = LINE('',#10881,#10882);
#10881 = CARTESIAN_POINT('',(116.,-86.5,0.));
#10882 = VECTOR('',#10883,1.);
#10883 = DIRECTION('',(1.,0.,0.));
#10884 = ORIENTED_EDGE('',*,*,#10863,.F.);
#10885 = FACE_BOUND('',#10886,.F.);
#10886 = EDGE_LOOP('',(#10887));
#10887 = ORIENTED_EDGE('',*,*,#10888,.T.);
#10888 = EDGE_CURVE('',#10889,#10889,#10891,.T.);
#10889 = VERTEX_POINT('',#10890);
#10890 = CARTESIAN_POINT('',(125.,-138.05,0.));
#10891 = CIRCLE('',#10892,0.55);
#10892 = AXIS2_PLACEMENT_3D('',#10893,#10894,#10895);
#10893 = CARTESIAN_POINT('',(125.,-137.5,0.));
#10894 = DIRECTION('',(-0.,0.,-1.));
#10895 = DIRECTION('',(-0.,-1.,0.));
#10896 = FACE_BOUND('',#10897,.F.);
#10897 = EDGE_LOOP('',(#10898));
#10898 = ORIENTED_EDGE('',*,*,#10899,.T.);
#10899 = EDGE_CURVE('',#10900,#10900,#10902,.T.);
#10900 = VERTEX_POINT('',#10901);
#10901 = CARTESIAN_POINT('',(131.5,-138.05,0.));
#10902 = CIRCLE('',#10903,0.55);
#10903 = AXIS2_PLACEMENT_3D('',#10904,#10905,#10906);
#10904 = CARTESIAN_POINT('',(131.5,-137.5,0.));
#10905 = DIRECTION('',(-0.,0.,-1.));
#10906 = DIRECTION('',(-0.,-1.,0.));
#10907 = FACE_BOUND('',#10908,.F.);
#10908 = EDGE_LOOP('',(#10909));
#10909 = ORIENTED_EDGE('',*,*,#10910,.T.);
#10910 = EDGE_CURVE('',#10911,#10911,#10913,.T.);
#10911 = VERTEX_POINT('',#10912);
#10912 = CARTESIAN_POINT('',(125.,-133.55,0.));
#10913 = CIRCLE('',#10914,0.55);
#10914 = AXIS2_PLACEMENT_3D('',#10915,#10916,#10917);
#10915 = CARTESIAN_POINT('',(125.,-133.,0.));
#10916 = DIRECTION('',(-0.,0.,-1.));
#10917 = DIRECTION('',(-0.,-1.,0.));
#10918 = FACE_BOUND('',#10919,.F.);
#10919 = EDGE_LOOP('',(#10920));
#10920 = ORIENTED_EDGE('',*,*,#10921,.T.);
#10921 = EDGE_CURVE('',#10922,#10922,#10924,.T.);
#10922 = VERTEX_POINT('',#10923);
#10923 = CARTESIAN_POINT('',(131.5,-133.55,0.));
#10924 = CIRCLE('',#10925,0.55);
#10925 = AXIS2_PLACEMENT_3D('',#10926,#10927,#10928);
#10926 = CARTESIAN_POINT('',(131.5,-133.,0.));
#10927 = DIRECTION('',(-0.,0.,-1.));
#10928 = DIRECTION('',(-0.,-1.,0.));
#10929 = FACE_BOUND('',#10930,.F.);
#10930 = EDGE_LOOP('',(#10931));
#10931 = ORIENTED_EDGE('',*,*,#10932,.T.);
#10932 = EDGE_CURVE('',#10933,#10933,#10935,.T.);
#10933 = VERTEX_POINT('',#10934);
#10934 = CARTESIAN_POINT('',(148.,-139.08,0.));
#10935 = CIRCLE('',#10936,0.5);
#10936 = AXIS2_PLACEMENT_3D('',#10937,#10938,#10939);
#10937 = CARTESIAN_POINT('',(148.,-138.58,0.));
#10938 = DIRECTION('',(-0.,0.,-1.));
#10939 = DIRECTION('',(-0.,-1.,0.));
#10940 = FACE_BOUND('',#10941,.F.);
#10941 = EDGE_LOOP('',(#10942));
#10942 = ORIENTED_EDGE('',*,*,#10943,.T.);
#10943 = EDGE_CURVE('',#10944,#10944,#10946,.T.);
#10944 = VERTEX_POINT('',#10945);
#10945 = CARTESIAN_POINT('',(148.,-136.54,0.));
#10946 = CIRCLE('',#10947,0.5);
#10947 = AXIS2_PLACEMENT_3D('',#10948,#10949,#10950);
#10948 = CARTESIAN_POINT('',(148.,-136.04,0.));
#10949 = DIRECTION('',(-0.,0.,-1.));
#10950 = DIRECTION('',(-0.,-1.,0.));
#10951 = FACE_BOUND('',#10952,.F.);
#10952 = EDGE_LOOP('',(#10953));
#10953 = ORIENTED_EDGE('',*,*,#10954,.T.);
#10954 = EDGE_CURVE('',#10955,#10955,#10957,.T.);
#10955 = VERTEX_POINT('',#10956);
#10956 = CARTESIAN_POINT('',(148.,-134.,0.));
#10957 = CIRCLE('',#10958,0.5);
#10958 = AXIS2_PLACEMENT_3D('',#10959,#10960,#10961);
#10959 = CARTESIAN_POINT('',(148.,-133.5,0.));
#10960 = DIRECTION('',(-0.,0.,-1.));
#10961 = DIRECTION('',(-0.,-1.,0.));
#10962 = FACE_BOUND('',#10963,.F.);
#10963 = EDGE_LOOP('',(#10964));
#10964 = ORIENTED_EDGE('',*,*,#10965,.T.);
#10965 = EDGE_CURVE('',#10966,#10966,#10968,.T.);
#10966 = VERTEX_POINT('',#10967);
#10967 = CARTESIAN_POINT('',(148.,-131.46,0.));
#10968 = CIRCLE('',#10969,0.5);
#10969 = AXIS2_PLACEMENT_3D('',#10970,#10971,#10972);
#10970 = CARTESIAN_POINT('',(148.,-130.96,0.));
#10971 = DIRECTION('',(-0.,0.,-1.));
#10972 = DIRECTION('',(-0.,-1.,0.));
#10973 = FACE_BOUND('',#10974,.F.);
#10974 = EDGE_LOOP('',(#10975));
#10975 = ORIENTED_EDGE('',*,*,#10976,.T.);
#10976 = EDGE_CURVE('',#10977,#10977,#10979,.T.);
#10977 = VERTEX_POINT('',#10978);
#10978 = CARTESIAN_POINT('',(148.,-128.92,0.));
#10979 = CIRCLE('',#10980,0.5);
#10980 = AXIS2_PLACEMENT_3D('',#10981,#10982,#10983);
#10981 = CARTESIAN_POINT('',(148.,-128.42,0.));
#10982 = DIRECTION('',(-0.,0.,-1.));
#10983 = DIRECTION('',(-0.,-1.,0.));
#10984 = FACE_BOUND('',#10985,.F.);
#10985 = EDGE_LOOP('',(#10986));
#10986 = ORIENTED_EDGE('',*,*,#10987,.T.);
#10987 = EDGE_CURVE('',#10988,#10988,#10990,.T.);
#10988 = VERTEX_POINT('',#10989);
#10989 = CARTESIAN_POINT('',(122.76,-122.25,0.));
#10990 = CIRCLE('',#10991,0.5);
#10991 = AXIS2_PLACEMENT_3D('',#10992,#10993,#10994);
#10992 = CARTESIAN_POINT('',(122.76,-121.75,0.));
#10993 = DIRECTION('',(-0.,0.,-1.));
#10994 = DIRECTION('',(-0.,-1.,0.));
#10995 = FACE_BOUND('',#10996,.F.);
#10996 = EDGE_LOOP('',(#10997));
#10997 = ORIENTED_EDGE('',*,*,#10998,.T.);
#10998 = EDGE_CURVE('',#10999,#10999,#11001,.T.);
#10999 = VERTEX_POINT('',#11000);
#11000 = CARTESIAN_POINT('',(125.3,-122.25,0.));
#11001 = CIRCLE('',#11002,0.5);
#11002 = AXIS2_PLACEMENT_3D('',#11003,#11004,#11005);
#11003 = CARTESIAN_POINT('',(125.3,-121.75,0.));
#11004 = DIRECTION('',(-0.,0.,-1.));
#11005 = DIRECTION('',(-0.,-1.,0.));
#11006 = FACE_BOUND('',#11007,.F.);
#11007 = EDGE_LOOP('',(#11008));
#11008 = ORIENTED_EDGE('',*,*,#11009,.T.);
#11009 = EDGE_CURVE('',#11010,#11010,#11012,.T.);
#11010 = VERTEX_POINT('',#11011);
#11011 = CARTESIAN_POINT('',(127.84,-122.25,0.));
#11012 = CIRCLE('',#11013,0.5);
#11013 = AXIS2_PLACEMENT_3D('',#11014,#11015,#11016);
#11014 = CARTESIAN_POINT('',(127.84,-121.75,0.));
#11015 = DIRECTION('',(-0.,0.,-1.));
#11016 = DIRECTION('',(-0.,-1.,0.));
#11017 = FACE_BOUND('',#11018,.F.);
#11018 = EDGE_LOOP('',(#11019));
#11019 = ORIENTED_EDGE('',*,*,#11020,.T.);
#11020 = EDGE_CURVE('',#11021,#11021,#11023,.T.);
#11021 = VERTEX_POINT('',#11022);
#11022 = CARTESIAN_POINT('',(130.38,-122.25,0.));
#11023 = CIRCLE('',#11024,0.5);
#11024 = AXIS2_PLACEMENT_3D('',#11025,#11026,#11027);
#11025 = CARTESIAN_POINT('',(130.38,-121.75,0.));
#11026 = DIRECTION('',(-0.,0.,-1.));
#11027 = DIRECTION('',(-0.,-1.,0.));
#11028 = FACE_BOUND('',#11029,.F.);
#11029 = EDGE_LOOP('',(#11030));
#11030 = ORIENTED_EDGE('',*,*,#11031,.T.);
#11031 = EDGE_CURVE('',#11032,#11032,#11034,.T.);
#11032 = VERTEX_POINT('',#11033);
#11033 = CARTESIAN_POINT('',(132.92,-122.25,0.));
#11034 = CIRCLE('',#11035,0.5);
#11035 = AXIS2_PLACEMENT_3D('',#11036,#11037,#11038);
#11036 = CARTESIAN_POINT('',(132.92,-121.75,0.));
#11037 = DIRECTION('',(-0.,0.,-1.));
#11038 = DIRECTION('',(-0.,-1.,0.));
#11039 = FACE_BOUND('',#11040,.F.);
#11040 = EDGE_LOOP('',(#11041));
#11041 = ORIENTED_EDGE('',*,*,#11042,.T.);
#11042 = EDGE_CURVE('',#11043,#11043,#11045,.T.);
#11043 = VERTEX_POINT('',#11044);
#11044 = CARTESIAN_POINT('',(135.46,-122.25,0.));
#11045 = CIRCLE('',#11046,0.5);
#11046 = AXIS2_PLACEMENT_3D('',#11047,#11048,#11049);
#11047 = CARTESIAN_POINT('',(135.46,-121.75,0.));
#11048 = DIRECTION('',(-0.,0.,-1.));
#11049 = DIRECTION('',(-0.,-1.,0.));
#11050 = FACE_BOUND('',#11051,.F.);
#11051 = EDGE_LOOP('',(#11052));
#11052 = ORIENTED_EDGE('',*,*,#11053,.T.);
#11053 = EDGE_CURVE('',#11054,#11054,#11056,.T.);
#11054 = VERTEX_POINT('',#11055);
#11055 = CARTESIAN_POINT('',(138.,-122.25,0.));
#11056 = CIRCLE('',#11057,0.5);
#11057 = AXIS2_PLACEMENT_3D('',#11058,#11059,#11060);
#11058 = CARTESIAN_POINT('',(138.,-121.75,0.));
#11059 = DIRECTION('',(-0.,0.,-1.));
#11060 = DIRECTION('',(-0.,-1.,0.));
#11061 = FACE_BOUND('',#11062,.F.);
#11062 = EDGE_LOOP('',(#11063));
#11063 = ORIENTED_EDGE('',*,*,#11064,.T.);
#11064 = EDGE_CURVE('',#11065,#11065,#11067,.T.);
#11065 = VERTEX_POINT('',#11066);
#11066 = CARTESIAN_POINT('',(146.325,-120.9,0.));
#11067 = CIRCLE('',#11068,0.4);
#11068 = AXIS2_PLACEMENT_3D('',#11069,#11070,#11071);
#11069 = CARTESIAN_POINT('',(146.325,-120.5,0.));
#11070 = DIRECTION('',(-0.,0.,-1.));
#11071 = DIRECTION('',(-0.,-1.,0.));
#11072 = FACE_BOUND('',#11073,.F.);
#11073 = EDGE_LOOP('',(#11074));
#11074 = ORIENTED_EDGE('',*,*,#11075,.T.);
#11075 = EDGE_CURVE('',#11076,#11076,#11078,.T.);
#11076 = VERTEX_POINT('',#11077);
#11077 = CARTESIAN_POINT('',(165.75,-137.8,0.));
#11078 = CIRCLE('',#11079,0.55);
#11079 = AXIS2_PLACEMENT_3D('',#11080,#11081,#11082);
#11080 = CARTESIAN_POINT('',(165.75,-137.25,0.));
#11081 = DIRECTION('',(-0.,0.,-1.));
#11082 = DIRECTION('',(-0.,-1.,0.));
#11083 = FACE_BOUND('',#11084,.F.);
#11084 = EDGE_LOOP('',(#11085));
#11085 = ORIENTED_EDGE('',*,*,#11086,.T.);
#11086 = EDGE_CURVE('',#11087,#11087,#11089,.T.);
#11087 = VERTEX_POINT('',#11088);
#11088 = CARTESIAN_POINT('',(165.75,-133.3,0.));
#11089 = CIRCLE('',#11090,0.55);
#11090 = AXIS2_PLACEMENT_3D('',#11091,#11092,#11093);
#11091 = CARTESIAN_POINT('',(165.75,-132.75,0.));
#11092 = DIRECTION('',(-0.,0.,-1.));
#11093 = DIRECTION('',(-0.,-1.,0.));
#11094 = FACE_BOUND('',#11095,.F.);
#11095 = EDGE_LOOP('',(#11096));
#11096 = ORIENTED_EDGE('',*,*,#11097,.T.);
#11097 = EDGE_CURVE('',#11098,#11098,#11100,.T.);
#11098 = VERTEX_POINT('',#11099);
#11099 = CARTESIAN_POINT('',(172.25,-137.8,0.));
#11100 = CIRCLE('',#11101,0.55);
#11101 = AXIS2_PLACEMENT_3D('',#11102,#11103,#11104);
#11102 = CARTESIAN_POINT('',(172.25,-137.25,0.));
#11103 = DIRECTION('',(-0.,0.,-1.));
#11104 = DIRECTION('',(-0.,-1.,0.));
#11105 = FACE_BOUND('',#11106,.F.);
#11106 = EDGE_LOOP('',(#11107));
#11107 = ORIENTED_EDGE('',*,*,#11108,.T.);
#11108 = EDGE_CURVE('',#11109,#11109,#11111,.T.);
#11109 = VERTEX_POINT('',#11110);
#11110 = CARTESIAN_POINT('',(172.25,-133.3,0.));
#11111 = CIRCLE('',#11112,0.55);
#11112 = AXIS2_PLACEMENT_3D('',#11113,#11114,#11115);
#11113 = CARTESIAN_POINT('',(172.25,-132.75,0.));
#11114 = DIRECTION('',(-0.,0.,-1.));
#11115 = DIRECTION('',(-0.,-1.,0.));
#11116 = FACE_BOUND('',#11117,.F.);
#11117 = EDGE_LOOP('',(#11118));
#11118 = ORIENTED_EDGE('',*,*,#11119,.T.);
#11119 = EDGE_CURVE('',#11120,#11120,#11122,.T.);
#11120 = VERTEX_POINT('',#11121);
#11121 = CARTESIAN_POINT('',(156.485,-120.9,0.));
#11122 = CIRCLE('',#11123,0.4);
#11123 = AXIS2_PLACEMENT_3D('',#11124,#11125,#11126);
#11124 = CARTESIAN_POINT('',(156.485,-120.5,0.));
#11125 = DIRECTION('',(-0.,0.,-1.));
#11126 = DIRECTION('',(-0.,-1.,0.));
#11127 = FACE_BOUND('',#11128,.F.);
#11128 = EDGE_LOOP('',(#11129));
#11129 = ORIENTED_EDGE('',*,*,#11130,.T.);
#11130 = EDGE_CURVE('',#11131,#11131,#11133,.T.);
#11131 = VERTEX_POINT('',#11132);
#11132 = CARTESIAN_POINT('',(163.,-116.99,0.));
#11133 = CIRCLE('',#11134,0.45);
#11134 = AXIS2_PLACEMENT_3D('',#11135,#11136,#11137);
#11135 = CARTESIAN_POINT('',(163.,-116.54,0.));
#11136 = DIRECTION('',(-0.,0.,-1.));
#11137 = DIRECTION('',(-0.,-1.,0.));
#11138 = FACE_BOUND('',#11139,.F.);
#11139 = EDGE_LOOP('',(#11140));
#11140 = ORIENTED_EDGE('',*,*,#11141,.T.);
#11141 = EDGE_CURVE('',#11142,#11142,#11144,.T.);
#11142 = VERTEX_POINT('',#11143);
#11143 = CARTESIAN_POINT('',(163.,-115.72,0.));
#11144 = CIRCLE('',#11145,0.45);
#11145 = AXIS2_PLACEMENT_3D('',#11146,#11147,#11148);
#11146 = CARTESIAN_POINT('',(163.,-115.27,0.));
#11147 = DIRECTION('',(-0.,0.,-1.));
#11148 = DIRECTION('',(-0.,-1.,0.));
#11149 = FACE_BOUND('',#11150,.F.);
#11150 = EDGE_LOOP('',(#11151));
#11151 = ORIENTED_EDGE('',*,*,#11152,.T.);
#11152 = EDGE_CURVE('',#11153,#11153,#11155,.T.);
#11153 = VERTEX_POINT('',#11154);
#11154 = CARTESIAN_POINT('',(171.5,-116.99,0.));
#11155 = CIRCLE('',#11156,0.45);
#11156 = AXIS2_PLACEMENT_3D('',#11157,#11158,#11159);
#11157 = CARTESIAN_POINT('',(171.5,-116.54,0.));
#11158 = DIRECTION('',(-0.,0.,-1.));
#11159 = DIRECTION('',(-0.,-1.,0.));
#11160 = FACE_BOUND('',#11161,.F.);
#11161 = EDGE_LOOP('',(#11162));
#11162 = ORIENTED_EDGE('',*,*,#11163,.T.);
#11163 = EDGE_CURVE('',#11164,#11164,#11166,.T.);
#11164 = VERTEX_POINT('',#11165);
#11165 = CARTESIAN_POINT('',(171.5,-115.72,0.));
#11166 = CIRCLE('',#11167,0.45);
#11167 = AXIS2_PLACEMENT_3D('',#11168,#11169,#11170);
#11168 = CARTESIAN_POINT('',(171.5,-115.27,0.));
#11169 = DIRECTION('',(-0.,0.,-1.));
#11170 = DIRECTION('',(-0.,-1.,0.));
#11171 = FACE_BOUND('',#11172,.F.);
#11172 = EDGE_LOOP('',(#11173));
#11173 = ORIENTED_EDGE('',*,*,#11174,.T.);
#11174 = EDGE_CURVE('',#11175,#11175,#11177,.T.);
#11175 = VERTEX_POINT('',#11176);
#11176 = CARTESIAN_POINT('',(180.,-116.99,0.));
#11177 = CIRCLE('',#11178,0.45);
#11178 = AXIS2_PLACEMENT_3D('',#11179,#11180,#11181);
#11179 = CARTESIAN_POINT('',(180.,-116.54,0.));
#11180 = DIRECTION('',(-0.,0.,-1.));
#11181 = DIRECTION('',(-0.,-1.,0.));
#11182 = FACE_BOUND('',#11183,.F.);
#11183 = EDGE_LOOP('',(#11184));
#11184 = ORIENTED_EDGE('',*,*,#11185,.T.);
#11185 = EDGE_CURVE('',#11186,#11186,#11188,.T.);
#11186 = VERTEX_POINT('',#11187);
#11187 = CARTESIAN_POINT('',(180.,-115.72,0.));
#11188 = CIRCLE('',#11189,0.45);
#11189 = AXIS2_PLACEMENT_3D('',#11190,#11191,#11192);
#11190 = CARTESIAN_POINT('',(180.,-115.27,0.));
#11191 = DIRECTION('',(-0.,0.,-1.));
#11192 = DIRECTION('',(-0.,-1.,0.));
#11193 = FACE_BOUND('',#11194,.F.);
#11194 = EDGE_LOOP('',(#11195));
#11195 = ORIENTED_EDGE('',*,*,#11196,.T.);
#11196 = EDGE_CURVE('',#11197,#11197,#11199,.T.);
#11197 = VERTEX_POINT('',#11198);
#11198 = CARTESIAN_POINT('',(122.76,-107.,0.));
#11199 = CIRCLE('',#11200,0.5);
#11200 = AXIS2_PLACEMENT_3D('',#11201,#11202,#11203);
#11201 = CARTESIAN_POINT('',(122.76,-106.5,0.));
#11202 = DIRECTION('',(-0.,0.,-1.));
#11203 = DIRECTION('',(-0.,-1.,0.));
#11204 = FACE_BOUND('',#11205,.F.);
#11205 = EDGE_LOOP('',(#11206));
#11206 = ORIENTED_EDGE('',*,*,#11207,.T.);
#11207 = EDGE_CURVE('',#11208,#11208,#11210,.T.);
#11208 = VERTEX_POINT('',#11209);
#11209 = CARTESIAN_POINT('',(125.3,-107.,0.));
#11210 = CIRCLE('',#11211,0.5);
#11211 = AXIS2_PLACEMENT_3D('',#11212,#11213,#11214);
#11212 = CARTESIAN_POINT('',(125.3,-106.5,0.));
#11213 = DIRECTION('',(-0.,0.,-1.));
#11214 = DIRECTION('',(-0.,-1.,0.));
#11215 = FACE_BOUND('',#11216,.F.);
#11216 = EDGE_LOOP('',(#11217));
#11217 = ORIENTED_EDGE('',*,*,#11218,.T.);
#11218 = EDGE_CURVE('',#11219,#11219,#11221,.T.);
#11219 = VERTEX_POINT('',#11220);
#11220 = CARTESIAN_POINT('',(127.84,-107.,0.));
#11221 = CIRCLE('',#11222,0.5);
#11222 = AXIS2_PLACEMENT_3D('',#11223,#11224,#11225);
#11223 = CARTESIAN_POINT('',(127.84,-106.5,0.));
#11224 = DIRECTION('',(-0.,0.,-1.));
#11225 = DIRECTION('',(-0.,-1.,0.));
#11226 = FACE_BOUND('',#11227,.F.);
#11227 = EDGE_LOOP('',(#11228));
#11228 = ORIENTED_EDGE('',*,*,#11229,.T.);
#11229 = EDGE_CURVE('',#11230,#11230,#11232,.T.);
#11230 = VERTEX_POINT('',#11231);
#11231 = CARTESIAN_POINT('',(130.38,-107.,0.));
#11232 = CIRCLE('',#11233,0.5);
#11233 = AXIS2_PLACEMENT_3D('',#11234,#11235,#11236);
#11234 = CARTESIAN_POINT('',(130.38,-106.5,0.));
#11235 = DIRECTION('',(-0.,0.,-1.));
#11236 = DIRECTION('',(-0.,-1.,0.));
#11237 = FACE_BOUND('',#11238,.F.);
#11238 = EDGE_LOOP('',(#11239));
#11239 = ORIENTED_EDGE('',*,*,#11240,.T.);
#11240 = EDGE_CURVE('',#11241,#11241,#11243,.T.);
#11241 = VERTEX_POINT('',#11242);
#11242 = CARTESIAN_POINT('',(132.92,-107.,0.));
#11243 = CIRCLE('',#11244,0.5);
#11244 = AXIS2_PLACEMENT_3D('',#11245,#11246,#11247);
#11245 = CARTESIAN_POINT('',(132.92,-106.5,0.));
#11246 = DIRECTION('',(-0.,0.,-1.));
#11247 = DIRECTION('',(-0.,-1.,0.));
#11248 = FACE_BOUND('',#11249,.F.);
#11249 = EDGE_LOOP('',(#11250));
#11250 = ORIENTED_EDGE('',*,*,#11251,.T.);
#11251 = EDGE_CURVE('',#11252,#11252,#11254,.T.);
#11252 = VERTEX_POINT('',#11253);
#11253 = CARTESIAN_POINT('',(135.46,-107.,0.));
#11254 = CIRCLE('',#11255,0.5);
#11255 = AXIS2_PLACEMENT_3D('',#11256,#11257,#11258);
#11256 = CARTESIAN_POINT('',(135.46,-106.5,0.));
#11257 = DIRECTION('',(-0.,0.,-1.));
#11258 = DIRECTION('',(-0.,-1.,0.));
#11259 = FACE_BOUND('',#11260,.F.);
#11260 = EDGE_LOOP('',(#11261));
#11261 = ORIENTED_EDGE('',*,*,#11262,.T.);
#11262 = EDGE_CURVE('',#11263,#11263,#11265,.T.);
#11263 = VERTEX_POINT('',#11264);
#11264 = CARTESIAN_POINT('',(146.325,-114.9,0.));
#11265 = CIRCLE('',#11266,0.4);
#11266 = AXIS2_PLACEMENT_3D('',#11267,#11268,#11269);
#11267 = CARTESIAN_POINT('',(146.325,-114.5,0.));
#11268 = DIRECTION('',(-0.,0.,-1.));
#11269 = DIRECTION('',(-0.,-1.,0.));
#11270 = FACE_BOUND('',#11271,.F.);
#11271 = EDGE_LOOP('',(#11272));
#11272 = ORIENTED_EDGE('',*,*,#11273,.T.);
#11273 = EDGE_CURVE('',#11274,#11274,#11276,.T.);
#11274 = VERTEX_POINT('',#11275);
#11275 = CARTESIAN_POINT('',(138.,-107.,0.));
#11276 = CIRCLE('',#11277,0.5);
#11277 = AXIS2_PLACEMENT_3D('',#11278,#11279,#11280);
#11278 = CARTESIAN_POINT('',(138.,-106.5,0.));
#11279 = DIRECTION('',(-0.,0.,-1.));
#11280 = DIRECTION('',(-0.,-1.,0.));
#11281 = FACE_BOUND('',#11282,.F.);
#11282 = EDGE_LOOP('',(#11283));
#11283 = ORIENTED_EDGE('',*,*,#11284,.T.);
#11284 = EDGE_CURVE('',#11285,#11285,#11287,.T.);
#11285 = VERTEX_POINT('',#11286);
#11286 = CARTESIAN_POINT('',(146.325,-108.9,0.));
#11287 = CIRCLE('',#11288,0.4);
#11288 = AXIS2_PLACEMENT_3D('',#11289,#11290,#11291);
#11289 = CARTESIAN_POINT('',(146.325,-108.5,0.));
#11290 = DIRECTION('',(-0.,0.,-1.));
#11291 = DIRECTION('',(-0.,-1.,0.));
#11292 = FACE_BOUND('',#11293,.F.);
#11293 = EDGE_LOOP('',(#11294));
#11294 = ORIENTED_EDGE('',*,*,#11295,.T.);
#11295 = EDGE_CURVE('',#11296,#11296,#11298,.T.);
#11296 = VERTEX_POINT('',#11297);
#11297 = CARTESIAN_POINT('',(144.92,-92.,0.));
#11298 = CIRCLE('',#11299,0.5);
#11299 = AXIS2_PLACEMENT_3D('',#11300,#11301,#11302);
#11300 = CARTESIAN_POINT('',(144.92,-91.5,0.));
#11301 = DIRECTION('',(-0.,0.,-1.));
#11302 = DIRECTION('',(-0.,-1.,0.));
#11303 = FACE_BOUND('',#11304,.F.);
#11304 = EDGE_LOOP('',(#11305));
#11305 = ORIENTED_EDGE('',*,*,#11306,.T.);
#11306 = EDGE_CURVE('',#11307,#11307,#11309,.T.);
#11307 = VERTEX_POINT('',#11308);
#11308 = CARTESIAN_POINT('',(147.46,-92.,0.));
#11309 = CIRCLE('',#11310,0.5);
#11310 = AXIS2_PLACEMENT_3D('',#11311,#11312,#11313);
#11311 = CARTESIAN_POINT('',(147.46,-91.5,0.));
#11312 = DIRECTION('',(-0.,0.,-1.));
#11313 = DIRECTION('',(-0.,-1.,0.));
#11314 = FACE_BOUND('',#11315,.F.);
#11315 = EDGE_LOOP('',(#11316));
#11316 = ORIENTED_EDGE('',*,*,#11317,.T.);
#11317 = EDGE_CURVE('',#11318,#11318,#11320,.T.);
#11318 = VERTEX_POINT('',#11319);
#11319 = CARTESIAN_POINT('',(150.,-92.,0.));
#11320 = CIRCLE('',#11321,0.5);
#11321 = AXIS2_PLACEMENT_3D('',#11322,#11323,#11324);
#11322 = CARTESIAN_POINT('',(150.,-91.5,0.));
#11323 = DIRECTION('',(-0.,0.,-1.));
#11324 = DIRECTION('',(-0.,-1.,0.));
#11325 = FACE_BOUND('',#11326,.F.);
#11326 = EDGE_LOOP('',(#11327));
#11327 = ORIENTED_EDGE('',*,*,#11328,.T.);
#11328 = EDGE_CURVE('',#11329,#11329,#11331,.T.);
#11329 = VERTEX_POINT('',#11330);
#11330 = CARTESIAN_POINT('',(156.485,-114.9,0.));
#11331 = CIRCLE('',#11332,0.4);
#11332 = AXIS2_PLACEMENT_3D('',#11333,#11334,#11335);
#11333 = CARTESIAN_POINT('',(156.485,-114.5,0.));
#11334 = DIRECTION('',(-0.,0.,-1.));
#11335 = DIRECTION('',(-0.,-1.,0.));
#11336 = FACE_BOUND('',#11337,.F.);
#11337 = EDGE_LOOP('',(#11338));
#11338 = ORIENTED_EDGE('',*,*,#11339,.T.);
#11339 = EDGE_CURVE('',#11340,#11340,#11342,.T.);
#11340 = VERTEX_POINT('',#11341);
#11341 = CARTESIAN_POINT('',(163.,-114.45,0.));
#11342 = CIRCLE('',#11343,0.45);
#11343 = AXIS2_PLACEMENT_3D('',#11344,#11345,#11346);
#11344 = CARTESIAN_POINT('',(163.,-114.,0.));
#11345 = DIRECTION('',(-0.,0.,-1.));
#11346 = DIRECTION('',(-0.,-1.,0.));
#11347 = FACE_BOUND('',#11348,.F.);
#11348 = EDGE_LOOP('',(#11349));
#11349 = ORIENTED_EDGE('',*,*,#11350,.T.);
#11350 = EDGE_CURVE('',#11351,#11351,#11353,.T.);
#11351 = VERTEX_POINT('',#11352);
#11352 = CARTESIAN_POINT('',(163.,-113.18,0.));
#11353 = CIRCLE('',#11354,0.45);
#11354 = AXIS2_PLACEMENT_3D('',#11355,#11356,#11357);
#11355 = CARTESIAN_POINT('',(163.,-112.73,0.));
#11356 = DIRECTION('',(-0.,0.,-1.));
#11357 = DIRECTION('',(-0.,-1.,0.));
#11358 = FACE_BOUND('',#11359,.F.);
#11359 = EDGE_LOOP('',(#11360));
#11360 = ORIENTED_EDGE('',*,*,#11361,.T.);
#11361 = EDGE_CURVE('',#11362,#11362,#11364,.T.);
#11362 = VERTEX_POINT('',#11363);
#11363 = CARTESIAN_POINT('',(156.485,-108.9,0.));
#11364 = CIRCLE('',#11365,0.4);
#11365 = AXIS2_PLACEMENT_3D('',#11366,#11367,#11368);
#11366 = CARTESIAN_POINT('',(156.485,-108.5,0.));
#11367 = DIRECTION('',(-0.,0.,-1.));
#11368 = DIRECTION('',(-0.,-1.,0.));
#11369 = FACE_BOUND('',#11370,.F.);
#11370 = EDGE_LOOP('',(#11371));
#11371 = ORIENTED_EDGE('',*,*,#11372,.T.);
#11372 = EDGE_CURVE('',#11373,#11373,#11375,.T.);
#11373 = VERTEX_POINT('',#11374);
#11374 = CARTESIAN_POINT('',(171.5,-114.45,0.));
#11375 = CIRCLE('',#11376,0.45);
#11376 = AXIS2_PLACEMENT_3D('',#11377,#11378,#11379);
#11377 = CARTESIAN_POINT('',(171.5,-114.,0.));
#11378 = DIRECTION('',(-0.,0.,-1.));
#11379 = DIRECTION('',(-0.,-1.,0.));
#11380 = FACE_BOUND('',#11381,.F.);
#11381 = EDGE_LOOP('',(#11382));
#11382 = ORIENTED_EDGE('',*,*,#11383,.T.);
#11383 = EDGE_CURVE('',#11384,#11384,#11386,.T.);
#11384 = VERTEX_POINT('',#11385);
#11385 = CARTESIAN_POINT('',(171.5,-113.18,0.));
#11386 = CIRCLE('',#11387,0.45);
#11387 = AXIS2_PLACEMENT_3D('',#11388,#11389,#11390);
#11388 = CARTESIAN_POINT('',(171.5,-112.73,0.));
#11389 = DIRECTION('',(-0.,0.,-1.));
#11390 = DIRECTION('',(-0.,-1.,0.));
#11391 = FACE_BOUND('',#11392,.F.);
#11392 = EDGE_LOOP('',(#11393));
#11393 = ORIENTED_EDGE('',*,*,#11394,.T.);
#11394 = EDGE_CURVE('',#11395,#11395,#11397,.T.);
#11395 = VERTEX_POINT('',#11396);
#11396 = CARTESIAN_POINT('',(180.,-114.45,0.));
#11397 = CIRCLE('',#11398,0.45);
#11398 = AXIS2_PLACEMENT_3D('',#11399,#11400,#11401);
#11399 = CARTESIAN_POINT('',(180.,-114.,0.));
#11400 = DIRECTION('',(-0.,0.,-1.));
#11401 = DIRECTION('',(-0.,-1.,0.));
#11402 = FACE_BOUND('',#11403,.F.);
#11403 = EDGE_LOOP('',(#11404));
#11404 = ORIENTED_EDGE('',*,*,#11405,.T.);
#11405 = EDGE_CURVE('',#11406,#11406,#11408,.T.);
#11406 = VERTEX_POINT('',#11407);
#11407 = CARTESIAN_POINT('',(180.,-113.18,0.));
#11408 = CIRCLE('',#11409,0.45);
#11409 = AXIS2_PLACEMENT_3D('',#11410,#11411,#11412);
#11410 = CARTESIAN_POINT('',(180.,-112.73,0.));
#11411 = DIRECTION('',(-0.,0.,-1.));
#11412 = DIRECTION('',(-0.,-1.,0.));
#11413 = FACE_BOUND('',#11414,.F.);
#11414 = EDGE_LOOP('',(#11415));
#11415 = ORIENTED_EDGE('',*,*,#11416,.T.);
#11416 = EDGE_CURVE('',#11417,#11417,#11419,.T.);
#11417 = VERTEX_POINT('',#11418);
#11418 = CARTESIAN_POINT('',(152.54,-92.,0.));
#11419 = CIRCLE('',#11420,0.5);
#11420 = AXIS2_PLACEMENT_3D('',#11421,#11422,#11423);
#11421 = CARTESIAN_POINT('',(152.54,-91.5,0.));
#11422 = DIRECTION('',(-0.,0.,-1.));
#11423 = DIRECTION('',(-0.,-1.,0.));
#11424 = PLANE('',#11425);
#11425 = AXIS2_PLACEMENT_3D('',#11426,#11427,#11428);
#11426 = CARTESIAN_POINT('',(0.,0.,0.));
#11427 = DIRECTION('',(0.,0.,1.));
#11428 = DIRECTION('',(1.,0.,-0.));
#11429 = ADVANCED_FACE('',(#11430,#11441,#11452,#11463,#11474,#11485,
    #11496,#11507,#11518,#11529,#11540,#11551,#11562,#11573,#11584,
    #11595,#11606,#11617,#11628,#11639,#11650,#11661,#11672,#11683,
    #11694,#11705,#11716,#11727,#11738,#11749,#11760,#11771,#11782,
    #11793,#11804,#11815,#11826,#11837,#11848,#11859,#11870,#11881,
    #11892,#11903,#11914,#11925,#11936,#11947,#11958,#11969),#11980,.T.
  );
#11430 = FACE_BOUND('',#11431,.T.);
#11431 = EDGE_LOOP('',(#11432,#11433,#11434,#11440));
#11432 = ORIENTED_EDGE('',*,*,#10785,.F.);
#11433 = ORIENTED_EDGE('',*,*,#10825,.F.);
#11434 = ORIENTED_EDGE('',*,*,#11435,.F.);
#11435 = EDGE_CURVE('',#10848,#10818,#11436,.T.);
#11436 = LINE('',#11437,#11438);
#11437 = CARTESIAN_POINT('',(116.,-86.5,1.51));
#11438 = VECTOR('',#11439,1.);
#11439 = DIRECTION('',(1.,0.,0.));
#11440 = ORIENTED_EDGE('',*,*,#10847,.F.);
#11441 = FACE_BOUND('',#11442,.T.);
#11442 = EDGE_LOOP('',(#11443));
#11443 = ORIENTED_EDGE('',*,*,#11444,.T.);
#11444 = EDGE_CURVE('',#11445,#11445,#11447,.T.);
#11445 = VERTEX_POINT('',#11446);
#11446 = CARTESIAN_POINT('',(125.,-138.05,1.51));
#11447 = CIRCLE('',#11448,0.55);
#11448 = AXIS2_PLACEMENT_3D('',#11449,#11450,#11451);
#11449 = CARTESIAN_POINT('',(125.,-137.5,1.51));
#11450 = DIRECTION('',(-0.,0.,-1.));
#11451 = DIRECTION('',(-0.,-1.,0.));
#11452 = FACE_BOUND('',#11453,.T.);
#11453 = EDGE_LOOP('',(#11454));
#11454 = ORIENTED_EDGE('',*,*,#11455,.T.);
#11455 = EDGE_CURVE('',#11456,#11456,#11458,.T.);
#11456 = VERTEX_POINT('',#11457);
#11457 = CARTESIAN_POINT('',(131.5,-138.05,1.51));
#11458 = CIRCLE('',#11459,0.55);
#11459 = AXIS2_PLACEMENT_3D('',#11460,#11461,#11462);
#11460 = CARTESIAN_POINT('',(131.5,-137.5,1.51));
#11461 = DIRECTION('',(-0.,0.,-1.));
#11462 = DIRECTION('',(-0.,-1.,0.));
#11463 = FACE_BOUND('',#11464,.T.);
#11464 = EDGE_LOOP('',(#11465));
#11465 = ORIENTED_EDGE('',*,*,#11466,.T.);
#11466 = EDGE_CURVE('',#11467,#11467,#11469,.T.);
#11467 = VERTEX_POINT('',#11468);
#11468 = CARTESIAN_POINT('',(125.,-133.55,1.51));
#11469 = CIRCLE('',#11470,0.55);
#11470 = AXIS2_PLACEMENT_3D('',#11471,#11472,#11473);
#11471 = CARTESIAN_POINT('',(125.,-133.,1.51));
#11472 = DIRECTION('',(-0.,0.,-1.));
#11473 = DIRECTION('',(-0.,-1.,0.));
#11474 = FACE_BOUND('',#11475,.T.);
#11475 = EDGE_LOOP('',(#11476));
#11476 = ORIENTED_EDGE('',*,*,#11477,.T.);
#11477 = EDGE_CURVE('',#11478,#11478,#11480,.T.);
#11478 = VERTEX_POINT('',#11479);
#11479 = CARTESIAN_POINT('',(131.5,-133.55,1.51));
#11480 = CIRCLE('',#11481,0.55);
#11481 = AXIS2_PLACEMENT_3D('',#11482,#11483,#11484);
#11482 = CARTESIAN_POINT('',(131.5,-133.,1.51));
#11483 = DIRECTION('',(-0.,0.,-1.));
#11484 = DIRECTION('',(-0.,-1.,0.));
#11485 = FACE_BOUND('',#11486,.T.);
#11486 = EDGE_LOOP('',(#11487));
#11487 = ORIENTED_EDGE('',*,*,#11488,.T.);
#11488 = EDGE_CURVE('',#11489,#11489,#11491,.T.);
#11489 = VERTEX_POINT('',#11490);
#11490 = CARTESIAN_POINT('',(148.,-139.08,1.51));
#11491 = CIRCLE('',#11492,0.5);
#11492 = AXIS2_PLACEMENT_3D('',#11493,#11494,#11495);
#11493 = CARTESIAN_POINT('',(148.,-138.58,1.51));
#11494 = DIRECTION('',(-0.,0.,-1.));
#11495 = DIRECTION('',(-0.,-1.,0.));
#11496 = FACE_BOUND('',#11497,.T.);
#11497 = EDGE_LOOP('',(#11498));
#11498 = ORIENTED_EDGE('',*,*,#11499,.T.);
#11499 = EDGE_CURVE('',#11500,#11500,#11502,.T.);
#11500 = VERTEX_POINT('',#11501);
#11501 = CARTESIAN_POINT('',(148.,-136.54,1.51));
#11502 = CIRCLE('',#11503,0.5);
#11503 = AXIS2_PLACEMENT_3D('',#11504,#11505,#11506);
#11504 = CARTESIAN_POINT('',(148.,-136.04,1.51));
#11505 = DIRECTION('',(-0.,0.,-1.));
#11506 = DIRECTION('',(-0.,-1.,0.));
#11507 = FACE_BOUND('',#11508,.T.);
#11508 = EDGE_LOOP('',(#11509));
#11509 = ORIENTED_EDGE('',*,*,#11510,.T.);
#11510 = EDGE_CURVE('',#11511,#11511,#11513,.T.);
#11511 = VERTEX_POINT('',#11512);
#11512 = CARTESIAN_POINT('',(148.,-134.,1.51));
#11513 = CIRCLE('',#11514,0.5);
#11514 = AXIS2_PLACEMENT_3D('',#11515,#11516,#11517);
#11515 = CARTESIAN_POINT('',(148.,-133.5,1.51));
#11516 = DIRECTION('',(-0.,0.,-1.));
#11517 = DIRECTION('',(-0.,-1.,0.));
#11518 = FACE_BOUND('',#11519,.T.);
#11519 = EDGE_LOOP('',(#11520));
#11520 = ORIENTED_EDGE('',*,*,#11521,.T.);
#11521 = EDGE_CURVE('',#11522,#11522,#11524,.T.);
#11522 = VERTEX_POINT('',#11523);
#11523 = CARTESIAN_POINT('',(148.,-131.46,1.51));
#11524 = CIRCLE('',#11525,0.5);
#11525 = AXIS2_PLACEMENT_3D('',#11526,#11527,#11528);
#11526 = CARTESIAN_POINT('',(148.,-130.96,1.51));
#11527 = DIRECTION('',(-0.,0.,-1.));
#11528 = DIRECTION('',(-0.,-1.,0.));
#11529 = FACE_BOUND('',#11530,.T.);
#11530 = EDGE_LOOP('',(#11531));
#11531 = ORIENTED_EDGE('',*,*,#11532,.T.);
#11532 = EDGE_CURVE('',#11533,#11533,#11535,.T.);
#11533 = VERTEX_POINT('',#11534);
#11534 = CARTESIAN_POINT('',(148.,-128.92,1.51));
#11535 = CIRCLE('',#11536,0.5);
#11536 = AXIS2_PLACEMENT_3D('',#11537,#11538,#11539);
#11537 = CARTESIAN_POINT('',(148.,-128.42,1.51));
#11538 = DIRECTION('',(-0.,0.,-1.));
#11539 = DIRECTION('',(-0.,-1.,0.));
#11540 = FACE_BOUND('',#11541,.T.);
#11541 = EDGE_LOOP('',(#11542));
#11542 = ORIENTED_EDGE('',*,*,#11543,.T.);
#11543 = EDGE_CURVE('',#11544,#11544,#11546,.T.);
#11544 = VERTEX_POINT('',#11545);
#11545 = CARTESIAN_POINT('',(122.76,-122.25,1.51));
#11546 = CIRCLE('',#11547,0.5);
#11547 = AXIS2_PLACEMENT_3D('',#11548,#11549,#11550);
#11548 = CARTESIAN_POINT('',(122.76,-121.75,1.51));
#11549 = DIRECTION('',(-0.,0.,-1.));
#11550 = DIRECTION('',(-0.,-1.,0.));
#11551 = FACE_BOUND('',#11552,.T.);
#11552 = EDGE_LOOP('',(#11553));
#11553 = ORIENTED_EDGE('',*,*,#11554,.T.);
#11554 = EDGE_CURVE('',#11555,#11555,#11557,.T.);
#11555 = VERTEX_POINT('',#11556);
#11556 = CARTESIAN_POINT('',(125.3,-122.25,1.51));
#11557 = CIRCLE('',#11558,0.5);
#11558 = AXIS2_PLACEMENT_3D('',#11559,#11560,#11561);
#11559 = CARTESIAN_POINT('',(125.3,-121.75,1.51));
#11560 = DIRECTION('',(-0.,0.,-1.));
#11561 = DIRECTION('',(-0.,-1.,0.));
#11562 = FACE_BOUND('',#11563,.T.);
#11563 = EDGE_LOOP('',(#11564));
#11564 = ORIENTED_EDGE('',*,*,#11565,.T.);
#11565 = EDGE_CURVE('',#11566,#11566,#11568,.T.);
#11566 = VERTEX_POINT('',#11567);
#11567 = CARTESIAN_POINT('',(127.84,-122.25,1.51));
#11568 = CIRCLE('',#11569,0.5);
#11569 = AXIS2_PLACEMENT_3D('',#11570,#11571,#11572);
#11570 = CARTESIAN_POINT('',(127.84,-121.75,1.51));
#11571 = DIRECTION('',(-0.,0.,-1.));
#11572 = DIRECTION('',(-0.,-1.,0.));
#11573 = FACE_BOUND('',#11574,.T.);
#11574 = EDGE_LOOP('',(#11575));
#11575 = ORIENTED_EDGE('',*,*,#11576,.T.);
#11576 = EDGE_CURVE('',#11577,#11577,#11579,.T.);
#11577 = VERTEX_POINT('',#11578);
#11578 = CARTESIAN_POINT('',(130.38,-122.25,1.51));
#11579 = CIRCLE('',#11580,0.5);
#11580 = AXIS2_PLACEMENT_3D('',#11581,#11582,#11583);
#11581 = CARTESIAN_POINT('',(130.38,-121.75,1.51));
#11582 = DIRECTION('',(-0.,0.,-1.));
#11583 = DIRECTION('',(-0.,-1.,0.));
#11584 = FACE_BOUND('',#11585,.T.);
#11585 = EDGE_LOOP('',(#11586));
#11586 = ORIENTED_EDGE('',*,*,#11587,.T.);
#11587 = EDGE_CURVE('',#11588,#11588,#11590,.T.);
#11588 = VERTEX_POINT('',#11589);
#11589 = CARTESIAN_POINT('',(132.92,-122.25,1.51));
#11590 = CIRCLE('',#11591,0.5);
#11591 = AXIS2_PLACEMENT_3D('',#11592,#11593,#11594);
#11592 = CARTESIAN_POINT('',(132.92,-121.75,1.51));
#11593 = DIRECTION('',(-0.,0.,-1.));
#11594 = DIRECTION('',(-0.,-1.,0.));
#11595 = FACE_BOUND('',#11596,.T.);
#11596 = EDGE_LOOP('',(#11597));
#11597 = ORIENTED_EDGE('',*,*,#11598,.T.);
#11598 = EDGE_CURVE('',#11599,#11599,#11601,.T.);
#11599 = VERTEX_POINT('',#11600);
#11600 = CARTESIAN_POINT('',(135.46,-122.25,1.51));
#11601 = CIRCLE('',#11602,0.5);
#11602 = AXIS2_PLACEMENT_3D('',#11603,#11604,#11605);
#11603 = CARTESIAN_POINT('',(135.46,-121.75,1.51));
#11604 = DIRECTION('',(-0.,0.,-1.));
#11605 = DIRECTION('',(-0.,-1.,0.));
#11606 = FACE_BOUND('',#11607,.T.);
#11607 = EDGE_LOOP('',(#11608));
#11608 = ORIENTED_EDGE('',*,*,#11609,.T.);
#11609 = EDGE_CURVE('',#11610,#11610,#11612,.T.);
#11610 = VERTEX_POINT('',#11611);
#11611 = CARTESIAN_POINT('',(138.,-122.25,1.51));
#11612 = CIRCLE('',#11613,0.5);
#11613 = AXIS2_PLACEMENT_3D('',#11614,#11615,#11616);
#11614 = CARTESIAN_POINT('',(138.,-121.75,1.51));
#11615 = DIRECTION('',(-0.,0.,-1.));
#11616 = DIRECTION('',(-0.,-1.,0.));
#11617 = FACE_BOUND('',#11618,.T.);
#11618 = EDGE_LOOP('',(#11619));
#11619 = ORIENTED_EDGE('',*,*,#11620,.T.);
#11620 = EDGE_CURVE('',#11621,#11621,#11623,.T.);
#11621 = VERTEX_POINT('',#11622);
#11622 = CARTESIAN_POINT('',(146.325,-120.9,1.51));
#11623 = CIRCLE('',#11624,0.4);
#11624 = AXIS2_PLACEMENT_3D('',#11625,#11626,#11627);
#11625 = CARTESIAN_POINT('',(146.325,-120.5,1.51));
#11626 = DIRECTION('',(-0.,0.,-1.));
#11627 = DIRECTION('',(-0.,-1.,0.));
#11628 = FACE_BOUND('',#11629,.T.);
#11629 = EDGE_LOOP('',(#11630));
#11630 = ORIENTED_EDGE('',*,*,#11631,.T.);
#11631 = EDGE_CURVE('',#11632,#11632,#11634,.T.);
#11632 = VERTEX_POINT('',#11633);
#11633 = CARTESIAN_POINT('',(165.75,-137.8,1.51));
#11634 = CIRCLE('',#11635,0.55);
#11635 = AXIS2_PLACEMENT_3D('',#11636,#11637,#11638);
#11636 = CARTESIAN_POINT('',(165.75,-137.25,1.51));
#11637 = DIRECTION('',(-0.,0.,-1.));
#11638 = DIRECTION('',(-0.,-1.,0.));
#11639 = FACE_BOUND('',#11640,.T.);
#11640 = EDGE_LOOP('',(#11641));
#11641 = ORIENTED_EDGE('',*,*,#11642,.T.);
#11642 = EDGE_CURVE('',#11643,#11643,#11645,.T.);
#11643 = VERTEX_POINT('',#11644);
#11644 = CARTESIAN_POINT('',(165.75,-133.3,1.51));
#11645 = CIRCLE('',#11646,0.55);
#11646 = AXIS2_PLACEMENT_3D('',#11647,#11648,#11649);
#11647 = CARTESIAN_POINT('',(165.75,-132.75,1.51));
#11648 = DIRECTION('',(-0.,0.,-1.));
#11649 = DIRECTION('',(-0.,-1.,0.));
#11650 = FACE_BOUND('',#11651,.T.);
#11651 = EDGE_LOOP('',(#11652));
#11652 = ORIENTED_EDGE('',*,*,#11653,.T.);
#11653 = EDGE_CURVE('',#11654,#11654,#11656,.T.);
#11654 = VERTEX_POINT('',#11655);
#11655 = CARTESIAN_POINT('',(172.25,-137.8,1.51));
#11656 = CIRCLE('',#11657,0.55);
#11657 = AXIS2_PLACEMENT_3D('',#11658,#11659,#11660);
#11658 = CARTESIAN_POINT('',(172.25,-137.25,1.51));
#11659 = DIRECTION('',(-0.,0.,-1.));
#11660 = DIRECTION('',(-0.,-1.,0.));
#11661 = FACE_BOUND('',#11662,.T.);
#11662 = EDGE_LOOP('',(#11663));
#11663 = ORIENTED_EDGE('',*,*,#11664,.T.);
#11664 = EDGE_CURVE('',#11665,#11665,#11667,.T.);
#11665 = VERTEX_POINT('',#11666);
#11666 = CARTESIAN_POINT('',(172.25,-133.3,1.51));
#11667 = CIRCLE('',#11668,0.55);
#11668 = AXIS2_PLACEMENT_3D('',#11669,#11670,#11671);
#11669 = CARTESIAN_POINT('',(172.25,-132.75,1.51));
#11670 = DIRECTION('',(-0.,0.,-1.));
#11671 = DIRECTION('',(-0.,-1.,0.));
#11672 = FACE_BOUND('',#11673,.T.);
#11673 = EDGE_LOOP('',(#11674));
#11674 = ORIENTED_EDGE('',*,*,#11675,.T.);
#11675 = EDGE_CURVE('',#11676,#11676,#11678,.T.);
#11676 = VERTEX_POINT('',#11677);
#11677 = CARTESIAN_POINT('',(156.485,-120.9,1.51));
#11678 = CIRCLE('',#11679,0.4);
#11679 = AXIS2_PLACEMENT_3D('',#11680,#11681,#11682);
#11680 = CARTESIAN_POINT('',(156.485,-120.5,1.51));
#11681 = DIRECTION('',(-0.,0.,-1.));
#11682 = DIRECTION('',(-0.,-1.,0.));
#11683 = FACE_BOUND('',#11684,.T.);
#11684 = EDGE_LOOP('',(#11685));
#11685 = ORIENTED_EDGE('',*,*,#11686,.T.);
#11686 = EDGE_CURVE('',#11687,#11687,#11689,.T.);
#11687 = VERTEX_POINT('',#11688);
#11688 = CARTESIAN_POINT('',(163.,-116.99,1.51));
#11689 = CIRCLE('',#11690,0.45);
#11690 = AXIS2_PLACEMENT_3D('',#11691,#11692,#11693);
#11691 = CARTESIAN_POINT('',(163.,-116.54,1.51));
#11692 = DIRECTION('',(-0.,0.,-1.));
#11693 = DIRECTION('',(-0.,-1.,0.));
#11694 = FACE_BOUND('',#11695,.T.);
#11695 = EDGE_LOOP('',(#11696));
#11696 = ORIENTED_EDGE('',*,*,#11697,.T.);
#11697 = EDGE_CURVE('',#11698,#11698,#11700,.T.);
#11698 = VERTEX_POINT('',#11699);
#11699 = CARTESIAN_POINT('',(163.,-115.72,1.51));
#11700 = CIRCLE('',#11701,0.45);
#11701 = AXIS2_PLACEMENT_3D('',#11702,#11703,#11704);
#11702 = CARTESIAN_POINT('',(163.,-115.27,1.51));
#11703 = DIRECTION('',(-0.,0.,-1.));
#11704 = DIRECTION('',(-0.,-1.,0.));
#11705 = FACE_BOUND('',#11706,.T.);
#11706 = EDGE_LOOP('',(#11707));
#11707 = ORIENTED_EDGE('',*,*,#11708,.T.);
#11708 = EDGE_CURVE('',#11709,#11709,#11711,.T.);
#11709 = VERTEX_POINT('',#11710);
#11710 = CARTESIAN_POINT('',(171.5,-116.99,1.51));
#11711 = CIRCLE('',#11712,0.45);
#11712 = AXIS2_PLACEMENT_3D('',#11713,#11714,#11715);
#11713 = CARTESIAN_POINT('',(171.5,-116.54,1.51));
#11714 = DIRECTION('',(-0.,0.,-1.));
#11715 = DIRECTION('',(-0.,-1.,0.));
#11716 = FACE_BOUND('',#11717,.T.);
#11717 = EDGE_LOOP('',(#11718));
#11718 = ORIENTED_EDGE('',*,*,#11719,.T.);
#11719 = EDGE_CURVE('',#11720,#11720,#11722,.T.);
#11720 = VERTEX_POINT('',#11721);
#11721 = CARTESIAN_POINT('',(171.5,-115.72,1.51));
#11722 = CIRCLE('',#11723,0.45);
#11723 = AXIS2_PLACEMENT_3D('',#11724,#11725,#11726);
#11724 = CARTESIAN_POINT('',(171.5,-115.27,1.51));
#11725 = DIRECTION('',(-0.,0.,-1.));
#11726 = DIRECTION('',(-0.,-1.,0.));
#11727 = FACE_BOUND('',#11728,.T.);
#11728 = EDGE_LOOP('',(#11729));
#11729 = ORIENTED_EDGE('',*,*,#11730,.T.);
#11730 = EDGE_CURVE('',#11731,#11731,#11733,.T.);
#11731 = VERTEX_POINT('',#11732);
#11732 = CARTESIAN_POINT('',(180.,-116.99,1.51));
#11733 = CIRCLE('',#11734,0.45);
#11734 = AXIS2_PLACEMENT_3D('',#11735,#11736,#11737);
#11735 = CARTESIAN_POINT('',(180.,-116.54,1.51));
#11736 = DIRECTION('',(-0.,0.,-1.));
#11737 = DIRECTION('',(-0.,-1.,0.));
#11738 = FACE_BOUND('',#11739,.T.);
#11739 = EDGE_LOOP('',(#11740));
#11740 = ORIENTED_EDGE('',*,*,#11741,.T.);
#11741 = EDGE_CURVE('',#11742,#11742,#11744,.T.);
#11742 = VERTEX_POINT('',#11743);
#11743 = CARTESIAN_POINT('',(180.,-115.72,1.51));
#11744 = CIRCLE('',#11745,0.45);
#11745 = AXIS2_PLACEMENT_3D('',#11746,#11747,#11748);
#11746 = CARTESIAN_POINT('',(180.,-115.27,1.51));
#11747 = DIRECTION('',(-0.,0.,-1.));
#11748 = DIRECTION('',(-0.,-1.,0.));
#11749 = FACE_BOUND('',#11750,.T.);
#11750 = EDGE_LOOP('',(#11751));
#11751 = ORIENTED_EDGE('',*,*,#11752,.T.);
#11752 = EDGE_CURVE('',#11753,#11753,#11755,.T.);
#11753 = VERTEX_POINT('',#11754);
#11754 = CARTESIAN_POINT('',(122.76,-107.,1.51));
#11755 = CIRCLE('',#11756,0.5);
#11756 = AXIS2_PLACEMENT_3D('',#11757,#11758,#11759);
#11757 = CARTESIAN_POINT('',(122.76,-106.5,1.51));
#11758 = DIRECTION('',(-0.,0.,-1.));
#11759 = DIRECTION('',(-0.,-1.,0.));
#11760 = FACE_BOUND('',#11761,.T.);
#11761 = EDGE_LOOP('',(#11762));
#11762 = ORIENTED_EDGE('',*,*,#11763,.T.);
#11763 = EDGE_CURVE('',#11764,#11764,#11766,.T.);
#11764 = VERTEX_POINT('',#11765);
#11765 = CARTESIAN_POINT('',(125.3,-107.,1.51));
#11766 = CIRCLE('',#11767,0.5);
#11767 = AXIS2_PLACEMENT_3D('',#11768,#11769,#11770);
#11768 = CARTESIAN_POINT('',(125.3,-106.5,1.51));
#11769 = DIRECTION('',(-0.,0.,-1.));
#11770 = DIRECTION('',(-0.,-1.,0.));
#11771 = FACE_BOUND('',#11772,.T.);
#11772 = EDGE_LOOP('',(#11773));
#11773 = ORIENTED_EDGE('',*,*,#11774,.T.);
#11774 = EDGE_CURVE('',#11775,#11775,#11777,.T.);
#11775 = VERTEX_POINT('',#11776);
#11776 = CARTESIAN_POINT('',(127.84,-107.,1.51));
#11777 = CIRCLE('',#11778,0.5);
#11778 = AXIS2_PLACEMENT_3D('',#11779,#11780,#11781);
#11779 = CARTESIAN_POINT('',(127.84,-106.5,1.51));
#11780 = DIRECTION('',(-0.,0.,-1.));
#11781 = DIRECTION('',(-0.,-1.,0.));
#11782 = FACE_BOUND('',#11783,.T.);
#11783 = EDGE_LOOP('',(#11784));
#11784 = ORIENTED_EDGE('',*,*,#11785,.T.);
#11785 = EDGE_CURVE('',#11786,#11786,#11788,.T.);
#11786 = VERTEX_POINT('',#11787);
#11787 = CARTESIAN_POINT('',(130.38,-107.,1.51));
#11788 = CIRCLE('',#11789,0.5);
#11789 = AXIS2_PLACEMENT_3D('',#11790,#11791,#11792);
#11790 = CARTESIAN_POINT('',(130.38,-106.5,1.51));
#11791 = DIRECTION('',(-0.,0.,-1.));
#11792 = DIRECTION('',(-0.,-1.,0.));
#11793 = FACE_BOUND('',#11794,.T.);
#11794 = EDGE_LOOP('',(#11795));
#11795 = ORIENTED_EDGE('',*,*,#11796,.T.);
#11796 = EDGE_CURVE('',#11797,#11797,#11799,.T.);
#11797 = VERTEX_POINT('',#11798);
#11798 = CARTESIAN_POINT('',(132.92,-107.,1.51));
#11799 = CIRCLE('',#11800,0.5);
#11800 = AXIS2_PLACEMENT_3D('',#11801,#11802,#11803);
#11801 = CARTESIAN_POINT('',(132.92,-106.5,1.51));
#11802 = DIRECTION('',(-0.,0.,-1.));
#11803 = DIRECTION('',(-0.,-1.,0.));
#11804 = FACE_BOUND('',#11805,.T.);
#11805 = EDGE_LOOP('',(#11806));
#11806 = ORIENTED_EDGE('',*,*,#11807,.T.);
#11807 = EDGE_CURVE('',#11808,#11808,#11810,.T.);
#11808 = VERTEX_POINT('',#11809);
#11809 = CARTESIAN_POINT('',(135.46,-107.,1.51));
#11810 = CIRCLE('',#11811,0.5);
#11811 = AXIS2_PLACEMENT_3D('',#11812,#11813,#11814);
#11812 = CARTESIAN_POINT('',(135.46,-106.5,1.51));
#11813 = DIRECTION('',(-0.,0.,-1.));
#11814 = DIRECTION('',(-0.,-1.,0.));
#11815 = FACE_BOUND('',#11816,.T.);
#11816 = EDGE_LOOP('',(#11817));
#11817 = ORIENTED_EDGE('',*,*,#11818,.T.);
#11818 = EDGE_CURVE('',#11819,#11819,#11821,.T.);
#11819 = VERTEX_POINT('',#11820);
#11820 = CARTESIAN_POINT('',(146.325,-114.9,1.51));
#11821 = CIRCLE('',#11822,0.4);
#11822 = AXIS2_PLACEMENT_3D('',#11823,#11824,#11825);
#11823 = CARTESIAN_POINT('',(146.325,-114.5,1.51));
#11824 = DIRECTION('',(-0.,0.,-1.));
#11825 = DIRECTION('',(-0.,-1.,0.));
#11826 = FACE_BOUND('',#11827,.T.);
#11827 = EDGE_LOOP('',(#11828));
#11828 = ORIENTED_EDGE('',*,*,#11829,.T.);
#11829 = EDGE_CURVE('',#11830,#11830,#11832,.T.);
#11830 = VERTEX_POINT('',#11831);
#11831 = CARTESIAN_POINT('',(138.,-107.,1.51));
#11832 = CIRCLE('',#11833,0.5);
#11833 = AXIS2_PLACEMENT_3D('',#11834,#11835,#11836);
#11834 = CARTESIAN_POINT('',(138.,-106.5,1.51));
#11835 = DIRECTION('',(-0.,0.,-1.));
#11836 = DIRECTION('',(-0.,-1.,0.));
#11837 = FACE_BOUND('',#11838,.T.);
#11838 = EDGE_LOOP('',(#11839));
#11839 = ORIENTED_EDGE('',*,*,#11840,.T.);
#11840 = EDGE_CURVE('',#11841,#11841,#11843,.T.);
#11841 = VERTEX_POINT('',#11842);
#11842 = CARTESIAN_POINT('',(146.325,-108.9,1.51));
#11843 = CIRCLE('',#11844,0.4);
#11844 = AXIS2_PLACEMENT_3D('',#11845,#11846,#11847);
#11845 = CARTESIAN_POINT('',(146.325,-108.5,1.51));
#11846 = DIRECTION('',(-0.,0.,-1.));
#11847 = DIRECTION('',(-0.,-1.,0.));
#11848 = FACE_BOUND('',#11849,.T.);
#11849 = EDGE_LOOP('',(#11850));
#11850 = ORIENTED_EDGE('',*,*,#11851,.T.);
#11851 = EDGE_CURVE('',#11852,#11852,#11854,.T.);
#11852 = VERTEX_POINT('',#11853);
#11853 = CARTESIAN_POINT('',(144.92,-92.,1.51));
#11854 = CIRCLE('',#11855,0.5);
#11855 = AXIS2_PLACEMENT_3D('',#11856,#11857,#11858);
#11856 = CARTESIAN_POINT('',(144.92,-91.5,1.51));
#11857 = DIRECTION('',(-0.,0.,-1.));
#11858 = DIRECTION('',(-0.,-1.,0.));
#11859 = FACE_BOUND('',#11860,.T.);
#11860 = EDGE_LOOP('',(#11861));
#11861 = ORIENTED_EDGE('',*,*,#11862,.T.);
#11862 = EDGE_CURVE('',#11863,#11863,#11865,.T.);
#11863 = VERTEX_POINT('',#11864);
#11864 = CARTESIAN_POINT('',(147.46,-92.,1.51));
#11865 = CIRCLE('',#11866,0.5);
#11866 = AXIS2_PLACEMENT_3D('',#11867,#11868,#11869);
#11867 = CARTESIAN_POINT('',(147.46,-91.5,1.51));
#11868 = DIRECTION('',(-0.,0.,-1.));
#11869 = DIRECTION('',(-0.,-1.,0.));
#11870 = FACE_BOUND('',#11871,.T.);
#11871 = EDGE_LOOP('',(#11872));
#11872 = ORIENTED_EDGE('',*,*,#11873,.T.);
#11873 = EDGE_CURVE('',#11874,#11874,#11876,.T.);
#11874 = VERTEX_POINT('',#11875);
#11875 = CARTESIAN_POINT('',(150.,-92.,1.51));
#11876 = CIRCLE('',#11877,0.5);
#11877 = AXIS2_PLACEMENT_3D('',#11878,#11879,#11880);
#11878 = CARTESIAN_POINT('',(150.,-91.5,1.51));
#11879 = DIRECTION('',(-0.,0.,-1.));
#11880 = DIRECTION('',(-0.,-1.,0.));
#11881 = FACE_BOUND('',#11882,.T.);
#11882 = EDGE_LOOP('',(#11883));
#11883 = ORIENTED_EDGE('',*,*,#11884,.T.);
#11884 = EDGE_CURVE('',#11885,#11885,#11887,.T.);
#11885 = VERTEX_POINT('',#11886);
#11886 = CARTESIAN_POINT('',(156.485,-114.9,1.51));
#11887 = CIRCLE('',#11888,0.4);
#11888 = AXIS2_PLACEMENT_3D('',#11889,#11890,#11891);
#11889 = CARTESIAN_POINT('',(156.485,-114.5,1.51));
#11890 = DIRECTION('',(-0.,0.,-1.));
#11891 = DIRECTION('',(-0.,-1.,0.));
#11892 = FACE_BOUND('',#11893,.T.);
#11893 = EDGE_LOOP('',(#11894));
#11894 = ORIENTED_EDGE('',*,*,#11895,.T.);
#11895 = EDGE_CURVE('',#11896,#11896,#11898,.T.);
#11896 = VERTEX_POINT('',#11897);
#11897 = CARTESIAN_POINT('',(163.,-114.45,1.51));
#11898 = CIRCLE('',#11899,0.45);
#11899 = AXIS2_PLACEMENT_3D('',#11900,#11901,#11902);
#11900 = CARTESIAN_POINT('',(163.,-114.,1.51));
#11901 = DIRECTION('',(-0.,0.,-1.));
#11902 = DIRECTION('',(-0.,-1.,0.));
#11903 = FACE_BOUND('',#11904,.T.);
#11904 = EDGE_LOOP('',(#11905));
#11905 = ORIENTED_EDGE('',*,*,#11906,.T.);
#11906 = EDGE_CURVE('',#11907,#11907,#11909,.T.);
#11907 = VERTEX_POINT('',#11908);
#11908 = CARTESIAN_POINT('',(163.,-113.18,1.51));
#11909 = CIRCLE('',#11910,0.45);
#11910 = AXIS2_PLACEMENT_3D('',#11911,#11912,#11913);
#11911 = CARTESIAN_POINT('',(163.,-112.73,1.51));
#11912 = DIRECTION('',(-0.,0.,-1.));
#11913 = DIRECTION('',(-0.,-1.,0.));
#11914 = FACE_BOUND('',#11915,.T.);
#11915 = EDGE_LOOP('',(#11916));
#11916 = ORIENTED_EDGE('',*,*,#11917,.T.);
#11917 = EDGE_CURVE('',#11918,#11918,#11920,.T.);
#11918 = VERTEX_POINT('',#11919);
#11919 = CARTESIAN_POINT('',(156.485,-108.9,1.51));
#11920 = CIRCLE('',#11921,0.4);
#11921 = AXIS2_PLACEMENT_3D('',#11922,#11923,#11924);
#11922 = CARTESIAN_POINT('',(156.485,-108.5,1.51));
#11923 = DIRECTION('',(-0.,0.,-1.));
#11924 = DIRECTION('',(-0.,-1.,0.));
#11925 = FACE_BOUND('',#11926,.T.);
#11926 = EDGE_LOOP('',(#11927));
#11927 = ORIENTED_EDGE('',*,*,#11928,.T.);
#11928 = EDGE_CURVE('',#11929,#11929,#11931,.T.);
#11929 = VERTEX_POINT('',#11930);
#11930 = CARTESIAN_POINT('',(171.5,-114.45,1.51));
#11931 = CIRCLE('',#11932,0.45);
#11932 = AXIS2_PLACEMENT_3D('',#11933,#11934,#11935);
#11933 = CARTESIAN_POINT('',(171.5,-114.,1.51));
#11934 = DIRECTION('',(-0.,0.,-1.));
#11935 = DIRECTION('',(-0.,-1.,0.));
#11936 = FACE_BOUND('',#11937,.T.);
#11937 = EDGE_LOOP('',(#11938));
#11938 = ORIENTED_EDGE('',*,*,#11939,.T.);
#11939 = EDGE_CURVE('',#11940,#11940,#11942,.T.);
#11940 = VERTEX_POINT('',#11941);
#11941 = CARTESIAN_POINT('',(171.5,-113.18,1.51));
#11942 = CIRCLE('',#11943,0.45);
#11943 = AXIS2_PLACEMENT_3D('',#11944,#11945,#11946);
#11944 = CARTESIAN_POINT('',(171.5,-112.73,1.51));
#11945 = DIRECTION('',(-0.,0.,-1.));
#11946 = DIRECTION('',(-0.,-1.,0.));
#11947 = FACE_BOUND('',#11948,.T.);
#11948 = EDGE_LOOP('',(#11949));
#11949 = ORIENTED_EDGE('',*,*,#11950,.T.);
#11950 = EDGE_CURVE('',#11951,#11951,#11953,.T.);
#11951 = VERTEX_POINT('',#11952);
#11952 = CARTESIAN_POINT('',(180.,-114.45,1.51));
#11953 = CIRCLE('',#11954,0.45);
#11954 = AXIS2_PLACEMENT_3D('',#11955,#11956,#11957);
#11955 = CARTESIAN_POINT('',(180.,-114.,1.51));
#11956 = DIRECTION('',(-0.,0.,-1.));
#11957 = DIRECTION('',(-0.,-1.,0.));
#11958 = FACE_BOUND('',#11959,.T.);
#11959 = EDGE_LOOP('',(#11960));
#11960 = ORIENTED_EDGE('',*,*,#11961,.T.);
#11961 = EDGE_CURVE('',#11962,#11962,#11964,.T.);
#11962 = VERTEX_POINT('',#11963);
#11963 = CARTESIAN_POINT('',(180.,-113.18,1.51));
#11964 = CIRCLE('',#11965,0.45);
#11965 = AXIS2_PLACEMENT_3D('',#11966,#11967,#11968);
#11966 = CARTESIAN_POINT('',(180.,-112.73,1.51));
#11967 = DIRECTION('',(-0.,0.,-1.));
#11968 = DIRECTION('',(-0.,-1.,0.));
#11969 = FACE_BOUND('',#11970,.T.);
#11970 = EDGE_LOOP('',(#11971));
#11971 = ORIENTED_EDGE('',*,*,#11972,.T.);
#11972 = EDGE_CURVE('',#11973,#11973,#11975,.T.);
#11973 = VERTEX_POINT('',#11974);
#11974 = CARTESIAN_POINT('',(152.54,-92.,1.51));
#11975 = CIRCLE('',#11976,0.5);
#11976 = AXIS2_PLACEMENT_3D('',#11977,#11978,#11979);
#11977 = CARTESIAN_POINT('',(152.54,-91.5,1.51));
#11978 = DIRECTION('',(-0.,0.,-1.));
#11979 = DIRECTION('',(-0.,-1.,0.));
#11980 = PLANE('',#11981);
#11981 = AXIS2_PLACEMENT_3D('',#11982,#11983,#11984);
#11982 = CARTESIAN_POINT('',(0.,0.,1.51));
#11983 = DIRECTION('',(0.,0.,1.));
#11984 = DIRECTION('',(1.,0.,-0.));
#11985 = ADVANCED_FACE('',(#11986),#11992,.T.);
#11986 = FACE_BOUND('',#11987,.T.);
#11987 = EDGE_LOOP('',(#11988,#11989,#11990,#11991));
#11988 = ORIENTED_EDGE('',*,*,#10855,.T.);
#11989 = ORIENTED_EDGE('',*,*,#11435,.T.);
#11990 = ORIENTED_EDGE('',*,*,#10815,.F.);
#11991 = ORIENTED_EDGE('',*,*,#10879,.F.);
#11992 = PLANE('',#11993);
#11993 = AXIS2_PLACEMENT_3D('',#11994,#11995,#11996);
#11994 = CARTESIAN_POINT('',(116.,-86.5,0.));
#11995 = DIRECTION('',(0.,1.,0.));
#11996 = DIRECTION('',(1.,0.,0.));
#11997 = ADVANCED_FACE('',(#11998),#12009,.F.);
#11998 = FACE_BOUND('',#11999,.T.);
#11999 = EDGE_LOOP('',(#12000,#12001,#12007,#12008));
#12000 = ORIENTED_EDGE('',*,*,#10888,.T.);
#12001 = ORIENTED_EDGE('',*,*,#12002,.T.);
#12002 = EDGE_CURVE('',#10889,#11445,#12003,.T.);
#12003 = LINE('',#12004,#12005);
#12004 = CARTESIAN_POINT('',(125.,-138.05,-4.6E-02));
#12005 = VECTOR('',#12006,1.);
#12006 = DIRECTION('',(0.,0.,1.));
#12007 = ORIENTED_EDGE('',*,*,#11444,.F.);
#12008 = ORIENTED_EDGE('',*,*,#12002,.F.);
#12009 = CYLINDRICAL_SURFACE('',#12010,0.55);
#12010 = AXIS2_PLACEMENT_3D('',#12011,#12012,#12013);
#12011 = CARTESIAN_POINT('',(125.,-137.5,-4.6E-02));
#12012 = DIRECTION('',(-0.,-0.,-1.));
#12013 = DIRECTION('',(-0.,-1.,0.));
#12014 = ADVANCED_FACE('',(#12015),#12026,.F.);
#12015 = FACE_BOUND('',#12016,.T.);
#12016 = EDGE_LOOP('',(#12017,#12018,#12024,#12025));
#12017 = ORIENTED_EDGE('',*,*,#10899,.T.);
#12018 = ORIENTED_EDGE('',*,*,#12019,.T.);
#12019 = EDGE_CURVE('',#10900,#11456,#12020,.T.);
#12020 = LINE('',#12021,#12022);
#12021 = CARTESIAN_POINT('',(131.5,-138.05,-4.6E-02));
#12022 = VECTOR('',#12023,1.);
#12023 = DIRECTION('',(0.,0.,1.));
#12024 = ORIENTED_EDGE('',*,*,#11455,.F.);
#12025 = ORIENTED_EDGE('',*,*,#12019,.F.);
#12026 = CYLINDRICAL_SURFACE('',#12027,0.55);
#12027 = AXIS2_PLACEMENT_3D('',#12028,#12029,#12030);
#12028 = CARTESIAN_POINT('',(131.5,-137.5,-4.6E-02));
#12029 = DIRECTION('',(-0.,-0.,-1.));
#12030 = DIRECTION('',(-0.,-1.,0.));
#12031 = ADVANCED_FACE('',(#12032),#12043,.F.);
#12032 = FACE_BOUND('',#12033,.T.);
#12033 = EDGE_LOOP('',(#12034,#12035,#12041,#12042));
#12034 = ORIENTED_EDGE('',*,*,#10910,.T.);
#12035 = ORIENTED_EDGE('',*,*,#12036,.T.);
#12036 = EDGE_CURVE('',#10911,#11467,#12037,.T.);
#12037 = LINE('',#12038,#12039);
#12038 = CARTESIAN_POINT('',(125.,-133.55,-4.6E-02));
#12039 = VECTOR('',#12040,1.);
#12040 = DIRECTION('',(0.,0.,1.));
#12041 = ORIENTED_EDGE('',*,*,#11466,.F.);
#12042 = ORIENTED_EDGE('',*,*,#12036,.F.);
#12043 = CYLINDRICAL_SURFACE('',#12044,0.55);
#12044 = AXIS2_PLACEMENT_3D('',#12045,#12046,#12047);
#12045 = CARTESIAN_POINT('',(125.,-133.,-4.6E-02));
#12046 = DIRECTION('',(-0.,-0.,-1.));
#12047 = DIRECTION('',(-0.,-1.,0.));
#12048 = ADVANCED_FACE('',(#12049),#12060,.F.);
#12049 = FACE_BOUND('',#12050,.T.);
#12050 = EDGE_LOOP('',(#12051,#12052,#12058,#12059));
#12051 = ORIENTED_EDGE('',*,*,#10921,.T.);
#12052 = ORIENTED_EDGE('',*,*,#12053,.T.);
#12053 = EDGE_CURVE('',#10922,#11478,#12054,.T.);
#12054 = LINE('',#12055,#12056);
#12055 = CARTESIAN_POINT('',(131.5,-133.55,-4.6E-02));
#12056 = VECTOR('',#12057,1.);
#12057 = DIRECTION('',(0.,0.,1.));
#12058 = ORIENTED_EDGE('',*,*,#11477,.F.);
#12059 = ORIENTED_EDGE('',*,*,#12053,.F.);
#12060 = CYLINDRICAL_SURFACE('',#12061,0.55);
#12061 = AXIS2_PLACEMENT_3D('',#12062,#12063,#12064);
#12062 = CARTESIAN_POINT('',(131.5,-133.,-4.6E-02));
#12063 = DIRECTION('',(-0.,-0.,-1.));
#12064 = DIRECTION('',(-0.,-1.,0.));
#12065 = ADVANCED_FACE('',(#12066),#12077,.F.);
#12066 = FACE_BOUND('',#12067,.T.);
#12067 = EDGE_LOOP('',(#12068,#12069,#12075,#12076));
#12068 = ORIENTED_EDGE('',*,*,#10932,.T.);
#12069 = ORIENTED_EDGE('',*,*,#12070,.T.);
#12070 = EDGE_CURVE('',#10933,#11489,#12071,.T.);
#12071 = LINE('',#12072,#12073);
#12072 = CARTESIAN_POINT('',(148.,-139.08,-4.6E-02));
#12073 = VECTOR('',#12074,1.);
#12074 = DIRECTION('',(0.,0.,1.));
#12075 = ORIENTED_EDGE('',*,*,#11488,.F.);
#12076 = ORIENTED_EDGE('',*,*,#12070,.F.);
#12077 = CYLINDRICAL_SURFACE('',#12078,0.5);
#12078 = AXIS2_PLACEMENT_3D('',#12079,#12080,#12081);
#12079 = CARTESIAN_POINT('',(148.,-138.58,-4.6E-02));
#12080 = DIRECTION('',(-0.,-0.,-1.));
#12081 = DIRECTION('',(-0.,-1.,0.));
#12082 = ADVANCED_FACE('',(#12083),#12094,.F.);
#12083 = FACE_BOUND('',#12084,.T.);
#12084 = EDGE_LOOP('',(#12085,#12086,#12092,#12093));
#12085 = ORIENTED_EDGE('',*,*,#10943,.T.);
#12086 = ORIENTED_EDGE('',*,*,#12087,.T.);
#12087 = EDGE_CURVE('',#10944,#11500,#12088,.T.);
#12088 = LINE('',#12089,#12090);
#12089 = CARTESIAN_POINT('',(148.,-136.54,-4.6E-02));
#12090 = VECTOR('',#12091,1.);
#12091 = DIRECTION('',(0.,0.,1.));
#12092 = ORIENTED_EDGE('',*,*,#11499,.F.);
#12093 = ORIENTED_EDGE('',*,*,#12087,.F.);
#12094 = CYLINDRICAL_SURFACE('',#12095,0.5);
#12095 = AXIS2_PLACEMENT_3D('',#12096,#12097,#12098);
#12096 = CARTESIAN_POINT('',(148.,-136.04,-4.6E-02));
#12097 = DIRECTION('',(-0.,-0.,-1.));
#12098 = DIRECTION('',(-0.,-1.,0.));
#12099 = ADVANCED_FACE('',(#12100),#12111,.F.);
#12100 = FACE_BOUND('',#12101,.T.);
#12101 = EDGE_LOOP('',(#12102,#12103,#12109,#12110));
#12102 = ORIENTED_EDGE('',*,*,#10954,.T.);
#12103 = ORIENTED_EDGE('',*,*,#12104,.T.);
#12104 = EDGE_CURVE('',#10955,#11511,#12105,.T.);
#12105 = LINE('',#12106,#12107);
#12106 = CARTESIAN_POINT('',(148.,-134.,-4.6E-02));
#12107 = VECTOR('',#12108,1.);
#12108 = DIRECTION('',(0.,0.,1.));
#12109 = ORIENTED_EDGE('',*,*,#11510,.F.);
#12110 = ORIENTED_EDGE('',*,*,#12104,.F.);
#12111 = CYLINDRICAL_SURFACE('',#12112,0.5);
#12112 = AXIS2_PLACEMENT_3D('',#12113,#12114,#12115);
#12113 = CARTESIAN_POINT('',(148.,-133.5,-4.6E-02));
#12114 = DIRECTION('',(-0.,-0.,-1.));
#12115 = DIRECTION('',(-0.,-1.,0.));
#12116 = ADVANCED_FACE('',(#12117),#12128,.F.);
#12117 = FACE_BOUND('',#12118,.T.);
#12118 = EDGE_LOOP('',(#12119,#12120,#12126,#12127));
#12119 = ORIENTED_EDGE('',*,*,#10965,.T.);
#12120 = ORIENTED_EDGE('',*,*,#12121,.T.);
#12121 = EDGE_CURVE('',#10966,#11522,#12122,.T.);
#12122 = LINE('',#12123,#12124);
#12123 = CARTESIAN_POINT('',(148.,-131.46,-4.6E-02));
#12124 = VECTOR('',#12125,1.);
#12125 = DIRECTION('',(0.,0.,1.));
#12126 = ORIENTED_EDGE('',*,*,#11521,.F.);
#12127 = ORIENTED_EDGE('',*,*,#12121,.F.);
#12128 = CYLINDRICAL_SURFACE('',#12129,0.5);
#12129 = AXIS2_PLACEMENT_3D('',#12130,#12131,#12132);
#12130 = CARTESIAN_POINT('',(148.,-130.96,-4.6E-02));
#12131 = DIRECTION('',(-0.,-0.,-1.));
#12132 = DIRECTION('',(-0.,-1.,0.));
#12133 = ADVANCED_FACE('',(#12134),#12145,.F.);
#12134 = FACE_BOUND('',#12135,.T.);
#12135 = EDGE_LOOP('',(#12136,#12137,#12143,#12144));
#12136 = ORIENTED_EDGE('',*,*,#10976,.T.);
#12137 = ORIENTED_EDGE('',*,*,#12138,.T.);
#12138 = EDGE_CURVE('',#10977,#11533,#12139,.T.);
#12139 = LINE('',#12140,#12141);
#12140 = CARTESIAN_POINT('',(148.,-128.92,-4.6E-02));
#12141 = VECTOR('',#12142,1.);
#12142 = DIRECTION('',(0.,0.,1.));
#12143 = ORIENTED_EDGE('',*,*,#11532,.F.);
#12144 = ORIENTED_EDGE('',*,*,#12138,.F.);
#12145 = CYLINDRICAL_SURFACE('',#12146,0.5);
#12146 = AXIS2_PLACEMENT_3D('',#12147,#12148,#12149);
#12147 = CARTESIAN_POINT('',(148.,-128.42,-4.6E-02));
#12148 = DIRECTION('',(-0.,-0.,-1.));
#12149 = DIRECTION('',(-0.,-1.,0.));
#12150 = ADVANCED_FACE('',(#12151),#12162,.F.);
#12151 = FACE_BOUND('',#12152,.T.);
#12152 = EDGE_LOOP('',(#12153,#12154,#12160,#12161));
#12153 = ORIENTED_EDGE('',*,*,#10987,.T.);
#12154 = ORIENTED_EDGE('',*,*,#12155,.T.);
#12155 = EDGE_CURVE('',#10988,#11544,#12156,.T.);
#12156 = LINE('',#12157,#12158);
#12157 = CARTESIAN_POINT('',(122.76,-122.25,-4.6E-02));
#12158 = VECTOR('',#12159,1.);
#12159 = DIRECTION('',(0.,0.,1.));
#12160 = ORIENTED_EDGE('',*,*,#11543,.F.);
#12161 = ORIENTED_EDGE('',*,*,#12155,.F.);
#12162 = CYLINDRICAL_SURFACE('',#12163,0.5);
#12163 = AXIS2_PLACEMENT_3D('',#12164,#12165,#12166);
#12164 = CARTESIAN_POINT('',(122.76,-121.75,-4.6E-02));
#12165 = DIRECTION('',(-0.,-0.,-1.));
#12166 = DIRECTION('',(-0.,-1.,0.));
#12167 = ADVANCED_FACE('',(#12168),#12179,.F.);
#12168 = FACE_BOUND('',#12169,.T.);
#12169 = EDGE_LOOP('',(#12170,#12171,#12177,#12178));
#12170 = ORIENTED_EDGE('',*,*,#10998,.T.);
#12171 = ORIENTED_EDGE('',*,*,#12172,.T.);
#12172 = EDGE_CURVE('',#10999,#11555,#12173,.T.);
#12173 = LINE('',#12174,#12175);
#12174 = CARTESIAN_POINT('',(125.3,-122.25,-4.6E-02));
#12175 = VECTOR('',#12176,1.);
#12176 = DIRECTION('',(0.,0.,1.));
#12177 = ORIENTED_EDGE('',*,*,#11554,.F.);
#12178 = ORIENTED_EDGE('',*,*,#12172,.F.);
#12179 = CYLINDRICAL_SURFACE('',#12180,0.5);
#12180 = AXIS2_PLACEMENT_3D('',#12181,#12182,#12183);
#12181 = CARTESIAN_POINT('',(125.3,-121.75,-4.6E-02));
#12182 = DIRECTION('',(-0.,-0.,-1.));
#12183 = DIRECTION('',(-0.,-1.,0.));
#12184 = ADVANCED_FACE('',(#12185),#12196,.F.);
#12185 = FACE_BOUND('',#12186,.T.);
#12186 = EDGE_LOOP('',(#12187,#12188,#12194,#12195));
#12187 = ORIENTED_EDGE('',*,*,#11009,.T.);
#12188 = ORIENTED_EDGE('',*,*,#12189,.T.);
#12189 = EDGE_CURVE('',#11010,#11566,#12190,.T.);
#12190 = LINE('',#12191,#12192);
#12191 = CARTESIAN_POINT('',(127.84,-122.25,-4.6E-02));
#12192 = VECTOR('',#12193,1.);
#12193 = DIRECTION('',(0.,0.,1.));
#12194 = ORIENTED_EDGE('',*,*,#11565,.F.);
#12195 = ORIENTED_EDGE('',*,*,#12189,.F.);
#12196 = CYLINDRICAL_SURFACE('',#12197,0.5);
#12197 = AXIS2_PLACEMENT_3D('',#12198,#12199,#12200);
#12198 = CARTESIAN_POINT('',(127.84,-121.75,-4.6E-02));
#12199 = DIRECTION('',(-0.,-0.,-1.));
#12200 = DIRECTION('',(-0.,-1.,0.));
#12201 = ADVANCED_FACE('',(#12202),#12213,.F.);
#12202 = FACE_BOUND('',#12203,.T.);
#12203 = EDGE_LOOP('',(#12204,#12205,#12211,#12212));
#12204 = ORIENTED_EDGE('',*,*,#11020,.T.);
#12205 = ORIENTED_EDGE('',*,*,#12206,.T.);
#12206 = EDGE_CURVE('',#11021,#11577,#12207,.T.);
#12207 = LINE('',#12208,#12209);
#12208 = CARTESIAN_POINT('',(130.38,-122.25,-4.6E-02));
#12209 = VECTOR('',#12210,1.);
#12210 = DIRECTION('',(0.,0.,1.));
#12211 = ORIENTED_EDGE('',*,*,#11576,.F.);
#12212 = ORIENTED_EDGE('',*,*,#12206,.F.);
#12213 = CYLINDRICAL_SURFACE('',#12214,0.5);
#12214 = AXIS2_PLACEMENT_3D('',#12215,#12216,#12217);
#12215 = CARTESIAN_POINT('',(130.38,-121.75,-4.6E-02));
#12216 = DIRECTION('',(-0.,-0.,-1.));
#12217 = DIRECTION('',(-0.,-1.,0.));
#12218 = ADVANCED_FACE('',(#12219),#12230,.F.);
#12219 = FACE_BOUND('',#12220,.T.);
#12220 = EDGE_LOOP('',(#12221,#12222,#12228,#12229));
#12221 = ORIENTED_EDGE('',*,*,#11031,.T.);
#12222 = ORIENTED_EDGE('',*,*,#12223,.T.);
#12223 = EDGE_CURVE('',#11032,#11588,#12224,.T.);
#12224 = LINE('',#12225,#12226);
#12225 = CARTESIAN_POINT('',(132.92,-122.25,-4.6E-02));
#12226 = VECTOR('',#12227,1.);
#12227 = DIRECTION('',(0.,0.,1.));
#12228 = ORIENTED_EDGE('',*,*,#11587,.F.);
#12229 = ORIENTED_EDGE('',*,*,#12223,.F.);
#12230 = CYLINDRICAL_SURFACE('',#12231,0.5);
#12231 = AXIS2_PLACEMENT_3D('',#12232,#12233,#12234);
#12232 = CARTESIAN_POINT('',(132.92,-121.75,-4.6E-02));
#12233 = DIRECTION('',(-0.,-0.,-1.));
#12234 = DIRECTION('',(-0.,-1.,0.));
#12235 = ADVANCED_FACE('',(#12236),#12247,.F.);
#12236 = FACE_BOUND('',#12237,.T.);
#12237 = EDGE_LOOP('',(#12238,#12239,#12245,#12246));
#12238 = ORIENTED_EDGE('',*,*,#11042,.T.);
#12239 = ORIENTED_EDGE('',*,*,#12240,.T.);
#12240 = EDGE_CURVE('',#11043,#11599,#12241,.T.);
#12241 = LINE('',#12242,#12243);
#12242 = CARTESIAN_POINT('',(135.46,-122.25,-4.6E-02));
#12243 = VECTOR('',#12244,1.);
#12244 = DIRECTION('',(0.,0.,1.));
#12245 = ORIENTED_EDGE('',*,*,#11598,.F.);
#12246 = ORIENTED_EDGE('',*,*,#12240,.F.);
#12247 = CYLINDRICAL_SURFACE('',#12248,0.5);
#12248 = AXIS2_PLACEMENT_3D('',#12249,#12250,#12251);
#12249 = CARTESIAN_POINT('',(135.46,-121.75,-4.6E-02));
#12250 = DIRECTION('',(-0.,-0.,-1.));
#12251 = DIRECTION('',(-0.,-1.,0.));
#12252 = ADVANCED_FACE('',(#12253),#12264,.F.);
#12253 = FACE_BOUND('',#12254,.T.);
#12254 = EDGE_LOOP('',(#12255,#12256,#12262,#12263));
#12255 = ORIENTED_EDGE('',*,*,#11053,.T.);
#12256 = ORIENTED_EDGE('',*,*,#12257,.T.);
#12257 = EDGE_CURVE('',#11054,#11610,#12258,.T.);
#12258 = LINE('',#12259,#12260);
#12259 = CARTESIAN_POINT('',(138.,-122.25,-4.6E-02));
#12260 = VECTOR('',#12261,1.);
#12261 = DIRECTION('',(0.,0.,1.));
#12262 = ORIENTED_EDGE('',*,*,#11609,.F.);
#12263 = ORIENTED_EDGE('',*,*,#12257,.F.);
#12264 = CYLINDRICAL_SURFACE('',#12265,0.5);
#12265 = AXIS2_PLACEMENT_3D('',#12266,#12267,#12268);
#12266 = CARTESIAN_POINT('',(138.,-121.75,-4.6E-02));
#12267 = DIRECTION('',(-0.,-0.,-1.));
#12268 = DIRECTION('',(-0.,-1.,0.));
#12269 = ADVANCED_FACE('',(#12270),#12281,.F.);
#12270 = FACE_BOUND('',#12271,.T.);
#12271 = EDGE_LOOP('',(#12272,#12273,#12279,#12280));
#12272 = ORIENTED_EDGE('',*,*,#11064,.T.);
#12273 = ORIENTED_EDGE('',*,*,#12274,.T.);
#12274 = EDGE_CURVE('',#11065,#11621,#12275,.T.);
#12275 = LINE('',#12276,#12277);
#12276 = CARTESIAN_POINT('',(146.325,-120.9,-4.6E-02));
#12277 = VECTOR('',#12278,1.);
#12278 = DIRECTION('',(0.,0.,1.));
#12279 = ORIENTED_EDGE('',*,*,#11620,.F.);
#12280 = ORIENTED_EDGE('',*,*,#12274,.F.);
#12281 = CYLINDRICAL_SURFACE('',#12282,0.4);
#12282 = AXIS2_PLACEMENT_3D('',#12283,#12284,#12285);
#12283 = CARTESIAN_POINT('',(146.325,-120.5,-4.6E-02));
#12284 = DIRECTION('',(-0.,-0.,-1.));
#12285 = DIRECTION('',(-0.,-1.,0.));
#12286 = ADVANCED_FACE('',(#12287),#12298,.F.);
#12287 = FACE_BOUND('',#12288,.T.);
#12288 = EDGE_LOOP('',(#12289,#12290,#12296,#12297));
#12289 = ORIENTED_EDGE('',*,*,#11075,.T.);
#12290 = ORIENTED_EDGE('',*,*,#12291,.T.);
#12291 = EDGE_CURVE('',#11076,#11632,#12292,.T.);
#12292 = LINE('',#12293,#12294);
#12293 = CARTESIAN_POINT('',(165.75,-137.8,-4.6E-02));
#12294 = VECTOR('',#12295,1.);
#12295 = DIRECTION('',(0.,0.,1.));
#12296 = ORIENTED_EDGE('',*,*,#11631,.F.);
#12297 = ORIENTED_EDGE('',*,*,#12291,.F.);
#12298 = CYLINDRICAL_SURFACE('',#12299,0.55);
#12299 = AXIS2_PLACEMENT_3D('',#12300,#12301,#12302);
#12300 = CARTESIAN_POINT('',(165.75,-137.25,-4.6E-02));
#12301 = DIRECTION('',(-0.,-0.,-1.));
#12302 = DIRECTION('',(-0.,-1.,0.));
#12303 = ADVANCED_FACE('',(#12304),#12315,.F.);
#12304 = FACE_BOUND('',#12305,.T.);
#12305 = EDGE_LOOP('',(#12306,#12307,#12313,#12314));
#12306 = ORIENTED_EDGE('',*,*,#11086,.T.);
#12307 = ORIENTED_EDGE('',*,*,#12308,.T.);
#12308 = EDGE_CURVE('',#11087,#11643,#12309,.T.);
#12309 = LINE('',#12310,#12311);
#12310 = CARTESIAN_POINT('',(165.75,-133.3,-4.6E-02));
#12311 = VECTOR('',#12312,1.);
#12312 = DIRECTION('',(0.,0.,1.));
#12313 = ORIENTED_EDGE('',*,*,#11642,.F.);
#12314 = ORIENTED_EDGE('',*,*,#12308,.F.);
#12315 = CYLINDRICAL_SURFACE('',#12316,0.55);
#12316 = AXIS2_PLACEMENT_3D('',#12317,#12318,#12319);
#12317 = CARTESIAN_POINT('',(165.75,-132.75,-4.6E-02));
#12318 = DIRECTION('',(-0.,-0.,-1.));
#12319 = DIRECTION('',(-0.,-1.,0.));
#12320 = ADVANCED_FACE('',(#12321),#12332,.F.);
#12321 = FACE_BOUND('',#12322,.T.);
#12322 = EDGE_LOOP('',(#12323,#12324,#12330,#12331));
#12323 = ORIENTED_EDGE('',*,*,#11097,.T.);
#12324 = ORIENTED_EDGE('',*,*,#12325,.T.);
#12325 = EDGE_CURVE('',#11098,#11654,#12326,.T.);
#12326 = LINE('',#12327,#12328);
#12327 = CARTESIAN_POINT('',(172.25,-137.8,-4.6E-02));
#12328 = VECTOR('',#12329,1.);
#12329 = DIRECTION('',(0.,0.,1.));
#12330 = ORIENTED_EDGE('',*,*,#11653,.F.);
#12331 = ORIENTED_EDGE('',*,*,#12325,.F.);
#12332 = CYLINDRICAL_SURFACE('',#12333,0.55);
#12333 = AXIS2_PLACEMENT_3D('',#12334,#12335,#12336);
#12334 = CARTESIAN_POINT('',(172.25,-137.25,-4.6E-02));
#12335 = DIRECTION('',(-0.,-0.,-1.));
#12336 = DIRECTION('',(-0.,-1.,0.));
#12337 = ADVANCED_FACE('',(#12338),#12349,.F.);
#12338 = FACE_BOUND('',#12339,.T.);
#12339 = EDGE_LOOP('',(#12340,#12341,#12347,#12348));
#12340 = ORIENTED_EDGE('',*,*,#11108,.T.);
#12341 = ORIENTED_EDGE('',*,*,#12342,.T.);
#12342 = EDGE_CURVE('',#11109,#11665,#12343,.T.);
#12343 = LINE('',#12344,#12345);
#12344 = CARTESIAN_POINT('',(172.25,-133.3,-4.6E-02));
#12345 = VECTOR('',#12346,1.);
#12346 = DIRECTION('',(0.,0.,1.));
#12347 = ORIENTED_EDGE('',*,*,#11664,.F.);
#12348 = ORIENTED_EDGE('',*,*,#12342,.F.);
#12349 = CYLINDRICAL_SURFACE('',#12350,0.55);
#12350 = AXIS2_PLACEMENT_3D('',#12351,#12352,#12353);
#12351 = CARTESIAN_POINT('',(172.25,-132.75,-4.6E-02));
#12352 = DIRECTION('',(-0.,-0.,-1.));
#12353 = DIRECTION('',(-0.,-1.,0.));
#12354 = ADVANCED_FACE('',(#12355),#12366,.F.);
#12355 = FACE_BOUND('',#12356,.T.);
#12356 = EDGE_LOOP('',(#12357,#12358,#12364,#12365));
#12357 = ORIENTED_EDGE('',*,*,#11119,.T.);
#12358 = ORIENTED_EDGE('',*,*,#12359,.T.);
#12359 = EDGE_CURVE('',#11120,#11676,#12360,.T.);
#12360 = LINE('',#12361,#12362);
#12361 = CARTESIAN_POINT('',(156.485,-120.9,-4.6E-02));
#12362 = VECTOR('',#12363,1.);
#12363 = DIRECTION('',(0.,0.,1.));
#12364 = ORIENTED_EDGE('',*,*,#11675,.F.);
#12365 = ORIENTED_EDGE('',*,*,#12359,.F.);
#12366 = CYLINDRICAL_SURFACE('',#12367,0.4);
#12367 = AXIS2_PLACEMENT_3D('',#12368,#12369,#12370);
#12368 = CARTESIAN_POINT('',(156.485,-120.5,-4.6E-02));
#12369 = DIRECTION('',(-0.,-0.,-1.));
#12370 = DIRECTION('',(-0.,-1.,0.));
#12371 = ADVANCED_FACE('',(#12372),#12383,.F.);
#12372 = FACE_BOUND('',#12373,.T.);
#12373 = EDGE_LOOP('',(#12374,#12375,#12381,#12382));
#12374 = ORIENTED_EDGE('',*,*,#11130,.T.);
#12375 = ORIENTED_EDGE('',*,*,#12376,.T.);
#12376 = EDGE_CURVE('',#11131,#11687,#12377,.T.);
#12377 = LINE('',#12378,#12379);
#12378 = CARTESIAN_POINT('',(163.,-116.99,-4.6E-02));
#12379 = VECTOR('',#12380,1.);
#12380 = DIRECTION('',(0.,0.,1.));
#12381 = ORIENTED_EDGE('',*,*,#11686,.F.);
#12382 = ORIENTED_EDGE('',*,*,#12376,.F.);
#12383 = CYLINDRICAL_SURFACE('',#12384,0.45);
#12384 = AXIS2_PLACEMENT_3D('',#12385,#12386,#12387);
#12385 = CARTESIAN_POINT('',(163.,-116.54,-4.6E-02));
#12386 = DIRECTION('',(-0.,-0.,-1.));
#12387 = DIRECTION('',(-0.,-1.,0.));
#12388 = ADVANCED_FACE('',(#12389),#12400,.F.);
#12389 = FACE_BOUND('',#12390,.T.);
#12390 = EDGE_LOOP('',(#12391,#12392,#12398,#12399));
#12391 = ORIENTED_EDGE('',*,*,#11141,.T.);
#12392 = ORIENTED_EDGE('',*,*,#12393,.T.);
#12393 = EDGE_CURVE('',#11142,#11698,#12394,.T.);
#12394 = LINE('',#12395,#12396);
#12395 = CARTESIAN_POINT('',(163.,-115.72,-4.6E-02));
#12396 = VECTOR('',#12397,1.);
#12397 = DIRECTION('',(0.,0.,1.));
#12398 = ORIENTED_EDGE('',*,*,#11697,.F.);
#12399 = ORIENTED_EDGE('',*,*,#12393,.F.);
#12400 = CYLINDRICAL_SURFACE('',#12401,0.45);
#12401 = AXIS2_PLACEMENT_3D('',#12402,#12403,#12404);
#12402 = CARTESIAN_POINT('',(163.,-115.27,-4.6E-02));
#12403 = DIRECTION('',(-0.,-0.,-1.));
#12404 = DIRECTION('',(-0.,-1.,0.));
#12405 = ADVANCED_FACE('',(#12406),#12417,.F.);
#12406 = FACE_BOUND('',#12407,.T.);
#12407 = EDGE_LOOP('',(#12408,#12409,#12415,#12416));
#12408 = ORIENTED_EDGE('',*,*,#11152,.T.);
#12409 = ORIENTED_EDGE('',*,*,#12410,.T.);
#12410 = EDGE_CURVE('',#11153,#11709,#12411,.T.);
#12411 = LINE('',#12412,#12413);
#12412 = CARTESIAN_POINT('',(171.5,-116.99,-4.6E-02));
#12413 = VECTOR('',#12414,1.);
#12414 = DIRECTION('',(0.,0.,1.));
#12415 = ORIENTED_EDGE('',*,*,#11708,.F.);
#12416 = ORIENTED_EDGE('',*,*,#12410,.F.);
#12417 = CYLINDRICAL_SURFACE('',#12418,0.45);
#12418 = AXIS2_PLACEMENT_3D('',#12419,#12420,#12421);
#12419 = CARTESIAN_POINT('',(171.5,-116.54,-4.6E-02));
#12420 = DIRECTION('',(-0.,-0.,-1.));
#12421 = DIRECTION('',(-0.,-1.,0.));
#12422 = ADVANCED_FACE('',(#12423),#12434,.F.);
#12423 = FACE_BOUND('',#12424,.T.);
#12424 = EDGE_LOOP('',(#12425,#12426,#12432,#12433));
#12425 = ORIENTED_EDGE('',*,*,#11163,.T.);
#12426 = ORIENTED_EDGE('',*,*,#12427,.T.);
#12427 = EDGE_CURVE('',#11164,#11720,#12428,.T.);
#12428 = LINE('',#12429,#12430);
#12429 = CARTESIAN_POINT('',(171.5,-115.72,-4.6E-02));
#12430 = VECTOR('',#12431,1.);
#12431 = DIRECTION('',(0.,0.,1.));
#12432 = ORIENTED_EDGE('',*,*,#11719,.F.);
#12433 = ORIENTED_EDGE('',*,*,#12427,.F.);
#12434 = CYLINDRICAL_SURFACE('',#12435,0.45);
#12435 = AXIS2_PLACEMENT_3D('',#12436,#12437,#12438);
#12436 = CARTESIAN_POINT('',(171.5,-115.27,-4.6E-02));
#12437 = DIRECTION('',(-0.,-0.,-1.));
#12438 = DIRECTION('',(-0.,-1.,0.));
#12439 = ADVANCED_FACE('',(#12440),#12451,.F.);
#12440 = FACE_BOUND('',#12441,.T.);
#12441 = EDGE_LOOP('',(#12442,#12443,#12449,#12450));
#12442 = ORIENTED_EDGE('',*,*,#11174,.T.);
#12443 = ORIENTED_EDGE('',*,*,#12444,.T.);
#12444 = EDGE_CURVE('',#11175,#11731,#12445,.T.);
#12445 = LINE('',#12446,#12447);
#12446 = CARTESIAN_POINT('',(180.,-116.99,-4.6E-02));
#12447 = VECTOR('',#12448,1.);
#12448 = DIRECTION('',(0.,0.,1.));
#12449 = ORIENTED_EDGE('',*,*,#11730,.F.);
#12450 = ORIENTED_EDGE('',*,*,#12444,.F.);
#12451 = CYLINDRICAL_SURFACE('',#12452,0.45);
#12452 = AXIS2_PLACEMENT_3D('',#12453,#12454,#12455);
#12453 = CARTESIAN_POINT('',(180.,-116.54,-4.6E-02));
#12454 = DIRECTION('',(-0.,-0.,-1.));
#12455 = DIRECTION('',(-0.,-1.,0.));
#12456 = ADVANCED_FACE('',(#12457),#12468,.F.);
#12457 = FACE_BOUND('',#12458,.T.);
#12458 = EDGE_LOOP('',(#12459,#12460,#12466,#12467));
#12459 = ORIENTED_EDGE('',*,*,#11185,.T.);
#12460 = ORIENTED_EDGE('',*,*,#12461,.T.);
#12461 = EDGE_CURVE('',#11186,#11742,#12462,.T.);
#12462 = LINE('',#12463,#12464);
#12463 = CARTESIAN_POINT('',(180.,-115.72,-4.6E-02));
#12464 = VECTOR('',#12465,1.);
#12465 = DIRECTION('',(0.,0.,1.));
#12466 = ORIENTED_EDGE('',*,*,#11741,.F.);
#12467 = ORIENTED_EDGE('',*,*,#12461,.F.);
#12468 = CYLINDRICAL_SURFACE('',#12469,0.45);
#12469 = AXIS2_PLACEMENT_3D('',#12470,#12471,#12472);
#12470 = CARTESIAN_POINT('',(180.,-115.27,-4.6E-02));
#12471 = DIRECTION('',(-0.,-0.,-1.));
#12472 = DIRECTION('',(-0.,-1.,0.));
#12473 = ADVANCED_FACE('',(#12474),#12485,.F.);
#12474 = FACE_BOUND('',#12475,.T.);
#12475 = EDGE_LOOP('',(#12476,#12477,#12483,#12484));
#12476 = ORIENTED_EDGE('',*,*,#11196,.T.);
#12477 = ORIENTED_EDGE('',*,*,#12478,.T.);
#12478 = EDGE_CURVE('',#11197,#11753,#12479,.T.);
#12479 = LINE('',#12480,#12481);
#12480 = CARTESIAN_POINT('',(122.76,-107.,-4.6E-02));
#12481 = VECTOR('',#12482,1.);
#12482 = DIRECTION('',(0.,0.,1.));
#12483 = ORIENTED_EDGE('',*,*,#11752,.F.);
#12484 = ORIENTED_EDGE('',*,*,#12478,.F.);
#12485 = CYLINDRICAL_SURFACE('',#12486,0.5);
#12486 = AXIS2_PLACEMENT_3D('',#12487,#12488,#12489);
#12487 = CARTESIAN_POINT('',(122.76,-106.5,-4.6E-02));
#12488 = DIRECTION('',(-0.,-0.,-1.));
#12489 = DIRECTION('',(-0.,-1.,0.));
#12490 = ADVANCED_FACE('',(#12491),#12502,.F.);
#12491 = FACE_BOUND('',#12492,.T.);
#12492 = EDGE_LOOP('',(#12493,#12494,#12500,#12501));
#12493 = ORIENTED_EDGE('',*,*,#11207,.T.);
#12494 = ORIENTED_EDGE('',*,*,#12495,.T.);
#12495 = EDGE_CURVE('',#11208,#11764,#12496,.T.);
#12496 = LINE('',#12497,#12498);
#12497 = CARTESIAN_POINT('',(125.3,-107.,-4.6E-02));
#12498 = VECTOR('',#12499,1.);
#12499 = DIRECTION('',(0.,0.,1.));
#12500 = ORIENTED_EDGE('',*,*,#11763,.F.);
#12501 = ORIENTED_EDGE('',*,*,#12495,.F.);
#12502 = CYLINDRICAL_SURFACE('',#12503,0.5);
#12503 = AXIS2_PLACEMENT_3D('',#12504,#12505,#12506);
#12504 = CARTESIAN_POINT('',(125.3,-106.5,-4.6E-02));
#12505 = DIRECTION('',(-0.,-0.,-1.));
#12506 = DIRECTION('',(-0.,-1.,0.));
#12507 = ADVANCED_FACE('',(#12508),#12519,.F.);
#12508 = FACE_BOUND('',#12509,.T.);
#12509 = EDGE_LOOP('',(#12510,#12511,#12517,#12518));
#12510 = ORIENTED_EDGE('',*,*,#11218,.T.);
#12511 = ORIENTED_EDGE('',*,*,#12512,.T.);
#12512 = EDGE_CURVE('',#11219,#11775,#12513,.T.);
#12513 = LINE('',#12514,#12515);
#12514 = CARTESIAN_POINT('',(127.84,-107.,-4.6E-02));
#12515 = VECTOR('',#12516,1.);
#12516 = DIRECTION('',(0.,0.,1.));
#12517 = ORIENTED_EDGE('',*,*,#11774,.F.);
#12518 = ORIENTED_EDGE('',*,*,#12512,.F.);
#12519 = CYLINDRICAL_SURFACE('',#12520,0.5);
#12520 = AXIS2_PLACEMENT_3D('',#12521,#12522,#12523);
#12521 = CARTESIAN_POINT('',(127.84,-106.5,-4.6E-02));
#12522 = DIRECTION('',(-0.,-0.,-1.));
#12523 = DIRECTION('',(-0.,-1.,0.));
#12524 = ADVANCED_FACE('',(#12525),#12536,.F.);
#12525 = FACE_BOUND('',#12526,.T.);
#12526 = EDGE_LOOP('',(#12527,#12528,#12534,#12535));
#12527 = ORIENTED_EDGE('',*,*,#11229,.T.);
#12528 = ORIENTED_EDGE('',*,*,#12529,.T.);
#12529 = EDGE_CURVE('',#11230,#11786,#12530,.T.);
#12530 = LINE('',#12531,#12532);
#12531 = CARTESIAN_POINT('',(130.38,-107.,-4.6E-02));
#12532 = VECTOR('',#12533,1.);
#12533 = DIRECTION('',(0.,0.,1.));
#12534 = ORIENTED_EDGE('',*,*,#11785,.F.);
#12535 = ORIENTED_EDGE('',*,*,#12529,.F.);
#12536 = CYLINDRICAL_SURFACE('',#12537,0.5);
#12537 = AXIS2_PLACEMENT_3D('',#12538,#12539,#12540);
#12538 = CARTESIAN_POINT('',(130.38,-106.5,-4.6E-02));
#12539 = DIRECTION('',(-0.,-0.,-1.));
#12540 = DIRECTION('',(-0.,-1.,0.));
#12541 = ADVANCED_FACE('',(#12542),#12553,.F.);
#12542 = FACE_BOUND('',#12543,.T.);
#12543 = EDGE_LOOP('',(#12544,#12545,#12551,#12552));
#12544 = ORIENTED_EDGE('',*,*,#11240,.T.);
#12545 = ORIENTED_EDGE('',*,*,#12546,.T.);
#12546 = EDGE_CURVE('',#11241,#11797,#12547,.T.);
#12547 = LINE('',#12548,#12549);
#12548 = CARTESIAN_POINT('',(132.92,-107.,-4.6E-02));
#12549 = VECTOR('',#12550,1.);
#12550 = DIRECTION('',(0.,0.,1.));
#12551 = ORIENTED_EDGE('',*,*,#11796,.F.);
#12552 = ORIENTED_EDGE('',*,*,#12546,.F.);
#12553 = CYLINDRICAL_SURFACE('',#12554,0.5);
#12554 = AXIS2_PLACEMENT_3D('',#12555,#12556,#12557);
#12555 = CARTESIAN_POINT('',(132.92,-106.5,-4.6E-02));
#12556 = DIRECTION('',(-0.,-0.,-1.));
#12557 = DIRECTION('',(-0.,-1.,0.));
#12558 = ADVANCED_FACE('',(#12559),#12570,.F.);
#12559 = FACE_BOUND('',#12560,.T.);
#12560 = EDGE_LOOP('',(#12561,#12562,#12568,#12569));
#12561 = ORIENTED_EDGE('',*,*,#11251,.T.);
#12562 = ORIENTED_EDGE('',*,*,#12563,.T.);
#12563 = EDGE_CURVE('',#11252,#11808,#12564,.T.);
#12564 = LINE('',#12565,#12566);
#12565 = CARTESIAN_POINT('',(135.46,-107.,-4.6E-02));
#12566 = VECTOR('',#12567,1.);
#12567 = DIRECTION('',(0.,0.,1.));
#12568 = ORIENTED_EDGE('',*,*,#11807,.F.);
#12569 = ORIENTED_EDGE('',*,*,#12563,.F.);
#12570 = CYLINDRICAL_SURFACE('',#12571,0.5);
#12571 = AXIS2_PLACEMENT_3D('',#12572,#12573,#12574);
#12572 = CARTESIAN_POINT('',(135.46,-106.5,-4.6E-02));
#12573 = DIRECTION('',(-0.,-0.,-1.));
#12574 = DIRECTION('',(-0.,-1.,0.));
#12575 = ADVANCED_FACE('',(#12576),#12587,.F.);
#12576 = FACE_BOUND('',#12577,.T.);
#12577 = EDGE_LOOP('',(#12578,#12579,#12585,#12586));
#12578 = ORIENTED_EDGE('',*,*,#11262,.T.);
#12579 = ORIENTED_EDGE('',*,*,#12580,.T.);
#12580 = EDGE_CURVE('',#11263,#11819,#12581,.T.);
#12581 = LINE('',#12582,#12583);
#12582 = CARTESIAN_POINT('',(146.325,-114.9,-4.6E-02));
#12583 = VECTOR('',#12584,1.);
#12584 = DIRECTION('',(0.,0.,1.));
#12585 = ORIENTED_EDGE('',*,*,#11818,.F.);
#12586 = ORIENTED_EDGE('',*,*,#12580,.F.);
#12587 = CYLINDRICAL_SURFACE('',#12588,0.4);
#12588 = AXIS2_PLACEMENT_3D('',#12589,#12590,#12591);
#12589 = CARTESIAN_POINT('',(146.325,-114.5,-4.6E-02));
#12590 = DIRECTION('',(-0.,-0.,-1.));
#12591 = DIRECTION('',(-0.,-1.,0.));
#12592 = ADVANCED_FACE('',(#12593),#12604,.F.);
#12593 = FACE_BOUND('',#12594,.T.);
#12594 = EDGE_LOOP('',(#12595,#12596,#12602,#12603));
#12595 = ORIENTED_EDGE('',*,*,#11273,.T.);
#12596 = ORIENTED_EDGE('',*,*,#12597,.T.);
#12597 = EDGE_CURVE('',#11274,#11830,#12598,.T.);
#12598 = LINE('',#12599,#12600);
#12599 = CARTESIAN_POINT('',(138.,-107.,-4.6E-02));
#12600 = VECTOR('',#12601,1.);
#12601 = DIRECTION('',(0.,0.,1.));
#12602 = ORIENTED_EDGE('',*,*,#11829,.F.);
#12603 = ORIENTED_EDGE('',*,*,#12597,.F.);
#12604 = CYLINDRICAL_SURFACE('',#12605,0.5);
#12605 = AXIS2_PLACEMENT_3D('',#12606,#12607,#12608);
#12606 = CARTESIAN_POINT('',(138.,-106.5,-4.6E-02));
#12607 = DIRECTION('',(-0.,-0.,-1.));
#12608 = DIRECTION('',(-0.,-1.,0.));
#12609 = ADVANCED_FACE('',(#12610),#12621,.F.);
#12610 = FACE_BOUND('',#12611,.T.);
#12611 = EDGE_LOOP('',(#12612,#12613,#12619,#12620));
#12612 = ORIENTED_EDGE('',*,*,#11284,.T.);
#12613 = ORIENTED_EDGE('',*,*,#12614,.T.);
#12614 = EDGE_CURVE('',#11285,#11841,#12615,.T.);
#12615 = LINE('',#12616,#12617);
#12616 = CARTESIAN_POINT('',(146.325,-108.9,-4.6E-02));
#12617 = VECTOR('',#12618,1.);
#12618 = DIRECTION('',(0.,0.,1.));
#12619 = ORIENTED_EDGE('',*,*,#11840,.F.);
#12620 = ORIENTED_EDGE('',*,*,#12614,.F.);
#12621 = CYLINDRICAL_SURFACE('',#12622,0.4);
#12622 = AXIS2_PLACEMENT_3D('',#12623,#12624,#12625);
#12623 = CARTESIAN_POINT('',(146.325,-108.5,-4.6E-02));
#12624 = DIRECTION('',(-0.,-0.,-1.));
#12625 = DIRECTION('',(-0.,-1.,0.));
#12626 = ADVANCED_FACE('',(#12627),#12638,.F.);
#12627 = FACE_BOUND('',#12628,.T.);
#12628 = EDGE_LOOP('',(#12629,#12630,#12636,#12637));
#12629 = ORIENTED_EDGE('',*,*,#11295,.T.);
#12630 = ORIENTED_EDGE('',*,*,#12631,.T.);
#12631 = EDGE_CURVE('',#11296,#11852,#12632,.T.);
#12632 = LINE('',#12633,#12634);
#12633 = CARTESIAN_POINT('',(144.92,-92.,-4.6E-02));
#12634 = VECTOR('',#12635,1.);
#12635 = DIRECTION('',(0.,0.,1.));
#12636 = ORIENTED_EDGE('',*,*,#11851,.F.);
#12637 = ORIENTED_EDGE('',*,*,#12631,.F.);
#12638 = CYLINDRICAL_SURFACE('',#12639,0.5);
#12639 = AXIS2_PLACEMENT_3D('',#12640,#12641,#12642);
#12640 = CARTESIAN_POINT('',(144.92,-91.5,-4.6E-02));
#12641 = DIRECTION('',(-0.,-0.,-1.));
#12642 = DIRECTION('',(-0.,-1.,0.));
#12643 = ADVANCED_FACE('',(#12644),#12655,.F.);
#12644 = FACE_BOUND('',#12645,.T.);
#12645 = EDGE_LOOP('',(#12646,#12647,#12653,#12654));
#12646 = ORIENTED_EDGE('',*,*,#11306,.T.);
#12647 = ORIENTED_EDGE('',*,*,#12648,.T.);
#12648 = EDGE_CURVE('',#11307,#11863,#12649,.T.);
#12649 = LINE('',#12650,#12651);
#12650 = CARTESIAN_POINT('',(147.46,-92.,-4.6E-02));
#12651 = VECTOR('',#12652,1.);
#12652 = DIRECTION('',(0.,0.,1.));
#12653 = ORIENTED_EDGE('',*,*,#11862,.F.);
#12654 = ORIENTED_EDGE('',*,*,#12648,.F.);
#12655 = CYLINDRICAL_SURFACE('',#12656,0.5);
#12656 = AXIS2_PLACEMENT_3D('',#12657,#12658,#12659);
#12657 = CARTESIAN_POINT('',(147.46,-91.5,-4.6E-02));
#12658 = DIRECTION('',(-0.,-0.,-1.));
#12659 = DIRECTION('',(-0.,-1.,0.));
#12660 = ADVANCED_FACE('',(#12661),#12672,.F.);
#12661 = FACE_BOUND('',#12662,.T.);
#12662 = EDGE_LOOP('',(#12663,#12664,#12670,#12671));
#12663 = ORIENTED_EDGE('',*,*,#11317,.T.);
#12664 = ORIENTED_EDGE('',*,*,#12665,.T.);
#12665 = EDGE_CURVE('',#11318,#11874,#12666,.T.);
#12666 = LINE('',#12667,#12668);
#12667 = CARTESIAN_POINT('',(150.,-92.,-4.6E-02));
#12668 = VECTOR('',#12669,1.);
#12669 = DIRECTION('',(0.,0.,1.));
#12670 = ORIENTED_EDGE('',*,*,#11873,.F.);
#12671 = ORIENTED_EDGE('',*,*,#12665,.F.);
#12672 = CYLINDRICAL_SURFACE('',#12673,0.5);
#12673 = AXIS2_PLACEMENT_3D('',#12674,#12675,#12676);
#12674 = CARTESIAN_POINT('',(150.,-91.5,-4.6E-02));
#12675 = DIRECTION('',(-0.,-0.,-1.));
#12676 = DIRECTION('',(-0.,-1.,0.));
#12677 = ADVANCED_FACE('',(#12678),#12689,.F.);
#12678 = FACE_BOUND('',#12679,.T.);
#12679 = EDGE_LOOP('',(#12680,#12681,#12687,#12688));
#12680 = ORIENTED_EDGE('',*,*,#11328,.T.);
#12681 = ORIENTED_EDGE('',*,*,#12682,.T.);
#12682 = EDGE_CURVE('',#11329,#11885,#12683,.T.);
#12683 = LINE('',#12684,#12685);
#12684 = CARTESIAN_POINT('',(156.485,-114.9,-4.6E-02));
#12685 = VECTOR('',#12686,1.);
#12686 = DIRECTION('',(0.,0.,1.));
#12687 = ORIENTED_EDGE('',*,*,#11884,.F.);
#12688 = ORIENTED_EDGE('',*,*,#12682,.F.);
#12689 = CYLINDRICAL_SURFACE('',#12690,0.4);
#12690 = AXIS2_PLACEMENT_3D('',#12691,#12692,#12693);
#12691 = CARTESIAN_POINT('',(156.485,-114.5,-4.6E-02));
#12692 = DIRECTION('',(-0.,-0.,-1.));
#12693 = DIRECTION('',(-0.,-1.,0.));
#12694 = ADVANCED_FACE('',(#12695),#12706,.F.);
#12695 = FACE_BOUND('',#12696,.T.);
#12696 = EDGE_LOOP('',(#12697,#12698,#12704,#12705));
#12697 = ORIENTED_EDGE('',*,*,#11339,.T.);
#12698 = ORIENTED_EDGE('',*,*,#12699,.T.);
#12699 = EDGE_CURVE('',#11340,#11896,#12700,.T.);
#12700 = LINE('',#12701,#12702);
#12701 = CARTESIAN_POINT('',(163.,-114.45,-4.6E-02));
#12702 = VECTOR('',#12703,1.);
#12703 = DIRECTION('',(0.,0.,1.));
#12704 = ORIENTED_EDGE('',*,*,#11895,.F.);
#12705 = ORIENTED_EDGE('',*,*,#12699,.F.);
#12706 = CYLINDRICAL_SURFACE('',#12707,0.45);
#12707 = AXIS2_PLACEMENT_3D('',#12708,#12709,#12710);
#12708 = CARTESIAN_POINT('',(163.,-114.,-4.6E-02));
#12709 = DIRECTION('',(-0.,-0.,-1.));
#12710 = DIRECTION('',(-0.,-1.,0.));
#12711 = ADVANCED_FACE('',(#12712),#12723,.F.);
#12712 = FACE_BOUND('',#12713,.T.);
#12713 = EDGE_LOOP('',(#12714,#12715,#12721,#12722));
#12714 = ORIENTED_EDGE('',*,*,#11350,.T.);
#12715 = ORIENTED_EDGE('',*,*,#12716,.T.);
#12716 = EDGE_CURVE('',#11351,#11907,#12717,.T.);
#12717 = LINE('',#12718,#12719);
#12718 = CARTESIAN_POINT('',(163.,-113.18,-4.6E-02));
#12719 = VECTOR('',#12720,1.);
#12720 = DIRECTION('',(0.,0.,1.));
#12721 = ORIENTED_EDGE('',*,*,#11906,.F.);
#12722 = ORIENTED_EDGE('',*,*,#12716,.F.);
#12723 = CYLINDRICAL_SURFACE('',#12724,0.45);
#12724 = AXIS2_PLACEMENT_3D('',#12725,#12726,#12727);
#12725 = CARTESIAN_POINT('',(163.,-112.73,-4.6E-02));
#12726 = DIRECTION('',(-0.,-0.,-1.));
#12727 = DIRECTION('',(-0.,-1.,0.));
#12728 = ADVANCED_FACE('',(#12729),#12740,.F.);
#12729 = FACE_BOUND('',#12730,.T.);
#12730 = EDGE_LOOP('',(#12731,#12732,#12738,#12739));
#12731 = ORIENTED_EDGE('',*,*,#11361,.T.);
#12732 = ORIENTED_EDGE('',*,*,#12733,.T.);
#12733 = EDGE_CURVE('',#11362,#11918,#12734,.T.);
#12734 = LINE('',#12735,#12736);
#12735 = CARTESIAN_POINT('',(156.485,-108.9,-4.6E-02));
#12736 = VECTOR('',#12737,1.);
#12737 = DIRECTION('',(0.,0.,1.));
#12738 = ORIENTED_EDGE('',*,*,#11917,.F.);
#12739 = ORIENTED_EDGE('',*,*,#12733,.F.);
#12740 = CYLINDRICAL_SURFACE('',#12741,0.4);
#12741 = AXIS2_PLACEMENT_3D('',#12742,#12743,#12744);
#12742 = CARTESIAN_POINT('',(156.485,-108.5,-4.6E-02));
#12743 = DIRECTION('',(-0.,-0.,-1.));
#12744 = DIRECTION('',(-0.,-1.,0.));
#12745 = ADVANCED_FACE('',(#12746),#12757,.F.);
#12746 = FACE_BOUND('',#12747,.T.);
#12747 = EDGE_LOOP('',(#12748,#12749,#12755,#12756));
#12748 = ORIENTED_EDGE('',*,*,#11372,.T.);
#12749 = ORIENTED_EDGE('',*,*,#12750,.T.);
#12750 = EDGE_CURVE('',#11373,#11929,#12751,.T.);
#12751 = LINE('',#12752,#12753);
#12752 = CARTESIAN_POINT('',(171.5,-114.45,-4.6E-02));
#12753 = VECTOR('',#12754,1.);
#12754 = DIRECTION('',(0.,0.,1.));
#12755 = ORIENTED_EDGE('',*,*,#11928,.F.);
#12756 = ORIENTED_EDGE('',*,*,#12750,.F.);
#12757 = CYLINDRICAL_SURFACE('',#12758,0.45);
#12758 = AXIS2_PLACEMENT_3D('',#12759,#12760,#12761);
#12759 = CARTESIAN_POINT('',(171.5,-114.,-4.6E-02));
#12760 = DIRECTION('',(-0.,-0.,-1.));
#12761 = DIRECTION('',(-0.,-1.,0.));
#12762 = ADVANCED_FACE('',(#12763),#12774,.F.);
#12763 = FACE_BOUND('',#12764,.T.);
#12764 = EDGE_LOOP('',(#12765,#12766,#12772,#12773));
#12765 = ORIENTED_EDGE('',*,*,#11383,.T.);
#12766 = ORIENTED_EDGE('',*,*,#12767,.T.);
#12767 = EDGE_CURVE('',#11384,#11940,#12768,.T.);
#12768 = LINE('',#12769,#12770);
#12769 = CARTESIAN_POINT('',(171.5,-113.18,-4.6E-02));
#12770 = VECTOR('',#12771,1.);
#12771 = DIRECTION('',(0.,0.,1.));
#12772 = ORIENTED_EDGE('',*,*,#11939,.F.);
#12773 = ORIENTED_EDGE('',*,*,#12767,.F.);
#12774 = CYLINDRICAL_SURFACE('',#12775,0.45);
#12775 = AXIS2_PLACEMENT_3D('',#12776,#12777,#12778);
#12776 = CARTESIAN_POINT('',(171.5,-112.73,-4.6E-02));
#12777 = DIRECTION('',(-0.,-0.,-1.));
#12778 = DIRECTION('',(-0.,-1.,0.));
#12779 = ADVANCED_FACE('',(#12780),#12791,.F.);
#12780 = FACE_BOUND('',#12781,.T.);
#12781 = EDGE_LOOP('',(#12782,#12783,#12789,#12790));
#12782 = ORIENTED_EDGE('',*,*,#11394,.T.);
#12783 = ORIENTED_EDGE('',*,*,#12784,.T.);
#12784 = EDGE_CURVE('',#11395,#11951,#12785,.T.);
#12785 = LINE('',#12786,#12787);
#12786 = CARTESIAN_POINT('',(180.,-114.45,-4.6E-02));
#12787 = VECTOR('',#12788,1.);
#12788 = DIRECTION('',(0.,0.,1.));
#12789 = ORIENTED_EDGE('',*,*,#11950,.F.);
#12790 = ORIENTED_EDGE('',*,*,#12784,.F.);
#12791 = CYLINDRICAL_SURFACE('',#12792,0.45);
#12792 = AXIS2_PLACEMENT_3D('',#12793,#12794,#12795);
#12793 = CARTESIAN_POINT('',(180.,-114.,-4.6E-02));
#12794 = DIRECTION('',(-0.,-0.,-1.));
#12795 = DIRECTION('',(-0.,-1.,0.));
#12796 = ADVANCED_FACE('',(#12797),#12808,.F.);
#12797 = FACE_BOUND('',#12798,.T.);
#12798 = EDGE_LOOP('',(#12799,#12800,#12806,#12807));
#12799 = ORIENTED_EDGE('',*,*,#11405,.T.);
#12800 = ORIENTED_EDGE('',*,*,#12801,.T.);
#12801 = EDGE_CURVE('',#11406,#11962,#12802,.T.);
#12802 = LINE('',#12803,#12804);
#12803 = CARTESIAN_POINT('',(180.,-113.18,-4.6E-02));
#12804 = VECTOR('',#12805,1.);
#12805 = DIRECTION('',(0.,0.,1.));
#12806 = ORIENTED_EDGE('',*,*,#11961,.F.);
#12807 = ORIENTED_EDGE('',*,*,#12801,.F.);
#12808 = CYLINDRICAL_SURFACE('',#12809,0.45);
#12809 = AXIS2_PLACEMENT_3D('',#12810,#12811,#12812);
#12810 = CARTESIAN_POINT('',(180.,-112.73,-4.6E-02));
#12811 = DIRECTION('',(-0.,-0.,-1.));
#12812 = DIRECTION('',(-0.,-1.,0.));
#12813 = ADVANCED_FACE('',(#12814),#12825,.F.);
#12814 = FACE_BOUND('',#12815,.T.);
#12815 = EDGE_LOOP('',(#12816,#12817,#12823,#12824));
#12816 = ORIENTED_EDGE('',*,*,#11416,.T.);
#12817 = ORIENTED_EDGE('',*,*,#12818,.T.);
#12818 = EDGE_CURVE('',#11417,#11973,#12819,.T.);
#12819 = LINE('',#12820,#12821);
#12820 = CARTESIAN_POINT('',(152.54,-92.,-4.6E-02));
#12821 = VECTOR('',#12822,1.);
#12822 = DIRECTION('',(0.,0.,1.));
#12823 = ORIENTED_EDGE('',*,*,#11972,.F.);
#12824 = ORIENTED_EDGE('',*,*,#12818,.F.);
#12825 = CYLINDRICAL_SURFACE('',#12826,0.5);
#12826 = AXIS2_PLACEMENT_3D('',#12827,#12828,#12829);
#12827 = CARTESIAN_POINT('',(152.54,-91.5,-4.6E-02));
#12828 = DIRECTION('',(-0.,-0.,-1.));
#12829 = DIRECTION('',(-0.,-1.,0.));
#12830 = ( GEOMETRIC_REPRESENTATION_CONTEXT(3) 
GLOBAL_UNCERTAINTY_ASSIGNED_CONTEXT((#12834)) 
GLOBAL_UNIT_ASSIGNED_CONTEXT((#12831,#12832,#12833)) 
REPRESENTATION_CONTEXT('Context #1',
  '3D Context with UNIT and UNCERTAINTY') );
#12831 = ( LENGTH_UNIT() NAMED_UNIT(*) SI_UNIT(.MILLI.,.METRE.) );
#12832 = ( NAMED_UNIT(*) PLANE_ANGLE_UNIT() SI_UNIT($,.RADIAN.) );
#12833 = ( NAMED_UNIT(*) SI_UNIT($,.STERADIAN.) SOLID_ANGLE_UNIT() );
#12834 = UNCERTAINTY_MEASURE_WITH_UNIT(LENGTH_MEASURE(1.E-07),#12831,
  'distance_accuracy_value','confusion accuracy');
#12835 = CONTEXT_DEPENDENT_SHAPE_REPRESENTATION(#12836,#12838);
#12836 = ( REPRESENTATION_RELATIONSHIP('','',#10768,#10) 
REPRESENTATION_RELATIONSHIP_WITH_TRANSFORMATION(#12837) 
SHAPE_REPRESENTATION_RELATIONSHIP() );
#12837 = ITEM_DEFINED_TRANSFORMATION('','',#11,#55);
#12838 = PRODUCT_DEFINITION_SHAPE('Placement','Placement of an item',
  #12839);
#12839 = NEXT_ASSEMBLY_USAGE_OCCURRENCE('11','=>[0:1:1:7]','',#5,#10763,
  $);
#12840 = PRODUCT_RELATED_PRODUCT_CATEGORY('part',$,(#10765));
#12841 = MECHANICAL_DESIGN_GEOMETRIC_PRESENTATION_REPRESENTATION('',(
    #12842,#12850,#12857,#12864,#12871,#12878,#12885,#12892,#12899,
    #12906,#12913,#12920,#12927,#12934,#12941,#12948,#12955,#12962,
    #12969,#12976,#12983,#12990,#12997,#13004,#13011,#13018,#13025,
    #13032,#13039,#13046,#13053,#13060,#13067,#13074,#13081,#13089,
    #13096,#13103,#13110,#13117,#13124,#13131,#13138,#13145,#13152,
    #13159,#13166,#13173,#13180,#13187,#13194,#13201,#13208,#13215,
    #13222,#13229,#13236,#13243,#13250,#13257,#13264,#13271,#13278,
    #13285,#13292,#13299,#13306,#13313,#13320,#13327,#13334,#13341,
    #13348,#13355,#13362,#13369,#13376,#13383,#13390,#13397,#13404,
    #13411,#13418,#13425,#13432,#13439,#13446,#13453,#13460,#13467,
    #13474,#13481,#13488,#13495,#13502,#13509,#13516,#13523,#13530,
    #13537,#13544,#13551,#13558,#13565,#13572,#13579,#13586,#13593,
    #13600,#13607,#13614,#13621,#13628,#13635,#13642,#13649,#13656,
    #13663,#13670,#13677,#13684,#13691,#13698,#13705),#4693);
#12842 = STYLED_ITEM('color',(#12843),#1241);
#12843 = PRESENTATION_STYLE_ASSIGNMENT((#12844));
#12844 = SURFACE_STYLE_USAGE(.BOTH.,#12845);
#12845 = SURFACE_SIDE_STYLE('',(#12846));
#12846 = SURFACE_STYLE_FILL_AREA(#12847);
#12847 = FILL_AREA_STYLE('',(#12848));
#12848 = FILL_AREA_STYLE_COLOUR('',#12849);
#12849 = COLOUR_RGB('',0.147999998088,0.144999993226,0.144999993226);
#12850 = STYLED_ITEM('color',(#12851),#1281);
#12851 = PRESENTATION_STYLE_ASSIGNMENT((#12852));
#12852 = SURFACE_STYLE_USAGE(.BOTH.,#12853);
#12853 = SURFACE_SIDE_STYLE('',(#12854));
#12854 = SURFACE_STYLE_FILL_AREA(#12855);
#12855 = FILL_AREA_STYLE('',(#12856));
#12856 = FILL_AREA_STYLE_COLOUR('',#12849);
#12857 = STYLED_ITEM('color',(#12858),#1312);
#12858 = PRESENTATION_STYLE_ASSIGNMENT((#12859));
#12859 = SURFACE_STYLE_USAGE(.BOTH.,#12860);
#12860 = SURFACE_SIDE_STYLE('',(#12861));
#12861 = SURFACE_STYLE_FILL_AREA(#12862);
#12862 = FILL_AREA_STYLE('',(#12863));
#12863 = FILL_AREA_STYLE_COLOUR('',#12849);
#12864 = STYLED_ITEM('color',(#12865),#1343);
#12865 = PRESENTATION_STYLE_ASSIGNMENT((#12866));
#12866 = SURFACE_STYLE_USAGE(.BOTH.,#12867);
#12867 = SURFACE_SIDE_STYLE('',(#12868));
#12868 = SURFACE_STYLE_FILL_AREA(#12869);
#12869 = FILL_AREA_STYLE('',(#12870));
#12870 = FILL_AREA_STYLE_COLOUR('',#12849);
#12871 = STYLED_ITEM('color',(#12872),#1754);
#12872 = PRESENTATION_STYLE_ASSIGNMENT((#12873));
#12873 = SURFACE_STYLE_USAGE(.BOTH.,#12874);
#12874 = SURFACE_SIDE_STYLE('',(#12875));
#12875 = SURFACE_STYLE_FILL_AREA(#12876);
#12876 = FILL_AREA_STYLE('',(#12877));
#12877 = FILL_AREA_STYLE_COLOUR('',#12849);
#12878 = STYLED_ITEM('color',(#12879),#2165);
#12879 = PRESENTATION_STYLE_ASSIGNMENT((#12880));
#12880 = SURFACE_STYLE_USAGE(.BOTH.,#12881);
#12881 = SURFACE_SIDE_STYLE('',(#12882));
#12882 = SURFACE_STYLE_FILL_AREA(#12883);
#12883 = FILL_AREA_STYLE('',(#12884));
#12884 = FILL_AREA_STYLE_COLOUR('',#12849);
#12885 = STYLED_ITEM('color',(#12886),#2182);
#12886 = PRESENTATION_STYLE_ASSIGNMENT((#12887));
#12887 = SURFACE_STYLE_USAGE(.BOTH.,#12888);
#12888 = SURFACE_SIDE_STYLE('',(#12889));
#12889 = SURFACE_STYLE_FILL_AREA(#12890);
#12890 = FILL_AREA_STYLE('',(#12891));
#12891 = FILL_AREA_STYLE_COLOUR('',#12849);
#12892 = STYLED_ITEM('color',(#12893),#2199);
#12893 = PRESENTATION_STYLE_ASSIGNMENT((#12894));
#12894 = SURFACE_STYLE_USAGE(.BOTH.,#12895);
#12895 = SURFACE_SIDE_STYLE('',(#12896));
#12896 = SURFACE_STYLE_FILL_AREA(#12897);
#12897 = FILL_AREA_STYLE('',(#12898));
#12898 = FILL_AREA_STYLE_COLOUR('',#12849);
#12899 = STYLED_ITEM('color',(#12900),#2216);
#12900 = PRESENTATION_STYLE_ASSIGNMENT((#12901));
#12901 = SURFACE_STYLE_USAGE(.BOTH.,#12902);
#12902 = SURFACE_SIDE_STYLE('',(#12903));
#12903 = SURFACE_STYLE_FILL_AREA(#12904);
#12904 = FILL_AREA_STYLE('',(#12905));
#12905 = FILL_AREA_STYLE_COLOUR('',#12849);
#12906 = STYLED_ITEM('color',(#12907),#2233);
#12907 = PRESENTATION_STYLE_ASSIGNMENT((#12908));
#12908 = SURFACE_STYLE_USAGE(.BOTH.,#12909);
#12909 = SURFACE_SIDE_STYLE('',(#12910));
#12910 = SURFACE_STYLE_FILL_AREA(#12911);
#12911 = FILL_AREA_STYLE('',(#12912));
#12912 = FILL_AREA_STYLE_COLOUR('',#12849);
#12913 = STYLED_ITEM('color',(#12914),#2250);
#12914 = PRESENTATION_STYLE_ASSIGNMENT((#12915));
#12915 = SURFACE_STYLE_USAGE(.BOTH.,#12916);
#12916 = SURFACE_SIDE_STYLE('',(#12917));
#12917 = SURFACE_STYLE_FILL_AREA(#12918);
#12918 = FILL_AREA_STYLE('',(#12919));
#12919 = FILL_AREA_STYLE_COLOUR('',#12849);
#12920 = STYLED_ITEM('color',(#12921),#2267);
#12921 = PRESENTATION_STYLE_ASSIGNMENT((#12922));
#12922 = SURFACE_STYLE_USAGE(.BOTH.,#12923);
#12923 = SURFACE_SIDE_STYLE('',(#12924));
#12924 = SURFACE_STYLE_FILL_AREA(#12925);
#12925 = FILL_AREA_STYLE('',(#12926));
#12926 = FILL_AREA_STYLE_COLOUR('',#12849);
#12927 = STYLED_ITEM('color',(#12928),#2284);
#12928 = PRESENTATION_STYLE_ASSIGNMENT((#12929));
#12929 = SURFACE_STYLE_USAGE(.BOTH.,#12930);
#12930 = SURFACE_SIDE_STYLE('',(#12931));
#12931 = SURFACE_STYLE_FILL_AREA(#12932);
#12932 = FILL_AREA_STYLE('',(#12933));
#12933 = FILL_AREA_STYLE_COLOUR('',#12849);
#12934 = STYLED_ITEM('color',(#12935),#2301);
#12935 = PRESENTATION_STYLE_ASSIGNMENT((#12936));
#12936 = SURFACE_STYLE_USAGE(.BOTH.,#12937);
#12937 = SURFACE_SIDE_STYLE('',(#12938));
#12938 = SURFACE_STYLE_FILL_AREA(#12939);
#12939 = FILL_AREA_STYLE('',(#12940));
#12940 = FILL_AREA_STYLE_COLOUR('',#12849);
#12941 = STYLED_ITEM('color',(#12942),#2318);
#12942 = PRESENTATION_STYLE_ASSIGNMENT((#12943));
#12943 = SURFACE_STYLE_USAGE(.BOTH.,#12944);
#12944 = SURFACE_SIDE_STYLE('',(#12945));
#12945 = SURFACE_STYLE_FILL_AREA(#12946);
#12946 = FILL_AREA_STYLE('',(#12947));
#12947 = FILL_AREA_STYLE_COLOUR('',#12849);
#12948 = STYLED_ITEM('color',(#12949),#2335);
#12949 = PRESENTATION_STYLE_ASSIGNMENT((#12950));
#12950 = SURFACE_STYLE_USAGE(.BOTH.,#12951);
#12951 = SURFACE_SIDE_STYLE('',(#12952));
#12952 = SURFACE_STYLE_FILL_AREA(#12953);
#12953 = FILL_AREA_STYLE('',(#12954));
#12954 = FILL_AREA_STYLE_COLOUR('',#12849);
#12955 = STYLED_ITEM('color',(#12956),#2352);
#12956 = PRESENTATION_STYLE_ASSIGNMENT((#12957));
#12957 = SURFACE_STYLE_USAGE(.BOTH.,#12958);
#12958 = SURFACE_SIDE_STYLE('',(#12959));
#12959 = SURFACE_STYLE_FILL_AREA(#12960);
#12960 = FILL_AREA_STYLE('',(#12961));
#12961 = FILL_AREA_STYLE_COLOUR('',#12849);
#12962 = STYLED_ITEM('color',(#12963),#2369);
#12963 = PRESENTATION_STYLE_ASSIGNMENT((#12964));
#12964 = SURFACE_STYLE_USAGE(.BOTH.,#12965);
#12965 = SURFACE_SIDE_STYLE('',(#12966));
#12966 = SURFACE_STYLE_FILL_AREA(#12967);
#12967 = FILL_AREA_STYLE('',(#12968));
#12968 = FILL_AREA_STYLE_COLOUR('',#12849);
#12969 = STYLED_ITEM('color',(#12970),#2386);
#12970 = PRESENTATION_STYLE_ASSIGNMENT((#12971));
#12971 = SURFACE_STYLE_USAGE(.BOTH.,#12972);
#12972 = SURFACE_SIDE_STYLE('',(#12973));
#12973 = SURFACE_STYLE_FILL_AREA(#12974);
#12974 = FILL_AREA_STYLE('',(#12975));
#12975 = FILL_AREA_STYLE_COLOUR('',#12849);
#12976 = STYLED_ITEM('color',(#12977),#2403);
#12977 = PRESENTATION_STYLE_ASSIGNMENT((#12978));
#12978 = SURFACE_STYLE_USAGE(.BOTH.,#12979);
#12979 = SURFACE_SIDE_STYLE('',(#12980));
#12980 = SURFACE_STYLE_FILL_AREA(#12981);
#12981 = FILL_AREA_STYLE('',(#12982));
#12982 = FILL_AREA_STYLE_COLOUR('',#12849);
#12983 = STYLED_ITEM('color',(#12984),#2420);
#12984 = PRESENTATION_STYLE_ASSIGNMENT((#12985));
#12985 = SURFACE_STYLE_USAGE(.BOTH.,#12986);
#12986 = SURFACE_SIDE_STYLE('',(#12987));
#12987 = SURFACE_STYLE_FILL_AREA(#12988);
#12988 = FILL_AREA_STYLE('',(#12989));
#12989 = FILL_AREA_STYLE_COLOUR('',#12849);
#12990 = STYLED_ITEM('color',(#12991),#2437);
#12991 = PRESENTATION_STYLE_ASSIGNMENT((#12992));
#12992 = SURFACE_STYLE_USAGE(.BOTH.,#12993);
#12993 = SURFACE_SIDE_STYLE('',(#12994));
#12994 = SURFACE_STYLE_FILL_AREA(#12995);
#12995 = FILL_AREA_STYLE('',(#12996));
#12996 = FILL_AREA_STYLE_COLOUR('',#12849);
#12997 = STYLED_ITEM('color',(#12998),#2454);
#12998 = PRESENTATION_STYLE_ASSIGNMENT((#12999));
#12999 = SURFACE_STYLE_USAGE(.BOTH.,#13000);
#13000 = SURFACE_SIDE_STYLE('',(#13001));
#13001 = SURFACE_STYLE_FILL_AREA(#13002);
#13002 = FILL_AREA_STYLE('',(#13003));
#13003 = FILL_AREA_STYLE_COLOUR('',#12849);
#13004 = STYLED_ITEM('color',(#13005),#2471);
#13005 = PRESENTATION_STYLE_ASSIGNMENT((#13006));
#13006 = SURFACE_STYLE_USAGE(.BOTH.,#13007);
#13007 = SURFACE_SIDE_STYLE('',(#13008));
#13008 = SURFACE_STYLE_FILL_AREA(#13009);
#13009 = FILL_AREA_STYLE('',(#13010));
#13010 = FILL_AREA_STYLE_COLOUR('',#12849);
#13011 = STYLED_ITEM('color',(#13012),#2488);
#13012 = PRESENTATION_STYLE_ASSIGNMENT((#13013));
#13013 = SURFACE_STYLE_USAGE(.BOTH.,#13014);
#13014 = SURFACE_SIDE_STYLE('',(#13015));
#13015 = SURFACE_STYLE_FILL_AREA(#13016);
#13016 = FILL_AREA_STYLE('',(#13017));
#13017 = FILL_AREA_STYLE_COLOUR('',#12849);
#13018 = STYLED_ITEM('color',(#13019),#2505);
#13019 = PRESENTATION_STYLE_ASSIGNMENT((#13020));
#13020 = SURFACE_STYLE_USAGE(.BOTH.,#13021);
#13021 = SURFACE_SIDE_STYLE('',(#13022));
#13022 = SURFACE_STYLE_FILL_AREA(#13023);
#13023 = FILL_AREA_STYLE('',(#13024));
#13024 = FILL_AREA_STYLE_COLOUR('',#12849);
#13025 = STYLED_ITEM('color',(#13026),#2522);
#13026 = PRESENTATION_STYLE_ASSIGNMENT((#13027));
#13027 = SURFACE_STYLE_USAGE(.BOTH.,#13028);
#13028 = SURFACE_SIDE_STYLE('',(#13029));
#13029 = SURFACE_STYLE_FILL_AREA(#13030);
#13030 = FILL_AREA_STYLE('',(#13031));
#13031 = FILL_AREA_STYLE_COLOUR('',#12849);
#13032 = STYLED_ITEM('color',(#13033),#2539);
#13033 = PRESENTATION_STYLE_ASSIGNMENT((#13034));
#13034 = SURFACE_STYLE_USAGE(.BOTH.,#13035);
#13035 = SURFACE_SIDE_STYLE('',(#13036));
#13036 = SURFACE_STYLE_FILL_AREA(#13037);
#13037 = FILL_AREA_STYLE('',(#13038));
#13038 = FILL_AREA_STYLE_COLOUR('',#12849);
#13039 = STYLED_ITEM('color',(#13040),#2556);
#13040 = PRESENTATION_STYLE_ASSIGNMENT((#13041));
#13041 = SURFACE_STYLE_USAGE(.BOTH.,#13042);
#13042 = SURFACE_SIDE_STYLE('',(#13043));
#13043 = SURFACE_STYLE_FILL_AREA(#13044);
#13044 = FILL_AREA_STYLE('',(#13045));
#13045 = FILL_AREA_STYLE_COLOUR('',#12849);
#13046 = STYLED_ITEM('color',(#13047),#2573);
#13047 = PRESENTATION_STYLE_ASSIGNMENT((#13048));
#13048 = SURFACE_STYLE_USAGE(.BOTH.,#13049);
#13049 = SURFACE_SIDE_STYLE('',(#13050));
#13050 = SURFACE_STYLE_FILL_AREA(#13051);
#13051 = FILL_AREA_STYLE('',(#13052));
#13052 = FILL_AREA_STYLE_COLOUR('',#12849);
#13053 = STYLED_ITEM('color',(#13054),#2590);
#13054 = PRESENTATION_STYLE_ASSIGNMENT((#13055));
#13055 = SURFACE_STYLE_USAGE(.BOTH.,#13056);
#13056 = SURFACE_SIDE_STYLE('',(#13057));
#13057 = SURFACE_STYLE_FILL_AREA(#13058);
#13058 = FILL_AREA_STYLE('',(#13059));
#13059 = FILL_AREA_STYLE_COLOUR('',#12849);
#13060 = STYLED_ITEM('color',(#13061),#2607);
#13061 = PRESENTATION_STYLE_ASSIGNMENT((#13062));
#13062 = SURFACE_STYLE_USAGE(.BOTH.,#13063);
#13063 = SURFACE_SIDE_STYLE('',(#13064));
#13064 = SURFACE_STYLE_FILL_AREA(#13065);
#13065 = FILL_AREA_STYLE('',(#13066));
#13066 = FILL_AREA_STYLE_COLOUR('',#12849);
#13067 = STYLED_ITEM('color',(#13068),#2624);
#13068 = PRESENTATION_STYLE_ASSIGNMENT((#13069));
#13069 = SURFACE_STYLE_USAGE(.BOTH.,#13070);
#13070 = SURFACE_SIDE_STYLE('',(#13071));
#13071 = SURFACE_STYLE_FILL_AREA(#13072);
#13072 = FILL_AREA_STYLE('',(#13073));
#13073 = FILL_AREA_STYLE_COLOUR('',#12849);
#13074 = STYLED_ITEM('color',(#13075),#2641);
#13075 = PRESENTATION_STYLE_ASSIGNMENT((#13076));
#13076 = SURFACE_STYLE_USAGE(.BOTH.,#13077);
#13077 = SURFACE_SIDE_STYLE('',(#13078));
#13078 = SURFACE_STYLE_FILL_AREA(#13079);
#13079 = FILL_AREA_STYLE('',(#13080));
#13080 = FILL_AREA_STYLE_COLOUR('',#12849);
#13081 = STYLED_ITEM('color',(#13082),#2653);
#13082 = PRESENTATION_STYLE_ASSIGNMENT((#13083));
#13083 = SURFACE_STYLE_USAGE(.BOTH.,#13084);
#13084 = SURFACE_SIDE_STYLE('',(#13085));
#13085 = SURFACE_STYLE_FILL_AREA(#13086);
#13086 = FILL_AREA_STYLE('',(#13087));
#13087 = FILL_AREA_STYLE_COLOUR('',#13088);
#13088 = COLOUR_RGB('',0.859000020776,0.737999965183,0.495999988746);
#13089 = STYLED_ITEM('color',(#13090),#2684);
#13090 = PRESENTATION_STYLE_ASSIGNMENT((#13091));
#13091 = SURFACE_STYLE_USAGE(.BOTH.,#13092);
#13092 = SURFACE_SIDE_STYLE('',(#13093));
#13093 = SURFACE_STYLE_FILL_AREA(#13094);
#13094 = FILL_AREA_STYLE('',(#13095));
#13095 = FILL_AREA_STYLE_COLOUR('',#13088);
#13096 = STYLED_ITEM('color',(#13097),#2708);
#13097 = PRESENTATION_STYLE_ASSIGNMENT((#13098));
#13098 = SURFACE_STYLE_USAGE(.BOTH.,#13099);
#13099 = SURFACE_SIDE_STYLE('',(#13100));
#13100 = SURFACE_STYLE_FILL_AREA(#13101);
#13101 = FILL_AREA_STYLE('',(#13102));
#13102 = FILL_AREA_STYLE_COLOUR('',#13088);
#13103 = STYLED_ITEM('color',(#13104),#2732);
#13104 = PRESENTATION_STYLE_ASSIGNMENT((#13105));
#13105 = SURFACE_STYLE_USAGE(.BOTH.,#13106);
#13106 = SURFACE_SIDE_STYLE('',(#13107));
#13107 = SURFACE_STYLE_FILL_AREA(#13108);
#13108 = FILL_AREA_STYLE('',(#13109));
#13109 = FILL_AREA_STYLE_COLOUR('',#13088);
#13110 = STYLED_ITEM('color',(#13111),#2749);
#13111 = PRESENTATION_STYLE_ASSIGNMENT((#13112));
#13112 = SURFACE_STYLE_USAGE(.BOTH.,#13113);
#13113 = SURFACE_SIDE_STYLE('',(#13114));
#13114 = SURFACE_STYLE_FILL_AREA(#13115);
#13115 = FILL_AREA_STYLE('',(#13116));
#13116 = FILL_AREA_STYLE_COLOUR('',#13088);
#13117 = STYLED_ITEM('color',(#13118),#2780);
#13118 = PRESENTATION_STYLE_ASSIGNMENT((#13119));
#13119 = SURFACE_STYLE_USAGE(.BOTH.,#13120);
#13120 = SURFACE_SIDE_STYLE('',(#13121));
#13121 = SURFACE_STYLE_FILL_AREA(#13122);
#13122 = FILL_AREA_STYLE('',(#13123));
#13123 = FILL_AREA_STYLE_COLOUR('',#13088);
#13124 = STYLED_ITEM('color',(#13125),#2804);
#13125 = PRESENTATION_STYLE_ASSIGNMENT((#13126));
#13126 = SURFACE_STYLE_USAGE(.BOTH.,#13127);
#13127 = SURFACE_SIDE_STYLE('',(#13128));
#13128 = SURFACE_STYLE_FILL_AREA(#13129);
#13129 = FILL_AREA_STYLE('',(#13130));
#13130 = FILL_AREA_STYLE_COLOUR('',#13088);
#13131 = STYLED_ITEM('color',(#13132),#2828);
#13132 = PRESENTATION_STYLE_ASSIGNMENT((#13133));
#13133 = SURFACE_STYLE_USAGE(.BOTH.,#13134);
#13134 = SURFACE_SIDE_STYLE('',(#13135));
#13135 = SURFACE_STYLE_FILL_AREA(#13136);
#13136 = FILL_AREA_STYLE('',(#13137));
#13137 = FILL_AREA_STYLE_COLOUR('',#13088);
#13138 = STYLED_ITEM('color',(#13139),#2845);
#13139 = PRESENTATION_STYLE_ASSIGNMENT((#13140));
#13140 = SURFACE_STYLE_USAGE(.BOTH.,#13141);
#13141 = SURFACE_SIDE_STYLE('',(#13142));
#13142 = SURFACE_STYLE_FILL_AREA(#13143);
#13143 = FILL_AREA_STYLE('',(#13144));
#13144 = FILL_AREA_STYLE_COLOUR('',#13088);
#13145 = STYLED_ITEM('color',(#13146),#2876);
#13146 = PRESENTATION_STYLE_ASSIGNMENT((#13147));
#13147 = SURFACE_STYLE_USAGE(.BOTH.,#13148);
#13148 = SURFACE_SIDE_STYLE('',(#13149));
#13149 = SURFACE_STYLE_FILL_AREA(#13150);
#13150 = FILL_AREA_STYLE('',(#13151));
#13151 = FILL_AREA_STYLE_COLOUR('',#13088);
#13152 = STYLED_ITEM('color',(#13153),#2900);
#13153 = PRESENTATION_STYLE_ASSIGNMENT((#13154));
#13154 = SURFACE_STYLE_USAGE(.BOTH.,#13155);
#13155 = SURFACE_SIDE_STYLE('',(#13156));
#13156 = SURFACE_STYLE_FILL_AREA(#13157);
#13157 = FILL_AREA_STYLE('',(#13158));
#13158 = FILL_AREA_STYLE_COLOUR('',#13088);
#13159 = STYLED_ITEM('color',(#13160),#2924);
#13160 = PRESENTATION_STYLE_ASSIGNMENT((#13161));
#13161 = SURFACE_STYLE_USAGE(.BOTH.,#13162);
#13162 = SURFACE_SIDE_STYLE('',(#13163));
#13163 = SURFACE_STYLE_FILL_AREA(#13164);
#13164 = FILL_AREA_STYLE('',(#13165));
#13165 = FILL_AREA_STYLE_COLOUR('',#13088);
#13166 = STYLED_ITEM('color',(#13167),#2941);
#13167 = PRESENTATION_STYLE_ASSIGNMENT((#13168));
#13168 = SURFACE_STYLE_USAGE(.BOTH.,#13169);
#13169 = SURFACE_SIDE_STYLE('',(#13170));
#13170 = SURFACE_STYLE_FILL_AREA(#13171);
#13171 = FILL_AREA_STYLE('',(#13172));
#13172 = FILL_AREA_STYLE_COLOUR('',#13088);
#13173 = STYLED_ITEM('color',(#13174),#2972);
#13174 = PRESENTATION_STYLE_ASSIGNMENT((#13175));
#13175 = SURFACE_STYLE_USAGE(.BOTH.,#13176);
#13176 = SURFACE_SIDE_STYLE('',(#13177));
#13177 = SURFACE_STYLE_FILL_AREA(#13178);
#13178 = FILL_AREA_STYLE('',(#13179));
#13179 = FILL_AREA_STYLE_COLOUR('',#13088);
#13180 = STYLED_ITEM('color',(#13181),#2996);
#13181 = PRESENTATION_STYLE_ASSIGNMENT((#13182));
#13182 = SURFACE_STYLE_USAGE(.BOTH.,#13183);
#13183 = SURFACE_SIDE_STYLE('',(#13184));
#13184 = SURFACE_STYLE_FILL_AREA(#13185);
#13185 = FILL_AREA_STYLE('',(#13186));
#13186 = FILL_AREA_STYLE_COLOUR('',#13088);
#13187 = STYLED_ITEM('color',(#13188),#3020);
#13188 = PRESENTATION_STYLE_ASSIGNMENT((#13189));
#13189 = SURFACE_STYLE_USAGE(.BOTH.,#13190);
#13190 = SURFACE_SIDE_STYLE('',(#13191));
#13191 = SURFACE_STYLE_FILL_AREA(#13192);
#13192 = FILL_AREA_STYLE('',(#13193));
#13193 = FILL_AREA_STYLE_COLOUR('',#13088);
#13194 = STYLED_ITEM('color',(#13195),#3037);
#13195 = PRESENTATION_STYLE_ASSIGNMENT((#13196));
#13196 = SURFACE_STYLE_USAGE(.BOTH.,#13197);
#13197 = SURFACE_SIDE_STYLE('',(#13198));
#13198 = SURFACE_STYLE_FILL_AREA(#13199);
#13199 = FILL_AREA_STYLE('',(#13200));
#13200 = FILL_AREA_STYLE_COLOUR('',#13088);
#13201 = STYLED_ITEM('color',(#13202),#3068);
#13202 = PRESENTATION_STYLE_ASSIGNMENT((#13203));
#13203 = SURFACE_STYLE_USAGE(.BOTH.,#13204);
#13204 = SURFACE_SIDE_STYLE('',(#13205));
#13205 = SURFACE_STYLE_FILL_AREA(#13206);
#13206 = FILL_AREA_STYLE('',(#13207));
#13207 = FILL_AREA_STYLE_COLOUR('',#13088);
#13208 = STYLED_ITEM('color',(#13209),#3092);
#13209 = PRESENTATION_STYLE_ASSIGNMENT((#13210));
#13210 = SURFACE_STYLE_USAGE(.BOTH.,#13211);
#13211 = SURFACE_SIDE_STYLE('',(#13212));
#13212 = SURFACE_STYLE_FILL_AREA(#13213);
#13213 = FILL_AREA_STYLE('',(#13214));
#13214 = FILL_AREA_STYLE_COLOUR('',#13088);
#13215 = STYLED_ITEM('color',(#13216),#3116);
#13216 = PRESENTATION_STYLE_ASSIGNMENT((#13217));
#13217 = SURFACE_STYLE_USAGE(.BOTH.,#13218);
#13218 = SURFACE_SIDE_STYLE('',(#13219));
#13219 = SURFACE_STYLE_FILL_AREA(#13220);
#13220 = FILL_AREA_STYLE('',(#13221));
#13221 = FILL_AREA_STYLE_COLOUR('',#13088);
#13222 = STYLED_ITEM('color',(#13223),#3133);
#13223 = PRESENTATION_STYLE_ASSIGNMENT((#13224));
#13224 = SURFACE_STYLE_USAGE(.BOTH.,#13225);
#13225 = SURFACE_SIDE_STYLE('',(#13226));
#13226 = SURFACE_STYLE_FILL_AREA(#13227);
#13227 = FILL_AREA_STYLE('',(#13228));
#13228 = FILL_AREA_STYLE_COLOUR('',#13088);
#13229 = STYLED_ITEM('color',(#13230),#3164);
#13230 = PRESENTATION_STYLE_ASSIGNMENT((#13231));
#13231 = SURFACE_STYLE_USAGE(.BOTH.,#13232);
#13232 = SURFACE_SIDE_STYLE('',(#13233));
#13233 = SURFACE_STYLE_FILL_AREA(#13234);
#13234 = FILL_AREA_STYLE('',(#13235));
#13235 = FILL_AREA_STYLE_COLOUR('',#13088);
#13236 = STYLED_ITEM('color',(#13237),#3188);
#13237 = PRESENTATION_STYLE_ASSIGNMENT((#13238));
#13238 = SURFACE_STYLE_USAGE(.BOTH.,#13239);
#13239 = SURFACE_SIDE_STYLE('',(#13240));
#13240 = SURFACE_STYLE_FILL_AREA(#13241);
#13241 = FILL_AREA_STYLE('',(#13242));
#13242 = FILL_AREA_STYLE_COLOUR('',#13088);
#13243 = STYLED_ITEM('color',(#13244),#3212);
#13244 = PRESENTATION_STYLE_ASSIGNMENT((#13245));
#13245 = SURFACE_STYLE_USAGE(.BOTH.,#13246);
#13246 = SURFACE_SIDE_STYLE('',(#13247));
#13247 = SURFACE_STYLE_FILL_AREA(#13248);
#13248 = FILL_AREA_STYLE('',(#13249));
#13249 = FILL_AREA_STYLE_COLOUR('',#13088);
#13250 = STYLED_ITEM('color',(#13251),#3229);
#13251 = PRESENTATION_STYLE_ASSIGNMENT((#13252));
#13252 = SURFACE_STYLE_USAGE(.BOTH.,#13253);
#13253 = SURFACE_SIDE_STYLE('',(#13254));
#13254 = SURFACE_STYLE_FILL_AREA(#13255);
#13255 = FILL_AREA_STYLE('',(#13256));
#13256 = FILL_AREA_STYLE_COLOUR('',#13088);
#13257 = STYLED_ITEM('color',(#13258),#3260);
#13258 = PRESENTATION_STYLE_ASSIGNMENT((#13259));
#13259 = SURFACE_STYLE_USAGE(.BOTH.,#13260);
#13260 = SURFACE_SIDE_STYLE('',(#13261));
#13261 = SURFACE_STYLE_FILL_AREA(#13262);
#13262 = FILL_AREA_STYLE('',(#13263));
#13263 = FILL_AREA_STYLE_COLOUR('',#13088);
#13264 = STYLED_ITEM('color',(#13265),#3284);
#13265 = PRESENTATION_STYLE_ASSIGNMENT((#13266));
#13266 = SURFACE_STYLE_USAGE(.BOTH.,#13267);
#13267 = SURFACE_SIDE_STYLE('',(#13268));
#13268 = SURFACE_STYLE_FILL_AREA(#13269);
#13269 = FILL_AREA_STYLE('',(#13270));
#13270 = FILL_AREA_STYLE_COLOUR('',#13088);
#13271 = STYLED_ITEM('color',(#13272),#3308);
#13272 = PRESENTATION_STYLE_ASSIGNMENT((#13273));
#13273 = SURFACE_STYLE_USAGE(.BOTH.,#13274);
#13274 = SURFACE_SIDE_STYLE('',(#13275));
#13275 = SURFACE_STYLE_FILL_AREA(#13276);
#13276 = FILL_AREA_STYLE('',(#13277));
#13277 = FILL_AREA_STYLE_COLOUR('',#13088);
#13278 = STYLED_ITEM('color',(#13279),#3325);
#13279 = PRESENTATION_STYLE_ASSIGNMENT((#13280));
#13280 = SURFACE_STYLE_USAGE(.BOTH.,#13281);
#13281 = SURFACE_SIDE_STYLE('',(#13282));
#13282 = SURFACE_STYLE_FILL_AREA(#13283);
#13283 = FILL_AREA_STYLE('',(#13284));
#13284 = FILL_AREA_STYLE_COLOUR('',#13088);
#13285 = STYLED_ITEM('color',(#13286),#3356);
#13286 = PRESENTATION_STYLE_ASSIGNMENT((#13287));
#13287 = SURFACE_STYLE_USAGE(.BOTH.,#13288);
#13288 = SURFACE_SIDE_STYLE('',(#13289));
#13289 = SURFACE_STYLE_FILL_AREA(#13290);
#13290 = FILL_AREA_STYLE('',(#13291));
#13291 = FILL_AREA_STYLE_COLOUR('',#13088);
#13292 = STYLED_ITEM('color',(#13293),#3380);
#13293 = PRESENTATION_STYLE_ASSIGNMENT((#13294));
#13294 = SURFACE_STYLE_USAGE(.BOTH.,#13295);
#13295 = SURFACE_SIDE_STYLE('',(#13296));
#13296 = SURFACE_STYLE_FILL_AREA(#13297);
#13297 = FILL_AREA_STYLE('',(#13298));
#13298 = FILL_AREA_STYLE_COLOUR('',#13088);
#13299 = STYLED_ITEM('color',(#13300),#3404);
#13300 = PRESENTATION_STYLE_ASSIGNMENT((#13301));
#13301 = SURFACE_STYLE_USAGE(.BOTH.,#13302);
#13302 = SURFACE_SIDE_STYLE('',(#13303));
#13303 = SURFACE_STYLE_FILL_AREA(#13304);
#13304 = FILL_AREA_STYLE('',(#13305));
#13305 = FILL_AREA_STYLE_COLOUR('',#13088);
#13306 = STYLED_ITEM('color',(#13307),#3421);
#13307 = PRESENTATION_STYLE_ASSIGNMENT((#13308));
#13308 = SURFACE_STYLE_USAGE(.BOTH.,#13309);
#13309 = SURFACE_SIDE_STYLE('',(#13310));
#13310 = SURFACE_STYLE_FILL_AREA(#13311);
#13311 = FILL_AREA_STYLE('',(#13312));
#13312 = FILL_AREA_STYLE_COLOUR('',#13088);
#13313 = STYLED_ITEM('color',(#13314),#3452);
#13314 = PRESENTATION_STYLE_ASSIGNMENT((#13315));
#13315 = SURFACE_STYLE_USAGE(.BOTH.,#13316);
#13316 = SURFACE_SIDE_STYLE('',(#13317));
#13317 = SURFACE_STYLE_FILL_AREA(#13318);
#13318 = FILL_AREA_STYLE('',(#13319));
#13319 = FILL_AREA_STYLE_COLOUR('',#13088);
#13320 = STYLED_ITEM('color',(#13321),#3476);
#13321 = PRESENTATION_STYLE_ASSIGNMENT((#13322));
#13322 = SURFACE_STYLE_USAGE(.BOTH.,#13323);
#13323 = SURFACE_SIDE_STYLE('',(#13324));
#13324 = SURFACE_STYLE_FILL_AREA(#13325);
#13325 = FILL_AREA_STYLE('',(#13326));
#13326 = FILL_AREA_STYLE_COLOUR('',#13088);
#13327 = STYLED_ITEM('color',(#13328),#3500);
#13328 = PRESENTATION_STYLE_ASSIGNMENT((#13329));
#13329 = SURFACE_STYLE_USAGE(.BOTH.,#13330);
#13330 = SURFACE_SIDE_STYLE('',(#13331));
#13331 = SURFACE_STYLE_FILL_AREA(#13332);
#13332 = FILL_AREA_STYLE('',(#13333));
#13333 = FILL_AREA_STYLE_COLOUR('',#13088);
#13334 = STYLED_ITEM('color',(#13335),#3517);
#13335 = PRESENTATION_STYLE_ASSIGNMENT((#13336));
#13336 = SURFACE_STYLE_USAGE(.BOTH.,#13337);
#13337 = SURFACE_SIDE_STYLE('',(#13338));
#13338 = SURFACE_STYLE_FILL_AREA(#13339);
#13339 = FILL_AREA_STYLE('',(#13340));
#13340 = FILL_AREA_STYLE_COLOUR('',#13088);
#13341 = STYLED_ITEM('color',(#13342),#3548);
#13342 = PRESENTATION_STYLE_ASSIGNMENT((#13343));
#13343 = SURFACE_STYLE_USAGE(.BOTH.,#13344);
#13344 = SURFACE_SIDE_STYLE('',(#13345));
#13345 = SURFACE_STYLE_FILL_AREA(#13346);
#13346 = FILL_AREA_STYLE('',(#13347));
#13347 = FILL_AREA_STYLE_COLOUR('',#13088);
#13348 = STYLED_ITEM('color',(#13349),#3572);
#13349 = PRESENTATION_STYLE_ASSIGNMENT((#13350));
#13350 = SURFACE_STYLE_USAGE(.BOTH.,#13351);
#13351 = SURFACE_SIDE_STYLE('',(#13352));
#13352 = SURFACE_STYLE_FILL_AREA(#13353);
#13353 = FILL_AREA_STYLE('',(#13354));
#13354 = FILL_AREA_STYLE_COLOUR('',#13088);
#13355 = STYLED_ITEM('color',(#13356),#3596);
#13356 = PRESENTATION_STYLE_ASSIGNMENT((#13357));
#13357 = SURFACE_STYLE_USAGE(.BOTH.,#13358);
#13358 = SURFACE_SIDE_STYLE('',(#13359));
#13359 = SURFACE_STYLE_FILL_AREA(#13360);
#13360 = FILL_AREA_STYLE('',(#13361));
#13361 = FILL_AREA_STYLE_COLOUR('',#13088);
#13362 = STYLED_ITEM('color',(#13363),#3613);
#13363 = PRESENTATION_STYLE_ASSIGNMENT((#13364));
#13364 = SURFACE_STYLE_USAGE(.BOTH.,#13365);
#13365 = SURFACE_SIDE_STYLE('',(#13366));
#13366 = SURFACE_STYLE_FILL_AREA(#13367);
#13367 = FILL_AREA_STYLE('',(#13368));
#13368 = FILL_AREA_STYLE_COLOUR('',#13088);
#13369 = STYLED_ITEM('color',(#13370),#3644);
#13370 = PRESENTATION_STYLE_ASSIGNMENT((#13371));
#13371 = SURFACE_STYLE_USAGE(.BOTH.,#13372);
#13372 = SURFACE_SIDE_STYLE('',(#13373));
#13373 = SURFACE_STYLE_FILL_AREA(#13374);
#13374 = FILL_AREA_STYLE('',(#13375));
#13375 = FILL_AREA_STYLE_COLOUR('',#13088);
#13376 = STYLED_ITEM('color',(#13377),#3668);
#13377 = PRESENTATION_STYLE_ASSIGNMENT((#13378));
#13378 = SURFACE_STYLE_USAGE(.BOTH.,#13379);
#13379 = SURFACE_SIDE_STYLE('',(#13380));
#13380 = SURFACE_STYLE_FILL_AREA(#13381);
#13381 = FILL_AREA_STYLE('',(#13382));
#13382 = FILL_AREA_STYLE_COLOUR('',#13088);
#13383 = STYLED_ITEM('color',(#13384),#3692);
#13384 = PRESENTATION_STYLE_ASSIGNMENT((#13385));
#13385 = SURFACE_STYLE_USAGE(.BOTH.,#13386);
#13386 = SURFACE_SIDE_STYLE('',(#13387));
#13387 = SURFACE_STYLE_FILL_AREA(#13388);
#13388 = FILL_AREA_STYLE('',(#13389));
#13389 = FILL_AREA_STYLE_COLOUR('',#13088);
#13390 = STYLED_ITEM('color',(#13391),#3709);
#13391 = PRESENTATION_STYLE_ASSIGNMENT((#13392));
#13392 = SURFACE_STYLE_USAGE(.BOTH.,#13393);
#13393 = SURFACE_SIDE_STYLE('',(#13394));
#13394 = SURFACE_STYLE_FILL_AREA(#13395);
#13395 = FILL_AREA_STYLE('',(#13396));
#13396 = FILL_AREA_STYLE_COLOUR('',#13088);
#13397 = STYLED_ITEM('color',(#13398),#3740);
#13398 = PRESENTATION_STYLE_ASSIGNMENT((#13399));
#13399 = SURFACE_STYLE_USAGE(.BOTH.,#13400);
#13400 = SURFACE_SIDE_STYLE('',(#13401));
#13401 = SURFACE_STYLE_FILL_AREA(#13402);
#13402 = FILL_AREA_STYLE('',(#13403));
#13403 = FILL_AREA_STYLE_COLOUR('',#13088);
#13404 = STYLED_ITEM('color',(#13405),#3764);
#13405 = PRESENTATION_STYLE_ASSIGNMENT((#13406));
#13406 = SURFACE_STYLE_USAGE(.BOTH.,#13407);
#13407 = SURFACE_SIDE_STYLE('',(#13408));
#13408 = SURFACE_STYLE_FILL_AREA(#13409);
#13409 = FILL_AREA_STYLE('',(#13410));
#13410 = FILL_AREA_STYLE_COLOUR('',#13088);
#13411 = STYLED_ITEM('color',(#13412),#3788);
#13412 = PRESENTATION_STYLE_ASSIGNMENT((#13413));
#13413 = SURFACE_STYLE_USAGE(.BOTH.,#13414);
#13414 = SURFACE_SIDE_STYLE('',(#13415));
#13415 = SURFACE_STYLE_FILL_AREA(#13416);
#13416 = FILL_AREA_STYLE('',(#13417));
#13417 = FILL_AREA_STYLE_COLOUR('',#13088);
#13418 = STYLED_ITEM('color',(#13419),#3805);
#13419 = PRESENTATION_STYLE_ASSIGNMENT((#13420));
#13420 = SURFACE_STYLE_USAGE(.BOTH.,#13421);
#13421 = SURFACE_SIDE_STYLE('',(#13422));
#13422 = SURFACE_STYLE_FILL_AREA(#13423);
#13423 = FILL_AREA_STYLE('',(#13424));
#13424 = FILL_AREA_STYLE_COLOUR('',#13088);
#13425 = STYLED_ITEM('color',(#13426),#3836);
#13426 = PRESENTATION_STYLE_ASSIGNMENT((#13427));
#13427 = SURFACE_STYLE_USAGE(.BOTH.,#13428);
#13428 = SURFACE_SIDE_STYLE('',(#13429));
#13429 = SURFACE_STYLE_FILL_AREA(#13430);
#13430 = FILL_AREA_STYLE('',(#13431));
#13431 = FILL_AREA_STYLE_COLOUR('',#13088);
#13432 = STYLED_ITEM('color',(#13433),#3860);
#13433 = PRESENTATION_STYLE_ASSIGNMENT((#13434));
#13434 = SURFACE_STYLE_USAGE(.BOTH.,#13435);
#13435 = SURFACE_SIDE_STYLE('',(#13436));
#13436 = SURFACE_STYLE_FILL_AREA(#13437);
#13437 = FILL_AREA_STYLE('',(#13438));
#13438 = FILL_AREA_STYLE_COLOUR('',#13088);
#13439 = STYLED_ITEM('color',(#13440),#3884);
#13440 = PRESENTATION_STYLE_ASSIGNMENT((#13441));
#13441 = SURFACE_STYLE_USAGE(.BOTH.,#13442);
#13442 = SURFACE_SIDE_STYLE('',(#13443));
#13443 = SURFACE_STYLE_FILL_AREA(#13444);
#13444 = FILL_AREA_STYLE('',(#13445));
#13445 = FILL_AREA_STYLE_COLOUR('',#13088);
#13446 = STYLED_ITEM('color',(#13447),#3901);
#13447 = PRESENTATION_STYLE_ASSIGNMENT((#13448));
#13448 = SURFACE_STYLE_USAGE(.BOTH.,#13449);
#13449 = SURFACE_SIDE_STYLE('',(#13450));
#13450 = SURFACE_STYLE_FILL_AREA(#13451);
#13451 = FILL_AREA_STYLE('',(#13452));
#13452 = FILL_AREA_STYLE_COLOUR('',#13088);
#13453 = STYLED_ITEM('color',(#13454),#3932);
#13454 = PRESENTATION_STYLE_ASSIGNMENT((#13455));
#13455 = SURFACE_STYLE_USAGE(.BOTH.,#13456);
#13456 = SURFACE_SIDE_STYLE('',(#13457));
#13457 = SURFACE_STYLE_FILL_AREA(#13458);
#13458 = FILL_AREA_STYLE('',(#13459));
#13459 = FILL_AREA_STYLE_COLOUR('',#13088);
#13460 = STYLED_ITEM('color',(#13461),#3956);
#13461 = PRESENTATION_STYLE_ASSIGNMENT((#13462));
#13462 = SURFACE_STYLE_USAGE(.BOTH.,#13463);
#13463 = SURFACE_SIDE_STYLE('',(#13464));
#13464 = SURFACE_STYLE_FILL_AREA(#13465);
#13465 = FILL_AREA_STYLE('',(#13466));
#13466 = FILL_AREA_STYLE_COLOUR('',#13088);
#13467 = STYLED_ITEM('color',(#13468),#3980);
#13468 = PRESENTATION_STYLE_ASSIGNMENT((#13469));
#13469 = SURFACE_STYLE_USAGE(.BOTH.,#13470);
#13470 = SURFACE_SIDE_STYLE('',(#13471));
#13471 = SURFACE_STYLE_FILL_AREA(#13472);
#13472 = FILL_AREA_STYLE('',(#13473));
#13473 = FILL_AREA_STYLE_COLOUR('',#13088);
#13474 = STYLED_ITEM('color',(#13475),#3997);
#13475 = PRESENTATION_STYLE_ASSIGNMENT((#13476));
#13476 = SURFACE_STYLE_USAGE(.BOTH.,#13477);
#13477 = SURFACE_SIDE_STYLE('',(#13478));
#13478 = SURFACE_STYLE_FILL_AREA(#13479);
#13479 = FILL_AREA_STYLE('',(#13480));
#13480 = FILL_AREA_STYLE_COLOUR('',#13088);
#13481 = STYLED_ITEM('color',(#13482),#4028);
#13482 = PRESENTATION_STYLE_ASSIGNMENT((#13483));
#13483 = SURFACE_STYLE_USAGE(.BOTH.,#13484);
#13484 = SURFACE_SIDE_STYLE('',(#13485));
#13485 = SURFACE_STYLE_FILL_AREA(#13486);
#13486 = FILL_AREA_STYLE('',(#13487));
#13487 = FILL_AREA_STYLE_COLOUR('',#13088);
#13488 = STYLED_ITEM('color',(#13489),#4052);
#13489 = PRESENTATION_STYLE_ASSIGNMENT((#13490));
#13490 = SURFACE_STYLE_USAGE(.BOTH.,#13491);
#13491 = SURFACE_SIDE_STYLE('',(#13492));
#13492 = SURFACE_STYLE_FILL_AREA(#13493);
#13493 = FILL_AREA_STYLE('',(#13494));
#13494 = FILL_AREA_STYLE_COLOUR('',#13088);
#13495 = STYLED_ITEM('color',(#13496),#4076);
#13496 = PRESENTATION_STYLE_ASSIGNMENT((#13497));
#13497 = SURFACE_STYLE_USAGE(.BOTH.,#13498);
#13498 = SURFACE_SIDE_STYLE('',(#13499));
#13499 = SURFACE_STYLE_FILL_AREA(#13500);
#13500 = FILL_AREA_STYLE('',(#13501));
#13501 = FILL_AREA_STYLE_COLOUR('',#13088);
#13502 = STYLED_ITEM('color',(#13503),#4093);
#13503 = PRESENTATION_STYLE_ASSIGNMENT((#13504));
#13504 = SURFACE_STYLE_USAGE(.BOTH.,#13505);
#13505 = SURFACE_SIDE_STYLE('',(#13506));
#13506 = SURFACE_STYLE_FILL_AREA(#13507);
#13507 = FILL_AREA_STYLE('',(#13508));
#13508 = FILL_AREA_STYLE_COLOUR('',#13088);
#13509 = STYLED_ITEM('color',(#13510),#4124);
#13510 = PRESENTATION_STYLE_ASSIGNMENT((#13511));
#13511 = SURFACE_STYLE_USAGE(.BOTH.,#13512);
#13512 = SURFACE_SIDE_STYLE('',(#13513));
#13513 = SURFACE_STYLE_FILL_AREA(#13514);
#13514 = FILL_AREA_STYLE('',(#13515));
#13515 = FILL_AREA_STYLE_COLOUR('',#13088);
#13516 = STYLED_ITEM('color',(#13517),#4148);
#13517 = PRESENTATION_STYLE_ASSIGNMENT((#13518));
#13518 = SURFACE_STYLE_USAGE(.BOTH.,#13519);
#13519 = SURFACE_SIDE_STYLE('',(#13520));
#13520 = SURFACE_STYLE_FILL_AREA(#13521);
#13521 = FILL_AREA_STYLE('',(#13522));
#13522 = FILL_AREA_STYLE_COLOUR('',#13088);
#13523 = STYLED_ITEM('color',(#13524),#4172);
#13524 = PRESENTATION_STYLE_ASSIGNMENT((#13525));
#13525 = SURFACE_STYLE_USAGE(.BOTH.,#13526);
#13526 = SURFACE_SIDE_STYLE('',(#13527));
#13527 = SURFACE_STYLE_FILL_AREA(#13528);
#13528 = FILL_AREA_STYLE('',(#13529));
#13529 = FILL_AREA_STYLE_COLOUR('',#13088);
#13530 = STYLED_ITEM('color',(#13531),#4189);
#13531 = PRESENTATION_STYLE_ASSIGNMENT((#13532));
#13532 = SURFACE_STYLE_USAGE(.BOTH.,#13533);
#13533 = SURFACE_SIDE_STYLE('',(#13534));
#13534 = SURFACE_STYLE_FILL_AREA(#13535);
#13535 = FILL_AREA_STYLE('',(#13536));
#13536 = FILL_AREA_STYLE_COLOUR('',#13088);
#13537 = STYLED_ITEM('color',(#13538),#4220);
#13538 = PRESENTATION_STYLE_ASSIGNMENT((#13539));
#13539 = SURFACE_STYLE_USAGE(.BOTH.,#13540);
#13540 = SURFACE_SIDE_STYLE('',(#13541));
#13541 = SURFACE_STYLE_FILL_AREA(#13542);
#13542 = FILL_AREA_STYLE('',(#13543));
#13543 = FILL_AREA_STYLE_COLOUR('',#13088);
#13544 = STYLED_ITEM('color',(#13545),#4244);
#13545 = PRESENTATION_STYLE_ASSIGNMENT((#13546));
#13546 = SURFACE_STYLE_USAGE(.BOTH.,#13547);
#13547 = SURFACE_SIDE_STYLE('',(#13548));
#13548 = SURFACE_STYLE_FILL_AREA(#13549);
#13549 = FILL_AREA_STYLE('',(#13550));
#13550 = FILL_AREA_STYLE_COLOUR('',#13088);
#13551 = STYLED_ITEM('color',(#13552),#4268);
#13552 = PRESENTATION_STYLE_ASSIGNMENT((#13553));
#13553 = SURFACE_STYLE_USAGE(.BOTH.,#13554);
#13554 = SURFACE_SIDE_STYLE('',(#13555));
#13555 = SURFACE_STYLE_FILL_AREA(#13556);
#13556 = FILL_AREA_STYLE('',(#13557));
#13557 = FILL_AREA_STYLE_COLOUR('',#13088);
#13558 = STYLED_ITEM('color',(#13559),#4285);
#13559 = PRESENTATION_STYLE_ASSIGNMENT((#13560));
#13560 = SURFACE_STYLE_USAGE(.BOTH.,#13561);
#13561 = SURFACE_SIDE_STYLE('',(#13562));
#13562 = SURFACE_STYLE_FILL_AREA(#13563);
#13563 = FILL_AREA_STYLE('',(#13564));
#13564 = FILL_AREA_STYLE_COLOUR('',#13088);
#13565 = STYLED_ITEM('color',(#13566),#4316);
#13566 = PRESENTATION_STYLE_ASSIGNMENT((#13567));
#13567 = SURFACE_STYLE_USAGE(.BOTH.,#13568);
#13568 = SURFACE_SIDE_STYLE('',(#13569));
#13569 = SURFACE_STYLE_FILL_AREA(#13570);
#13570 = FILL_AREA_STYLE('',(#13571));
#13571 = FILL_AREA_STYLE_COLOUR('',#13088);
#13572 = STYLED_ITEM('color',(#13573),#4340);
#13573 = PRESENTATION_STYLE_ASSIGNMENT((#13574));
#13574 = SURFACE_STYLE_USAGE(.BOTH.,#13575);
#13575 = SURFACE_SIDE_STYLE('',(#13576));
#13576 = SURFACE_STYLE_FILL_AREA(#13577);
#13577 = FILL_AREA_STYLE('',(#13578));
#13578 = FILL_AREA_STYLE_COLOUR('',#13088);
#13579 = STYLED_ITEM('color',(#13580),#4364);
#13580 = PRESENTATION_STYLE_ASSIGNMENT((#13581));
#13581 = SURFACE_STYLE_USAGE(.BOTH.,#13582);
#13582 = SURFACE_SIDE_STYLE('',(#13583));
#13583 = SURFACE_STYLE_FILL_AREA(#13584);
#13584 = FILL_AREA_STYLE('',(#13585));
#13585 = FILL_AREA_STYLE_COLOUR('',#13088);
#13586 = STYLED_ITEM('color',(#13587),#4381);
#13587 = PRESENTATION_STYLE_ASSIGNMENT((#13588));
#13588 = SURFACE_STYLE_USAGE(.BOTH.,#13589);
#13589 = SURFACE_SIDE_STYLE('',(#13590));
#13590 = SURFACE_STYLE_FILL_AREA(#13591);
#13591 = FILL_AREA_STYLE('',(#13592));
#13592 = FILL_AREA_STYLE_COLOUR('',#13088);
#13593 = STYLED_ITEM('color',(#13594),#4412);
#13594 = PRESENTATION_STYLE_ASSIGNMENT((#13595));
#13595 = SURFACE_STYLE_USAGE(.BOTH.,#13596);
#13596 = SURFACE_SIDE_STYLE('',(#13597));
#13597 = SURFACE_STYLE_FILL_AREA(#13598);
#13598 = FILL_AREA_STYLE('',(#13599));
#13599 = FILL_AREA_STYLE_COLOUR('',#13088);
#13600 = STYLED_ITEM('color',(#13601),#4436);
#13601 = PRESENTATION_STYLE_ASSIGNMENT((#13602));
#13602 = SURFACE_STYLE_USAGE(.BOTH.,#13603);
#13603 = SURFACE_SIDE_STYLE('',(#13604));
#13604 = SURFACE_STYLE_FILL_AREA(#13605);
#13605 = FILL_AREA_STYLE('',(#13606));
#13606 = FILL_AREA_STYLE_COLOUR('',#13088);
#13607 = STYLED_ITEM('color',(#13608),#4460);
#13608 = PRESENTATION_STYLE_ASSIGNMENT((#13609));
#13609 = SURFACE_STYLE_USAGE(.BOTH.,#13610);
#13610 = SURFACE_SIDE_STYLE('',(#13611));
#13611 = SURFACE_STYLE_FILL_AREA(#13612);
#13612 = FILL_AREA_STYLE('',(#13613));
#13613 = FILL_AREA_STYLE_COLOUR('',#13088);
#13614 = STYLED_ITEM('color',(#13615),#4477);
#13615 = PRESENTATION_STYLE_ASSIGNMENT((#13616));
#13616 = SURFACE_STYLE_USAGE(.BOTH.,#13617);
#13617 = SURFACE_SIDE_STYLE('',(#13618));
#13618 = SURFACE_STYLE_FILL_AREA(#13619);
#13619 = FILL_AREA_STYLE('',(#13620));
#13620 = FILL_AREA_STYLE_COLOUR('',#13088);
#13621 = STYLED_ITEM('color',(#13622),#4508);
#13622 = PRESENTATION_STYLE_ASSIGNMENT((#13623));
#13623 = SURFACE_STYLE_USAGE(.BOTH.,#13624);
#13624 = SURFACE_SIDE_STYLE('',(#13625));
#13625 = SURFACE_STYLE_FILL_AREA(#13626);
#13626 = FILL_AREA_STYLE('',(#13627));
#13627 = FILL_AREA_STYLE_COLOUR('',#13088);
#13628 = STYLED_ITEM('color',(#13629),#4532);
#13629 = PRESENTATION_STYLE_ASSIGNMENT((#13630));
#13630 = SURFACE_STYLE_USAGE(.BOTH.,#13631);
#13631 = SURFACE_SIDE_STYLE('',(#13632));
#13632 = SURFACE_STYLE_FILL_AREA(#13633);
#13633 = FILL_AREA_STYLE('',(#13634));
#13634 = FILL_AREA_STYLE_COLOUR('',#13088);
#13635 = STYLED_ITEM('color',(#13636),#4556);
#13636 = PRESENTATION_STYLE_ASSIGNMENT((#13637));
#13637 = SURFACE_STYLE_USAGE(.BOTH.,#13638);
#13638 = SURFACE_SIDE_STYLE('',(#13639));
#13639 = SURFACE_STYLE_FILL_AREA(#13640);
#13640 = FILL_AREA_STYLE('',(#13641));
#13641 = FILL_AREA_STYLE_COLOUR('',#13088);
#13642 = STYLED_ITEM('color',(#13643),#4573);
#13643 = PRESENTATION_STYLE_ASSIGNMENT((#13644));
#13644 = SURFACE_STYLE_USAGE(.BOTH.,#13645);
#13645 = SURFACE_SIDE_STYLE('',(#13646));
#13646 = SURFACE_STYLE_FILL_AREA(#13647);
#13647 = FILL_AREA_STYLE('',(#13648));
#13648 = FILL_AREA_STYLE_COLOUR('',#13088);
#13649 = STYLED_ITEM('color',(#13650),#4585);
#13650 = PRESENTATION_STYLE_ASSIGNMENT((#13651));
#13651 = SURFACE_STYLE_USAGE(.BOTH.,#13652);
#13652 = SURFACE_SIDE_STYLE('',(#13653));
#13653 = SURFACE_STYLE_FILL_AREA(#13654);
#13654 = FILL_AREA_STYLE('',(#13655));
#13655 = FILL_AREA_STYLE_COLOUR('',#13088);
#13656 = STYLED_ITEM('color',(#13657),#4597);
#13657 = PRESENTATION_STYLE_ASSIGNMENT((#13658));
#13658 = SURFACE_STYLE_USAGE(.BOTH.,#13659);
#13659 = SURFACE_SIDE_STYLE('',(#13660));
#13660 = SURFACE_STYLE_FILL_AREA(#13661);
#13661 = FILL_AREA_STYLE('',(#13662));
#13662 = FILL_AREA_STYLE_COLOUR('',#13088);
#13663 = STYLED_ITEM('color',(#13664),#4609);
#13664 = PRESENTATION_STYLE_ASSIGNMENT((#13665));
#13665 = SURFACE_STYLE_USAGE(.BOTH.,#13666);
#13666 = SURFACE_SIDE_STYLE('',(#13667));
#13667 = SURFACE_STYLE_FILL_AREA(#13668);
#13668 = FILL_AREA_STYLE('',(#13669));
#13669 = FILL_AREA_STYLE_COLOUR('',#13088);
#13670 = STYLED_ITEM('color',(#13671),#4621);
#13671 = PRESENTATION_STYLE_ASSIGNMENT((#13672));
#13672 = SURFACE_STYLE_USAGE(.BOTH.,#13673);
#13673 = SURFACE_SIDE_STYLE('',(#13674));
#13674 = SURFACE_STYLE_FILL_AREA(#13675);
#13675 = FILL_AREA_STYLE('',(#13676));
#13676 = FILL_AREA_STYLE_COLOUR('',#13088);
#13677 = STYLED_ITEM('color',(#13678),#4633);
#13678 = PRESENTATION_STYLE_ASSIGNMENT((#13679));
#13679 = SURFACE_STYLE_USAGE(.BOTH.,#13680);
#13680 = SURFACE_SIDE_STYLE('',(#13681));
#13681 = SURFACE_STYLE_FILL_AREA(#13682);
#13682 = FILL_AREA_STYLE('',(#13683));
#13683 = FILL_AREA_STYLE_COLOUR('',#13088);
#13684 = STYLED_ITEM('color',(#13685),#4645);
#13685 = PRESENTATION_STYLE_ASSIGNMENT((#13686));
#13686 = SURFACE_STYLE_USAGE(.BOTH.,#13687);
#13687 = SURFACE_SIDE_STYLE('',(#13688));
#13688 = SURFACE_STYLE_FILL_AREA(#13689);
#13689 = FILL_AREA_STYLE('',(#13690));
#13690 = FILL_AREA_STYLE_COLOUR('',#13088);
#13691 = STYLED_ITEM('color',(#13692),#4657);
#13692 = PRESENTATION_STYLE_ASSIGNMENT((#13693));
#13693 = SURFACE_STYLE_USAGE(.BOTH.,#13694);
#13694 = SURFACE_SIDE_STYLE('',(#13695));
#13695 = SURFACE_STYLE_FILL_AREA(#13696);
#13696 = FILL_AREA_STYLE('',(#13697));
#13697 = FILL_AREA_STYLE_COLOUR('',#13088);
#13698 = STYLED_ITEM('color',(#13699),#4669);
#13699 = PRESENTATION_STYLE_ASSIGNMENT((#13700));
#13700 = SURFACE_STYLE_USAGE(.BOTH.,#13701);
#13701 = SURFACE_SIDE_STYLE('',(#13702));
#13702 = SURFACE_STYLE_FILL_AREA(#13703);
#13703 = FILL_AREA_STYLE('',(#13704));
#13704 = FILL_AREA_STYLE_COLOUR('',#13088);
#13705 = STYLED_ITEM('color',(#13706),#4681);
#13706 = PRESENTATION_STYLE_ASSIGNMENT((#13707));
#13707 = SURFACE_STYLE_USAGE(.BOTH.,#13708);
#13708 = SURFACE_SIDE_STYLE('',(#13709));
#13709 = SURFACE_STYLE_FILL_AREA(#13710);
#13710 = FILL_AREA_STYLE('',(#13711));
#13711 = FILL_AREA_STYLE_COLOUR('',#13088);
#13712 = MECHANICAL_DESIGN_GEOMETRIC_PRESENTATION_REPRESENTATION('',(
    #13713,#13720,#13727,#13735,#13742,#13749,#13756,#13763,#13770,
    #13777,#13784,#13791,#13798,#13805,#13812,#13819,#13826,#13833,
    #13840,#13847,#13854,#13861,#13868,#13875,#13882,#13889,#13896,
    #13903,#13910,#13917,#13924,#13931,#13938,#13945,#13952,#13959,
    #13966,#13973,#13980,#13987,#13994,#14001,#14008,#14015,#14022,
    #14029,#14036,#14043,#14050,#14057,#14064,#14071,#14078,#14085,
    #14092,#14099,#14106,#14113,#14120,#14127,#14134,#14141,#14148,
    #14155,#14162,#14169,#14176,#14183,#14190,#14197,#14204,#14211,
    #14218,#14225,#14232,#14239,#14246,#14253,#14260,#14267,#14274,
    #14281,#14288,#14295,#14302,#14309,#14316,#14323,#14330,#14337,
    #14344,#14351,#14358,#14365,#14372,#14379,#14386,#14393,#14400,
    #14407,#14414,#14421,#14428,#14435,#14442),#7946);
#13713 = STYLED_ITEM('color',(#13714),#4719);
#13714 = PRESENTATION_STYLE_ASSIGNMENT((#13715));
#13715 = SURFACE_STYLE_USAGE(.BOTH.,#13716);
#13716 = SURFACE_SIDE_STYLE('',(#13717));
#13717 = SURFACE_STYLE_FILL_AREA(#13718);
#13718 = FILL_AREA_STYLE('',(#13719));
#13719 = FILL_AREA_STYLE_COLOUR('',#12849);
#13720 = STYLED_ITEM('color',(#13721),#4736);
#13721 = PRESENTATION_STYLE_ASSIGNMENT((#13722));
#13722 = SURFACE_STYLE_USAGE(.BOTH.,#13723);
#13723 = SURFACE_SIDE_STYLE('',(#13724));
#13724 = SURFACE_STYLE_FILL_AREA(#13725);
#13725 = FILL_AREA_STYLE('',(#13726));
#13726 = FILL_AREA_STYLE_COLOUR('',#12849);
#13727 = STYLED_ITEM('color',(#13728),#4761);
#13728 = PRESENTATION_STYLE_ASSIGNMENT((#13729));
#13729 = SURFACE_STYLE_USAGE(.BOTH.,#13730);
#13730 = SURFACE_SIDE_STYLE('',(#13731));
#13731 = SURFACE_STYLE_FILL_AREA(#13732);
#13732 = FILL_AREA_STYLE('',(#13733));
#13733 = FILL_AREA_STYLE_COLOUR('',#13734);
#13734 = COLOUR_RGB('',0.823999987314,0.819999987296,0.781000009244);
#13735 = STYLED_ITEM('color',(#13736),#4884);
#13736 = PRESENTATION_STYLE_ASSIGNMENT((#13737));
#13737 = SURFACE_STYLE_USAGE(.BOTH.,#13738);
#13738 = SURFACE_SIDE_STYLE('',(#13739));
#13739 = SURFACE_STYLE_FILL_AREA(#13740);
#13740 = FILL_AREA_STYLE('',(#13741));
#13741 = FILL_AREA_STYLE_COLOUR('',#13734);
#13742 = STYLED_ITEM('color',(#13743),#4915);
#13743 = PRESENTATION_STYLE_ASSIGNMENT((#13744));
#13744 = SURFACE_STYLE_USAGE(.BOTH.,#13745);
#13745 = SURFACE_SIDE_STYLE('',(#13746));
#13746 = SURFACE_STYLE_FILL_AREA(#13747);
#13747 = FILL_AREA_STYLE('',(#13748));
#13748 = FILL_AREA_STYLE_COLOUR('',#13734);
#13749 = STYLED_ITEM('color',(#13750),#4940);
#13750 = PRESENTATION_STYLE_ASSIGNMENT((#13751));
#13751 = SURFACE_STYLE_USAGE(.BOTH.,#13752);
#13752 = SURFACE_SIDE_STYLE('',(#13753));
#13753 = SURFACE_STYLE_FILL_AREA(#13754);
#13754 = FILL_AREA_STYLE('',(#13755));
#13755 = FILL_AREA_STYLE_COLOUR('',#13734);
#13756 = STYLED_ITEM('color',(#13757),#4965);
#13757 = PRESENTATION_STYLE_ASSIGNMENT((#13758));
#13758 = SURFACE_STYLE_USAGE(.BOTH.,#13759);
#13759 = SURFACE_SIDE_STYLE('',(#13760));
#13760 = SURFACE_STYLE_FILL_AREA(#13761);
#13761 = FILL_AREA_STYLE('',(#13762));
#13762 = FILL_AREA_STYLE_COLOUR('',#13734);
#13763 = STYLED_ITEM('color',(#13764),#4989);
#13764 = PRESENTATION_STYLE_ASSIGNMENT((#13765));
#13765 = SURFACE_STYLE_USAGE(.BOTH.,#13766);
#13766 = SURFACE_SIDE_STYLE('',(#13767));
#13767 = SURFACE_STYLE_FILL_AREA(#13768);
#13768 = FILL_AREA_STYLE('',(#13769));
#13769 = FILL_AREA_STYLE_COLOUR('',#13734);
#13770 = STYLED_ITEM('color',(#13771),#5013);
#13771 = PRESENTATION_STYLE_ASSIGNMENT((#13772));
#13772 = SURFACE_STYLE_USAGE(.BOTH.,#13773);
#13773 = SURFACE_SIDE_STYLE('',(#13774));
#13774 = SURFACE_STYLE_FILL_AREA(#13775);
#13775 = FILL_AREA_STYLE('',(#13776));
#13776 = FILL_AREA_STYLE_COLOUR('',#13734);
#13777 = STYLED_ITEM('color',(#13778),#5038);
#13778 = PRESENTATION_STYLE_ASSIGNMENT((#13779));
#13779 = SURFACE_STYLE_USAGE(.BOTH.,#13780);
#13780 = SURFACE_SIDE_STYLE('',(#13781));
#13781 = SURFACE_STYLE_FILL_AREA(#13782);
#13782 = FILL_AREA_STYLE('',(#13783));
#13783 = FILL_AREA_STYLE_COLOUR('',#13734);
#13784 = STYLED_ITEM('color',(#13785),#5063);
#13785 = PRESENTATION_STYLE_ASSIGNMENT((#13786));
#13786 = SURFACE_STYLE_USAGE(.BOTH.,#13787);
#13787 = SURFACE_SIDE_STYLE('',(#13788));
#13788 = SURFACE_STYLE_FILL_AREA(#13789);
#13789 = FILL_AREA_STYLE('',(#13790));
#13790 = FILL_AREA_STYLE_COLOUR('',#13734);
#13791 = STYLED_ITEM('color',(#13792),#5080);
#13792 = PRESENTATION_STYLE_ASSIGNMENT((#13793));
#13793 = SURFACE_STYLE_USAGE(.BOTH.,#13794);
#13794 = SURFACE_SIDE_STYLE('',(#13795));
#13795 = SURFACE_STYLE_FILL_AREA(#13796);
#13796 = FILL_AREA_STYLE('',(#13797));
#13797 = FILL_AREA_STYLE_COLOUR('',#12849);
#13798 = STYLED_ITEM('color',(#13799),#5105);
#13799 = PRESENTATION_STYLE_ASSIGNMENT((#13800));
#13800 = SURFACE_STYLE_USAGE(.BOTH.,#13801);
#13801 = SURFACE_SIDE_STYLE('',(#13802));
#13802 = SURFACE_STYLE_FILL_AREA(#13803);
#13803 = FILL_AREA_STYLE('',(#13804));
#13804 = FILL_AREA_STYLE_COLOUR('',#12849);
#13805 = STYLED_ITEM('color',(#13806),#5130);
#13806 = PRESENTATION_STYLE_ASSIGNMENT((#13807));
#13807 = SURFACE_STYLE_USAGE(.BOTH.,#13808);
#13808 = SURFACE_SIDE_STYLE('',(#13809));
#13809 = SURFACE_STYLE_FILL_AREA(#13810);
#13810 = FILL_AREA_STYLE('',(#13811));
#13811 = FILL_AREA_STYLE_COLOUR('',#12849);
#13812 = STYLED_ITEM('color',(#13813),#5155);
#13813 = PRESENTATION_STYLE_ASSIGNMENT((#13814));
#13814 = SURFACE_STYLE_USAGE(.BOTH.,#13815);
#13815 = SURFACE_SIDE_STYLE('',(#13816));
#13816 = SURFACE_STYLE_FILL_AREA(#13817);
#13817 = FILL_AREA_STYLE('',(#13818));
#13818 = FILL_AREA_STYLE_COLOUR('',#12849);
#13819 = STYLED_ITEM('color',(#13820),#5180);
#13820 = PRESENTATION_STYLE_ASSIGNMENT((#13821));
#13821 = SURFACE_STYLE_USAGE(.BOTH.,#13822);
#13822 = SURFACE_SIDE_STYLE('',(#13823));
#13823 = SURFACE_STYLE_FILL_AREA(#13824);
#13824 = FILL_AREA_STYLE('',(#13825));
#13825 = FILL_AREA_STYLE_COLOUR('',#12849);
#13826 = STYLED_ITEM('color',(#13827),#5211);
#13827 = PRESENTATION_STYLE_ASSIGNMENT((#13828));
#13828 = SURFACE_STYLE_USAGE(.BOTH.,#13829);
#13829 = SURFACE_SIDE_STYLE('',(#13830));
#13830 = SURFACE_STYLE_FILL_AREA(#13831);
#13831 = FILL_AREA_STYLE('',(#13832));
#13832 = FILL_AREA_STYLE_COLOUR('',#12849);
#13833 = STYLED_ITEM('color',(#13834),#5236);
#13834 = PRESENTATION_STYLE_ASSIGNMENT((#13835));
#13835 = SURFACE_STYLE_USAGE(.BOTH.,#13836);
#13836 = SURFACE_SIDE_STYLE('',(#13837));
#13837 = SURFACE_STYLE_FILL_AREA(#13838);
#13838 = FILL_AREA_STYLE('',(#13839));
#13839 = FILL_AREA_STYLE_COLOUR('',#12849);
#13840 = STYLED_ITEM('color',(#13841),#5261);
#13841 = PRESENTATION_STYLE_ASSIGNMENT((#13842));
#13842 = SURFACE_STYLE_USAGE(.BOTH.,#13843);
#13843 = SURFACE_SIDE_STYLE('',(#13844));
#13844 = SURFACE_STYLE_FILL_AREA(#13845);
#13845 = FILL_AREA_STYLE('',(#13846));
#13846 = FILL_AREA_STYLE_COLOUR('',#12849);
#13847 = STYLED_ITEM('color',(#13848),#5349);
#13848 = PRESENTATION_STYLE_ASSIGNMENT((#13849));
#13849 = SURFACE_STYLE_USAGE(.BOTH.,#13850);
#13850 = SURFACE_SIDE_STYLE('',(#13851));
#13851 = SURFACE_STYLE_FILL_AREA(#13852);
#13852 = FILL_AREA_STYLE('',(#13853));
#13853 = FILL_AREA_STYLE_COLOUR('',#12849);
#13854 = STYLED_ITEM('color',(#13855),#5437);
#13855 = PRESENTATION_STYLE_ASSIGNMENT((#13856));
#13856 = SURFACE_STYLE_USAGE(.BOTH.,#13857);
#13857 = SURFACE_SIDE_STYLE('',(#13858));
#13858 = SURFACE_STYLE_FILL_AREA(#13859);
#13859 = FILL_AREA_STYLE('',(#13860));
#13860 = FILL_AREA_STYLE_COLOUR('',#12849);
#13861 = STYLED_ITEM('color',(#13862),#5462);
#13862 = PRESENTATION_STYLE_ASSIGNMENT((#13863));
#13863 = SURFACE_STYLE_USAGE(.BOTH.,#13864);
#13864 = SURFACE_SIDE_STYLE('',(#13865));
#13865 = SURFACE_STYLE_FILL_AREA(#13866);
#13866 = FILL_AREA_STYLE('',(#13867));
#13867 = FILL_AREA_STYLE_COLOUR('',#12849);
#13868 = STYLED_ITEM('color',(#13869),#5487);
#13869 = PRESENTATION_STYLE_ASSIGNMENT((#13870));
#13870 = SURFACE_STYLE_USAGE(.BOTH.,#13871);
#13871 = SURFACE_SIDE_STYLE('',(#13872));
#13872 = SURFACE_STYLE_FILL_AREA(#13873);
#13873 = FILL_AREA_STYLE('',(#13874));
#13874 = FILL_AREA_STYLE_COLOUR('',#12849);
#13875 = STYLED_ITEM('color',(#13876),#5504);
#13876 = PRESENTATION_STYLE_ASSIGNMENT((#13877));
#13877 = SURFACE_STYLE_USAGE(.BOTH.,#13878);
#13878 = SURFACE_SIDE_STYLE('',(#13879));
#13879 = SURFACE_STYLE_FILL_AREA(#13880);
#13880 = FILL_AREA_STYLE('',(#13881));
#13881 = FILL_AREA_STYLE_COLOUR('',#12849);
#13882 = STYLED_ITEM('color',(#13883),#5513);
#13883 = PRESENTATION_STYLE_ASSIGNMENT((#13884));
#13884 = SURFACE_STYLE_USAGE(.BOTH.,#13885);
#13885 = SURFACE_SIDE_STYLE('',(#13886));
#13886 = SURFACE_STYLE_FILL_AREA(#13887);
#13887 = FILL_AREA_STYLE('',(#13888));
#13888 = FILL_AREA_STYLE_COLOUR('',#12849);
#13889 = STYLED_ITEM('color',(#13890),#5539);
#13890 = PRESENTATION_STYLE_ASSIGNMENT((#13891));
#13891 = SURFACE_STYLE_USAGE(.BOTH.,#13892);
#13892 = SURFACE_SIDE_STYLE('',(#13893));
#13893 = SURFACE_STYLE_FILL_AREA(#13894);
#13894 = FILL_AREA_STYLE('',(#13895));
#13895 = FILL_AREA_STYLE_COLOUR('',#12849);
#13896 = STYLED_ITEM('color',(#13897),#5548);
#13897 = PRESENTATION_STYLE_ASSIGNMENT((#13898));
#13898 = SURFACE_STYLE_USAGE(.BOTH.,#13899);
#13899 = SURFACE_SIDE_STYLE('',(#13900));
#13900 = SURFACE_STYLE_FILL_AREA(#13901);
#13901 = FILL_AREA_STYLE('',(#13902));
#13902 = FILL_AREA_STYLE_COLOUR('',#12849);
#13903 = STYLED_ITEM('color',(#13904),#5557);
#13904 = PRESENTATION_STYLE_ASSIGNMENT((#13905));
#13905 = SURFACE_STYLE_USAGE(.BOTH.,#13906);
#13906 = SURFACE_SIDE_STYLE('',(#13907));
#13907 = SURFACE_STYLE_FILL_AREA(#13908);
#13908 = FILL_AREA_STYLE('',(#13909));
#13909 = FILL_AREA_STYLE_COLOUR('',#12849);
#13910 = STYLED_ITEM('color',(#13911),#5601);
#13911 = PRESENTATION_STYLE_ASSIGNMENT((#13912));
#13912 = SURFACE_STYLE_USAGE(.BOTH.,#13913);
#13913 = SURFACE_SIDE_STYLE('',(#13914));
#13914 = SURFACE_STYLE_FILL_AREA(#13915);
#13915 = FILL_AREA_STYLE('',(#13916));
#13916 = FILL_AREA_STYLE_COLOUR('',#13734);
#13917 = STYLED_ITEM('color',(#13918),#5751);
#13918 = PRESENTATION_STYLE_ASSIGNMENT((#13919));
#13919 = SURFACE_STYLE_USAGE(.BOTH.,#13920);
#13920 = SURFACE_SIDE_STYLE('',(#13921));
#13921 = SURFACE_STYLE_FILL_AREA(#13922);
#13922 = FILL_AREA_STYLE('',(#13923));
#13923 = FILL_AREA_STYLE_COLOUR('',#13734);
#13924 = STYLED_ITEM('color',(#13925),#5775);
#13925 = PRESENTATION_STYLE_ASSIGNMENT((#13926));
#13926 = SURFACE_STYLE_USAGE(.BOTH.,#13927);
#13927 = SURFACE_SIDE_STYLE('',(#13928));
#13928 = SURFACE_STYLE_FILL_AREA(#13929);
#13929 = FILL_AREA_STYLE('',(#13930));
#13930 = FILL_AREA_STYLE_COLOUR('',#13734);
#13931 = STYLED_ITEM('color',(#13932),#5918);
#13932 = PRESENTATION_STYLE_ASSIGNMENT((#13933));
#13933 = SURFACE_STYLE_USAGE(.BOTH.,#13934);
#13934 = SURFACE_SIDE_STYLE('',(#13935));
#13935 = SURFACE_STYLE_FILL_AREA(#13936);
#13936 = FILL_AREA_STYLE('',(#13937));
#13937 = FILL_AREA_STYLE_COLOUR('',#13734);
#13938 = STYLED_ITEM('color',(#13939),#6068);
#13939 = PRESENTATION_STYLE_ASSIGNMENT((#13940));
#13940 = SURFACE_STYLE_USAGE(.BOTH.,#13941);
#13941 = SURFACE_SIDE_STYLE('',(#13942));
#13942 = SURFACE_STYLE_FILL_AREA(#13943);
#13943 = FILL_AREA_STYLE('',(#13944));
#13944 = FILL_AREA_STYLE_COLOUR('',#13734);
#13945 = STYLED_ITEM('color',(#13946),#6218);
#13946 = PRESENTATION_STYLE_ASSIGNMENT((#13947));
#13947 = SURFACE_STYLE_USAGE(.BOTH.,#13948);
#13948 = SURFACE_SIDE_STYLE('',(#13949));
#13949 = SURFACE_STYLE_FILL_AREA(#13950);
#13950 = FILL_AREA_STYLE('',(#13951));
#13951 = FILL_AREA_STYLE_COLOUR('',#13734);
#13952 = STYLED_ITEM('color',(#13953),#6235);
#13953 = PRESENTATION_STYLE_ASSIGNMENT((#13954));
#13954 = SURFACE_STYLE_USAGE(.BOTH.,#13955);
#13955 = SURFACE_SIDE_STYLE('',(#13956));
#13956 = SURFACE_STYLE_FILL_AREA(#13957);
#13957 = FILL_AREA_STYLE('',(#13958));
#13958 = FILL_AREA_STYLE_COLOUR('',#13734);
#13959 = STYLED_ITEM('color',(#13960),#6385);
#13960 = PRESENTATION_STYLE_ASSIGNMENT((#13961));
#13961 = SURFACE_STYLE_USAGE(.BOTH.,#13962);
#13962 = SURFACE_SIDE_STYLE('',(#13963));
#13963 = SURFACE_STYLE_FILL_AREA(#13964);
#13964 = FILL_AREA_STYLE('',(#13965));
#13965 = FILL_AREA_STYLE_COLOUR('',#13734);
#13966 = STYLED_ITEM('color',(#13967),#6409);
#13967 = PRESENTATION_STYLE_ASSIGNMENT((#13968));
#13968 = SURFACE_STYLE_USAGE(.BOTH.,#13969);
#13969 = SURFACE_SIDE_STYLE('',(#13970));
#13970 = SURFACE_STYLE_FILL_AREA(#13971);
#13971 = FILL_AREA_STYLE('',(#13972));
#13972 = FILL_AREA_STYLE_COLOUR('',#13734);
#13973 = STYLED_ITEM('color',(#13974),#6552);
#13974 = PRESENTATION_STYLE_ASSIGNMENT((#13975));
#13975 = SURFACE_STYLE_USAGE(.BOTH.,#13976);
#13976 = SURFACE_SIDE_STYLE('',(#13977));
#13977 = SURFACE_STYLE_FILL_AREA(#13978);
#13978 = FILL_AREA_STYLE('',(#13979));
#13979 = FILL_AREA_STYLE_COLOUR('',#13734);
#13980 = STYLED_ITEM('color',(#13981),#6702);
#13981 = PRESENTATION_STYLE_ASSIGNMENT((#13982));
#13982 = SURFACE_STYLE_USAGE(.BOTH.,#13983);
#13983 = SURFACE_SIDE_STYLE('',(#13984));
#13984 = SURFACE_STYLE_FILL_AREA(#13985);
#13985 = FILL_AREA_STYLE('',(#13986));
#13986 = FILL_AREA_STYLE_COLOUR('',#13734);
#13987 = STYLED_ITEM('color',(#13988),#6852);
#13988 = PRESENTATION_STYLE_ASSIGNMENT((#13989));
#13989 = SURFACE_STYLE_USAGE(.BOTH.,#13990);
#13990 = SURFACE_SIDE_STYLE('',(#13991));
#13991 = SURFACE_STYLE_FILL_AREA(#13992);
#13992 = FILL_AREA_STYLE('',(#13993));
#13993 = FILL_AREA_STYLE_COLOUR('',#13734);
#13994 = STYLED_ITEM('color',(#13995),#6869);
#13995 = PRESENTATION_STYLE_ASSIGNMENT((#13996));
#13996 = SURFACE_STYLE_USAGE(.BOTH.,#13997);
#13997 = SURFACE_SIDE_STYLE('',(#13998));
#13998 = SURFACE_STYLE_FILL_AREA(#13999);
#13999 = FILL_AREA_STYLE('',(#14000));
#14000 = FILL_AREA_STYLE_COLOUR('',#12849);
#14001 = STYLED_ITEM('color',(#14002),#6878);
#14002 = PRESENTATION_STYLE_ASSIGNMENT((#14003));
#14003 = SURFACE_STYLE_USAGE(.BOTH.,#14004);
#14004 = SURFACE_SIDE_STYLE('',(#14005));
#14005 = SURFACE_STYLE_FILL_AREA(#14006);
#14006 = FILL_AREA_STYLE('',(#14007));
#14007 = FILL_AREA_STYLE_COLOUR('',#13734);
#14008 = STYLED_ITEM('color',(#14009),#6895);
#14009 = PRESENTATION_STYLE_ASSIGNMENT((#14010));
#14010 = SURFACE_STYLE_USAGE(.BOTH.,#14011);
#14011 = SURFACE_SIDE_STYLE('',(#14012));
#14012 = SURFACE_STYLE_FILL_AREA(#14013);
#14013 = FILL_AREA_STYLE('',(#14014));
#14014 = FILL_AREA_STYLE_COLOUR('',#13734);
#14015 = STYLED_ITEM('color',(#14016),#6912);
#14016 = PRESENTATION_STYLE_ASSIGNMENT((#14017));
#14017 = SURFACE_STYLE_USAGE(.BOTH.,#14018);
#14018 = SURFACE_SIDE_STYLE('',(#14019));
#14019 = SURFACE_STYLE_FILL_AREA(#14020);
#14020 = FILL_AREA_STYLE('',(#14021));
#14021 = FILL_AREA_STYLE_COLOUR('',#13734);
#14022 = STYLED_ITEM('color',(#14023),#6929);
#14023 = PRESENTATION_STYLE_ASSIGNMENT((#14024));
#14024 = SURFACE_STYLE_USAGE(.BOTH.,#14025);
#14025 = SURFACE_SIDE_STYLE('',(#14026));
#14026 = SURFACE_STYLE_FILL_AREA(#14027);
#14027 = FILL_AREA_STYLE('',(#14028));
#14028 = FILL_AREA_STYLE_COLOUR('',#13734);
#14029 = STYLED_ITEM('color',(#14030),#6946);
#14030 = PRESENTATION_STYLE_ASSIGNMENT((#14031));
#14031 = SURFACE_STYLE_USAGE(.BOTH.,#14032);
#14032 = SURFACE_SIDE_STYLE('',(#14033));
#14033 = SURFACE_STYLE_FILL_AREA(#14034);
#14034 = FILL_AREA_STYLE('',(#14035));
#14035 = FILL_AREA_STYLE_COLOUR('',#13734);
#14036 = STYLED_ITEM('color',(#14037),#6968);
#14037 = PRESENTATION_STYLE_ASSIGNMENT((#14038));
#14038 = SURFACE_STYLE_USAGE(.BOTH.,#14039);
#14039 = SURFACE_SIDE_STYLE('',(#14040));
#14040 = SURFACE_STYLE_FILL_AREA(#14041);
#14041 = FILL_AREA_STYLE('',(#14042));
#14042 = FILL_AREA_STYLE_COLOUR('',#13734);
#14043 = STYLED_ITEM('color',(#14044),#6985);
#14044 = PRESENTATION_STYLE_ASSIGNMENT((#14045));
#14045 = SURFACE_STYLE_USAGE(.BOTH.,#14046);
#14046 = SURFACE_SIDE_STYLE('',(#14047));
#14047 = SURFACE_STYLE_FILL_AREA(#14048);
#14048 = FILL_AREA_STYLE('',(#14049));
#14049 = FILL_AREA_STYLE_COLOUR('',#13734);
#14050 = STYLED_ITEM('color',(#14051),#7002);
#14051 = PRESENTATION_STYLE_ASSIGNMENT((#14052));
#14052 = SURFACE_STYLE_USAGE(.BOTH.,#14053);
#14053 = SURFACE_SIDE_STYLE('',(#14054));
#14054 = SURFACE_STYLE_FILL_AREA(#14055);
#14055 = FILL_AREA_STYLE('',(#14056));
#14056 = FILL_AREA_STYLE_COLOUR('',#13734);
#14057 = STYLED_ITEM('color',(#14058),#7019);
#14058 = PRESENTATION_STYLE_ASSIGNMENT((#14059));
#14059 = SURFACE_STYLE_USAGE(.BOTH.,#14060);
#14060 = SURFACE_SIDE_STYLE('',(#14061));
#14061 = SURFACE_STYLE_FILL_AREA(#14062);
#14062 = FILL_AREA_STYLE('',(#14063));
#14063 = FILL_AREA_STYLE_COLOUR('',#13734);
#14064 = STYLED_ITEM('color',(#14065),#7036);
#14065 = PRESENTATION_STYLE_ASSIGNMENT((#14066));
#14066 = SURFACE_STYLE_USAGE(.BOTH.,#14067);
#14067 = SURFACE_SIDE_STYLE('',(#14068));
#14068 = SURFACE_STYLE_FILL_AREA(#14069);
#14069 = FILL_AREA_STYLE('',(#14070));
#14070 = FILL_AREA_STYLE_COLOUR('',#13734);
#14071 = STYLED_ITEM('color',(#14072),#7048);
#14072 = PRESENTATION_STYLE_ASSIGNMENT((#14073));
#14073 = SURFACE_STYLE_USAGE(.BOTH.,#14074);
#14074 = SURFACE_SIDE_STYLE('',(#14075));
#14075 = SURFACE_STYLE_FILL_AREA(#14076);
#14076 = FILL_AREA_STYLE('',(#14077));
#14077 = FILL_AREA_STYLE_COLOUR('',#13734);
#14078 = STYLED_ITEM('color',(#14079),#7065);
#14079 = PRESENTATION_STYLE_ASSIGNMENT((#14080));
#14080 = SURFACE_STYLE_USAGE(.BOTH.,#14081);
#14081 = SURFACE_SIDE_STYLE('',(#14082));
#14082 = SURFACE_STYLE_FILL_AREA(#14083);
#14083 = FILL_AREA_STYLE('',(#14084));
#14084 = FILL_AREA_STYLE_COLOUR('',#13734);
#14085 = STYLED_ITEM('color',(#14086),#7082);
#14086 = PRESENTATION_STYLE_ASSIGNMENT((#14087));
#14087 = SURFACE_STYLE_USAGE(.BOTH.,#14088);
#14088 = SURFACE_SIDE_STYLE('',(#14089));
#14089 = SURFACE_STYLE_FILL_AREA(#14090);
#14090 = FILL_AREA_STYLE('',(#14091));
#14091 = FILL_AREA_STYLE_COLOUR('',#13734);
#14092 = STYLED_ITEM('color',(#14093),#7099);
#14093 = PRESENTATION_STYLE_ASSIGNMENT((#14094));
#14094 = SURFACE_STYLE_USAGE(.BOTH.,#14095);
#14095 = SURFACE_SIDE_STYLE('',(#14096));
#14096 = SURFACE_STYLE_FILL_AREA(#14097);
#14097 = FILL_AREA_STYLE('',(#14098));
#14098 = FILL_AREA_STYLE_COLOUR('',#13734);
#14099 = STYLED_ITEM('color',(#14100),#7116);
#14100 = PRESENTATION_STYLE_ASSIGNMENT((#14101));
#14101 = SURFACE_STYLE_USAGE(.BOTH.,#14102);
#14102 = SURFACE_SIDE_STYLE('',(#14103));
#14103 = SURFACE_STYLE_FILL_AREA(#14104);
#14104 = FILL_AREA_STYLE('',(#14105));
#14105 = FILL_AREA_STYLE_COLOUR('',#13734);
#14106 = STYLED_ITEM('color',(#14107),#7133);
#14107 = PRESENTATION_STYLE_ASSIGNMENT((#14108));
#14108 = SURFACE_STYLE_USAGE(.BOTH.,#14109);
#14109 = SURFACE_SIDE_STYLE('',(#14110));
#14110 = SURFACE_STYLE_FILL_AREA(#14111);
#14111 = FILL_AREA_STYLE('',(#14112));
#14112 = FILL_AREA_STYLE_COLOUR('',#13734);
#14113 = STYLED_ITEM('color',(#14114),#7150);
#14114 = PRESENTATION_STYLE_ASSIGNMENT((#14115));
#14115 = SURFACE_STYLE_USAGE(.BOTH.,#14116);
#14116 = SURFACE_SIDE_STYLE('',(#14117));
#14117 = SURFACE_STYLE_FILL_AREA(#14118);
#14118 = FILL_AREA_STYLE('',(#14119));
#14119 = FILL_AREA_STYLE_COLOUR('',#13734);
#14120 = STYLED_ITEM('color',(#14121),#7167);
#14121 = PRESENTATION_STYLE_ASSIGNMENT((#14122));
#14122 = SURFACE_STYLE_USAGE(.BOTH.,#14123);
#14123 = SURFACE_SIDE_STYLE('',(#14124));
#14124 = SURFACE_STYLE_FILL_AREA(#14125);
#14125 = FILL_AREA_STYLE('',(#14126));
#14126 = FILL_AREA_STYLE_COLOUR('',#13734);
#14127 = STYLED_ITEM('color',(#14128),#7184);
#14128 = PRESENTATION_STYLE_ASSIGNMENT((#14129));
#14129 = SURFACE_STYLE_USAGE(.BOTH.,#14130);
#14130 = SURFACE_SIDE_STYLE('',(#14131));
#14131 = SURFACE_STYLE_FILL_AREA(#14132);
#14132 = FILL_AREA_STYLE('',(#14133));
#14133 = FILL_AREA_STYLE_COLOUR('',#13734);
#14134 = STYLED_ITEM('color',(#14135),#7196);
#14135 = PRESENTATION_STYLE_ASSIGNMENT((#14136));
#14136 = SURFACE_STYLE_USAGE(.BOTH.,#14137);
#14137 = SURFACE_SIDE_STYLE('',(#14138));
#14138 = SURFACE_STYLE_FILL_AREA(#14139);
#14139 = FILL_AREA_STYLE('',(#14140));
#14140 = FILL_AREA_STYLE_COLOUR('',#13734);
#14141 = STYLED_ITEM('color',(#14142),#7218);
#14142 = PRESENTATION_STYLE_ASSIGNMENT((#14143));
#14143 = SURFACE_STYLE_USAGE(.BOTH.,#14144);
#14144 = SURFACE_SIDE_STYLE('',(#14145));
#14145 = SURFACE_STYLE_FILL_AREA(#14146);
#14146 = FILL_AREA_STYLE('',(#14147));
#14147 = FILL_AREA_STYLE_COLOUR('',#13734);
#14148 = STYLED_ITEM('color',(#14149),#7235);
#14149 = PRESENTATION_STYLE_ASSIGNMENT((#14150));
#14150 = SURFACE_STYLE_USAGE(.BOTH.,#14151);
#14151 = SURFACE_SIDE_STYLE('',(#14152));
#14152 = SURFACE_STYLE_FILL_AREA(#14153);
#14153 = FILL_AREA_STYLE('',(#14154));
#14154 = FILL_AREA_STYLE_COLOUR('',#13734);
#14155 = STYLED_ITEM('color',(#14156),#7252);
#14156 = PRESENTATION_STYLE_ASSIGNMENT((#14157));
#14157 = SURFACE_STYLE_USAGE(.BOTH.,#14158);
#14158 = SURFACE_SIDE_STYLE('',(#14159));
#14159 = SURFACE_STYLE_FILL_AREA(#14160);
#14160 = FILL_AREA_STYLE('',(#14161));
#14161 = FILL_AREA_STYLE_COLOUR('',#13734);
#14162 = STYLED_ITEM('color',(#14163),#7269);
#14163 = PRESENTATION_STYLE_ASSIGNMENT((#14164));
#14164 = SURFACE_STYLE_USAGE(.BOTH.,#14165);
#14165 = SURFACE_SIDE_STYLE('',(#14166));
#14166 = SURFACE_STYLE_FILL_AREA(#14167);
#14167 = FILL_AREA_STYLE('',(#14168));
#14168 = FILL_AREA_STYLE_COLOUR('',#13734);
#14169 = STYLED_ITEM('color',(#14170),#7286);
#14170 = PRESENTATION_STYLE_ASSIGNMENT((#14171));
#14171 = SURFACE_STYLE_USAGE(.BOTH.,#14172);
#14172 = SURFACE_SIDE_STYLE('',(#14173));
#14173 = SURFACE_STYLE_FILL_AREA(#14174);
#14174 = FILL_AREA_STYLE('',(#14175));
#14175 = FILL_AREA_STYLE_COLOUR('',#13734);
#14176 = STYLED_ITEM('color',(#14177),#7298);
#14177 = PRESENTATION_STYLE_ASSIGNMENT((#14178));
#14178 = SURFACE_STYLE_USAGE(.BOTH.,#14179);
#14179 = SURFACE_SIDE_STYLE('',(#14180));
#14180 = SURFACE_STYLE_FILL_AREA(#14181);
#14181 = FILL_AREA_STYLE('',(#14182));
#14182 = FILL_AREA_STYLE_COLOUR('',#13734);
#14183 = STYLED_ITEM('color',(#14184),#7315);
#14184 = PRESENTATION_STYLE_ASSIGNMENT((#14185));
#14185 = SURFACE_STYLE_USAGE(.BOTH.,#14186);
#14186 = SURFACE_SIDE_STYLE('',(#14187));
#14187 = SURFACE_STYLE_FILL_AREA(#14188);
#14188 = FILL_AREA_STYLE('',(#14189));
#14189 = FILL_AREA_STYLE_COLOUR('',#13734);
#14190 = STYLED_ITEM('color',(#14191),#7332);
#14191 = PRESENTATION_STYLE_ASSIGNMENT((#14192));
#14192 = SURFACE_STYLE_USAGE(.BOTH.,#14193);
#14193 = SURFACE_SIDE_STYLE('',(#14194));
#14194 = SURFACE_STYLE_FILL_AREA(#14195);
#14195 = FILL_AREA_STYLE('',(#14196));
#14196 = FILL_AREA_STYLE_COLOUR('',#13734);
#14197 = STYLED_ITEM('color',(#14198),#7349);
#14198 = PRESENTATION_STYLE_ASSIGNMENT((#14199));
#14199 = SURFACE_STYLE_USAGE(.BOTH.,#14200);
#14200 = SURFACE_SIDE_STYLE('',(#14201));
#14201 = SURFACE_STYLE_FILL_AREA(#14202);
#14202 = FILL_AREA_STYLE('',(#14203));
#14203 = FILL_AREA_STYLE_COLOUR('',#13734);
#14204 = STYLED_ITEM('color',(#14205),#7366);
#14205 = PRESENTATION_STYLE_ASSIGNMENT((#14206));
#14206 = SURFACE_STYLE_USAGE(.BOTH.,#14207);
#14207 = SURFACE_SIDE_STYLE('',(#14208));
#14208 = SURFACE_STYLE_FILL_AREA(#14209);
#14209 = FILL_AREA_STYLE('',(#14210));
#14210 = FILL_AREA_STYLE_COLOUR('',#13734);
#14211 = STYLED_ITEM('color',(#14212),#7383);
#14212 = PRESENTATION_STYLE_ASSIGNMENT((#14213));
#14213 = SURFACE_STYLE_USAGE(.BOTH.,#14214);
#14214 = SURFACE_SIDE_STYLE('',(#14215));
#14215 = SURFACE_STYLE_FILL_AREA(#14216);
#14216 = FILL_AREA_STYLE('',(#14217));
#14217 = FILL_AREA_STYLE_COLOUR('',#13734);
#14218 = STYLED_ITEM('color',(#14219),#7400);
#14219 = PRESENTATION_STYLE_ASSIGNMENT((#14220));
#14220 = SURFACE_STYLE_USAGE(.BOTH.,#14221);
#14221 = SURFACE_SIDE_STYLE('',(#14222));
#14222 = SURFACE_STYLE_FILL_AREA(#14223);
#14223 = FILL_AREA_STYLE('',(#14224));
#14224 = FILL_AREA_STYLE_COLOUR('',#13734);
#14225 = STYLED_ITEM('color',(#14226),#7417);
#14226 = PRESENTATION_STYLE_ASSIGNMENT((#14227));
#14227 = SURFACE_STYLE_USAGE(.BOTH.,#14228);
#14228 = SURFACE_SIDE_STYLE('',(#14229));
#14229 = SURFACE_STYLE_FILL_AREA(#14230);
#14230 = FILL_AREA_STYLE('',(#14231));
#14231 = FILL_AREA_STYLE_COLOUR('',#13734);
#14232 = STYLED_ITEM('color',(#14233),#7434);
#14233 = PRESENTATION_STYLE_ASSIGNMENT((#14234));
#14234 = SURFACE_STYLE_USAGE(.BOTH.,#14235);
#14235 = SURFACE_SIDE_STYLE('',(#14236));
#14236 = SURFACE_STYLE_FILL_AREA(#14237);
#14237 = FILL_AREA_STYLE('',(#14238));
#14238 = FILL_AREA_STYLE_COLOUR('',#13734);
#14239 = STYLED_ITEM('color',(#14240),#7446);
#14240 = PRESENTATION_STYLE_ASSIGNMENT((#14241));
#14241 = SURFACE_STYLE_USAGE(.BOTH.,#14242);
#14242 = SURFACE_SIDE_STYLE('',(#14243));
#14243 = SURFACE_STYLE_FILL_AREA(#14244);
#14244 = FILL_AREA_STYLE('',(#14245));
#14245 = FILL_AREA_STYLE_COLOUR('',#13734);
#14246 = STYLED_ITEM('color',(#14247),#7468);
#14247 = PRESENTATION_STYLE_ASSIGNMENT((#14248));
#14248 = SURFACE_STYLE_USAGE(.BOTH.,#14249);
#14249 = SURFACE_SIDE_STYLE('',(#14250));
#14250 = SURFACE_STYLE_FILL_AREA(#14251);
#14251 = FILL_AREA_STYLE('',(#14252));
#14252 = FILL_AREA_STYLE_COLOUR('',#13734);
#14253 = STYLED_ITEM('color',(#14254),#7485);
#14254 = PRESENTATION_STYLE_ASSIGNMENT((#14255));
#14255 = SURFACE_STYLE_USAGE(.BOTH.,#14256);
#14256 = SURFACE_SIDE_STYLE('',(#14257));
#14257 = SURFACE_STYLE_FILL_AREA(#14258);
#14258 = FILL_AREA_STYLE('',(#14259));
#14259 = FILL_AREA_STYLE_COLOUR('',#13734);
#14260 = STYLED_ITEM('color',(#14261),#7502);
#14261 = PRESENTATION_STYLE_ASSIGNMENT((#14262));
#14262 = SURFACE_STYLE_USAGE(.BOTH.,#14263);
#14263 = SURFACE_SIDE_STYLE('',(#14264));
#14264 = SURFACE_STYLE_FILL_AREA(#14265);
#14265 = FILL_AREA_STYLE('',(#14266));
#14266 = FILL_AREA_STYLE_COLOUR('',#13734);
#14267 = STYLED_ITEM('color',(#14268),#7519);
#14268 = PRESENTATION_STYLE_ASSIGNMENT((#14269));
#14269 = SURFACE_STYLE_USAGE(.BOTH.,#14270);
#14270 = SURFACE_SIDE_STYLE('',(#14271));
#14271 = SURFACE_STYLE_FILL_AREA(#14272);
#14272 = FILL_AREA_STYLE('',(#14273));
#14273 = FILL_AREA_STYLE_COLOUR('',#13734);
#14274 = STYLED_ITEM('color',(#14275),#7536);
#14275 = PRESENTATION_STYLE_ASSIGNMENT((#14276));
#14276 = SURFACE_STYLE_USAGE(.BOTH.,#14277);
#14277 = SURFACE_SIDE_STYLE('',(#14278));
#14278 = SURFACE_STYLE_FILL_AREA(#14279);
#14279 = FILL_AREA_STYLE('',(#14280));
#14280 = FILL_AREA_STYLE_COLOUR('',#13734);
#14281 = STYLED_ITEM('color',(#14282),#7548);
#14282 = PRESENTATION_STYLE_ASSIGNMENT((#14283));
#14283 = SURFACE_STYLE_USAGE(.BOTH.,#14284);
#14284 = SURFACE_SIDE_STYLE('',(#14285));
#14285 = SURFACE_STYLE_FILL_AREA(#14286);
#14286 = FILL_AREA_STYLE('',(#14287));
#14287 = FILL_AREA_STYLE_COLOUR('',#13734);
#14288 = STYLED_ITEM('color',(#14289),#7565);
#14289 = PRESENTATION_STYLE_ASSIGNMENT((#14290));
#14290 = SURFACE_STYLE_USAGE(.BOTH.,#14291);
#14291 = SURFACE_SIDE_STYLE('',(#14292));
#14292 = SURFACE_STYLE_FILL_AREA(#14293);
#14293 = FILL_AREA_STYLE('',(#14294));
#14294 = FILL_AREA_STYLE_COLOUR('',#13734);
#14295 = STYLED_ITEM('color',(#14296),#7582);
#14296 = PRESENTATION_STYLE_ASSIGNMENT((#14297));
#14297 = SURFACE_STYLE_USAGE(.BOTH.,#14298);
#14298 = SURFACE_SIDE_STYLE('',(#14299));
#14299 = SURFACE_STYLE_FILL_AREA(#14300);
#14300 = FILL_AREA_STYLE('',(#14301));
#14301 = FILL_AREA_STYLE_COLOUR('',#13734);
#14302 = STYLED_ITEM('color',(#14303),#7599);
#14303 = PRESENTATION_STYLE_ASSIGNMENT((#14304));
#14304 = SURFACE_STYLE_USAGE(.BOTH.,#14305);
#14305 = SURFACE_SIDE_STYLE('',(#14306));
#14306 = SURFACE_STYLE_FILL_AREA(#14307);
#14307 = FILL_AREA_STYLE('',(#14308));
#14308 = FILL_AREA_STYLE_COLOUR('',#13734);
#14309 = STYLED_ITEM('color',(#14310),#7616);
#14310 = PRESENTATION_STYLE_ASSIGNMENT((#14311));
#14311 = SURFACE_STYLE_USAGE(.BOTH.,#14312);
#14312 = SURFACE_SIDE_STYLE('',(#14313));
#14313 = SURFACE_STYLE_FILL_AREA(#14314);
#14314 = FILL_AREA_STYLE('',(#14315));
#14315 = FILL_AREA_STYLE_COLOUR('',#13734);
#14316 = STYLED_ITEM('color',(#14317),#7633);
#14317 = PRESENTATION_STYLE_ASSIGNMENT((#14318));
#14318 = SURFACE_STYLE_USAGE(.BOTH.,#14319);
#14319 = SURFACE_SIDE_STYLE('',(#14320));
#14320 = SURFACE_STYLE_FILL_AREA(#14321);
#14321 = FILL_AREA_STYLE('',(#14322));
#14322 = FILL_AREA_STYLE_COLOUR('',#13734);
#14323 = STYLED_ITEM('color',(#14324),#7650);
#14324 = PRESENTATION_STYLE_ASSIGNMENT((#14325));
#14325 = SURFACE_STYLE_USAGE(.BOTH.,#14326);
#14326 = SURFACE_SIDE_STYLE('',(#14327));
#14327 = SURFACE_STYLE_FILL_AREA(#14328);
#14328 = FILL_AREA_STYLE('',(#14329));
#14329 = FILL_AREA_STYLE_COLOUR('',#13734);
#14330 = STYLED_ITEM('color',(#14331),#7667);
#14331 = PRESENTATION_STYLE_ASSIGNMENT((#14332));
#14332 = SURFACE_STYLE_USAGE(.BOTH.,#14333);
#14333 = SURFACE_SIDE_STYLE('',(#14334));
#14334 = SURFACE_STYLE_FILL_AREA(#14335);
#14335 = FILL_AREA_STYLE('',(#14336));
#14336 = FILL_AREA_STYLE_COLOUR('',#13734);
#14337 = STYLED_ITEM('color',(#14338),#7684);
#14338 = PRESENTATION_STYLE_ASSIGNMENT((#14339));
#14339 = SURFACE_STYLE_USAGE(.BOTH.,#14340);
#14340 = SURFACE_SIDE_STYLE('',(#14341));
#14341 = SURFACE_STYLE_FILL_AREA(#14342);
#14342 = FILL_AREA_STYLE('',(#14343));
#14343 = FILL_AREA_STYLE_COLOUR('',#13734);
#14344 = STYLED_ITEM('color',(#14345),#7696);
#14345 = PRESENTATION_STYLE_ASSIGNMENT((#14346));
#14346 = SURFACE_STYLE_USAGE(.BOTH.,#14347);
#14347 = SURFACE_SIDE_STYLE('',(#14348));
#14348 = SURFACE_STYLE_FILL_AREA(#14349);
#14349 = FILL_AREA_STYLE('',(#14350));
#14350 = FILL_AREA_STYLE_COLOUR('',#13734);
#14351 = STYLED_ITEM('color',(#14352),#7718);
#14352 = PRESENTATION_STYLE_ASSIGNMENT((#14353));
#14353 = SURFACE_STYLE_USAGE(.BOTH.,#14354);
#14354 = SURFACE_SIDE_STYLE('',(#14355));
#14355 = SURFACE_STYLE_FILL_AREA(#14356);
#14356 = FILL_AREA_STYLE('',(#14357));
#14357 = FILL_AREA_STYLE_COLOUR('',#13734);
#14358 = STYLED_ITEM('color',(#14359),#7735);
#14359 = PRESENTATION_STYLE_ASSIGNMENT((#14360));
#14360 = SURFACE_STYLE_USAGE(.BOTH.,#14361);
#14361 = SURFACE_SIDE_STYLE('',(#14362));
#14362 = SURFACE_STYLE_FILL_AREA(#14363);
#14363 = FILL_AREA_STYLE('',(#14364));
#14364 = FILL_AREA_STYLE_COLOUR('',#13734);
#14365 = STYLED_ITEM('color',(#14366),#7752);
#14366 = PRESENTATION_STYLE_ASSIGNMENT((#14367));
#14367 = SURFACE_STYLE_USAGE(.BOTH.,#14368);
#14368 = SURFACE_SIDE_STYLE('',(#14369));
#14369 = SURFACE_STYLE_FILL_AREA(#14370);
#14370 = FILL_AREA_STYLE('',(#14371));
#14371 = FILL_AREA_STYLE_COLOUR('',#13734);
#14372 = STYLED_ITEM('color',(#14373),#7769);
#14373 = PRESENTATION_STYLE_ASSIGNMENT((#14374));
#14374 = SURFACE_STYLE_USAGE(.BOTH.,#14375);
#14375 = SURFACE_SIDE_STYLE('',(#14376));
#14376 = SURFACE_STYLE_FILL_AREA(#14377);
#14377 = FILL_AREA_STYLE('',(#14378));
#14378 = FILL_AREA_STYLE_COLOUR('',#13734);
#14379 = STYLED_ITEM('color',(#14380),#7786);
#14380 = PRESENTATION_STYLE_ASSIGNMENT((#14381));
#14381 = SURFACE_STYLE_USAGE(.BOTH.,#14382);
#14382 = SURFACE_SIDE_STYLE('',(#14383));
#14383 = SURFACE_STYLE_FILL_AREA(#14384);
#14384 = FILL_AREA_STYLE('',(#14385));
#14385 = FILL_AREA_STYLE_COLOUR('',#13734);
#14386 = STYLED_ITEM('color',(#14387),#7798);
#14387 = PRESENTATION_STYLE_ASSIGNMENT((#14388));
#14388 = SURFACE_STYLE_USAGE(.BOTH.,#14389);
#14389 = SURFACE_SIDE_STYLE('',(#14390));
#14390 = SURFACE_STYLE_FILL_AREA(#14391);
#14391 = FILL_AREA_STYLE('',(#14392));
#14392 = FILL_AREA_STYLE_COLOUR('',#13734);
#14393 = STYLED_ITEM('color',(#14394),#7815);
#14394 = PRESENTATION_STYLE_ASSIGNMENT((#14395));
#14395 = SURFACE_STYLE_USAGE(.BOTH.,#14396);
#14396 = SURFACE_SIDE_STYLE('',(#14397));
#14397 = SURFACE_STYLE_FILL_AREA(#14398);
#14398 = FILL_AREA_STYLE('',(#14399));
#14399 = FILL_AREA_STYLE_COLOUR('',#13734);
#14400 = STYLED_ITEM('color',(#14401),#7832);
#14401 = PRESENTATION_STYLE_ASSIGNMENT((#14402));
#14402 = SURFACE_STYLE_USAGE(.BOTH.,#14403);
#14403 = SURFACE_SIDE_STYLE('',(#14404));
#14404 = SURFACE_STYLE_FILL_AREA(#14405);
#14405 = FILL_AREA_STYLE('',(#14406));
#14406 = FILL_AREA_STYLE_COLOUR('',#13734);
#14407 = STYLED_ITEM('color',(#14408),#7849);
#14408 = PRESENTATION_STYLE_ASSIGNMENT((#14409));
#14409 = SURFACE_STYLE_USAGE(.BOTH.,#14410);
#14410 = SURFACE_SIDE_STYLE('',(#14411));
#14411 = SURFACE_STYLE_FILL_AREA(#14412);
#14412 = FILL_AREA_STYLE('',(#14413));
#14413 = FILL_AREA_STYLE_COLOUR('',#13734);
#14414 = STYLED_ITEM('color',(#14415),#7866);
#14415 = PRESENTATION_STYLE_ASSIGNMENT((#14416));
#14416 = SURFACE_STYLE_USAGE(.BOTH.,#14417);
#14417 = SURFACE_SIDE_STYLE('',(#14418));
#14418 = SURFACE_STYLE_FILL_AREA(#14419);
#14419 = FILL_AREA_STYLE('',(#14420));
#14420 = FILL_AREA_STYLE_COLOUR('',#13734);
#14421 = STYLED_ITEM('color',(#14422),#7883);
#14422 = PRESENTATION_STYLE_ASSIGNMENT((#14423));
#14423 = SURFACE_STYLE_USAGE(.BOTH.,#14424);
#14424 = SURFACE_SIDE_STYLE('',(#14425));
#14425 = SURFACE_STYLE_FILL_AREA(#14426);
#14426 = FILL_AREA_STYLE('',(#14427));
#14427 = FILL_AREA_STYLE_COLOUR('',#13734);
#14428 = STYLED_ITEM('color',(#14429),#7900);
#14429 = PRESENTATION_STYLE_ASSIGNMENT((#14430));
#14430 = SURFACE_STYLE_USAGE(.BOTH.,#14431);
#14431 = SURFACE_SIDE_STYLE('',(#14432));
#14432 = SURFACE_STYLE_FILL_AREA(#14433);
#14433 = FILL_AREA_STYLE('',(#14434));
#14434 = FILL_AREA_STYLE_COLOUR('',#13734);
#14435 = STYLED_ITEM('color',(#14436),#7917);
#14436 = PRESENTATION_STYLE_ASSIGNMENT((#14437));
#14437 = SURFACE_STYLE_USAGE(.BOTH.,#14438);
#14438 = SURFACE_SIDE_STYLE('',(#14439));
#14439 = SURFACE_STYLE_FILL_AREA(#14440);
#14440 = FILL_AREA_STYLE('',(#14441));
#14441 = FILL_AREA_STYLE_COLOUR('',#13734);
#14442 = STYLED_ITEM('color',(#14443),#7934);
#14443 = PRESENTATION_STYLE_ASSIGNMENT((#14444));
#14444 = SURFACE_STYLE_USAGE(.BOTH.,#14445);
#14445 = SURFACE_SIDE_STYLE('',(#14446));
#14446 = SURFACE_STYLE_FILL_AREA(#14447);
#14447 = FILL_AREA_STYLE('',(#14448));
#14448 = FILL_AREA_STYLE_COLOUR('',#13734);
#14449 = MECHANICAL_DESIGN_GEOMETRIC_PRESENTATION_REPRESENTATION('',(
    #14450,#14457,#14464,#14471,#14478,#14485,#14492,#14499,#14506,
    #14513,#14520,#14527,#14534,#14541,#14548,#14555,#14562,#14569,
    #14576,#14583,#14590,#14597,#14604,#14611,#14618,#14625,#14632,
    #14639,#14646,#14653,#14660,#14667,#14674,#14681,#14688,#14695,
    #14702,#14709,#14716,#14723,#14730,#14737,#14744,#14751,#14758,
    #14765,#14772,#14779,#14786,#14793,#14800,#14807,#14814,#14821,
    #14828,#14835,#14842,#14849,#14856,#14863,#14870,#14877,#14884,
    #14891,#14898,#14905,#14912,#14919,#14926,#14933,#14940,#14947,
    #14954,#14961,#14968,#14975,#14982,#14989,#14996,#15003,#15010,
    #15017,#15024,#15031,#15038,#15045,#15052,#15059,#15066,#15073,
    #15080,#15087,#15094,#15101,#15108,#15115,#15122,#15129,#15136,
    #15143),#10750);
#14450 = STYLED_ITEM('color',(#14451),#7972);
#14451 = PRESENTATION_STYLE_ASSIGNMENT((#14452));
#14452 = SURFACE_STYLE_USAGE(.BOTH.,#14453);
#14453 = SURFACE_SIDE_STYLE('',(#14454));
#14454 = SURFACE_STYLE_FILL_AREA(#14455);
#14455 = FILL_AREA_STYLE('',(#14456));
#14456 = FILL_AREA_STYLE_COLOUR('',#12849);
#14457 = STYLED_ITEM('color',(#14458),#8012);
#14458 = PRESENTATION_STYLE_ASSIGNMENT((#14459));
#14459 = SURFACE_STYLE_USAGE(.BOTH.,#14460);
#14460 = SURFACE_SIDE_STYLE('',(#14461));
#14461 = SURFACE_STYLE_FILL_AREA(#14462);
#14462 = FILL_AREA_STYLE('',(#14463));
#14463 = FILL_AREA_STYLE_COLOUR('',#12849);
#14464 = STYLED_ITEM('color',(#14465),#8043);
#14465 = PRESENTATION_STYLE_ASSIGNMENT((#14466));
#14466 = SURFACE_STYLE_USAGE(.BOTH.,#14467);
#14467 = SURFACE_SIDE_STYLE('',(#14468));
#14468 = SURFACE_STYLE_FILL_AREA(#14469);
#14469 = FILL_AREA_STYLE('',(#14470));
#14470 = FILL_AREA_STYLE_COLOUR('',#12849);
#14471 = STYLED_ITEM('color',(#14472),#8074);
#14472 = PRESENTATION_STYLE_ASSIGNMENT((#14473));
#14473 = SURFACE_STYLE_USAGE(.BOTH.,#14474);
#14474 = SURFACE_SIDE_STYLE('',(#14475));
#14475 = SURFACE_STYLE_FILL_AREA(#14476);
#14476 = FILL_AREA_STYLE('',(#14477));
#14477 = FILL_AREA_STYLE_COLOUR('',#12849);
#14478 = STYLED_ITEM('color',(#14479),#8403);
#14479 = PRESENTATION_STYLE_ASSIGNMENT((#14480));
#14480 = SURFACE_STYLE_USAGE(.BOTH.,#14481);
#14481 = SURFACE_SIDE_STYLE('',(#14482));
#14482 = SURFACE_STYLE_FILL_AREA(#14483);
#14483 = FILL_AREA_STYLE('',(#14484));
#14484 = FILL_AREA_STYLE_COLOUR('',#12849);
#14485 = STYLED_ITEM('color',(#14486),#8732);
#14486 = PRESENTATION_STYLE_ASSIGNMENT((#14487));
#14487 = SURFACE_STYLE_USAGE(.BOTH.,#14488);
#14488 = SURFACE_SIDE_STYLE('',(#14489));
#14489 = SURFACE_STYLE_FILL_AREA(#14490);
#14490 = FILL_AREA_STYLE('',(#14491));
#14491 = FILL_AREA_STYLE_COLOUR('',#12849);
#14492 = STYLED_ITEM('color',(#14493),#8749);
#14493 = PRESENTATION_STYLE_ASSIGNMENT((#14494));
#14494 = SURFACE_STYLE_USAGE(.BOTH.,#14495);
#14495 = SURFACE_SIDE_STYLE('',(#14496));
#14496 = SURFACE_STYLE_FILL_AREA(#14497);
#14497 = FILL_AREA_STYLE('',(#14498));
#14498 = FILL_AREA_STYLE_COLOUR('',#12849);
#14499 = STYLED_ITEM('color',(#14500),#8766);
#14500 = PRESENTATION_STYLE_ASSIGNMENT((#14501));
#14501 = SURFACE_STYLE_USAGE(.BOTH.,#14502);
#14502 = SURFACE_SIDE_STYLE('',(#14503));
#14503 = SURFACE_STYLE_FILL_AREA(#14504);
#14504 = FILL_AREA_STYLE('',(#14505));
#14505 = FILL_AREA_STYLE_COLOUR('',#12849);
#14506 = STYLED_ITEM('color',(#14507),#8783);
#14507 = PRESENTATION_STYLE_ASSIGNMENT((#14508));
#14508 = SURFACE_STYLE_USAGE(.BOTH.,#14509);
#14509 = SURFACE_SIDE_STYLE('',(#14510));
#14510 = SURFACE_STYLE_FILL_AREA(#14511);
#14511 = FILL_AREA_STYLE('',(#14512));
#14512 = FILL_AREA_STYLE_COLOUR('',#12849);
#14513 = STYLED_ITEM('color',(#14514),#8800);
#14514 = PRESENTATION_STYLE_ASSIGNMENT((#14515));
#14515 = SURFACE_STYLE_USAGE(.BOTH.,#14516);
#14516 = SURFACE_SIDE_STYLE('',(#14517));
#14517 = SURFACE_STYLE_FILL_AREA(#14518);
#14518 = FILL_AREA_STYLE('',(#14519));
#14519 = FILL_AREA_STYLE_COLOUR('',#12849);
#14520 = STYLED_ITEM('color',(#14521),#8817);
#14521 = PRESENTATION_STYLE_ASSIGNMENT((#14522));
#14522 = SURFACE_STYLE_USAGE(.BOTH.,#14523);
#14523 = SURFACE_SIDE_STYLE('',(#14524));
#14524 = SURFACE_STYLE_FILL_AREA(#14525);
#14525 = FILL_AREA_STYLE('',(#14526));
#14526 = FILL_AREA_STYLE_COLOUR('',#12849);
#14527 = STYLED_ITEM('color',(#14528),#8834);
#14528 = PRESENTATION_STYLE_ASSIGNMENT((#14529));
#14529 = SURFACE_STYLE_USAGE(.BOTH.,#14530);
#14530 = SURFACE_SIDE_STYLE('',(#14531));
#14531 = SURFACE_STYLE_FILL_AREA(#14532);
#14532 = FILL_AREA_STYLE('',(#14533));
#14533 = FILL_AREA_STYLE_COLOUR('',#12849);
#14534 = STYLED_ITEM('color',(#14535),#8851);
#14535 = PRESENTATION_STYLE_ASSIGNMENT((#14536));
#14536 = SURFACE_STYLE_USAGE(.BOTH.,#14537);
#14537 = SURFACE_SIDE_STYLE('',(#14538));
#14538 = SURFACE_STYLE_FILL_AREA(#14539);
#14539 = FILL_AREA_STYLE('',(#14540));
#14540 = FILL_AREA_STYLE_COLOUR('',#12849);
#14541 = STYLED_ITEM('color',(#14542),#8868);
#14542 = PRESENTATION_STYLE_ASSIGNMENT((#14543));
#14543 = SURFACE_STYLE_USAGE(.BOTH.,#14544);
#14544 = SURFACE_SIDE_STYLE('',(#14545));
#14545 = SURFACE_STYLE_FILL_AREA(#14546);
#14546 = FILL_AREA_STYLE('',(#14547));
#14547 = FILL_AREA_STYLE_COLOUR('',#12849);
#14548 = STYLED_ITEM('color',(#14549),#8885);
#14549 = PRESENTATION_STYLE_ASSIGNMENT((#14550));
#14550 = SURFACE_STYLE_USAGE(.BOTH.,#14551);
#14551 = SURFACE_SIDE_STYLE('',(#14552));
#14552 = SURFACE_STYLE_FILL_AREA(#14553);
#14553 = FILL_AREA_STYLE('',(#14554));
#14554 = FILL_AREA_STYLE_COLOUR('',#12849);
#14555 = STYLED_ITEM('color',(#14556),#8902);
#14556 = PRESENTATION_STYLE_ASSIGNMENT((#14557));
#14557 = SURFACE_STYLE_USAGE(.BOTH.,#14558);
#14558 = SURFACE_SIDE_STYLE('',(#14559));
#14559 = SURFACE_STYLE_FILL_AREA(#14560);
#14560 = FILL_AREA_STYLE('',(#14561));
#14561 = FILL_AREA_STYLE_COLOUR('',#12849);
#14562 = STYLED_ITEM('color',(#14563),#8919);
#14563 = PRESENTATION_STYLE_ASSIGNMENT((#14564));
#14564 = SURFACE_STYLE_USAGE(.BOTH.,#14565);
#14565 = SURFACE_SIDE_STYLE('',(#14566));
#14566 = SURFACE_STYLE_FILL_AREA(#14567);
#14567 = FILL_AREA_STYLE('',(#14568));
#14568 = FILL_AREA_STYLE_COLOUR('',#12849);
#14569 = STYLED_ITEM('color',(#14570),#8936);
#14570 = PRESENTATION_STYLE_ASSIGNMENT((#14571));
#14571 = SURFACE_STYLE_USAGE(.BOTH.,#14572);
#14572 = SURFACE_SIDE_STYLE('',(#14573));
#14573 = SURFACE_STYLE_FILL_AREA(#14574);
#14574 = FILL_AREA_STYLE('',(#14575));
#14575 = FILL_AREA_STYLE_COLOUR('',#12849);
#14576 = STYLED_ITEM('color',(#14577),#8953);
#14577 = PRESENTATION_STYLE_ASSIGNMENT((#14578));
#14578 = SURFACE_STYLE_USAGE(.BOTH.,#14579);
#14579 = SURFACE_SIDE_STYLE('',(#14580));
#14580 = SURFACE_STYLE_FILL_AREA(#14581);
#14581 = FILL_AREA_STYLE('',(#14582));
#14582 = FILL_AREA_STYLE_COLOUR('',#12849);
#14583 = STYLED_ITEM('color',(#14584),#8970);
#14584 = PRESENTATION_STYLE_ASSIGNMENT((#14585));
#14585 = SURFACE_STYLE_USAGE(.BOTH.,#14586);
#14586 = SURFACE_SIDE_STYLE('',(#14587));
#14587 = SURFACE_STYLE_FILL_AREA(#14588);
#14588 = FILL_AREA_STYLE('',(#14589));
#14589 = FILL_AREA_STYLE_COLOUR('',#12849);
#14590 = STYLED_ITEM('color',(#14591),#8987);
#14591 = PRESENTATION_STYLE_ASSIGNMENT((#14592));
#14592 = SURFACE_STYLE_USAGE(.BOTH.,#14593);
#14593 = SURFACE_SIDE_STYLE('',(#14594));
#14594 = SURFACE_STYLE_FILL_AREA(#14595);
#14595 = FILL_AREA_STYLE('',(#14596));
#14596 = FILL_AREA_STYLE_COLOUR('',#12849);
#14597 = STYLED_ITEM('color',(#14598),#9004);
#14598 = PRESENTATION_STYLE_ASSIGNMENT((#14599));
#14599 = SURFACE_STYLE_USAGE(.BOTH.,#14600);
#14600 = SURFACE_SIDE_STYLE('',(#14601));
#14601 = SURFACE_STYLE_FILL_AREA(#14602);
#14602 = FILL_AREA_STYLE('',(#14603));
#14603 = FILL_AREA_STYLE_COLOUR('',#12849);
#14604 = STYLED_ITEM('color',(#14605),#9021);
#14605 = PRESENTATION_STYLE_ASSIGNMENT((#14606));
#14606 = SURFACE_STYLE_USAGE(.BOTH.,#14607);
#14607 = SURFACE_SIDE_STYLE('',(#14608));
#14608 = SURFACE_STYLE_FILL_AREA(#14609);
#14609 = FILL_AREA_STYLE('',(#14610));
#14610 = FILL_AREA_STYLE_COLOUR('',#12849);
#14611 = STYLED_ITEM('color',(#14612),#9038);
#14612 = PRESENTATION_STYLE_ASSIGNMENT((#14613));
#14613 = SURFACE_STYLE_USAGE(.BOTH.,#14614);
#14614 = SURFACE_SIDE_STYLE('',(#14615));
#14615 = SURFACE_STYLE_FILL_AREA(#14616);
#14616 = FILL_AREA_STYLE('',(#14617));
#14617 = FILL_AREA_STYLE_COLOUR('',#12849);
#14618 = STYLED_ITEM('color',(#14619),#9055);
#14619 = PRESENTATION_STYLE_ASSIGNMENT((#14620));
#14620 = SURFACE_STYLE_USAGE(.BOTH.,#14621);
#14621 = SURFACE_SIDE_STYLE('',(#14622));
#14622 = SURFACE_STYLE_FILL_AREA(#14623);
#14623 = FILL_AREA_STYLE('',(#14624));
#14624 = FILL_AREA_STYLE_COLOUR('',#12849);
#14625 = STYLED_ITEM('color',(#14626),#9072);
#14626 = PRESENTATION_STYLE_ASSIGNMENT((#14627));
#14627 = SURFACE_STYLE_USAGE(.BOTH.,#14628);
#14628 = SURFACE_SIDE_STYLE('',(#14629));
#14629 = SURFACE_STYLE_FILL_AREA(#14630);
#14630 = FILL_AREA_STYLE('',(#14631));
#14631 = FILL_AREA_STYLE_COLOUR('',#12849);
#14632 = STYLED_ITEM('color',(#14633),#9089);
#14633 = PRESENTATION_STYLE_ASSIGNMENT((#14634));
#14634 = SURFACE_STYLE_USAGE(.BOTH.,#14635);
#14635 = SURFACE_SIDE_STYLE('',(#14636));
#14636 = SURFACE_STYLE_FILL_AREA(#14637);
#14637 = FILL_AREA_STYLE('',(#14638));
#14638 = FILL_AREA_STYLE_COLOUR('',#12849);
#14639 = STYLED_ITEM('color',(#14640),#9106);
#14640 = PRESENTATION_STYLE_ASSIGNMENT((#14641));
#14641 = SURFACE_STYLE_USAGE(.BOTH.,#14642);
#14642 = SURFACE_SIDE_STYLE('',(#14643));
#14643 = SURFACE_STYLE_FILL_AREA(#14644);
#14644 = FILL_AREA_STYLE('',(#14645));
#14645 = FILL_AREA_STYLE_COLOUR('',#12849);
#14646 = STYLED_ITEM('color',(#14647),#9118);
#14647 = PRESENTATION_STYLE_ASSIGNMENT((#14648));
#14648 = SURFACE_STYLE_USAGE(.BOTH.,#14649);
#14649 = SURFACE_SIDE_STYLE('',(#14650));
#14650 = SURFACE_STYLE_FILL_AREA(#14651);
#14651 = FILL_AREA_STYLE('',(#14652));
#14652 = FILL_AREA_STYLE_COLOUR('',#13088);
#14653 = STYLED_ITEM('color',(#14654),#9149);
#14654 = PRESENTATION_STYLE_ASSIGNMENT((#14655));
#14655 = SURFACE_STYLE_USAGE(.BOTH.,#14656);
#14656 = SURFACE_SIDE_STYLE('',(#14657));
#14657 = SURFACE_STYLE_FILL_AREA(#14658);
#14658 = FILL_AREA_STYLE('',(#14659));
#14659 = FILL_AREA_STYLE_COLOUR('',#13088);
#14660 = STYLED_ITEM('color',(#14661),#9173);
#14661 = PRESENTATION_STYLE_ASSIGNMENT((#14662));
#14662 = SURFACE_STYLE_USAGE(.BOTH.,#14663);
#14663 = SURFACE_SIDE_STYLE('',(#14664));
#14664 = SURFACE_STYLE_FILL_AREA(#14665);
#14665 = FILL_AREA_STYLE('',(#14666));
#14666 = FILL_AREA_STYLE_COLOUR('',#13088);
#14667 = STYLED_ITEM('color',(#14668),#9197);
#14668 = PRESENTATION_STYLE_ASSIGNMENT((#14669));
#14669 = SURFACE_STYLE_USAGE(.BOTH.,#14670);
#14670 = SURFACE_SIDE_STYLE('',(#14671));
#14671 = SURFACE_STYLE_FILL_AREA(#14672);
#14672 = FILL_AREA_STYLE('',(#14673));
#14673 = FILL_AREA_STYLE_COLOUR('',#13088);
#14674 = STYLED_ITEM('color',(#14675),#9214);
#14675 = PRESENTATION_STYLE_ASSIGNMENT((#14676));
#14676 = SURFACE_STYLE_USAGE(.BOTH.,#14677);
#14677 = SURFACE_SIDE_STYLE('',(#14678));
#14678 = SURFACE_STYLE_FILL_AREA(#14679);
#14679 = FILL_AREA_STYLE('',(#14680));
#14680 = FILL_AREA_STYLE_COLOUR('',#13088);
#14681 = STYLED_ITEM('color',(#14682),#9245);
#14682 = PRESENTATION_STYLE_ASSIGNMENT((#14683));
#14683 = SURFACE_STYLE_USAGE(.BOTH.,#14684);
#14684 = SURFACE_SIDE_STYLE('',(#14685));
#14685 = SURFACE_STYLE_FILL_AREA(#14686);
#14686 = FILL_AREA_STYLE('',(#14687));
#14687 = FILL_AREA_STYLE_COLOUR('',#13088);
#14688 = STYLED_ITEM('color',(#14689),#9269);
#14689 = PRESENTATION_STYLE_ASSIGNMENT((#14690));
#14690 = SURFACE_STYLE_USAGE(.BOTH.,#14691);
#14691 = SURFACE_SIDE_STYLE('',(#14692));
#14692 = SURFACE_STYLE_FILL_AREA(#14693);
#14693 = FILL_AREA_STYLE('',(#14694));
#14694 = FILL_AREA_STYLE_COLOUR('',#13088);
#14695 = STYLED_ITEM('color',(#14696),#9293);
#14696 = PRESENTATION_STYLE_ASSIGNMENT((#14697));
#14697 = SURFACE_STYLE_USAGE(.BOTH.,#14698);
#14698 = SURFACE_SIDE_STYLE('',(#14699));
#14699 = SURFACE_STYLE_FILL_AREA(#14700);
#14700 = FILL_AREA_STYLE('',(#14701));
#14701 = FILL_AREA_STYLE_COLOUR('',#13088);
#14702 = STYLED_ITEM('color',(#14703),#9310);
#14703 = PRESENTATION_STYLE_ASSIGNMENT((#14704));
#14704 = SURFACE_STYLE_USAGE(.BOTH.,#14705);
#14705 = SURFACE_SIDE_STYLE('',(#14706));
#14706 = SURFACE_STYLE_FILL_AREA(#14707);
#14707 = FILL_AREA_STYLE('',(#14708));
#14708 = FILL_AREA_STYLE_COLOUR('',#13088);
#14709 = STYLED_ITEM('color',(#14710),#9341);
#14710 = PRESENTATION_STYLE_ASSIGNMENT((#14711));
#14711 = SURFACE_STYLE_USAGE(.BOTH.,#14712);
#14712 = SURFACE_SIDE_STYLE('',(#14713));
#14713 = SURFACE_STYLE_FILL_AREA(#14714);
#14714 = FILL_AREA_STYLE('',(#14715));
#14715 = FILL_AREA_STYLE_COLOUR('',#13088);
#14716 = STYLED_ITEM('color',(#14717),#9365);
#14717 = PRESENTATION_STYLE_ASSIGNMENT((#14718));
#14718 = SURFACE_STYLE_USAGE(.BOTH.,#14719);
#14719 = SURFACE_SIDE_STYLE('',(#14720));
#14720 = SURFACE_STYLE_FILL_AREA(#14721);
#14721 = FILL_AREA_STYLE('',(#14722));
#14722 = FILL_AREA_STYLE_COLOUR('',#13088);
#14723 = STYLED_ITEM('color',(#14724),#9389);
#14724 = PRESENTATION_STYLE_ASSIGNMENT((#14725));
#14725 = SURFACE_STYLE_USAGE(.BOTH.,#14726);
#14726 = SURFACE_SIDE_STYLE('',(#14727));
#14727 = SURFACE_STYLE_FILL_AREA(#14728);
#14728 = FILL_AREA_STYLE('',(#14729));
#14729 = FILL_AREA_STYLE_COLOUR('',#13088);
#14730 = STYLED_ITEM('color',(#14731),#9406);
#14731 = PRESENTATION_STYLE_ASSIGNMENT((#14732));
#14732 = SURFACE_STYLE_USAGE(.BOTH.,#14733);
#14733 = SURFACE_SIDE_STYLE('',(#14734));
#14734 = SURFACE_STYLE_FILL_AREA(#14735);
#14735 = FILL_AREA_STYLE('',(#14736));
#14736 = FILL_AREA_STYLE_COLOUR('',#13088);
#14737 = STYLED_ITEM('color',(#14738),#9437);
#14738 = PRESENTATION_STYLE_ASSIGNMENT((#14739));
#14739 = SURFACE_STYLE_USAGE(.BOTH.,#14740);
#14740 = SURFACE_SIDE_STYLE('',(#14741));
#14741 = SURFACE_STYLE_FILL_AREA(#14742);
#14742 = FILL_AREA_STYLE('',(#14743));
#14743 = FILL_AREA_STYLE_COLOUR('',#13088);
#14744 = STYLED_ITEM('color',(#14745),#9461);
#14745 = PRESENTATION_STYLE_ASSIGNMENT((#14746));
#14746 = SURFACE_STYLE_USAGE(.BOTH.,#14747);
#14747 = SURFACE_SIDE_STYLE('',(#14748));
#14748 = SURFACE_STYLE_FILL_AREA(#14749);
#14749 = FILL_AREA_STYLE('',(#14750));
#14750 = FILL_AREA_STYLE_COLOUR('',#13088);
#14751 = STYLED_ITEM('color',(#14752),#9485);
#14752 = PRESENTATION_STYLE_ASSIGNMENT((#14753));
#14753 = SURFACE_STYLE_USAGE(.BOTH.,#14754);
#14754 = SURFACE_SIDE_STYLE('',(#14755));
#14755 = SURFACE_STYLE_FILL_AREA(#14756);
#14756 = FILL_AREA_STYLE('',(#14757));
#14757 = FILL_AREA_STYLE_COLOUR('',#13088);
#14758 = STYLED_ITEM('color',(#14759),#9502);
#14759 = PRESENTATION_STYLE_ASSIGNMENT((#14760));
#14760 = SURFACE_STYLE_USAGE(.BOTH.,#14761);
#14761 = SURFACE_SIDE_STYLE('',(#14762));
#14762 = SURFACE_STYLE_FILL_AREA(#14763);
#14763 = FILL_AREA_STYLE('',(#14764));
#14764 = FILL_AREA_STYLE_COLOUR('',#13088);
#14765 = STYLED_ITEM('color',(#14766),#9533);
#14766 = PRESENTATION_STYLE_ASSIGNMENT((#14767));
#14767 = SURFACE_STYLE_USAGE(.BOTH.,#14768);
#14768 = SURFACE_SIDE_STYLE('',(#14769));
#14769 = SURFACE_STYLE_FILL_AREA(#14770);
#14770 = FILL_AREA_STYLE('',(#14771));
#14771 = FILL_AREA_STYLE_COLOUR('',#13088);
#14772 = STYLED_ITEM('color',(#14773),#9557);
#14773 = PRESENTATION_STYLE_ASSIGNMENT((#14774));
#14774 = SURFACE_STYLE_USAGE(.BOTH.,#14775);
#14775 = SURFACE_SIDE_STYLE('',(#14776));
#14776 = SURFACE_STYLE_FILL_AREA(#14777);
#14777 = FILL_AREA_STYLE('',(#14778));
#14778 = FILL_AREA_STYLE_COLOUR('',#13088);
#14779 = STYLED_ITEM('color',(#14780),#9581);
#14780 = PRESENTATION_STYLE_ASSIGNMENT((#14781));
#14781 = SURFACE_STYLE_USAGE(.BOTH.,#14782);
#14782 = SURFACE_SIDE_STYLE('',(#14783));
#14783 = SURFACE_STYLE_FILL_AREA(#14784);
#14784 = FILL_AREA_STYLE('',(#14785));
#14785 = FILL_AREA_STYLE_COLOUR('',#13088);
#14786 = STYLED_ITEM('color',(#14787),#9598);
#14787 = PRESENTATION_STYLE_ASSIGNMENT((#14788));
#14788 = SURFACE_STYLE_USAGE(.BOTH.,#14789);
#14789 = SURFACE_SIDE_STYLE('',(#14790));
#14790 = SURFACE_STYLE_FILL_AREA(#14791);
#14791 = FILL_AREA_STYLE('',(#14792));
#14792 = FILL_AREA_STYLE_COLOUR('',#13088);
#14793 = STYLED_ITEM('color',(#14794),#9629);
#14794 = PRESENTATION_STYLE_ASSIGNMENT((#14795));
#14795 = SURFACE_STYLE_USAGE(.BOTH.,#14796);
#14796 = SURFACE_SIDE_STYLE('',(#14797));
#14797 = SURFACE_STYLE_FILL_AREA(#14798);
#14798 = FILL_AREA_STYLE('',(#14799));
#14799 = FILL_AREA_STYLE_COLOUR('',#13088);
#14800 = STYLED_ITEM('color',(#14801),#9653);
#14801 = PRESENTATION_STYLE_ASSIGNMENT((#14802));
#14802 = SURFACE_STYLE_USAGE(.BOTH.,#14803);
#14803 = SURFACE_SIDE_STYLE('',(#14804));
#14804 = SURFACE_STYLE_FILL_AREA(#14805);
#14805 = FILL_AREA_STYLE('',(#14806));
#14806 = FILL_AREA_STYLE_COLOUR('',#13088);
#14807 = STYLED_ITEM('color',(#14808),#9677);
#14808 = PRESENTATION_STYLE_ASSIGNMENT((#14809));
#14809 = SURFACE_STYLE_USAGE(.BOTH.,#14810);
#14810 = SURFACE_SIDE_STYLE('',(#14811));
#14811 = SURFACE_STYLE_FILL_AREA(#14812);
#14812 = FILL_AREA_STYLE('',(#14813));
#14813 = FILL_AREA_STYLE_COLOUR('',#13088);
#14814 = STYLED_ITEM('color',(#14815),#9694);
#14815 = PRESENTATION_STYLE_ASSIGNMENT((#14816));
#14816 = SURFACE_STYLE_USAGE(.BOTH.,#14817);
#14817 = SURFACE_SIDE_STYLE('',(#14818));
#14818 = SURFACE_STYLE_FILL_AREA(#14819);
#14819 = FILL_AREA_STYLE('',(#14820));
#14820 = FILL_AREA_STYLE_COLOUR('',#13088);
#14821 = STYLED_ITEM('color',(#14822),#9725);
#14822 = PRESENTATION_STYLE_ASSIGNMENT((#14823));
#14823 = SURFACE_STYLE_USAGE(.BOTH.,#14824);
#14824 = SURFACE_SIDE_STYLE('',(#14825));
#14825 = SURFACE_STYLE_FILL_AREA(#14826);
#14826 = FILL_AREA_STYLE('',(#14827));
#14827 = FILL_AREA_STYLE_COLOUR('',#13088);
#14828 = STYLED_ITEM('color',(#14829),#9749);
#14829 = PRESENTATION_STYLE_ASSIGNMENT((#14830));
#14830 = SURFACE_STYLE_USAGE(.BOTH.,#14831);
#14831 = SURFACE_SIDE_STYLE('',(#14832));
#14832 = SURFACE_STYLE_FILL_AREA(#14833);
#14833 = FILL_AREA_STYLE('',(#14834));
#14834 = FILL_AREA_STYLE_COLOUR('',#13088);
#14835 = STYLED_ITEM('color',(#14836),#9773);
#14836 = PRESENTATION_STYLE_ASSIGNMENT((#14837));
#14837 = SURFACE_STYLE_USAGE(.BOTH.,#14838);
#14838 = SURFACE_SIDE_STYLE('',(#14839));
#14839 = SURFACE_STYLE_FILL_AREA(#14840);
#14840 = FILL_AREA_STYLE('',(#14841));
#14841 = FILL_AREA_STYLE_COLOUR('',#13088);
#14842 = STYLED_ITEM('color',(#14843),#9790);
#14843 = PRESENTATION_STYLE_ASSIGNMENT((#14844));
#14844 = SURFACE_STYLE_USAGE(.BOTH.,#14845);
#14845 = SURFACE_SIDE_STYLE('',(#14846));
#14846 = SURFACE_STYLE_FILL_AREA(#14847);
#14847 = FILL_AREA_STYLE('',(#14848));
#14848 = FILL_AREA_STYLE_COLOUR('',#13088);
#14849 = STYLED_ITEM('color',(#14850),#9821);
#14850 = PRESENTATION_STYLE_ASSIGNMENT((#14851));
#14851 = SURFACE_STYLE_USAGE(.BOTH.,#14852);
#14852 = SURFACE_SIDE_STYLE('',(#14853));
#14853 = SURFACE_STYLE_FILL_AREA(#14854);
#14854 = FILL_AREA_STYLE('',(#14855));
#14855 = FILL_AREA_STYLE_COLOUR('',#13088);
#14856 = STYLED_ITEM('color',(#14857),#9845);
#14857 = PRESENTATION_STYLE_ASSIGNMENT((#14858));
#14858 = SURFACE_STYLE_USAGE(.BOTH.,#14859);
#14859 = SURFACE_SIDE_STYLE('',(#14860));
#14860 = SURFACE_STYLE_FILL_AREA(#14861);
#14861 = FILL_AREA_STYLE('',(#14862));
#14862 = FILL_AREA_STYLE_COLOUR('',#13088);
#14863 = STYLED_ITEM('color',(#14864),#9869);
#14864 = PRESENTATION_STYLE_ASSIGNMENT((#14865));
#14865 = SURFACE_STYLE_USAGE(.BOTH.,#14866);
#14866 = SURFACE_SIDE_STYLE('',(#14867));
#14867 = SURFACE_STYLE_FILL_AREA(#14868);
#14868 = FILL_AREA_STYLE('',(#14869));
#14869 = FILL_AREA_STYLE_COLOUR('',#13088);
#14870 = STYLED_ITEM('color',(#14871),#9886);
#14871 = PRESENTATION_STYLE_ASSIGNMENT((#14872));
#14872 = SURFACE_STYLE_USAGE(.BOTH.,#14873);
#14873 = SURFACE_SIDE_STYLE('',(#14874));
#14874 = SURFACE_STYLE_FILL_AREA(#14875);
#14875 = FILL_AREA_STYLE('',(#14876));
#14876 = FILL_AREA_STYLE_COLOUR('',#13088);
#14877 = STYLED_ITEM('color',(#14878),#9917);
#14878 = PRESENTATION_STYLE_ASSIGNMENT((#14879));
#14879 = SURFACE_STYLE_USAGE(.BOTH.,#14880);
#14880 = SURFACE_SIDE_STYLE('',(#14881));
#14881 = SURFACE_STYLE_FILL_AREA(#14882);
#14882 = FILL_AREA_STYLE('',(#14883));
#14883 = FILL_AREA_STYLE_COLOUR('',#13088);
#14884 = STYLED_ITEM('color',(#14885),#9941);
#14885 = PRESENTATION_STYLE_ASSIGNMENT((#14886));
#14886 = SURFACE_STYLE_USAGE(.BOTH.,#14887);
#14887 = SURFACE_SIDE_STYLE('',(#14888));
#14888 = SURFACE_STYLE_FILL_AREA(#14889);
#14889 = FILL_AREA_STYLE('',(#14890));
#14890 = FILL_AREA_STYLE_COLOUR('',#13088);
#14891 = STYLED_ITEM('color',(#14892),#9965);
#14892 = PRESENTATION_STYLE_ASSIGNMENT((#14893));
#14893 = SURFACE_STYLE_USAGE(.BOTH.,#14894);
#14894 = SURFACE_SIDE_STYLE('',(#14895));
#14895 = SURFACE_STYLE_FILL_AREA(#14896);
#14896 = FILL_AREA_STYLE('',(#14897));
#14897 = FILL_AREA_STYLE_COLOUR('',#13088);
#14898 = STYLED_ITEM('color',(#14899),#9982);
#14899 = PRESENTATION_STYLE_ASSIGNMENT((#14900));
#14900 = SURFACE_STYLE_USAGE(.BOTH.,#14901);
#14901 = SURFACE_SIDE_STYLE('',(#14902));
#14902 = SURFACE_STYLE_FILL_AREA(#14903);
#14903 = FILL_AREA_STYLE('',(#14904));
#14904 = FILL_AREA_STYLE_COLOUR('',#13088);
#14905 = STYLED_ITEM('color',(#14906),#10013);
#14906 = PRESENTATION_STYLE_ASSIGNMENT((#14907));
#14907 = SURFACE_STYLE_USAGE(.BOTH.,#14908);
#14908 = SURFACE_SIDE_STYLE('',(#14909));
#14909 = SURFACE_STYLE_FILL_AREA(#14910);
#14910 = FILL_AREA_STYLE('',(#14911));
#14911 = FILL_AREA_STYLE_COLOUR('',#13088);
#14912 = STYLED_ITEM('color',(#14913),#10037);
#14913 = PRESENTATION_STYLE_ASSIGNMENT((#14914));
#14914 = SURFACE_STYLE_USAGE(.BOTH.,#14915);
#14915 = SURFACE_SIDE_STYLE('',(#14916));
#14916 = SURFACE_STYLE_FILL_AREA(#14917);
#14917 = FILL_AREA_STYLE('',(#14918));
#14918 = FILL_AREA_STYLE_COLOUR('',#13088);
#14919 = STYLED_ITEM('color',(#14920),#10061);
#14920 = PRESENTATION_STYLE_ASSIGNMENT((#14921));
#14921 = SURFACE_STYLE_USAGE(.BOTH.,#14922);
#14922 = SURFACE_SIDE_STYLE('',(#14923));
#14923 = SURFACE_STYLE_FILL_AREA(#14924);
#14924 = FILL_AREA_STYLE('',(#14925));
#14925 = FILL_AREA_STYLE_COLOUR('',#13088);
#14926 = STYLED_ITEM('color',(#14927),#10078);
#14927 = PRESENTATION_STYLE_ASSIGNMENT((#14928));
#14928 = SURFACE_STYLE_USAGE(.BOTH.,#14929);
#14929 = SURFACE_SIDE_STYLE('',(#14930));
#14930 = SURFACE_STYLE_FILL_AREA(#14931);
#14931 = FILL_AREA_STYLE('',(#14932));
#14932 = FILL_AREA_STYLE_COLOUR('',#13088);
#14933 = STYLED_ITEM('color',(#14934),#10109);
#14934 = PRESENTATION_STYLE_ASSIGNMENT((#14935));
#14935 = SURFACE_STYLE_USAGE(.BOTH.,#14936);
#14936 = SURFACE_SIDE_STYLE('',(#14937));
#14937 = SURFACE_STYLE_FILL_AREA(#14938);
#14938 = FILL_AREA_STYLE('',(#14939));
#14939 = FILL_AREA_STYLE_COLOUR('',#13088);
#14940 = STYLED_ITEM('color',(#14941),#10133);
#14941 = PRESENTATION_STYLE_ASSIGNMENT((#14942));
#14942 = SURFACE_STYLE_USAGE(.BOTH.,#14943);
#14943 = SURFACE_SIDE_STYLE('',(#14944));
#14944 = SURFACE_STYLE_FILL_AREA(#14945);
#14945 = FILL_AREA_STYLE('',(#14946));
#14946 = FILL_AREA_STYLE_COLOUR('',#13088);
#14947 = STYLED_ITEM('color',(#14948),#10157);
#14948 = PRESENTATION_STYLE_ASSIGNMENT((#14949));
#14949 = SURFACE_STYLE_USAGE(.BOTH.,#14950);
#14950 = SURFACE_SIDE_STYLE('',(#14951));
#14951 = SURFACE_STYLE_FILL_AREA(#14952);
#14952 = FILL_AREA_STYLE('',(#14953));
#14953 = FILL_AREA_STYLE_COLOUR('',#13088);
#14954 = STYLED_ITEM('color',(#14955),#10174);
#14955 = PRESENTATION_STYLE_ASSIGNMENT((#14956));
#14956 = SURFACE_STYLE_USAGE(.BOTH.,#14957);
#14957 = SURFACE_SIDE_STYLE('',(#14958));
#14958 = SURFACE_STYLE_FILL_AREA(#14959);
#14959 = FILL_AREA_STYLE('',(#14960));
#14960 = FILL_AREA_STYLE_COLOUR('',#13088);
#14961 = STYLED_ITEM('color',(#14962),#10205);
#14962 = PRESENTATION_STYLE_ASSIGNMENT((#14963));
#14963 = SURFACE_STYLE_USAGE(.BOTH.,#14964);
#14964 = SURFACE_SIDE_STYLE('',(#14965));
#14965 = SURFACE_STYLE_FILL_AREA(#14966);
#14966 = FILL_AREA_STYLE('',(#14967));
#14967 = FILL_AREA_STYLE_COLOUR('',#13088);
#14968 = STYLED_ITEM('color',(#14969),#10229);
#14969 = PRESENTATION_STYLE_ASSIGNMENT((#14970));
#14970 = SURFACE_STYLE_USAGE(.BOTH.,#14971);
#14971 = SURFACE_SIDE_STYLE('',(#14972));
#14972 = SURFACE_STYLE_FILL_AREA(#14973);
#14973 = FILL_AREA_STYLE('',(#14974));
#14974 = FILL_AREA_STYLE_COLOUR('',#13088);
#14975 = STYLED_ITEM('color',(#14976),#10253);
#14976 = PRESENTATION_STYLE_ASSIGNMENT((#14977));
#14977 = SURFACE_STYLE_USAGE(.BOTH.,#14978);
#14978 = SURFACE_SIDE_STYLE('',(#14979));
#14979 = SURFACE_STYLE_FILL_AREA(#14980);
#14980 = FILL_AREA_STYLE('',(#14981));
#14981 = FILL_AREA_STYLE_COLOUR('',#13088);
#14982 = STYLED_ITEM('color',(#14983),#10270);
#14983 = PRESENTATION_STYLE_ASSIGNMENT((#14984));
#14984 = SURFACE_STYLE_USAGE(.BOTH.,#14985);
#14985 = SURFACE_SIDE_STYLE('',(#14986));
#14986 = SURFACE_STYLE_FILL_AREA(#14987);
#14987 = FILL_AREA_STYLE('',(#14988));
#14988 = FILL_AREA_STYLE_COLOUR('',#13088);
#14989 = STYLED_ITEM('color',(#14990),#10301);
#14990 = PRESENTATION_STYLE_ASSIGNMENT((#14991));
#14991 = SURFACE_STYLE_USAGE(.BOTH.,#14992);
#14992 = SURFACE_SIDE_STYLE('',(#14993));
#14993 = SURFACE_STYLE_FILL_AREA(#14994);
#14994 = FILL_AREA_STYLE('',(#14995));
#14995 = FILL_AREA_STYLE_COLOUR('',#13088);
#14996 = STYLED_ITEM('color',(#14997),#10325);
#14997 = PRESENTATION_STYLE_ASSIGNMENT((#14998));
#14998 = SURFACE_STYLE_USAGE(.BOTH.,#14999);
#14999 = SURFACE_SIDE_STYLE('',(#15000));
#15000 = SURFACE_STYLE_FILL_AREA(#15001);
#15001 = FILL_AREA_STYLE('',(#15002));
#15002 = FILL_AREA_STYLE_COLOUR('',#13088);
#15003 = STYLED_ITEM('color',(#15004),#10349);
#15004 = PRESENTATION_STYLE_ASSIGNMENT((#15005));
#15005 = SURFACE_STYLE_USAGE(.BOTH.,#15006);
#15006 = SURFACE_SIDE_STYLE('',(#15007));
#15007 = SURFACE_STYLE_FILL_AREA(#15008);
#15008 = FILL_AREA_STYLE('',(#15009));
#15009 = FILL_AREA_STYLE_COLOUR('',#13088);
#15010 = STYLED_ITEM('color',(#15011),#10366);
#15011 = PRESENTATION_STYLE_ASSIGNMENT((#15012));
#15012 = SURFACE_STYLE_USAGE(.BOTH.,#15013);
#15013 = SURFACE_SIDE_STYLE('',(#15014));
#15014 = SURFACE_STYLE_FILL_AREA(#15015);
#15015 = FILL_AREA_STYLE('',(#15016));
#15016 = FILL_AREA_STYLE_COLOUR('',#13088);
#15017 = STYLED_ITEM('color',(#15018),#10397);
#15018 = PRESENTATION_STYLE_ASSIGNMENT((#15019));
#15019 = SURFACE_STYLE_USAGE(.BOTH.,#15020);
#15020 = SURFACE_SIDE_STYLE('',(#15021));
#15021 = SURFACE_STYLE_FILL_AREA(#15022);
#15022 = FILL_AREA_STYLE('',(#15023));
#15023 = FILL_AREA_STYLE_COLOUR('',#13088);
#15024 = STYLED_ITEM('color',(#15025),#10421);
#15025 = PRESENTATION_STYLE_ASSIGNMENT((#15026));
#15026 = SURFACE_STYLE_USAGE(.BOTH.,#15027);
#15027 = SURFACE_SIDE_STYLE('',(#15028));
#15028 = SURFACE_STYLE_FILL_AREA(#15029);
#15029 = FILL_AREA_STYLE('',(#15030));
#15030 = FILL_AREA_STYLE_COLOUR('',#13088);
#15031 = STYLED_ITEM('color',(#15032),#10445);
#15032 = PRESENTATION_STYLE_ASSIGNMENT((#15033));
#15033 = SURFACE_STYLE_USAGE(.BOTH.,#15034);
#15034 = SURFACE_SIDE_STYLE('',(#15035));
#15035 = SURFACE_STYLE_FILL_AREA(#15036);
#15036 = FILL_AREA_STYLE('',(#15037));
#15037 = FILL_AREA_STYLE_COLOUR('',#13088);
#15038 = STYLED_ITEM('color',(#15039),#10462);
#15039 = PRESENTATION_STYLE_ASSIGNMENT((#15040));
#15040 = SURFACE_STYLE_USAGE(.BOTH.,#15041);
#15041 = SURFACE_SIDE_STYLE('',(#15042));
#15042 = SURFACE_STYLE_FILL_AREA(#15043);
#15043 = FILL_AREA_STYLE('',(#15044));
#15044 = FILL_AREA_STYLE_COLOUR('',#13088);
#15045 = STYLED_ITEM('color',(#15046),#10493);
#15046 = PRESENTATION_STYLE_ASSIGNMENT((#15047));
#15047 = SURFACE_STYLE_USAGE(.BOTH.,#15048);
#15048 = SURFACE_SIDE_STYLE('',(#15049));
#15049 = SURFACE_STYLE_FILL_AREA(#15050);
#15050 = FILL_AREA_STYLE('',(#15051));
#15051 = FILL_AREA_STYLE_COLOUR('',#13088);
#15052 = STYLED_ITEM('color',(#15053),#10517);
#15053 = PRESENTATION_STYLE_ASSIGNMENT((#15054));
#15054 = SURFACE_STYLE_USAGE(.BOTH.,#15055);
#15055 = SURFACE_SIDE_STYLE('',(#15056));
#15056 = SURFACE_STYLE_FILL_AREA(#15057);
#15057 = FILL_AREA_STYLE('',(#15058));
#15058 = FILL_AREA_STYLE_COLOUR('',#13088);
#15059 = STYLED_ITEM('color',(#15060),#10541);
#15060 = PRESENTATION_STYLE_ASSIGNMENT((#15061));
#15061 = SURFACE_STYLE_USAGE(.BOTH.,#15062);
#15062 = SURFACE_SIDE_STYLE('',(#15063));
#15063 = SURFACE_STYLE_FILL_AREA(#15064);
#15064 = FILL_AREA_STYLE('',(#15065));
#15065 = FILL_AREA_STYLE_COLOUR('',#13088);
#15066 = STYLED_ITEM('color',(#15067),#10558);
#15067 = PRESENTATION_STYLE_ASSIGNMENT((#15068));
#15068 = SURFACE_STYLE_USAGE(.BOTH.,#15069);
#15069 = SURFACE_SIDE_STYLE('',(#15070));
#15070 = SURFACE_STYLE_FILL_AREA(#15071);
#15071 = FILL_AREA_STYLE('',(#15072));
#15072 = FILL_AREA_STYLE_COLOUR('',#13088);
#15073 = STYLED_ITEM('color',(#15074),#10589);
#15074 = PRESENTATION_STYLE_ASSIGNMENT((#15075));
#15075 = SURFACE_STYLE_USAGE(.BOTH.,#15076);
#15076 = SURFACE_SIDE_STYLE('',(#15077));
#15077 = SURFACE_STYLE_FILL_AREA(#15078);
#15078 = FILL_AREA_STYLE('',(#15079));
#15079 = FILL_AREA_STYLE_COLOUR('',#13088);
#15080 = STYLED_ITEM('color',(#15081),#10613);
#15081 = PRESENTATION_STYLE_ASSIGNMENT((#15082));
#15082 = SURFACE_STYLE_USAGE(.BOTH.,#15083);
#15083 = SURFACE_SIDE_STYLE('',(#15084));
#15084 = SURFACE_STYLE_FILL_AREA(#15085);
#15085 = FILL_AREA_STYLE('',(#15086));
#15086 = FILL_AREA_STYLE_COLOUR('',#13088);
#15087 = STYLED_ITEM('color',(#15088),#10637);
#15088 = PRESENTATION_STYLE_ASSIGNMENT((#15089));
#15089 = SURFACE_STYLE_USAGE(.BOTH.,#15090);
#15090 = SURFACE_SIDE_STYLE('',(#15091));
#15091 = SURFACE_STYLE_FILL_AREA(#15092);
#15092 = FILL_AREA_STYLE('',(#15093));
#15093 = FILL_AREA_STYLE_COLOUR('',#13088);
#15094 = STYLED_ITEM('color',(#15095),#10654);
#15095 = PRESENTATION_STYLE_ASSIGNMENT((#15096));
#15096 = SURFACE_STYLE_USAGE(.BOTH.,#15097);
#15097 = SURFACE_SIDE_STYLE('',(#15098));
#15098 = SURFACE_STYLE_FILL_AREA(#15099);
#15099 = FILL_AREA_STYLE('',(#15100));
#15100 = FILL_AREA_STYLE_COLOUR('',#13088);
#15101 = STYLED_ITEM('color',(#15102),#10666);
#15102 = PRESENTATION_STYLE_ASSIGNMENT((#15103));
#15103 = SURFACE_STYLE_USAGE(.BOTH.,#15104);
#15104 = SURFACE_SIDE_STYLE('',(#15105));
#15105 = SURFACE_STYLE_FILL_AREA(#15106);
#15106 = FILL_AREA_STYLE('',(#15107));
#15107 = FILL_AREA_STYLE_COLOUR('',#13088);
#15108 = STYLED_ITEM('color',(#15109),#10678);
#15109 = PRESENTATION_STYLE_ASSIGNMENT((#15110));
#15110 = SURFACE_STYLE_USAGE(.BOTH.,#15111);
#15111 = SURFACE_SIDE_STYLE('',(#15112));
#15112 = SURFACE_STYLE_FILL_AREA(#15113);
#15113 = FILL_AREA_STYLE('',(#15114));
#15114 = FILL_AREA_STYLE_COLOUR('',#13088);
#15115 = STYLED_ITEM('color',(#15116),#10690);
#15116 = PRESENTATION_STYLE_ASSIGNMENT((#15117));
#15117 = SURFACE_STYLE_USAGE(.BOTH.,#15118);
#15118 = SURFACE_SIDE_STYLE('',(#15119));
#15119 = SURFACE_STYLE_FILL_AREA(#15120);
#15120 = FILL_AREA_STYLE('',(#15121));
#15121 = FILL_AREA_STYLE_COLOUR('',#13088);
#15122 = STYLED_ITEM('color',(#15123),#10702);
#15123 = PRESENTATION_STYLE_ASSIGNMENT((#15124));
#15124 = SURFACE_STYLE_USAGE(.BOTH.,#15125);
#15125 = SURFACE_SIDE_STYLE('',(#15126));
#15126 = SURFACE_STYLE_FILL_AREA(#15127);
#15127 = FILL_AREA_STYLE('',(#15128));
#15128 = FILL_AREA_STYLE_COLOUR('',#13088);
#15129 = STYLED_ITEM('color',(#15130),#10714);
#15130 = PRESENTATION_STYLE_ASSIGNMENT((#15131));
#15131 = SURFACE_STYLE_USAGE(.BOTH.,#15132);
#15132 = SURFACE_SIDE_STYLE('',(#15133));
#15133 = SURFACE_STYLE_FILL_AREA(#15134);
#15134 = FILL_AREA_STYLE('',(#15135));
#15135 = FILL_AREA_STYLE_COLOUR('',#13088);
#15136 = STYLED_ITEM('color',(#15137),#10726);
#15137 = PRESENTATION_STYLE_ASSIGNMENT((#15138));
#15138 = SURFACE_STYLE_USAGE(.BOTH.,#15139);
#15139 = SURFACE_SIDE_STYLE('',(#15140));
#15140 = SURFACE_STYLE_FILL_AREA(#15141);
#15141 = FILL_AREA_STYLE('',(#15142));
#15142 = FILL_AREA_STYLE_COLOUR('',#13088);
#15143 = STYLED_ITEM('color',(#15144),#10738);
#15144 = PRESENTATION_STYLE_ASSIGNMENT((#15145));
#15145 = SURFACE_STYLE_USAGE(.BOTH.,#15146);
#15146 = SURFACE_SIDE_STYLE('',(#15147));
#15147 = SURFACE_STYLE_FILL_AREA(#15148);
#15148 = FILL_AREA_STYLE('',(#15149));
#15149 = FILL_AREA_STYLE_COLOUR('',#13088);
#15150 = MECHANICAL_DESIGN_GEOMETRIC_PRESENTATION_REPRESENTATION('',(
    #15151),#12830);
#15151 = STYLED_ITEM('color',(#15152),#10769);
#15152 = PRESENTATION_STYLE_ASSIGNMENT((#15153));
#15153 = SURFACE_STYLE_USAGE(.BOTH.,#15154);
#15154 = SURFACE_SIDE_STYLE('',(#15155));
#15155 = SURFACE_STYLE_FILL_AREA(#15156);
#15156 = FILL_AREA_STYLE('',(#15157));
#15157 = FILL_AREA_STYLE_COLOUR('',#15158);
#15158 = COLOUR_RGB('',0.313304153717,0.484529207832,0.410020903123);
#15159 = MECHANICAL_DESIGN_GEOMETRIC_PRESENTATION_REPRESENTATION('',(
    #15160,#15168,#15175,#15182,#15189,#15196,#15203,#15210,#15217,
    #15224,#15231,#15238,#15245,#15252,#15259,#15266,#15273,#15280,
    #15287,#15294,#15301,#15308,#15315,#15322,#15329,#15336),#799);
#15160 = STYLED_ITEM('color',(#15161),#75);
#15161 = PRESENTATION_STYLE_ASSIGNMENT((#15162));
#15162 = SURFACE_STYLE_USAGE(.BOTH.,#15163);
#15163 = SURFACE_SIDE_STYLE('',(#15164));
#15164 = SURFACE_STYLE_FILL_AREA(#15165);
#15165 = FILL_AREA_STYLE('',(#15166));
#15166 = FILL_AREA_STYLE_COLOUR('',#15167);
#15167 = COLOUR_RGB('',0.894999966383,0.890999961016,0.813000030345);
#15168 = STYLED_ITEM('color',(#15169),#102);
#15169 = PRESENTATION_STYLE_ASSIGNMENT((#15170));
#15170 = SURFACE_STYLE_USAGE(.BOTH.,#15171);
#15171 = SURFACE_SIDE_STYLE('',(#15172));
#15172 = SURFACE_STYLE_FILL_AREA(#15173);
#15173 = FILL_AREA_STYLE('',(#15174));
#15174 = FILL_AREA_STYLE_COLOUR('',#15167);
#15175 = STYLED_ITEM('color',(#15176),#136);
#15176 = PRESENTATION_STYLE_ASSIGNMENT((#15177));
#15177 = SURFACE_STYLE_USAGE(.BOTH.,#15178);
#15178 = SURFACE_SIDE_STYLE('',(#15179));
#15179 = SURFACE_STYLE_FILL_AREA(#15180);
#15180 = FILL_AREA_STYLE('',(#15181));
#15181 = FILL_AREA_STYLE_COLOUR('',#15167);
#15182 = STYLED_ITEM('color',(#15183),#171);
#15183 = PRESENTATION_STYLE_ASSIGNMENT((#15184));
#15184 = SURFACE_STYLE_USAGE(.BOTH.,#15185);
#15185 = SURFACE_SIDE_STYLE('',(#15186));
#15186 = SURFACE_STYLE_FILL_AREA(#15187);
#15187 = FILL_AREA_STYLE('',(#15188));
#15188 = FILL_AREA_STYLE_COLOUR('',#15167);
#15189 = STYLED_ITEM('color',(#15190),#203);
#15190 = PRESENTATION_STYLE_ASSIGNMENT((#15191));
#15191 = SURFACE_STYLE_USAGE(.BOTH.,#15192);
#15192 = SURFACE_SIDE_STYLE('',(#15193));
#15193 = SURFACE_STYLE_FILL_AREA(#15194);
#15194 = FILL_AREA_STYLE('',(#15195));
#15195 = FILL_AREA_STYLE_COLOUR('',#15167);
#15196 = STYLED_ITEM('color',(#15197),#221);
#15197 = PRESENTATION_STYLE_ASSIGNMENT((#15198));
#15198 = SURFACE_STYLE_USAGE(.BOTH.,#15199);
#15199 = SURFACE_SIDE_STYLE('',(#15200));
#15200 = SURFACE_STYLE_FILL_AREA(#15201);
#15201 = FILL_AREA_STYLE('',(#15202));
#15202 = FILL_AREA_STYLE_COLOUR('',#15167);
#15203 = STYLED_ITEM('color',(#15204),#367);
#15204 = PRESENTATION_STYLE_ASSIGNMENT((#15205));
#15205 = SURFACE_STYLE_USAGE(.BOTH.,#15206);
#15206 = SURFACE_SIDE_STYLE('',(#15207));
#15207 = SURFACE_STYLE_FILL_AREA(#15208);
#15208 = FILL_AREA_STYLE('',(#15209));
#15209 = FILL_AREA_STYLE_COLOUR('',#13734);
#15210 = STYLED_ITEM('color',(#15211),#398);
#15211 = PRESENTATION_STYLE_ASSIGNMENT((#15212));
#15212 = SURFACE_STYLE_USAGE(.BOTH.,#15213);
#15213 = SURFACE_SIDE_STYLE('',(#15214));
#15214 = SURFACE_STYLE_FILL_AREA(#15215);
#15215 = FILL_AREA_STYLE('',(#15216));
#15216 = FILL_AREA_STYLE_COLOUR('',#13734);
#15217 = STYLED_ITEM('color',(#15218),#422);
#15218 = PRESENTATION_STYLE_ASSIGNMENT((#15219));
#15219 = SURFACE_STYLE_USAGE(.BOTH.,#15220);
#15220 = SURFACE_SIDE_STYLE('',(#15221));
#15221 = SURFACE_STYLE_FILL_AREA(#15222);
#15222 = FILL_AREA_STYLE('',(#15223));
#15223 = FILL_AREA_STYLE_COLOUR('',#13734);
#15224 = STYLED_ITEM('color',(#15225),#446);
#15225 = PRESENTATION_STYLE_ASSIGNMENT((#15226));
#15226 = SURFACE_STYLE_USAGE(.BOTH.,#15227);
#15227 = SURFACE_SIDE_STYLE('',(#15228));
#15228 = SURFACE_STYLE_FILL_AREA(#15229);
#15229 = FILL_AREA_STYLE('',(#15230));
#15230 = FILL_AREA_STYLE_COLOUR('',#13734);
#15231 = STYLED_ITEM('color',(#15232),#463);
#15232 = PRESENTATION_STYLE_ASSIGNMENT((#15233));
#15233 = SURFACE_STYLE_USAGE(.BOTH.,#15234);
#15234 = SURFACE_SIDE_STYLE('',(#15235));
#15235 = SURFACE_STYLE_FILL_AREA(#15236);
#15236 = FILL_AREA_STYLE('',(#15237));
#15237 = FILL_AREA_STYLE_COLOUR('',#13734);
#15238 = STYLED_ITEM('color',(#15239),#494);
#15239 = PRESENTATION_STYLE_ASSIGNMENT((#15240));
#15240 = SURFACE_STYLE_USAGE(.BOTH.,#15241);
#15241 = SURFACE_SIDE_STYLE('',(#15242));
#15242 = SURFACE_STYLE_FILL_AREA(#15243);
#15243 = FILL_AREA_STYLE('',(#15244));
#15244 = FILL_AREA_STYLE_COLOUR('',#13734);
#15245 = STYLED_ITEM('color',(#15246),#518);
#15246 = PRESENTATION_STYLE_ASSIGNMENT((#15247));
#15247 = SURFACE_STYLE_USAGE(.BOTH.,#15248);
#15248 = SURFACE_SIDE_STYLE('',(#15249));
#15249 = SURFACE_STYLE_FILL_AREA(#15250);
#15250 = FILL_AREA_STYLE('',(#15251));
#15251 = FILL_AREA_STYLE_COLOUR('',#13734);
#15252 = STYLED_ITEM('color',(#15253),#542);
#15253 = PRESENTATION_STYLE_ASSIGNMENT((#15254));
#15254 = SURFACE_STYLE_USAGE(.BOTH.,#15255);
#15255 = SURFACE_SIDE_STYLE('',(#15256));
#15256 = SURFACE_STYLE_FILL_AREA(#15257);
#15257 = FILL_AREA_STYLE('',(#15258));
#15258 = FILL_AREA_STYLE_COLOUR('',#13734);
#15259 = STYLED_ITEM('color',(#15260),#559);
#15260 = PRESENTATION_STYLE_ASSIGNMENT((#15261));
#15261 = SURFACE_STYLE_USAGE(.BOTH.,#15262);
#15262 = SURFACE_SIDE_STYLE('',(#15263));
#15263 = SURFACE_STYLE_FILL_AREA(#15264);
#15264 = FILL_AREA_STYLE('',(#15265));
#15265 = FILL_AREA_STYLE_COLOUR('',#13734);
#15266 = STYLED_ITEM('color',(#15267),#590);
#15267 = PRESENTATION_STYLE_ASSIGNMENT((#15268));
#15268 = SURFACE_STYLE_USAGE(.BOTH.,#15269);
#15269 = SURFACE_SIDE_STYLE('',(#15270));
#15270 = SURFACE_STYLE_FILL_AREA(#15271);
#15271 = FILL_AREA_STYLE('',(#15272));
#15272 = FILL_AREA_STYLE_COLOUR('',#13734);
#15273 = STYLED_ITEM('color',(#15274),#614);
#15274 = PRESENTATION_STYLE_ASSIGNMENT((#15275));
#15275 = SURFACE_STYLE_USAGE(.BOTH.,#15276);
#15276 = SURFACE_SIDE_STYLE('',(#15277));
#15277 = SURFACE_STYLE_FILL_AREA(#15278);
#15278 = FILL_AREA_STYLE('',(#15279));
#15279 = FILL_AREA_STYLE_COLOUR('',#13734);
#15280 = STYLED_ITEM('color',(#15281),#638);
#15281 = PRESENTATION_STYLE_ASSIGNMENT((#15282));
#15282 = SURFACE_STYLE_USAGE(.BOTH.,#15283);
#15283 = SURFACE_SIDE_STYLE('',(#15284));
#15284 = SURFACE_STYLE_FILL_AREA(#15285);
#15285 = FILL_AREA_STYLE('',(#15286));
#15286 = FILL_AREA_STYLE_COLOUR('',#13734);
#15287 = STYLED_ITEM('color',(#15288),#655);
#15288 = PRESENTATION_STYLE_ASSIGNMENT((#15289));
#15289 = SURFACE_STYLE_USAGE(.BOTH.,#15290);
#15290 = SURFACE_SIDE_STYLE('',(#15291));
#15291 = SURFACE_STYLE_FILL_AREA(#15292);
#15292 = FILL_AREA_STYLE('',(#15293));
#15293 = FILL_AREA_STYLE_COLOUR('',#13734);
#15294 = STYLED_ITEM('color',(#15295),#686);
#15295 = PRESENTATION_STYLE_ASSIGNMENT((#15296));
#15296 = SURFACE_STYLE_USAGE(.BOTH.,#15297);
#15297 = SURFACE_SIDE_STYLE('',(#15298));
#15298 = SURFACE_STYLE_FILL_AREA(#15299);
#15299 = FILL_AREA_STYLE('',(#15300));
#15300 = FILL_AREA_STYLE_COLOUR('',#13734);
#15301 = STYLED_ITEM('color',(#15302),#710);
#15302 = PRESENTATION_STYLE_ASSIGNMENT((#15303));
#15303 = SURFACE_STYLE_USAGE(.BOTH.,#15304);
#15304 = SURFACE_SIDE_STYLE('',(#15305));
#15305 = SURFACE_STYLE_FILL_AREA(#15306);
#15306 = FILL_AREA_STYLE('',(#15307));
#15307 = FILL_AREA_STYLE_COLOUR('',#13734);
#15308 = STYLED_ITEM('color',(#15309),#734);
#15309 = PRESENTATION_STYLE_ASSIGNMENT((#15310));
#15310 = SURFACE_STYLE_USAGE(.BOTH.,#15311);
#15311 = SURFACE_SIDE_STYLE('',(#15312));
#15312 = SURFACE_STYLE_FILL_AREA(#15313);
#15313 = FILL_AREA_STYLE('',(#15314));
#15314 = FILL_AREA_STYLE_COLOUR('',#13734);
#15315 = STYLED_ITEM('color',(#15316),#751);
#15316 = PRESENTATION_STYLE_ASSIGNMENT((#15317));
#15317 = SURFACE_STYLE_USAGE(.BOTH.,#15318);
#15318 = SURFACE_SIDE_STYLE('',(#15319));
#15319 = SURFACE_STYLE_FILL_AREA(#15320);
#15320 = FILL_AREA_STYLE('',(#15321));
#15321 = FILL_AREA_STYLE_COLOUR('',#13734);
#15322 = STYLED_ITEM('color',(#15323),#763);
#15323 = PRESENTATION_STYLE_ASSIGNMENT((#15324));
#15324 = SURFACE_STYLE_USAGE(.BOTH.,#15325);
#15325 = SURFACE_SIDE_STYLE('',(#15326));
#15326 = SURFACE_STYLE_FILL_AREA(#15327);
#15327 = FILL_AREA_STYLE('',(#15328));
#15328 = FILL_AREA_STYLE_COLOUR('',#13734);
#15329 = STYLED_ITEM('color',(#15330),#775);
#15330 = PRESENTATION_STYLE_ASSIGNMENT((#15331));
#15331 = SURFACE_STYLE_USAGE(.BOTH.,#15332);
#15332 = SURFACE_SIDE_STYLE('',(#15333));
#15333 = SURFACE_STYLE_FILL_AREA(#15334);
#15334 = FILL_AREA_STYLE('',(#15335));
#15335 = FILL_AREA_STYLE_COLOUR('',#13734);
#15336 = STYLED_ITEM('color',(#15337),#787);
#15337 = PRESENTATION_STYLE_ASSIGNMENT((#15338));
#15338 = SURFACE_STYLE_USAGE(.BOTH.,#15339);
#15339 = SURFACE_SIDE_STYLE('',(#15340));
#15340 = SURFACE_STYLE_FILL_AREA(#15341);
#15341 = FILL_AREA_STYLE('',(#15342));
#15342 = FILL_AREA_STYLE_COLOUR('',#13734);
#15343 = MECHANICAL_DESIGN_GEOMETRIC_PRESENTATION_REPRESENTATION('',(
    #15344,#15352,#15359,#15366,#15373,#15380,#15387,#15394,#15401,
    #15408,#15415,#15422,#15429,#15436,#15443,#15450,#15457),#1210);
#15344 = STYLED_ITEM('color',(#15345),#825);
#15345 = PRESENTATION_STYLE_ASSIGNMENT((#15346));
#15346 = SURFACE_STYLE_USAGE(.BOTH.,#15347);
#15347 = SURFACE_SIDE_STYLE('',(#15348));
#15348 = SURFACE_STYLE_FILL_AREA(#15349);
#15349 = FILL_AREA_STYLE('',(#15350));
#15350 = FILL_AREA_STYLE_COLOUR('',#15351);
#15351 = COLOUR_RGB('',0.883000012551,0.711000022565,0.492000011028);
#15352 = STYLED_ITEM('color',(#15353),#858);
#15353 = PRESENTATION_STYLE_ASSIGNMENT((#15354));
#15354 = SURFACE_STYLE_USAGE(.BOTH.,#15355);
#15355 = SURFACE_SIDE_STYLE('',(#15356));
#15356 = SURFACE_STYLE_FILL_AREA(#15357);
#15357 = FILL_AREA_STYLE('',(#15358));
#15358 = FILL_AREA_STYLE_COLOUR('',#15351);
#15359 = STYLED_ITEM('color',(#15360),#884);
#15360 = PRESENTATION_STYLE_ASSIGNMENT((#15361));
#15361 = SURFACE_STYLE_USAGE(.BOTH.,#15362);
#15362 = SURFACE_SIDE_STYLE('',(#15363));
#15363 = SURFACE_STYLE_FILL_AREA(#15364);
#15364 = FILL_AREA_STYLE('',(#15365));
#15365 = FILL_AREA_STYLE_COLOUR('',#15351);
#15366 = STYLED_ITEM('color',(#15367),#904);
#15367 = PRESENTATION_STYLE_ASSIGNMENT((#15368));
#15368 = SURFACE_STYLE_USAGE(.BOTH.,#15369);
#15369 = SURFACE_SIDE_STYLE('',(#15370));
#15370 = SURFACE_STYLE_FILL_AREA(#15371);
#15371 = FILL_AREA_STYLE('',(#15372));
#15372 = FILL_AREA_STYLE_COLOUR('',#15351);
#15373 = STYLED_ITEM('color',(#15374),#924);
#15374 = PRESENTATION_STYLE_ASSIGNMENT((#15375));
#15375 = SURFACE_STYLE_USAGE(.BOTH.,#15376);
#15376 = SURFACE_SIDE_STYLE('',(#15377));
#15377 = SURFACE_STYLE_FILL_AREA(#15378);
#15378 = FILL_AREA_STYLE('',(#15379));
#15379 = FILL_AREA_STYLE_COLOUR('',#15351);
#15380 = STYLED_ITEM('color',(#15381),#949);
#15381 = PRESENTATION_STYLE_ASSIGNMENT((#15382));
#15382 = SURFACE_STYLE_USAGE(.BOTH.,#15383);
#15383 = SURFACE_SIDE_STYLE('',(#15384));
#15384 = SURFACE_STYLE_FILL_AREA(#15385);
#15385 = FILL_AREA_STYLE('',(#15386));
#15386 = FILL_AREA_STYLE_COLOUR('',#13734);
#15387 = STYLED_ITEM('color',(#15388),#974);
#15388 = PRESENTATION_STYLE_ASSIGNMENT((#15389));
#15389 = SURFACE_STYLE_USAGE(.BOTH.,#15390);
#15390 = SURFACE_SIDE_STYLE('',(#15391));
#15391 = SURFACE_STYLE_FILL_AREA(#15392);
#15392 = FILL_AREA_STYLE('',(#15393));
#15393 = FILL_AREA_STYLE_COLOUR('',#15351);
#15394 = STYLED_ITEM('color',(#15395),#994);
#15395 = PRESENTATION_STYLE_ASSIGNMENT((#15396));
#15396 = SURFACE_STYLE_USAGE(.BOTH.,#15397);
#15397 = SURFACE_SIDE_STYLE('',(#15398));
#15398 = SURFACE_STYLE_FILL_AREA(#15399);
#15399 = FILL_AREA_STYLE('',(#15400));
#15400 = FILL_AREA_STYLE_COLOUR('',#13734);
#15401 = STYLED_ITEM('color',(#15402),#1020);
#15402 = PRESENTATION_STYLE_ASSIGNMENT((#15403));
#15403 = SURFACE_STYLE_USAGE(.BOTH.,#15404);
#15404 = SURFACE_SIDE_STYLE('',(#15405));
#15405 = SURFACE_STYLE_FILL_AREA(#15406);
#15406 = FILL_AREA_STYLE('',(#15407));
#15407 = FILL_AREA_STYLE_COLOUR('',#15351);
#15408 = STYLED_ITEM('color',(#15409),#1045);
#15409 = PRESENTATION_STYLE_ASSIGNMENT((#15410));
#15410 = SURFACE_STYLE_USAGE(.BOTH.,#15411);
#15411 = SURFACE_SIDE_STYLE('',(#15412));
#15412 = SURFACE_STYLE_FILL_AREA(#15413);
#15413 = FILL_AREA_STYLE('',(#15414));
#15414 = FILL_AREA_STYLE_COLOUR('',#13734);
#15415 = STYLED_ITEM('color',(#15416),#1070);
#15416 = PRESENTATION_STYLE_ASSIGNMENT((#15417));
#15417 = SURFACE_STYLE_USAGE(.BOTH.,#15418);
#15418 = SURFACE_SIDE_STYLE('',(#15419));
#15419 = SURFACE_STYLE_FILL_AREA(#15420);
#15420 = FILL_AREA_STYLE('',(#15421));
#15421 = FILL_AREA_STYLE_COLOUR('',#15351);
#15422 = STYLED_ITEM('color',(#15423),#1096);
#15423 = PRESENTATION_STYLE_ASSIGNMENT((#15424));
#15424 = SURFACE_STYLE_USAGE(.BOTH.,#15425);
#15425 = SURFACE_SIDE_STYLE('',(#15426));
#15426 = SURFACE_STYLE_FILL_AREA(#15427);
#15427 = FILL_AREA_STYLE('',(#15428));
#15428 = FILL_AREA_STYLE_COLOUR('',#13734);
#15429 = STYLED_ITEM('color',(#15430),#1105);
#15430 = PRESENTATION_STYLE_ASSIGNMENT((#15431));
#15431 = SURFACE_STYLE_USAGE(.BOTH.,#15432);
#15432 = SURFACE_SIDE_STYLE('',(#15433));
#15433 = SURFACE_STYLE_FILL_AREA(#15434);
#15434 = FILL_AREA_STYLE('',(#15435));
#15435 = FILL_AREA_STYLE_COLOUR('',#15351);
#15436 = STYLED_ITEM('color',(#15437),#1125);
#15437 = PRESENTATION_STYLE_ASSIGNMENT((#15438));
#15438 = SURFACE_STYLE_USAGE(.BOTH.,#15439);
#15439 = SURFACE_SIDE_STYLE('',(#15440));
#15440 = SURFACE_STYLE_FILL_AREA(#15441);
#15441 = FILL_AREA_STYLE('',(#15442));
#15442 = FILL_AREA_STYLE_COLOUR('',#13734);
#15443 = STYLED_ITEM('color',(#15444),#1150);
#15444 = PRESENTATION_STYLE_ASSIGNMENT((#15445));
#15445 = SURFACE_STYLE_USAGE(.BOTH.,#15446);
#15446 = SURFACE_SIDE_STYLE('',(#15447));
#15447 = SURFACE_STYLE_FILL_AREA(#15448);
#15448 = FILL_AREA_STYLE('',(#15449));
#15449 = FILL_AREA_STYLE_COLOUR('',#13734);
#15450 = STYLED_ITEM('color',(#15451),#1176);
#15451 = PRESENTATION_STYLE_ASSIGNMENT((#15452));
#15452 = SURFACE_STYLE_USAGE(.BOTH.,#15453);
#15453 = SURFACE_SIDE_STYLE('',(#15454));
#15454 = SURFACE_STYLE_FILL_AREA(#15455);
#15455 = FILL_AREA_STYLE('',(#15456));
#15456 = FILL_AREA_STYLE_COLOUR('',#13734);
#15457 = STYLED_ITEM('color',(#15458),#1201);
#15458 = PRESENTATION_STYLE_ASSIGNMENT((#15459));
#15459 = SURFACE_STYLE_USAGE(.BOTH.,#15460);
#15460 = SURFACE_SIDE_STYLE('',(#15461));
#15461 = SURFACE_STYLE_FILL_AREA(#15462);
#15462 = FILL_AREA_STYLE('',(#15463));
#15463 = FILL_AREA_STYLE_COLOUR('',#13734);
ENDSEC;
END-ISO-10303-21;
