ISO-10303-21;
HEADER;
FILE_DESCRIPTION(('KiCad electronic assembly'),'2;1');
FILE_NAME('rgb_led_controller.step','2026-06-05T16:36:31',('Pcbnew'),(
    'Kicad'),'Open CASCADE STEP processor 7.8','KiCad to STEP converter'
  ,'Unknown');
FILE_SCHEMA(('AUTOMOTIVE_DESIGN { 1 0 10303 214 1 1 1 1 }'));
ENDSEC;
DATA;
#1 = APPLICATION_PROTOCOL_DEFINITION('international standard',
  'automotive_design',2000,#2);
#2 = APPLICATION_CONTEXT(
  'core data for automotive mechanical design processes');
#3 = SHAPE_DEFINITION_REPRESENTATION(#4,#10);
#4 = PRODUCT_DEFINITION_SHAPE('','',#5);
#5 = PRODUCT_DEFINITION('design','',#6,#9);
#6 = PRODUCT_DEFINITION_FORMATION('','',#7);
#7 = PRODUCT('rgb_led_controller 1','rgb_led_controller 1','',(#8));
#8 = PRODUCT_CONTEXT('',#2,'mechanical');
#9 = PRODUCT_DEFINITION_CONTEXT('part definition',#2,'design');
#10 = SHAPE_REPRESENTATION('',(#11,#15,#19,#23,#27,#31,#35,#39,#43,#47,
    #51,#55),#59);
#11 = AXIS2_PLACEMENT_3D('',#12,#13,#14);
#12 = CARTESIAN_POINT('',(0.,0.,0.));
#13 = DIRECTION('',(0.,0.,1.));
#14 = DIRECTION('',(1.,0.,-0.));
#15 = AXIS2_PLACEMENT_3D('',#16,#17,#18);
#16 = CARTESIAN_POINT('',(242.75,-117.25,1.595));
#17 = DIRECTION('',(0.,0.,1.));
#18 = DIRECTION('',(1.,0.,0.));
#19 = AXIS2_PLACEMENT_3D('',#20,#21,#22);
#20 = CARTESIAN_POINT('',(247.41,-100.49,1.595));
#21 = DIRECTION('',(0.,0.,1.));
#22 = DIRECTION('',(-1.,1.224646799147E-16,0.));
#23 = AXIS2_PLACEMENT_3D('',#24,#25,#26);
#24 = CARTESIAN_POINT('',(237.75,-123.31,1.595));
#25 = DIRECTION('',(0.,-0.,1.));
#26 = DIRECTION('',(1.110223024625E-16,1.,0.));
#27 = AXIS2_PLACEMENT_3D('',#28,#29,#30);
#28 = CARTESIAN_POINT('',(247.41,-105.49,1.595));
#29 = DIRECTION('',(0.,0.,1.));
#30 = DIRECTION('',(-1.,1.224646799147E-16,0.));
#31 = AXIS2_PLACEMENT_3D('',#32,#33,#34);
#32 = CARTESIAN_POINT('',(237.75,-135.,1.595));
#33 = DIRECTION('',(0.,-0.,1.));
#34 = DIRECTION('',(1.110223024625E-16,1.,0.));
#35 = AXIS2_PLACEMENT_3D('',#36,#37,#38);
#36 = CARTESIAN_POINT('',(247.41,-110.49,1.595));
#37 = DIRECTION('',(0.,0.,1.));
#38 = DIRECTION('',(-1.,1.224646799147E-16,0.));
#39 = AXIS2_PLACEMENT_3D('',#40,#41,#42);
#40 = CARTESIAN_POINT('',(242.75,-128.75,1.595));
#41 = DIRECTION('',(0.,0.,1.));
#42 = DIRECTION('',(1.,0.,0.));
#43 = AXIS2_PLACEMENT_3D('',#44,#45,#46);
#44 = CARTESIAN_POINT('',(230.5,-108.49,1.595));
#45 = DIRECTION('',(0.,-0.,1.));
#46 = DIRECTION('',(1.110223024625E-16,1.,0.));
#47 = AXIS2_PLACEMENT_3D('',#48,#49,#50);
#48 = CARTESIAN_POINT('',(189.75,-117.13,1.595));
#49 = DIRECTION('',(0.,0.,1.));
#50 = DIRECTION('',(1.,0.,0.));
#51 = AXIS2_PLACEMENT_3D('',#52,#53,#54);
#52 = CARTESIAN_POINT('',(214.75,-95.04,1.595));
#53 = DIRECTION('',(0.,0.,1.));
#54 = DIRECTION('',(-1.,1.224646799147E-16,0.));
#55 = AXIS2_PLACEMENT_3D('',#56,#57,#58);
#56 = CARTESIAN_POINT('',(0.,0.,0.));
#57 = DIRECTION('',(0.,0.,1.));
#58 = DIRECTION('',(1.,0.,-0.));
#59 = ( GEOMETRIC_REPRESENTATION_CONTEXT(3) 
GLOBAL_UNCERTAINTY_ASSIGNED_CONTEXT((#63)) GLOBAL_UNIT_ASSIGNED_CONTEXT(
(#60,#61,#62)) REPRESENTATION_CONTEXT('Context #1',
  '3D Context with UNIT and UNCERTAINTY') );
#60 = ( LENGTH_UNIT() NAMED_UNIT(*) SI_UNIT(.MILLI.,.METRE.) );
#61 = ( NAMED_UNIT(*) PLANE_ANGLE_UNIT() SI_UNIT($,.RADIAN.) );
#62 = ( NAMED_UNIT(*) SI_UNIT($,.STERADIAN.) SOLID_ANGLE_UNIT() );
#63 = UNCERTAINTY_MEASURE_WITH_UNIT(LENGTH_MEASURE(1.E-07),#60,
  'distance_accuracy_value','confusion accuracy');
#64 = PRODUCT_RELATED_PRODUCT_CATEGORY('part',$,(#7));
#65 = SHAPE_DEFINITION_REPRESENTATION(#66,#72);
#66 = PRODUCT_DEFINITION_SHAPE('','',#67);
#67 = PRODUCT_DEFINITION('design','',#68,#71);
#68 = PRODUCT_DEFINITION_FORMATION('','',#69);
#69 = PRODUCT('SW_PUSH_6mm','SW_PUSH_6mm','',(#70));
#70 = PRODUCT_CONTEXT('',#2,'mechanical');
#71 = PRODUCT_DEFINITION_CONTEXT('part definition',#2,'design');
#72 = ADVANCED_BREP_SHAPE_REPRESENTATION('',(#11,#73),#3302);
#73 = MANIFOLD_SOLID_BREP('',#74);
#74 = CLOSED_SHELL('',(#75,#92,#117,#240,#271,#296,#321,#345,#369,#394,
    #419,#436,#461,#486,#511,#536,#567,#592,#617,#705,#793,#818,#843,
    #860,#869,#895,#904,#913,#957,#1107,#1131,#1274,#1424,#1574,#1591,
    #1741,#1765,#1908,#2058,#2208,#2225,#2234,#2251,#2268,#2285,#2302,
    #2324,#2341,#2358,#2375,#2392,#2404,#2421,#2438,#2455,#2472,#2489,
    #2506,#2523,#2540,#2552,#2574,#2591,#2608,#2625,#2642,#2654,#2671,
    #2688,#2705,#2722,#2739,#2756,#2773,#2790,#2802,#2824,#2841,#2858,
    #2875,#2892,#2904,#2921,#2938,#2955,#2972,#2989,#3006,#3023,#3040,
    #3052,#3074,#3091,#3108,#3125,#3142,#3154,#3171,#3188,#3205,#3222,
    #3239,#3256,#3273,#3290));
#75 = ADVANCED_FACE('',(#76),#87,.F.);
#76 = FACE_BOUND('',#77,.T.);
#77 = EDGE_LOOP('',(#78));
#78 = ORIENTED_EDGE('',*,*,#79,.T.);
#79 = EDGE_CURVE('',#80,#80,#82,.T.);
#80 = VERTEX_POINT('',#81);
#81 = CARTESIAN_POINT('',(1.65,-4.25,4.1));
#82 = CIRCLE('',#83,0.5);
#83 = AXIS2_PLACEMENT_3D('',#84,#85,#86);
#84 = CARTESIAN_POINT('',(1.15,-4.25,4.1));
#85 = DIRECTION('',(0.,0.,1.));
#86 = DIRECTION('',(1.,0.,-0.));
#87 = PLANE('',#88);
#88 = AXIS2_PLACEMENT_3D('',#89,#90,#91);
#89 = CARTESIAN_POINT('',(1.65,-4.25,4.1));
#90 = DIRECTION('',(0.,0.,-1.));
#91 = DIRECTION('',(-1.,0.,0.));
#92 = ADVANCED_FACE('',(#93),#112,.T.);
#93 = FACE_BOUND('',#94,.T.);
#94 = EDGE_LOOP('',(#95,#103,#104,#105));
#95 = ORIENTED_EDGE('',*,*,#96,.T.);
#96 = EDGE_CURVE('',#97,#80,#99,.T.);
#97 = VERTEX_POINT('',#98);
#98 = CARTESIAN_POINT('',(1.65,-4.25,3.6));
#99 = LINE('',#100,#101);
#100 = CARTESIAN_POINT('',(1.65,-4.25,3.5));
#101 = VECTOR('',#102,1.);
#102 = DIRECTION('',(0.,0.,1.));
#103 = ORIENTED_EDGE('',*,*,#79,.F.);
#104 = ORIENTED_EDGE('',*,*,#96,.F.);
#105 = ORIENTED_EDGE('',*,*,#106,.F.);
#106 = EDGE_CURVE('',#97,#97,#107,.T.);
#107 = CIRCLE('',#108,0.5);
#108 = AXIS2_PLACEMENT_3D('',#109,#110,#111);
#109 = CARTESIAN_POINT('',(1.15,-4.25,3.6));
#110 = DIRECTION('',(0.,0.,-1.));
#111 = DIRECTION('',(1.,0.,0.));
#112 = CYLINDRICAL_SURFACE('',#113,0.5);
#113 = AXIS2_PLACEMENT_3D('',#114,#115,#116);
#114 = CARTESIAN_POINT('',(1.15,-4.25,3.5));
#115 = DIRECTION('',(-0.,-0.,-1.));
#116 = DIRECTION('',(1.,0.,0.));
#117 = ADVANCED_FACE('',(#118,#188,#199,#210,#221,#232),#235,.F.);
#118 = FACE_BOUND('',#119,.F.);
#119 = EDGE_LOOP('',(#120,#130,#139,#147,#156,#164,#173,#181));
#120 = ORIENTED_EDGE('',*,*,#121,.F.);
#121 = EDGE_CURVE('',#122,#124,#126,.T.);
#122 = VERTEX_POINT('',#123);
#123 = CARTESIAN_POINT('',(0.45,-5.25,3.6));
#124 = VERTEX_POINT('',#125);
#125 = CARTESIAN_POINT('',(5.85,-5.25,3.6));
#126 = LINE('',#127,#128);
#127 = CARTESIAN_POINT('',(0.15,-5.25,3.6));
#128 = VECTOR('',#129,1.);
#129 = DIRECTION('',(1.,0.,0.));
#130 = ORIENTED_EDGE('',*,*,#131,.T.);
#131 = EDGE_CURVE('',#122,#132,#134,.T.);
#132 = VERTEX_POINT('',#133);
#133 = CARTESIAN_POINT('',(0.15,-4.95,3.6));
#134 = CIRCLE('',#135,0.3);
#135 = AXIS2_PLACEMENT_3D('',#136,#137,#138);
#136 = CARTESIAN_POINT('',(0.45,-4.95,3.6));
#137 = DIRECTION('',(-0.,-0.,-1.));
#138 = DIRECTION('',(0.,-1.,0.));
#139 = ORIENTED_EDGE('',*,*,#140,.F.);
#140 = EDGE_CURVE('',#141,#132,#143,.T.);
#141 = VERTEX_POINT('',#142);
#142 = CARTESIAN_POINT('',(0.15,0.45,3.6));
#143 = LINE('',#144,#145);
#144 = CARTESIAN_POINT('',(0.15,0.75,3.6));
#145 = VECTOR('',#146,1.);
#146 = DIRECTION('',(0.,-1.,0.));
#147 = ORIENTED_EDGE('',*,*,#148,.F.);
#148 = EDGE_CURVE('',#149,#141,#151,.T.);
#149 = VERTEX_POINT('',#150);
#150 = CARTESIAN_POINT('',(0.45,0.75,3.6));
#151 = CIRCLE('',#152,0.3);
#152 = AXIS2_PLACEMENT_3D('',#153,#154,#155);
#153 = CARTESIAN_POINT('',(0.45,0.45,3.6));
#154 = DIRECTION('',(-0.,0.,1.));
#155 = DIRECTION('',(0.,-1.,0.));
#156 = ORIENTED_EDGE('',*,*,#157,.F.);
#157 = EDGE_CURVE('',#158,#149,#160,.T.);
#158 = VERTEX_POINT('',#159);
#159 = CARTESIAN_POINT('',(5.85,0.75,3.6));
#160 = LINE('',#161,#162);
#161 = CARTESIAN_POINT('',(6.15,0.75,3.6));
#162 = VECTOR('',#163,1.);
#163 = DIRECTION('',(-1.,0.,0.));
#164 = ORIENTED_EDGE('',*,*,#165,.F.);
#165 = EDGE_CURVE('',#166,#158,#168,.T.);
#166 = VERTEX_POINT('',#167);
#167 = CARTESIAN_POINT('',(6.15,0.45,3.6));
#168 = CIRCLE('',#169,0.3);
#169 = AXIS2_PLACEMENT_3D('',#170,#171,#172);
#170 = CARTESIAN_POINT('',(5.85,0.45,3.6));
#171 = DIRECTION('',(-0.,0.,1.));
#172 = DIRECTION('',(0.,-1.,0.));
#173 = ORIENTED_EDGE('',*,*,#174,.F.);
#174 = EDGE_CURVE('',#175,#166,#177,.T.);
#175 = VERTEX_POINT('',#176);
#176 = CARTESIAN_POINT('',(6.15,-4.95,3.6));
#177 = LINE('',#178,#179);
#178 = CARTESIAN_POINT('',(6.15,-5.25,3.6));
#179 = VECTOR('',#180,1.);
#180 = DIRECTION('',(0.,1.,0.));
#181 = ORIENTED_EDGE('',*,*,#182,.F.);
#182 = EDGE_CURVE('',#124,#175,#183,.T.);
#183 = CIRCLE('',#184,0.3);
#184 = AXIS2_PLACEMENT_3D('',#185,#186,#187);
#185 = CARTESIAN_POINT('',(5.85,-4.95,3.6));
#186 = DIRECTION('',(-0.,0.,1.));
#187 = DIRECTION('',(0.,-1.,0.));
#188 = FACE_BOUND('',#189,.F.);
#189 = EDGE_LOOP('',(#190));
#190 = ORIENTED_EDGE('',*,*,#191,.F.);
#191 = EDGE_CURVE('',#192,#192,#194,.T.);
#192 = VERTEX_POINT('',#193);
#193 = CARTESIAN_POINT('',(5.65,-4.25,3.6));
#194 = CIRCLE('',#195,0.5);
#195 = AXIS2_PLACEMENT_3D('',#196,#197,#198);
#196 = CARTESIAN_POINT('',(5.15,-4.25,3.6));
#197 = DIRECTION('',(0.,0.,-1.));
#198 = DIRECTION('',(1.,0.,0.));
#199 = FACE_BOUND('',#200,.F.);
#200 = EDGE_LOOP('',(#201));
#201 = ORIENTED_EDGE('',*,*,#202,.F.);
#202 = EDGE_CURVE('',#203,#203,#205,.T.);
#203 = VERTEX_POINT('',#204);
#204 = CARTESIAN_POINT('',(4.9,-2.25,3.6));
#205 = CIRCLE('',#206,1.75);
#206 = AXIS2_PLACEMENT_3D('',#207,#208,#209);
#207 = CARTESIAN_POINT('',(3.15,-2.25,3.6));
#208 = DIRECTION('',(0.,0.,-1.));
#209 = DIRECTION('',(1.,0.,0.));
#210 = FACE_BOUND('',#211,.F.);
#211 = EDGE_LOOP('',(#212));
#212 = ORIENTED_EDGE('',*,*,#213,.F.);
#213 = EDGE_CURVE('',#214,#214,#216,.T.);
#214 = VERTEX_POINT('',#215);
#215 = CARTESIAN_POINT('',(1.65,-0.25,3.6));
#216 = CIRCLE('',#217,0.5);
#217 = AXIS2_PLACEMENT_3D('',#218,#219,#220);
#218 = CARTESIAN_POINT('',(1.15,-0.25,3.6));
#219 = DIRECTION('',(0.,0.,-1.));
#220 = DIRECTION('',(1.,0.,0.));
#221 = FACE_BOUND('',#222,.F.);
#222 = EDGE_LOOP('',(#223));
#223 = ORIENTED_EDGE('',*,*,#224,.F.);
#224 = EDGE_CURVE('',#225,#225,#227,.T.);
#225 = VERTEX_POINT('',#226);
#226 = CARTESIAN_POINT('',(5.65,-0.25,3.6));
#227 = CIRCLE('',#228,0.5);
#228 = AXIS2_PLACEMENT_3D('',#229,#230,#231);
#229 = CARTESIAN_POINT('',(5.15,-0.25,3.6));
#230 = DIRECTION('',(0.,0.,-1.));
#231 = DIRECTION('',(1.,0.,0.));
#232 = FACE_BOUND('',#233,.F.);
#233 = EDGE_LOOP('',(#234));
#234 = ORIENTED_EDGE('',*,*,#106,.F.);
#235 = PLANE('',#236);
#236 = AXIS2_PLACEMENT_3D('',#237,#238,#239);
#237 = CARTESIAN_POINT('',(0.15,-5.25,3.6));
#238 = DIRECTION('',(0.,0.,-1.));
#239 = DIRECTION('',(-1.,0.,0.));
#240 = ADVANCED_FACE('',(#241),#266,.F.);
#241 = FACE_BOUND('',#242,.F.);
#242 = EDGE_LOOP('',(#243,#253,#259,#260));
#243 = ORIENTED_EDGE('',*,*,#244,.F.);
#244 = EDGE_CURVE('',#245,#247,#249,.T.);
#245 = VERTEX_POINT('',#246);
#246 = CARTESIAN_POINT('',(0.45,-5.25,3.5));
#247 = VERTEX_POINT('',#248);
#248 = CARTESIAN_POINT('',(5.85,-5.25,3.5));
#249 = LINE('',#250,#251);
#250 = CARTESIAN_POINT('',(0.15,-5.25,3.5));
#251 = VECTOR('',#252,1.);
#252 = DIRECTION('',(1.,0.,0.));
#253 = ORIENTED_EDGE('',*,*,#254,.T.);
#254 = EDGE_CURVE('',#245,#122,#255,.T.);
#255 = LINE('',#256,#257);
#256 = CARTESIAN_POINT('',(0.45,-5.25,3.5));
#257 = VECTOR('',#258,1.);
#258 = DIRECTION('',(0.,0.,1.));
#259 = ORIENTED_EDGE('',*,*,#121,.T.);
#260 = ORIENTED_EDGE('',*,*,#261,.F.);
#261 = EDGE_CURVE('',#247,#124,#262,.T.);
#262 = LINE('',#263,#264);
#263 = CARTESIAN_POINT('',(5.85,-5.25,3.5));
#264 = VECTOR('',#265,1.);
#265 = DIRECTION('',(0.,0.,1.));
#266 = PLANE('',#267);
#267 = AXIS2_PLACEMENT_3D('',#268,#269,#270);
#268 = CARTESIAN_POINT('',(0.15,-5.25,3.5));
#269 = DIRECTION('',(0.,1.,0.));
#270 = DIRECTION('',(1.,0.,0.));
#271 = ADVANCED_FACE('',(#272),#291,.T.);
#272 = FACE_BOUND('',#273,.T.);
#273 = EDGE_LOOP('',(#274,#275,#276,#284));
#274 = ORIENTED_EDGE('',*,*,#254,.T.);
#275 = ORIENTED_EDGE('',*,*,#131,.T.);
#276 = ORIENTED_EDGE('',*,*,#277,.F.);
#277 = EDGE_CURVE('',#278,#132,#280,.T.);
#278 = VERTEX_POINT('',#279);
#279 = CARTESIAN_POINT('',(0.15,-4.95,3.5));
#280 = LINE('',#281,#282);
#281 = CARTESIAN_POINT('',(0.15,-4.95,3.5));
#282 = VECTOR('',#283,1.);
#283 = DIRECTION('',(0.,0.,1.));
#284 = ORIENTED_EDGE('',*,*,#285,.F.);
#285 = EDGE_CURVE('',#245,#278,#286,.T.);
#286 = CIRCLE('',#287,0.3);
#287 = AXIS2_PLACEMENT_3D('',#288,#289,#290);
#288 = CARTESIAN_POINT('',(0.45,-4.95,3.5));
#289 = DIRECTION('',(-0.,-0.,-1.));
#290 = DIRECTION('',(0.,-1.,0.));
#291 = CYLINDRICAL_SURFACE('',#292,0.3);
#292 = AXIS2_PLACEMENT_3D('',#293,#294,#295);
#293 = CARTESIAN_POINT('',(0.45,-4.95,3.5));
#294 = DIRECTION('',(0.,0.,1.));
#295 = DIRECTION('',(0.,-1.,0.));
#296 = ADVANCED_FACE('',(#297),#316,.T.);
#297 = FACE_BOUND('',#298,.T.);
#298 = EDGE_LOOP('',(#299,#308,#314,#315));
#299 = ORIENTED_EDGE('',*,*,#300,.T.);
#300 = EDGE_CURVE('',#247,#301,#303,.T.);
#301 = VERTEX_POINT('',#302);
#302 = CARTESIAN_POINT('',(6.15,-4.95,3.5));
#303 = CIRCLE('',#304,0.3);
#304 = AXIS2_PLACEMENT_3D('',#305,#306,#307);
#305 = CARTESIAN_POINT('',(5.85,-4.95,3.5));
#306 = DIRECTION('',(-0.,0.,1.));
#307 = DIRECTION('',(0.,-1.,0.));
#308 = ORIENTED_EDGE('',*,*,#309,.T.);
#309 = EDGE_CURVE('',#301,#175,#310,.T.);
#310 = LINE('',#311,#312);
#311 = CARTESIAN_POINT('',(6.15,-4.95,3.5));
#312 = VECTOR('',#313,1.);
#313 = DIRECTION('',(0.,0.,1.));
#314 = ORIENTED_EDGE('',*,*,#182,.F.);
#315 = ORIENTED_EDGE('',*,*,#261,.F.);
#316 = CYLINDRICAL_SURFACE('',#317,0.3);
#317 = AXIS2_PLACEMENT_3D('',#318,#319,#320);
#318 = CARTESIAN_POINT('',(5.85,-4.95,3.5));
#319 = DIRECTION('',(0.,0.,1.));
#320 = DIRECTION('',(0.,-1.,0.));
#321 = ADVANCED_FACE('',(#322),#340,.F.);
#322 = FACE_BOUND('',#323,.F.);
#323 = EDGE_LOOP('',(#324,#332,#338,#339));
#324 = ORIENTED_EDGE('',*,*,#325,.F.);
#325 = EDGE_CURVE('',#326,#278,#328,.T.);
#326 = VERTEX_POINT('',#327);
#327 = CARTESIAN_POINT('',(0.15,0.45,3.5));
#328 = LINE('',#329,#330);
#329 = CARTESIAN_POINT('',(0.15,0.75,3.5));
#330 = VECTOR('',#331,1.);
#331 = DIRECTION('',(0.,-1.,0.));
#332 = ORIENTED_EDGE('',*,*,#333,.T.);
#333 = EDGE_CURVE('',#326,#141,#334,.T.);
#334 = LINE('',#335,#336);
#335 = CARTESIAN_POINT('',(0.15,0.45,3.5));
#336 = VECTOR('',#337,1.);
#337 = DIRECTION('',(0.,0.,1.));
#338 = ORIENTED_EDGE('',*,*,#140,.T.);
#339 = ORIENTED_EDGE('',*,*,#277,.F.);
#340 = PLANE('',#341);
#341 = AXIS2_PLACEMENT_3D('',#342,#343,#344);
#342 = CARTESIAN_POINT('',(0.15,0.75,3.5));
#343 = DIRECTION('',(1.,0.,0.));
#344 = DIRECTION('',(0.,-1.,0.));
#345 = ADVANCED_FACE('',(#346),#364,.F.);
#346 = FACE_BOUND('',#347,.F.);
#347 = EDGE_LOOP('',(#348,#356,#357,#358));
#348 = ORIENTED_EDGE('',*,*,#349,.F.);
#349 = EDGE_CURVE('',#301,#350,#352,.T.);
#350 = VERTEX_POINT('',#351);
#351 = CARTESIAN_POINT('',(6.15,0.45,3.5));
#352 = LINE('',#353,#354);
#353 = CARTESIAN_POINT('',(6.15,-5.25,3.5));
#354 = VECTOR('',#355,1.);
#355 = DIRECTION('',(0.,1.,0.));
#356 = ORIENTED_EDGE('',*,*,#309,.T.);
#357 = ORIENTED_EDGE('',*,*,#174,.T.);
#358 = ORIENTED_EDGE('',*,*,#359,.F.);
#359 = EDGE_CURVE('',#350,#166,#360,.T.);
#360 = LINE('',#361,#362);
#361 = CARTESIAN_POINT('',(6.15,0.45,3.5));
#362 = VECTOR('',#363,1.);
#363 = DIRECTION('',(0.,0.,1.));
#364 = PLANE('',#365);
#365 = AXIS2_PLACEMENT_3D('',#366,#367,#368);
#366 = CARTESIAN_POINT('',(6.15,-5.25,3.5));
#367 = DIRECTION('',(-1.,0.,0.));
#368 = DIRECTION('',(0.,1.,0.));
#369 = ADVANCED_FACE('',(#370),#389,.T.);
#370 = FACE_BOUND('',#371,.T.);
#371 = EDGE_LOOP('',(#372,#381,#382,#383));
#372 = ORIENTED_EDGE('',*,*,#373,.T.);
#373 = EDGE_CURVE('',#374,#326,#376,.T.);
#374 = VERTEX_POINT('',#375);
#375 = CARTESIAN_POINT('',(0.45,0.75,3.5));
#376 = CIRCLE('',#377,0.3);
#377 = AXIS2_PLACEMENT_3D('',#378,#379,#380);
#378 = CARTESIAN_POINT('',(0.45,0.45,3.5));
#379 = DIRECTION('',(-0.,0.,1.));
#380 = DIRECTION('',(0.,-1.,0.));
#381 = ORIENTED_EDGE('',*,*,#333,.T.);
#382 = ORIENTED_EDGE('',*,*,#148,.F.);
#383 = ORIENTED_EDGE('',*,*,#384,.F.);
#384 = EDGE_CURVE('',#374,#149,#385,.T.);
#385 = LINE('',#386,#387);
#386 = CARTESIAN_POINT('',(0.45,0.75,3.5));
#387 = VECTOR('',#388,1.);
#388 = DIRECTION('',(0.,0.,1.));
#389 = CYLINDRICAL_SURFACE('',#390,0.3);
#390 = AXIS2_PLACEMENT_3D('',#391,#392,#393);
#391 = CARTESIAN_POINT('',(0.45,0.45,3.5));
#392 = DIRECTION('',(0.,0.,1.));
#393 = DIRECTION('',(0.,1.,0.));
#394 = ADVANCED_FACE('',(#395),#414,.T.);
#395 = FACE_BOUND('',#396,.T.);
#396 = EDGE_LOOP('',(#397,#406,#412,#413));
#397 = ORIENTED_EDGE('',*,*,#398,.T.);
#398 = EDGE_CURVE('',#350,#399,#401,.T.);
#399 = VERTEX_POINT('',#400);
#400 = CARTESIAN_POINT('',(5.85,0.75,3.5));
#401 = CIRCLE('',#402,0.3);
#402 = AXIS2_PLACEMENT_3D('',#403,#404,#405);
#403 = CARTESIAN_POINT('',(5.85,0.45,3.5));
#404 = DIRECTION('',(-0.,0.,1.));
#405 = DIRECTION('',(0.,-1.,0.));
#406 = ORIENTED_EDGE('',*,*,#407,.T.);
#407 = EDGE_CURVE('',#399,#158,#408,.T.);
#408 = LINE('',#409,#410);
#409 = CARTESIAN_POINT('',(5.85,0.75,3.5));
#410 = VECTOR('',#411,1.);
#411 = DIRECTION('',(0.,0.,1.));
#412 = ORIENTED_EDGE('',*,*,#165,.F.);
#413 = ORIENTED_EDGE('',*,*,#359,.F.);
#414 = CYLINDRICAL_SURFACE('',#415,0.3);
#415 = AXIS2_PLACEMENT_3D('',#416,#417,#418);
#416 = CARTESIAN_POINT('',(5.85,0.45,3.5));
#417 = DIRECTION('',(0.,0.,1.));
#418 = DIRECTION('',(1.,0.,-0.));
#419 = ADVANCED_FACE('',(#420),#431,.F.);
#420 = FACE_BOUND('',#421,.F.);
#421 = EDGE_LOOP('',(#422,#428,#429,#430));
#422 = ORIENTED_EDGE('',*,*,#423,.F.);
#423 = EDGE_CURVE('',#399,#374,#424,.T.);
#424 = LINE('',#425,#426);
#425 = CARTESIAN_POINT('',(6.15,0.75,3.5));
#426 = VECTOR('',#427,1.);
#427 = DIRECTION('',(-1.,0.,0.));
#428 = ORIENTED_EDGE('',*,*,#407,.T.);
#429 = ORIENTED_EDGE('',*,*,#157,.T.);
#430 = ORIENTED_EDGE('',*,*,#384,.F.);
#431 = PLANE('',#432);
#432 = AXIS2_PLACEMENT_3D('',#433,#434,#435);
#433 = CARTESIAN_POINT('',(6.15,0.75,3.5));
#434 = DIRECTION('',(0.,-1.,0.));
#435 = DIRECTION('',(-1.,0.,0.));
#436 = ADVANCED_FACE('',(#437),#456,.T.);
#437 = FACE_BOUND('',#438,.T.);
#438 = EDGE_LOOP('',(#439,#447,#454,#455));
#439 = ORIENTED_EDGE('',*,*,#440,.T.);
#440 = EDGE_CURVE('',#192,#441,#443,.T.);
#441 = VERTEX_POINT('',#442);
#442 = CARTESIAN_POINT('',(5.65,-4.25,4.1));
#443 = LINE('',#444,#445);
#444 = CARTESIAN_POINT('',(5.65,-4.25,3.5));
#445 = VECTOR('',#446,1.);
#446 = DIRECTION('',(0.,0.,1.));
#447 = ORIENTED_EDGE('',*,*,#448,.F.);
#448 = EDGE_CURVE('',#441,#441,#449,.T.);
#449 = CIRCLE('',#450,0.5);
#450 = AXIS2_PLACEMENT_3D('',#451,#452,#453);
#451 = CARTESIAN_POINT('',(5.15,-4.25,4.1));
#452 = DIRECTION('',(0.,0.,1.));
#453 = DIRECTION('',(1.,0.,-0.));
#454 = ORIENTED_EDGE('',*,*,#440,.F.);
#455 = ORIENTED_EDGE('',*,*,#191,.F.);
#456 = CYLINDRICAL_SURFACE('',#457,0.5);
#457 = AXIS2_PLACEMENT_3D('',#458,#459,#460);
#458 = CARTESIAN_POINT('',(5.15,-4.25,3.5));
#459 = DIRECTION('',(-0.,-0.,-1.));
#460 = DIRECTION('',(1.,0.,0.));
#461 = ADVANCED_FACE('',(#462),#481,.T.);
#462 = FACE_BOUND('',#463,.T.);
#463 = EDGE_LOOP('',(#464,#472,#479,#480));
#464 = ORIENTED_EDGE('',*,*,#465,.T.);
#465 = EDGE_CURVE('',#203,#466,#468,.T.);
#466 = VERTEX_POINT('',#467);
#467 = CARTESIAN_POINT('',(4.9,-2.25,4.2));
#468 = LINE('',#469,#470);
#469 = CARTESIAN_POINT('',(4.9,-2.25,3.5));
#470 = VECTOR('',#471,1.);
#471 = DIRECTION('',(0.,0.,1.));
#472 = ORIENTED_EDGE('',*,*,#473,.F.);
#473 = EDGE_CURVE('',#466,#466,#474,.T.);
#474 = CIRCLE('',#475,1.75);
#475 = AXIS2_PLACEMENT_3D('',#476,#477,#478);
#476 = CARTESIAN_POINT('',(3.15,-2.25,4.2));
#477 = DIRECTION('',(0.,0.,1.));
#478 = DIRECTION('',(1.,0.,-0.));
#479 = ORIENTED_EDGE('',*,*,#465,.F.);
#480 = ORIENTED_EDGE('',*,*,#202,.F.);
#481 = CYLINDRICAL_SURFACE('',#482,1.75);
#482 = AXIS2_PLACEMENT_3D('',#483,#484,#485);
#483 = CARTESIAN_POINT('',(3.15,-2.25,3.5));
#484 = DIRECTION('',(-0.,-0.,-1.));
#485 = DIRECTION('',(1.,0.,0.));
#486 = ADVANCED_FACE('',(#487),#506,.T.);
#487 = FACE_BOUND('',#488,.T.);
#488 = EDGE_LOOP('',(#489,#497,#504,#505));
#489 = ORIENTED_EDGE('',*,*,#490,.T.);
#490 = EDGE_CURVE('',#214,#491,#493,.T.);
#491 = VERTEX_POINT('',#492);
#492 = CARTESIAN_POINT('',(1.65,-0.25,4.1));
#493 = LINE('',#494,#495);
#494 = CARTESIAN_POINT('',(1.65,-0.25,3.5));
#495 = VECTOR('',#496,1.);
#496 = DIRECTION('',(0.,0.,1.));
#497 = ORIENTED_EDGE('',*,*,#498,.F.);
#498 = EDGE_CURVE('',#491,#491,#499,.T.);
#499 = CIRCLE('',#500,0.5);
#500 = AXIS2_PLACEMENT_3D('',#501,#502,#503);
#501 = CARTESIAN_POINT('',(1.15,-0.25,4.1));
#502 = DIRECTION('',(0.,0.,1.));
#503 = DIRECTION('',(1.,0.,-0.));
#504 = ORIENTED_EDGE('',*,*,#490,.F.);
#505 = ORIENTED_EDGE('',*,*,#213,.F.);
#506 = CYLINDRICAL_SURFACE('',#507,0.5);
#507 = AXIS2_PLACEMENT_3D('',#508,#509,#510);
#508 = CARTESIAN_POINT('',(1.15,-0.25,3.5));
#509 = DIRECTION('',(-0.,-0.,-1.));
#510 = DIRECTION('',(1.,0.,0.));
#511 = ADVANCED_FACE('',(#512),#531,.T.);
#512 = FACE_BOUND('',#513,.T.);
#513 = EDGE_LOOP('',(#514,#522,#529,#530));
#514 = ORIENTED_EDGE('',*,*,#515,.T.);
#515 = EDGE_CURVE('',#225,#516,#518,.T.);
#516 = VERTEX_POINT('',#517);
#517 = CARTESIAN_POINT('',(5.65,-0.25,4.1));
#518 = LINE('',#519,#520);
#519 = CARTESIAN_POINT('',(5.65,-0.25,3.5));
#520 = VECTOR('',#521,1.);
#521 = DIRECTION('',(0.,0.,1.));
#522 = ORIENTED_EDGE('',*,*,#523,.F.);
#523 = EDGE_CURVE('',#516,#516,#524,.T.);
#524 = CIRCLE('',#525,0.5);
#525 = AXIS2_PLACEMENT_3D('',#526,#527,#528);
#526 = CARTESIAN_POINT('',(5.15,-0.25,4.1));
#527 = DIRECTION('',(0.,0.,1.));
#528 = DIRECTION('',(1.,0.,-0.));
#529 = ORIENTED_EDGE('',*,*,#515,.F.);
#530 = ORIENTED_EDGE('',*,*,#224,.F.);
#531 = CYLINDRICAL_SURFACE('',#532,0.5);
#532 = AXIS2_PLACEMENT_3D('',#533,#534,#535);
#533 = CARTESIAN_POINT('',(5.15,-0.25,3.5));
#534 = DIRECTION('',(-0.,-0.,-1.));
#535 = DIRECTION('',(1.,0.,0.));
#536 = ADVANCED_FACE('',(#537),#562,.F.);
#537 = FACE_BOUND('',#538,.F.);
#538 = EDGE_LOOP('',(#539,#549,#555,#556));
#539 = ORIENTED_EDGE('',*,*,#540,.F.);
#540 = EDGE_CURVE('',#541,#543,#545,.T.);
#541 = VERTEX_POINT('',#542);
#542 = CARTESIAN_POINT('',(0.45,-5.25,0.));
#543 = VERTEX_POINT('',#544);
#544 = CARTESIAN_POINT('',(5.85,-5.25,0.));
#545 = LINE('',#546,#547);
#546 = CARTESIAN_POINT('',(0.15,-5.25,0.));
#547 = VECTOR('',#548,1.);
#548 = DIRECTION('',(1.,0.,0.));
#549 = ORIENTED_EDGE('',*,*,#550,.T.);
#550 = EDGE_CURVE('',#541,#245,#551,.T.);
#551 = LINE('',#552,#553);
#552 = CARTESIAN_POINT('',(0.45,-5.25,0.));
#553 = VECTOR('',#554,1.);
#554 = DIRECTION('',(0.,0.,1.));
#555 = ORIENTED_EDGE('',*,*,#244,.T.);
#556 = ORIENTED_EDGE('',*,*,#557,.F.);
#557 = EDGE_CURVE('',#543,#247,#558,.T.);
#558 = LINE('',#559,#560);
#559 = CARTESIAN_POINT('',(5.85,-5.25,0.));
#560 = VECTOR('',#561,1.);
#561 = DIRECTION('',(0.,0.,1.));
#562 = PLANE('',#563);
#563 = AXIS2_PLACEMENT_3D('',#564,#565,#566);
#564 = CARTESIAN_POINT('',(0.15,-5.25,0.));
#565 = DIRECTION('',(0.,1.,0.));
#566 = DIRECTION('',(1.,0.,0.));
#567 = ADVANCED_FACE('',(#568),#587,.T.);
#568 = FACE_BOUND('',#569,.T.);
#569 = EDGE_LOOP('',(#570,#571,#572,#580));
#570 = ORIENTED_EDGE('',*,*,#550,.T.);
#571 = ORIENTED_EDGE('',*,*,#285,.T.);
#572 = ORIENTED_EDGE('',*,*,#573,.F.);
#573 = EDGE_CURVE('',#574,#278,#576,.T.);
#574 = VERTEX_POINT('',#575);
#575 = CARTESIAN_POINT('',(0.15,-4.95,0.));
#576 = LINE('',#577,#578);
#577 = CARTESIAN_POINT('',(0.15,-4.95,0.));
#578 = VECTOR('',#579,1.);
#579 = DIRECTION('',(0.,0.,1.));
#580 = ORIENTED_EDGE('',*,*,#581,.F.);
#581 = EDGE_CURVE('',#541,#574,#582,.T.);
#582 = CIRCLE('',#583,0.3);
#583 = AXIS2_PLACEMENT_3D('',#584,#585,#586);
#584 = CARTESIAN_POINT('',(0.45,-4.95,0.));
#585 = DIRECTION('',(-0.,-0.,-1.));
#586 = DIRECTION('',(0.,-1.,0.));
#587 = CYLINDRICAL_SURFACE('',#588,0.3);
#588 = AXIS2_PLACEMENT_3D('',#589,#590,#591);
#589 = CARTESIAN_POINT('',(0.45,-4.95,0.));
#590 = DIRECTION('',(0.,0.,1.));
#591 = DIRECTION('',(0.,-1.,0.));
#592 = ADVANCED_FACE('',(#593),#612,.T.);
#593 = FACE_BOUND('',#594,.T.);
#594 = EDGE_LOOP('',(#595,#604,#610,#611));
#595 = ORIENTED_EDGE('',*,*,#596,.T.);
#596 = EDGE_CURVE('',#543,#597,#599,.T.);
#597 = VERTEX_POINT('',#598);
#598 = CARTESIAN_POINT('',(6.15,-4.95,0.));
#599 = CIRCLE('',#600,0.3);
#600 = AXIS2_PLACEMENT_3D('',#601,#602,#603);
#601 = CARTESIAN_POINT('',(5.85,-4.95,0.));
#602 = DIRECTION('',(-0.,0.,1.));
#603 = DIRECTION('',(0.,-1.,0.));
#604 = ORIENTED_EDGE('',*,*,#605,.T.);
#605 = EDGE_CURVE('',#597,#301,#606,.T.);
#606 = LINE('',#607,#608);
#607 = CARTESIAN_POINT('',(6.15,-4.95,0.));
#608 = VECTOR('',#609,1.);
#609 = DIRECTION('',(0.,0.,1.));
#610 = ORIENTED_EDGE('',*,*,#300,.F.);
#611 = ORIENTED_EDGE('',*,*,#557,.F.);
#612 = CYLINDRICAL_SURFACE('',#613,0.3);
#613 = AXIS2_PLACEMENT_3D('',#614,#615,#616);
#614 = CARTESIAN_POINT('',(5.85,-4.95,0.));
#615 = DIRECTION('',(0.,0.,1.));
#616 = DIRECTION('',(0.,-1.,0.));
#617 = ADVANCED_FACE('',(#618),#700,.F.);
#618 = FACE_BOUND('',#619,.F.);
#619 = EDGE_LOOP('',(#620,#630,#636,#637,#638,#646,#654,#662,#670,#678,
    #686,#694));
#620 = ORIENTED_EDGE('',*,*,#621,.F.);
#621 = EDGE_CURVE('',#622,#624,#626,.T.);
#622 = VERTEX_POINT('',#623);
#623 = CARTESIAN_POINT('',(0.15,0.45,0.));
#624 = VERTEX_POINT('',#625);
#625 = CARTESIAN_POINT('',(0.15,0.35,0.));
#626 = LINE('',#627,#628);
#627 = CARTESIAN_POINT('',(0.15,0.75,0.));
#628 = VECTOR('',#629,1.);
#629 = DIRECTION('',(0.,-1.,0.));
#630 = ORIENTED_EDGE('',*,*,#631,.T.);
#631 = EDGE_CURVE('',#622,#326,#632,.T.);
#632 = LINE('',#633,#634);
#633 = CARTESIAN_POINT('',(0.15,0.45,0.));
#634 = VECTOR('',#635,1.);
#635 = DIRECTION('',(0.,0.,1.));
#636 = ORIENTED_EDGE('',*,*,#325,.T.);
#637 = ORIENTED_EDGE('',*,*,#573,.F.);
#638 = ORIENTED_EDGE('',*,*,#639,.F.);
#639 = EDGE_CURVE('',#640,#574,#642,.T.);
#640 = VERTEX_POINT('',#641);
#641 = CARTESIAN_POINT('',(0.15,-4.85,0.));
#642 = LINE('',#643,#644);
#643 = CARTESIAN_POINT('',(0.15,0.75,0.));
#644 = VECTOR('',#645,1.);
#645 = DIRECTION('',(0.,-1.,0.));
#646 = ORIENTED_EDGE('',*,*,#647,.F.);
#647 = EDGE_CURVE('',#648,#640,#650,.T.);
#648 = VERTEX_POINT('',#649);
#649 = CARTESIAN_POINT('',(0.15,-4.85,1.5));
#650 = LINE('',#651,#652);
#651 = CARTESIAN_POINT('',(0.15,-4.85,1.5));
#652 = VECTOR('',#653,1.);
#653 = DIRECTION('',(0.,5.551115123126E-16,-1.));
#654 = ORIENTED_EDGE('',*,*,#655,.T.);
#655 = EDGE_CURVE('',#648,#656,#658,.T.);
#656 = VERTEX_POINT('',#657);
#657 = CARTESIAN_POINT('',(0.15,-4.15,1.5));
#658 = LINE('',#659,#660);
#659 = CARTESIAN_POINT('',(0.15,-4.85,1.5));
#660 = VECTOR('',#661,1.);
#661 = DIRECTION('',(0.,1.,3.330669073875E-16));
#662 = ORIENTED_EDGE('',*,*,#663,.T.);
#663 = EDGE_CURVE('',#656,#664,#666,.T.);
#664 = VERTEX_POINT('',#665);
#665 = CARTESIAN_POINT('',(0.15,-4.15,0.));
#666 = LINE('',#667,#668);
#667 = CARTESIAN_POINT('',(0.15,-4.15,1.5));
#668 = VECTOR('',#669,1.);
#669 = DIRECTION('',(0.,5.551115123126E-16,-1.));
#670 = ORIENTED_EDGE('',*,*,#671,.F.);
#671 = EDGE_CURVE('',#672,#664,#674,.T.);
#672 = VERTEX_POINT('',#673);
#673 = CARTESIAN_POINT('',(0.15,-0.35,0.));
#674 = LINE('',#675,#676);
#675 = CARTESIAN_POINT('',(0.15,0.75,0.));
#676 = VECTOR('',#677,1.);
#677 = DIRECTION('',(0.,-1.,0.));
#678 = ORIENTED_EDGE('',*,*,#679,.F.);
#679 = EDGE_CURVE('',#680,#672,#682,.T.);
#680 = VERTEX_POINT('',#681);
#681 = CARTESIAN_POINT('',(0.15,-0.35,1.5));
#682 = LINE('',#683,#684);
#683 = CARTESIAN_POINT('',(0.15,-0.35,1.5));
#684 = VECTOR('',#685,1.);
#685 = DIRECTION('',(0.,5.551115123126E-16,-1.));
#686 = ORIENTED_EDGE('',*,*,#687,.T.);
#687 = EDGE_CURVE('',#680,#688,#690,.T.);
#688 = VERTEX_POINT('',#689);
#689 = CARTESIAN_POINT('',(0.15,0.35,1.5));
#690 = LINE('',#691,#692);
#691 = CARTESIAN_POINT('',(0.15,-0.35,1.5));
#692 = VECTOR('',#693,1.);
#693 = DIRECTION('',(0.,1.,3.330669073875E-16));
#694 = ORIENTED_EDGE('',*,*,#695,.T.);
#695 = EDGE_CURVE('',#688,#624,#696,.T.);
#696 = LINE('',#697,#698);
#697 = CARTESIAN_POINT('',(0.15,0.35,1.5));
#698 = VECTOR('',#699,1.);
#699 = DIRECTION('',(0.,5.551115123126E-16,-1.));
#700 = PLANE('',#701);
#701 = AXIS2_PLACEMENT_3D('',#702,#703,#704);
#702 = CARTESIAN_POINT('',(0.15,0.75,0.));
#703 = DIRECTION('',(1.,0.,0.));
#704 = DIRECTION('',(0.,-1.,0.));
#705 = ADVANCED_FACE('',(#706),#788,.F.);
#706 = FACE_BOUND('',#707,.F.);
#707 = EDGE_LOOP('',(#708,#716,#717,#718,#726,#734,#742,#750,#758,#766,
    #774,#782));
#708 = ORIENTED_EDGE('',*,*,#709,.F.);
#709 = EDGE_CURVE('',#597,#710,#712,.T.);
#710 = VERTEX_POINT('',#711);
#711 = CARTESIAN_POINT('',(6.15,-4.85,0.));
#712 = LINE('',#713,#714);
#713 = CARTESIAN_POINT('',(6.15,-5.25,0.));
#714 = VECTOR('',#715,1.);
#715 = DIRECTION('',(0.,1.,0.));
#716 = ORIENTED_EDGE('',*,*,#605,.T.);
#717 = ORIENTED_EDGE('',*,*,#349,.T.);
#718 = ORIENTED_EDGE('',*,*,#719,.F.);
#719 = EDGE_CURVE('',#720,#350,#722,.T.);
#720 = VERTEX_POINT('',#721);
#721 = CARTESIAN_POINT('',(6.15,0.45,0.));
#722 = LINE('',#723,#724);
#723 = CARTESIAN_POINT('',(6.15,0.45,0.));
#724 = VECTOR('',#725,1.);
#725 = DIRECTION('',(0.,0.,1.));
#726 = ORIENTED_EDGE('',*,*,#727,.F.);
#727 = EDGE_CURVE('',#728,#720,#730,.T.);
#728 = VERTEX_POINT('',#729);
#729 = CARTESIAN_POINT('',(6.15,0.35,0.));
#730 = LINE('',#731,#732);
#731 = CARTESIAN_POINT('',(6.15,-5.25,0.));
#732 = VECTOR('',#733,1.);
#733 = DIRECTION('',(0.,1.,0.));
#734 = ORIENTED_EDGE('',*,*,#735,.F.);
#735 = EDGE_CURVE('',#736,#728,#738,.T.);
#736 = VERTEX_POINT('',#737);
#737 = CARTESIAN_POINT('',(6.15,0.35,1.5));
#738 = LINE('',#739,#740);
#739 = CARTESIAN_POINT('',(6.15,0.35,1.5));
#740 = VECTOR('',#741,1.);
#741 = DIRECTION('',(0.,5.551115123126E-16,-1.));
#742 = ORIENTED_EDGE('',*,*,#743,.F.);
#743 = EDGE_CURVE('',#744,#736,#746,.T.);
#744 = VERTEX_POINT('',#745);
#745 = CARTESIAN_POINT('',(6.15,-0.35,1.5));
#746 = LINE('',#747,#748);
#747 = CARTESIAN_POINT('',(6.15,-0.35,1.5));
#748 = VECTOR('',#749,1.);
#749 = DIRECTION('',(0.,1.,3.330669073875E-16));
#750 = ORIENTED_EDGE('',*,*,#751,.T.);
#751 = EDGE_CURVE('',#744,#752,#754,.T.);
#752 = VERTEX_POINT('',#753);
#753 = CARTESIAN_POINT('',(6.15,-0.35,0.));
#754 = LINE('',#755,#756);
#755 = CARTESIAN_POINT('',(6.15,-0.35,1.5));
#756 = VECTOR('',#757,1.);
#757 = DIRECTION('',(0.,5.551115123126E-16,-1.));
#758 = ORIENTED_EDGE('',*,*,#759,.F.);
#759 = EDGE_CURVE('',#760,#752,#762,.T.);
#760 = VERTEX_POINT('',#761);
#761 = CARTESIAN_POINT('',(6.15,-4.15,0.));
#762 = LINE('',#763,#764);
#763 = CARTESIAN_POINT('',(6.15,-5.25,0.));
#764 = VECTOR('',#765,1.);
#765 = DIRECTION('',(0.,1.,0.));
#766 = ORIENTED_EDGE('',*,*,#767,.F.);
#767 = EDGE_CURVE('',#768,#760,#770,.T.);
#768 = VERTEX_POINT('',#769);
#769 = CARTESIAN_POINT('',(6.15,-4.15,1.5));
#770 = LINE('',#771,#772);
#771 = CARTESIAN_POINT('',(6.15,-4.15,1.5));
#772 = VECTOR('',#773,1.);
#773 = DIRECTION('',(0.,5.551115123126E-16,-1.));
#774 = ORIENTED_EDGE('',*,*,#775,.F.);
#775 = EDGE_CURVE('',#776,#768,#778,.T.);
#776 = VERTEX_POINT('',#777);
#777 = CARTESIAN_POINT('',(6.15,-4.85,1.5));
#778 = LINE('',#779,#780);
#779 = CARTESIAN_POINT('',(6.15,-4.85,1.5));
#780 = VECTOR('',#781,1.);
#781 = DIRECTION('',(0.,1.,3.330669073875E-16));
#782 = ORIENTED_EDGE('',*,*,#783,.T.);
#783 = EDGE_CURVE('',#776,#710,#784,.T.);
#784 = LINE('',#785,#786);
#785 = CARTESIAN_POINT('',(6.15,-4.85,1.5));
#786 = VECTOR('',#787,1.);
#787 = DIRECTION('',(0.,5.551115123126E-16,-1.));
#788 = PLANE('',#789);
#789 = AXIS2_PLACEMENT_3D('',#790,#791,#792);
#790 = CARTESIAN_POINT('',(6.15,-5.25,0.));
#791 = DIRECTION('',(-1.,0.,0.));
#792 = DIRECTION('',(0.,1.,0.));
#793 = ADVANCED_FACE('',(#794),#813,.T.);
#794 = FACE_BOUND('',#795,.T.);
#795 = EDGE_LOOP('',(#796,#805,#806,#807));
#796 = ORIENTED_EDGE('',*,*,#797,.T.);
#797 = EDGE_CURVE('',#798,#622,#800,.T.);
#798 = VERTEX_POINT('',#799);
#799 = CARTESIAN_POINT('',(0.45,0.75,0.));
#800 = CIRCLE('',#801,0.3);
#801 = AXIS2_PLACEMENT_3D('',#802,#803,#804);
#802 = CARTESIAN_POINT('',(0.45,0.45,0.));
#803 = DIRECTION('',(-0.,0.,1.));
#804 = DIRECTION('',(0.,-1.,0.));
#805 = ORIENTED_EDGE('',*,*,#631,.T.);
#806 = ORIENTED_EDGE('',*,*,#373,.F.);
#807 = ORIENTED_EDGE('',*,*,#808,.F.);
#808 = EDGE_CURVE('',#798,#374,#809,.T.);
#809 = LINE('',#810,#811);
#810 = CARTESIAN_POINT('',(0.45,0.75,0.));
#811 = VECTOR('',#812,1.);
#812 = DIRECTION('',(0.,0.,1.));
#813 = CYLINDRICAL_SURFACE('',#814,0.3);
#814 = AXIS2_PLACEMENT_3D('',#815,#816,#817);
#815 = CARTESIAN_POINT('',(0.45,0.45,0.));
#816 = DIRECTION('',(0.,0.,1.));
#817 = DIRECTION('',(0.,1.,0.));
#818 = ADVANCED_FACE('',(#819),#838,.T.);
#819 = FACE_BOUND('',#820,.T.);
#820 = EDGE_LOOP('',(#821,#830,#836,#837));
#821 = ORIENTED_EDGE('',*,*,#822,.T.);
#822 = EDGE_CURVE('',#720,#823,#825,.T.);
#823 = VERTEX_POINT('',#824);
#824 = CARTESIAN_POINT('',(5.85,0.75,0.));
#825 = CIRCLE('',#826,0.3);
#826 = AXIS2_PLACEMENT_3D('',#827,#828,#829);
#827 = CARTESIAN_POINT('',(5.85,0.45,0.));
#828 = DIRECTION('',(-0.,0.,1.));
#829 = DIRECTION('',(0.,-1.,0.));
#830 = ORIENTED_EDGE('',*,*,#831,.T.);
#831 = EDGE_CURVE('',#823,#399,#832,.T.);
#832 = LINE('',#833,#834);
#833 = CARTESIAN_POINT('',(5.85,0.75,0.));
#834 = VECTOR('',#835,1.);
#835 = DIRECTION('',(0.,0.,1.));
#836 = ORIENTED_EDGE('',*,*,#398,.F.);
#837 = ORIENTED_EDGE('',*,*,#719,.F.);
#838 = CYLINDRICAL_SURFACE('',#839,0.3);
#839 = AXIS2_PLACEMENT_3D('',#840,#841,#842);
#840 = CARTESIAN_POINT('',(5.85,0.45,0.));
#841 = DIRECTION('',(0.,0.,1.));
#842 = DIRECTION('',(1.,0.,-0.));
#843 = ADVANCED_FACE('',(#844),#855,.F.);
#844 = FACE_BOUND('',#845,.F.);
#845 = EDGE_LOOP('',(#846,#852,#853,#854));
#846 = ORIENTED_EDGE('',*,*,#847,.F.);
#847 = EDGE_CURVE('',#823,#798,#848,.T.);
#848 = LINE('',#849,#850);
#849 = CARTESIAN_POINT('',(6.15,0.75,0.));
#850 = VECTOR('',#851,1.);
#851 = DIRECTION('',(-1.,0.,0.));
#852 = ORIENTED_EDGE('',*,*,#831,.T.);
#853 = ORIENTED_EDGE('',*,*,#423,.T.);
#854 = ORIENTED_EDGE('',*,*,#808,.F.);
#855 = PLANE('',#856);
#856 = AXIS2_PLACEMENT_3D('',#857,#858,#859);
#857 = CARTESIAN_POINT('',(6.15,0.75,0.));
#858 = DIRECTION('',(0.,-1.,0.));
#859 = DIRECTION('',(-1.,0.,0.));
#860 = ADVANCED_FACE('',(#861),#864,.F.);
#861 = FACE_BOUND('',#862,.T.);
#862 = EDGE_LOOP('',(#863));
#863 = ORIENTED_EDGE('',*,*,#448,.T.);
#864 = PLANE('',#865);
#865 = AXIS2_PLACEMENT_3D('',#866,#867,#868);
#866 = CARTESIAN_POINT('',(5.65,-4.25,4.1));
#867 = DIRECTION('',(0.,0.,-1.));
#868 = DIRECTION('',(-1.,0.,0.));
#869 = ADVANCED_FACE('',(#870),#890,.T.);
#870 = FACE_BOUND('',#871,.T.);
#871 = EDGE_LOOP('',(#872,#873,#882,#889));
#872 = ORIENTED_EDGE('',*,*,#473,.T.);
#873 = ORIENTED_EDGE('',*,*,#874,.F.);
#874 = EDGE_CURVE('',#875,#466,#877,.T.);
#875 = VERTEX_POINT('',#876);
#876 = CARTESIAN_POINT('',(4.8,-2.25,4.3));
#877 = CIRCLE('',#878,0.1);
#878 = AXIS2_PLACEMENT_3D('',#879,#880,#881);
#879 = CARTESIAN_POINT('',(4.8,-2.25,4.2));
#880 = DIRECTION('',(-0.,1.,0.));
#881 = DIRECTION('',(1.,0.,0.));
#882 = ORIENTED_EDGE('',*,*,#883,.F.);
#883 = EDGE_CURVE('',#875,#875,#884,.T.);
#884 = CIRCLE('',#885,1.65);
#885 = AXIS2_PLACEMENT_3D('',#886,#887,#888);
#886 = CARTESIAN_POINT('',(3.15,-2.25,4.3));
#887 = DIRECTION('',(0.,0.,1.));
#888 = DIRECTION('',(1.,0.,-0.));
#889 = ORIENTED_EDGE('',*,*,#874,.T.);
#890 = TOROIDAL_SURFACE('',#891,1.65,0.1);
#891 = AXIS2_PLACEMENT_3D('',#892,#893,#894);
#892 = CARTESIAN_POINT('',(3.15,-2.25,4.2));
#893 = DIRECTION('',(0.,0.,-1.));
#894 = DIRECTION('',(1.,0.,0.));
#895 = ADVANCED_FACE('',(#896),#899,.F.);
#896 = FACE_BOUND('',#897,.T.);
#897 = EDGE_LOOP('',(#898));
#898 = ORIENTED_EDGE('',*,*,#498,.T.);
#899 = PLANE('',#900);
#900 = AXIS2_PLACEMENT_3D('',#901,#902,#903);
#901 = CARTESIAN_POINT('',(1.65,-0.25,4.1));
#902 = DIRECTION('',(0.,0.,-1.));
#903 = DIRECTION('',(-1.,0.,0.));
#904 = ADVANCED_FACE('',(#905),#908,.F.);
#905 = FACE_BOUND('',#906,.T.);
#906 = EDGE_LOOP('',(#907));
#907 = ORIENTED_EDGE('',*,*,#523,.T.);
#908 = PLANE('',#909);
#909 = AXIS2_PLACEMENT_3D('',#910,#911,#912);
#910 = CARTESIAN_POINT('',(5.65,-0.25,4.1));
#911 = DIRECTION('',(0.,0.,-1.));
#912 = DIRECTION('',(-1.,0.,0.));
#913 = ADVANCED_FACE('',(#914),#952,.T.);
#914 = FACE_BOUND('',#915,.T.);
#915 = EDGE_LOOP('',(#916,#917,#918,#919,#925,#926,#932,#933,#934,#935,
    #936,#937,#943,#944,#950,#951));
#916 = ORIENTED_EDGE('',*,*,#540,.F.);
#917 = ORIENTED_EDGE('',*,*,#581,.T.);
#918 = ORIENTED_EDGE('',*,*,#639,.F.);
#919 = ORIENTED_EDGE('',*,*,#920,.F.);
#920 = EDGE_CURVE('',#664,#640,#921,.T.);
#921 = LINE('',#922,#923);
#922 = CARTESIAN_POINT('',(0.15,0.75,0.));
#923 = VECTOR('',#924,1.);
#924 = DIRECTION('',(0.,-1.,0.));
#925 = ORIENTED_EDGE('',*,*,#671,.F.);
#926 = ORIENTED_EDGE('',*,*,#927,.F.);
#927 = EDGE_CURVE('',#624,#672,#928,.T.);
#928 = LINE('',#929,#930);
#929 = CARTESIAN_POINT('',(0.15,0.75,0.));
#930 = VECTOR('',#931,1.);
#931 = DIRECTION('',(0.,-1.,0.));
#932 = ORIENTED_EDGE('',*,*,#621,.F.);
#933 = ORIENTED_EDGE('',*,*,#797,.F.);
#934 = ORIENTED_EDGE('',*,*,#847,.F.);
#935 = ORIENTED_EDGE('',*,*,#822,.F.);
#936 = ORIENTED_EDGE('',*,*,#727,.F.);
#937 = ORIENTED_EDGE('',*,*,#938,.F.);
#938 = EDGE_CURVE('',#752,#728,#939,.T.);
#939 = LINE('',#940,#941);
#940 = CARTESIAN_POINT('',(6.15,-5.25,0.));
#941 = VECTOR('',#942,1.);
#942 = DIRECTION('',(0.,1.,0.));
#943 = ORIENTED_EDGE('',*,*,#759,.F.);
#944 = ORIENTED_EDGE('',*,*,#945,.F.);
#945 = EDGE_CURVE('',#710,#760,#946,.T.);
#946 = LINE('',#947,#948);
#947 = CARTESIAN_POINT('',(6.15,-5.25,0.));
#948 = VECTOR('',#949,1.);
#949 = DIRECTION('',(0.,1.,0.));
#950 = ORIENTED_EDGE('',*,*,#709,.F.);
#951 = ORIENTED_EDGE('',*,*,#596,.F.);
#952 = PLANE('',#953);
#953 = AXIS2_PLACEMENT_3D('',#954,#955,#956);
#954 = CARTESIAN_POINT('',(0.15,-5.25,0.));
#955 = DIRECTION('',(0.,0.,-1.));
#956 = DIRECTION('',(-1.,0.,0.));
#957 = ADVANCED_FACE('',(#958),#1102,.F.);
#958 = FACE_BOUND('',#959,.F.);
#959 = EDGE_LOOP('',(#960,#970,#979,#987,#996,#1004,#1012,#1020,#1029,
    #1037,#1046,#1054,#1063,#1069,#1070,#1078,#1087,#1095));
#960 = ORIENTED_EDGE('',*,*,#961,.T.);
#961 = EDGE_CURVE('',#962,#964,#966,.T.);
#962 = VERTEX_POINT('',#963);
#963 = CARTESIAN_POINT('',(-0.162230377286,0.35,-0.540767924286));
#964 = VERTEX_POINT('',#965);
#965 = CARTESIAN_POINT('',(-0.425000733956,0.35,-1.416669113186));
#966 = LINE('',#967,#968);
#967 = CARTESIAN_POINT('',(-0.15,0.35,-0.5));
#968 = VECTOR('',#969,1.);
#969 = DIRECTION('',(-0.287347885566,5.31700397722E-16,-0.957826285221)
  );
#970 = ORIENTED_EDGE('',*,*,#971,.T.);
#971 = EDGE_CURVE('',#964,#972,#974,.T.);
#972 = VERTEX_POINT('',#973);
#973 = CARTESIAN_POINT('',(-0.425000733956,0.35,-1.583330886814));
#974 = CIRCLE('',#975,0.29);
#975 = AXIS2_PLACEMENT_3D('',#976,#977,#978);
#976 = CARTESIAN_POINT('',(-0.147231111242,0.35,-1.5));
#977 = DIRECTION('',(0.,-1.,-3.330669073875E-16));
#978 = DIRECTION('',(0.,-3.330669073875E-16,1.));
#979 = ORIENTED_EDGE('',*,*,#980,.T.);
#980 = EDGE_CURVE('',#972,#981,#983,.T.);
#981 = VERTEX_POINT('',#982);
#982 = CARTESIAN_POINT('',(-0.162230377286,0.35,-2.459232075714));
#983 = LINE('',#984,#985);
#984 = CARTESIAN_POINT('',(-0.45,0.35,-1.5));
#985 = VECTOR('',#986,1.);
#986 = DIRECTION('',(0.287347885566,5.31700397722E-16,-0.957826285221));
#987 = ORIENTED_EDGE('',*,*,#988,.F.);
#988 = EDGE_CURVE('',#989,#981,#991,.T.);
#989 = VERTEX_POINT('',#990);
#990 = CARTESIAN_POINT('',(-0.15,0.35,-2.542562962528));
#991 = CIRCLE('',#992,0.29);
#992 = AXIS2_PLACEMENT_3D('',#993,#994,#995);
#993 = CARTESIAN_POINT('',(-0.44,0.35,-2.542562962528));
#994 = DIRECTION('',(0.,-1.,-3.330669073875E-16));
#995 = DIRECTION('',(0.,-3.330669073875E-16,1.));
#996 = ORIENTED_EDGE('',*,*,#997,.F.);
#997 = EDGE_CURVE('',#998,#989,#1000,.T.);
#998 = VERTEX_POINT('',#999);
#999 = CARTESIAN_POINT('',(-0.15,0.35,-3.5));
#1000 = LINE('',#1001,#1002);
#1001 = CARTESIAN_POINT('',(-0.15,0.35,-3.5));
#1002 = VECTOR('',#1003,1.);
#1003 = DIRECTION('',(0.,-5.551115123126E-16,1.));
#1004 = ORIENTED_EDGE('',*,*,#1005,.F.);
#1005 = EDGE_CURVE('',#1006,#998,#1008,.T.);
#1006 = VERTEX_POINT('',#1007);
#1007 = CARTESIAN_POINT('',(0.15,0.35,-3.5));
#1008 = LINE('',#1009,#1010);
#1009 = CARTESIAN_POINT('',(0.15,0.35,-3.5));
#1010 = VECTOR('',#1011,1.);
#1011 = DIRECTION('',(-1.,-0.,0.));
#1012 = ORIENTED_EDGE('',*,*,#1013,.F.);
#1013 = EDGE_CURVE('',#1014,#1006,#1016,.T.);
#1014 = VERTEX_POINT('',#1015);
#1015 = CARTESIAN_POINT('',(0.15,0.35,-2.542562962528));
#1016 = LINE('',#1017,#1018);
#1017 = CARTESIAN_POINT('',(0.15,0.35,-2.5));
#1018 = VECTOR('',#1019,1.);
#1019 = DIRECTION('',(0.,5.551115123126E-16,-1.));
#1020 = ORIENTED_EDGE('',*,*,#1021,.F.);
#1021 = EDGE_CURVE('',#1022,#1014,#1024,.T.);
#1022 = VERTEX_POINT('',#1023);
#1023 = CARTESIAN_POINT('',(0.137769622714,0.35,-2.459232075714));
#1024 = CIRCLE('',#1025,0.29);
#1025 = AXIS2_PLACEMENT_3D('',#1026,#1027,#1028);
#1026 = CARTESIAN_POINT('',(-0.14,0.35,-2.542562962528));
#1027 = DIRECTION('',(-0.,1.,3.330669073875E-16));
#1028 = DIRECTION('',(0.,-3.330669073875E-16,1.));
#1029 = ORIENTED_EDGE('',*,*,#1030,.T.);
#1030 = EDGE_CURVE('',#1022,#1031,#1033,.T.);
#1031 = VERTEX_POINT('',#1032);
#1032 = CARTESIAN_POINT('',(-0.125000733956,0.35,-1.583330886814));
#1033 = LINE('',#1034,#1035);
#1034 = CARTESIAN_POINT('',(0.15,0.35,-2.5));
#1035 = VECTOR('',#1036,1.);
#1036 = DIRECTION('',(-0.287347885566,-5.31700397722E-16,0.957826285221)
  );
#1037 = ORIENTED_EDGE('',*,*,#1038,.F.);
#1038 = EDGE_CURVE('',#1039,#1031,#1041,.T.);
#1039 = VERTEX_POINT('',#1040);
#1040 = CARTESIAN_POINT('',(-0.125000733956,0.35,-1.416669113186));
#1041 = CIRCLE('',#1042,0.29);
#1042 = AXIS2_PLACEMENT_3D('',#1043,#1044,#1045);
#1043 = CARTESIAN_POINT('',(0.152768888758,0.35,-1.5));
#1044 = DIRECTION('',(0.,-1.,-3.330669073875E-16));
#1045 = DIRECTION('',(0.,-3.330669073875E-16,1.));
#1046 = ORIENTED_EDGE('',*,*,#1047,.T.);
#1047 = EDGE_CURVE('',#1039,#1048,#1050,.T.);
#1048 = VERTEX_POINT('',#1049);
#1049 = CARTESIAN_POINT('',(0.137769622714,0.35,-0.540767924286));
#1050 = LINE('',#1051,#1052);
#1051 = CARTESIAN_POINT('',(-0.15,0.35,-1.5));
#1052 = VECTOR('',#1053,1.);
#1053 = DIRECTION('',(0.287347885566,-5.31700397722E-16,0.957826285221)
  );
#1054 = ORIENTED_EDGE('',*,*,#1055,.F.);
#1055 = EDGE_CURVE('',#1056,#1048,#1058,.T.);
#1056 = VERTEX_POINT('',#1057);
#1057 = CARTESIAN_POINT('',(0.15,0.35,-0.457437037472));
#1058 = CIRCLE('',#1059,0.29);
#1059 = AXIS2_PLACEMENT_3D('',#1060,#1061,#1062);
#1060 = CARTESIAN_POINT('',(-0.14,0.35,-0.457437037472));
#1061 = DIRECTION('',(-0.,1.,3.330669073875E-16));
#1062 = DIRECTION('',(0.,-3.330669073875E-16,1.));
#1063 = ORIENTED_EDGE('',*,*,#1064,.F.);
#1064 = EDGE_CURVE('',#624,#1056,#1065,.T.);
#1065 = LINE('',#1066,#1067);
#1066 = CARTESIAN_POINT('',(0.15,0.35,1.5));
#1067 = VECTOR('',#1068,1.);
#1068 = DIRECTION('',(0.,5.551115123126E-16,-1.));
#1069 = ORIENTED_EDGE('',*,*,#695,.F.);
#1070 = ORIENTED_EDGE('',*,*,#1071,.F.);
#1071 = EDGE_CURVE('',#1072,#688,#1074,.T.);
#1072 = VERTEX_POINT('',#1073);
#1073 = CARTESIAN_POINT('',(0.14,0.35,1.5));
#1074 = LINE('',#1075,#1076);
#1075 = CARTESIAN_POINT('',(-0.15,0.35,1.5));
#1076 = VECTOR('',#1077,1.);
#1077 = DIRECTION('',(1.,0.,0.));
#1078 = ORIENTED_EDGE('',*,*,#1079,.F.);
#1079 = EDGE_CURVE('',#1080,#1072,#1082,.T.);
#1080 = VERTEX_POINT('',#1081);
#1081 = CARTESIAN_POINT('',(-0.15,0.35,1.21));
#1082 = CIRCLE('',#1083,0.29);
#1083 = AXIS2_PLACEMENT_3D('',#1084,#1085,#1086);
#1084 = CARTESIAN_POINT('',(0.14,0.35,1.21));
#1085 = DIRECTION('',(-0.,1.,3.330669073875E-16));
#1086 = DIRECTION('',(0.,-3.330669073875E-16,1.));
#1087 = ORIENTED_EDGE('',*,*,#1088,.F.);
#1088 = EDGE_CURVE('',#1089,#1080,#1091,.T.);
#1089 = VERTEX_POINT('',#1090);
#1090 = CARTESIAN_POINT('',(-0.15,0.35,-0.457437037472));
#1091 = LINE('',#1092,#1093);
#1092 = CARTESIAN_POINT('',(-0.15,0.35,-0.5));
#1093 = VECTOR('',#1094,1.);
#1094 = DIRECTION('',(0.,-5.551115123126E-16,1.));
#1095 = ORIENTED_EDGE('',*,*,#1096,.F.);
#1096 = EDGE_CURVE('',#962,#1089,#1097,.T.);
#1097 = CIRCLE('',#1098,0.29);
#1098 = AXIS2_PLACEMENT_3D('',#1099,#1100,#1101);
#1099 = CARTESIAN_POINT('',(-0.44,0.35,-0.457437037472));
#1100 = DIRECTION('',(0.,-1.,-3.330669073875E-16));
#1101 = DIRECTION('',(0.,-3.330669073875E-16,1.));
#1102 = PLANE('',#1103);
#1103 = AXIS2_PLACEMENT_3D('',#1104,#1105,#1106);
#1104 = CARTESIAN_POINT('',(-0.15,0.35,-0.5));
#1105 = DIRECTION('',(1.64346021921E-31,-1.,-5.551115123126E-16));
#1106 = DIRECTION('',(0.,5.551115123126E-16,-1.));
#1107 = ADVANCED_FACE('',(#1108),#1126,.F.);
#1108 = FACE_BOUND('',#1109,.F.);
#1109 = EDGE_LOOP('',(#1110,#1118,#1124,#1125));
#1110 = ORIENTED_EDGE('',*,*,#1111,.F.);
#1111 = EDGE_CURVE('',#1112,#680,#1114,.T.);
#1112 = VERTEX_POINT('',#1113);
#1113 = CARTESIAN_POINT('',(0.14,-0.35,1.5));
#1114 = LINE('',#1115,#1116);
#1115 = CARTESIAN_POINT('',(-0.15,-0.35,1.5));
#1116 = VECTOR('',#1117,1.);
#1117 = DIRECTION('',(1.,0.,0.));
#1118 = ORIENTED_EDGE('',*,*,#1119,.T.);
#1119 = EDGE_CURVE('',#1112,#1072,#1120,.T.);
#1120 = LINE('',#1121,#1122);
#1121 = CARTESIAN_POINT('',(0.14,-0.35,1.5));
#1122 = VECTOR('',#1123,1.);
#1123 = DIRECTION('',(0.,1.,3.330669073875E-16));
#1124 = ORIENTED_EDGE('',*,*,#1071,.T.);
#1125 = ORIENTED_EDGE('',*,*,#687,.F.);
#1126 = PLANE('',#1127);
#1127 = AXIS2_PLACEMENT_3D('',#1128,#1129,#1130);
#1128 = CARTESIAN_POINT('',(-0.15,-0.35,1.5));
#1129 = DIRECTION('',(0.,3.330669073875E-16,-1.));
#1130 = DIRECTION('',(1.,0.,0.));
#1131 = ADVANCED_FACE('',(#1132),#1269,.T.);
#1132 = FACE_BOUND('',#1133,.T.);
#1133 = EDGE_LOOP('',(#1134,#1144,#1153,#1161,#1170,#1178,#1186,#1194,
    #1203,#1211,#1220,#1228,#1237,#1243,#1244,#1245,#1254,#1262));
#1134 = ORIENTED_EDGE('',*,*,#1135,.T.);
#1135 = EDGE_CURVE('',#1136,#1138,#1140,.T.);
#1136 = VERTEX_POINT('',#1137);
#1137 = CARTESIAN_POINT('',(-0.162230377286,-0.35,-0.540767924286));
#1138 = VERTEX_POINT('',#1139);
#1139 = CARTESIAN_POINT('',(-0.425000733956,-0.35,-1.416669113186));
#1140 = LINE('',#1141,#1142);
#1141 = CARTESIAN_POINT('',(-0.15,-0.35,-0.5));
#1142 = VECTOR('',#1143,1.);
#1143 = DIRECTION('',(-0.287347885566,5.31700397722E-16,-0.957826285221)
  );
#1144 = ORIENTED_EDGE('',*,*,#1145,.T.);
#1145 = EDGE_CURVE('',#1138,#1146,#1148,.T.);
#1146 = VERTEX_POINT('',#1147);
#1147 = CARTESIAN_POINT('',(-0.425000733956,-0.35,-1.583330886814));
#1148 = CIRCLE('',#1149,0.29);
#1149 = AXIS2_PLACEMENT_3D('',#1150,#1151,#1152);
#1150 = CARTESIAN_POINT('',(-0.147231111242,-0.35,-1.5));
#1151 = DIRECTION('',(0.,-1.,-3.330669073875E-16));
#1152 = DIRECTION('',(0.,-3.330669073875E-16,1.));
#1153 = ORIENTED_EDGE('',*,*,#1154,.T.);
#1154 = EDGE_CURVE('',#1146,#1155,#1157,.T.);
#1155 = VERTEX_POINT('',#1156);
#1156 = CARTESIAN_POINT('',(-0.162230377286,-0.35,-2.459232075714));
#1157 = LINE('',#1158,#1159);
#1158 = CARTESIAN_POINT('',(-0.45,-0.35,-1.5));
#1159 = VECTOR('',#1160,1.);
#1160 = DIRECTION('',(0.287347885566,5.31700397722E-16,-0.957826285221)
  );
#1161 = ORIENTED_EDGE('',*,*,#1162,.F.);
#1162 = EDGE_CURVE('',#1163,#1155,#1165,.T.);
#1163 = VERTEX_POINT('',#1164);
#1164 = CARTESIAN_POINT('',(-0.15,-0.35,-2.542562962528));
#1165 = CIRCLE('',#1166,0.29);
#1166 = AXIS2_PLACEMENT_3D('',#1167,#1168,#1169);
#1167 = CARTESIAN_POINT('',(-0.44,-0.35,-2.542562962528));
#1168 = DIRECTION('',(0.,-1.,-3.330669073875E-16));
#1169 = DIRECTION('',(0.,-3.330669073875E-16,1.));
#1170 = ORIENTED_EDGE('',*,*,#1171,.F.);
#1171 = EDGE_CURVE('',#1172,#1163,#1174,.T.);
#1172 = VERTEX_POINT('',#1173);
#1173 = CARTESIAN_POINT('',(-0.15,-0.35,-3.5));
#1174 = LINE('',#1175,#1176);
#1175 = CARTESIAN_POINT('',(-0.15,-0.35,-3.5));
#1176 = VECTOR('',#1177,1.);
#1177 = DIRECTION('',(0.,-5.551115123126E-16,1.));
#1178 = ORIENTED_EDGE('',*,*,#1179,.F.);
#1179 = EDGE_CURVE('',#1180,#1172,#1182,.T.);
#1180 = VERTEX_POINT('',#1181);
#1181 = CARTESIAN_POINT('',(0.15,-0.35,-3.5));
#1182 = LINE('',#1183,#1184);
#1183 = CARTESIAN_POINT('',(0.15,-0.35,-3.5));
#1184 = VECTOR('',#1185,1.);
#1185 = DIRECTION('',(-1.,-0.,0.));
#1186 = ORIENTED_EDGE('',*,*,#1187,.F.);
#1187 = EDGE_CURVE('',#1188,#1180,#1190,.T.);
#1188 = VERTEX_POINT('',#1189);
#1189 = CARTESIAN_POINT('',(0.15,-0.35,-2.542562962528));
#1190 = LINE('',#1191,#1192);
#1191 = CARTESIAN_POINT('',(0.15,-0.35,-2.5));
#1192 = VECTOR('',#1193,1.);
#1193 = DIRECTION('',(0.,5.551115123126E-16,-1.));
#1194 = ORIENTED_EDGE('',*,*,#1195,.F.);
#1195 = EDGE_CURVE('',#1196,#1188,#1198,.T.);
#1196 = VERTEX_POINT('',#1197);
#1197 = CARTESIAN_POINT('',(0.137769622714,-0.35,-2.459232075714));
#1198 = CIRCLE('',#1199,0.29);
#1199 = AXIS2_PLACEMENT_3D('',#1200,#1201,#1202);
#1200 = CARTESIAN_POINT('',(-0.14,-0.35,-2.542562962528));
#1201 = DIRECTION('',(-0.,1.,3.330669073875E-16));
#1202 = DIRECTION('',(0.,-3.330669073875E-16,1.));
#1203 = ORIENTED_EDGE('',*,*,#1204,.T.);
#1204 = EDGE_CURVE('',#1196,#1205,#1207,.T.);
#1205 = VERTEX_POINT('',#1206);
#1206 = CARTESIAN_POINT('',(-0.125000733956,-0.35,-1.583330886814));
#1207 = LINE('',#1208,#1209);
#1208 = CARTESIAN_POINT('',(0.15,-0.35,-2.5));
#1209 = VECTOR('',#1210,1.);
#1210 = DIRECTION('',(-0.287347885566,-5.31700397722E-16,0.957826285221)
  );
#1211 = ORIENTED_EDGE('',*,*,#1212,.F.);
#1212 = EDGE_CURVE('',#1213,#1205,#1215,.T.);
#1213 = VERTEX_POINT('',#1214);
#1214 = CARTESIAN_POINT('',(-0.125000733956,-0.35,-1.416669113186));
#1215 = CIRCLE('',#1216,0.29);
#1216 = AXIS2_PLACEMENT_3D('',#1217,#1218,#1219);
#1217 = CARTESIAN_POINT('',(0.152768888758,-0.35,-1.5));
#1218 = DIRECTION('',(0.,-1.,-3.330669073875E-16));
#1219 = DIRECTION('',(0.,-3.330669073875E-16,1.));
#1220 = ORIENTED_EDGE('',*,*,#1221,.T.);
#1221 = EDGE_CURVE('',#1213,#1222,#1224,.T.);
#1222 = VERTEX_POINT('',#1223);
#1223 = CARTESIAN_POINT('',(0.137769622714,-0.35,-0.540767924286));
#1224 = LINE('',#1225,#1226);
#1225 = CARTESIAN_POINT('',(-0.15,-0.35,-1.5));
#1226 = VECTOR('',#1227,1.);
#1227 = DIRECTION('',(0.287347885566,-5.31700397722E-16,0.957826285221)
  );
#1228 = ORIENTED_EDGE('',*,*,#1229,.F.);
#1229 = EDGE_CURVE('',#1230,#1222,#1232,.T.);
#1230 = VERTEX_POINT('',#1231);
#1231 = CARTESIAN_POINT('',(0.15,-0.35,-0.457437037472));
#1232 = CIRCLE('',#1233,0.29);
#1233 = AXIS2_PLACEMENT_3D('',#1234,#1235,#1236);
#1234 = CARTESIAN_POINT('',(-0.14,-0.35,-0.457437037472));
#1235 = DIRECTION('',(-0.,1.,3.330669073875E-16));
#1236 = DIRECTION('',(0.,-3.330669073875E-16,1.));
#1237 = ORIENTED_EDGE('',*,*,#1238,.F.);
#1238 = EDGE_CURVE('',#672,#1230,#1239,.T.);
#1239 = LINE('',#1240,#1241);
#1240 = CARTESIAN_POINT('',(0.15,-0.35,1.5));
#1241 = VECTOR('',#1242,1.);
#1242 = DIRECTION('',(0.,5.551115123126E-16,-1.));
#1243 = ORIENTED_EDGE('',*,*,#679,.F.);
#1244 = ORIENTED_EDGE('',*,*,#1111,.F.);
#1245 = ORIENTED_EDGE('',*,*,#1246,.F.);
#1246 = EDGE_CURVE('',#1247,#1112,#1249,.T.);
#1247 = VERTEX_POINT('',#1248);
#1248 = CARTESIAN_POINT('',(-0.15,-0.35,1.21));
#1249 = CIRCLE('',#1250,0.29);
#1250 = AXIS2_PLACEMENT_3D('',#1251,#1252,#1253);
#1251 = CARTESIAN_POINT('',(0.14,-0.35,1.21));
#1252 = DIRECTION('',(-0.,1.,3.330669073875E-16));
#1253 = DIRECTION('',(0.,-3.330669073875E-16,1.));
#1254 = ORIENTED_EDGE('',*,*,#1255,.F.);
#1255 = EDGE_CURVE('',#1256,#1247,#1258,.T.);
#1256 = VERTEX_POINT('',#1257);
#1257 = CARTESIAN_POINT('',(-0.15,-0.35,-0.457437037472));
#1258 = LINE('',#1259,#1260);
#1259 = CARTESIAN_POINT('',(-0.15,-0.35,-0.5));
#1260 = VECTOR('',#1261,1.);
#1261 = DIRECTION('',(0.,-5.551115123126E-16,1.));
#1262 = ORIENTED_EDGE('',*,*,#1263,.F.);
#1263 = EDGE_CURVE('',#1136,#1256,#1264,.T.);
#1264 = CIRCLE('',#1265,0.29);
#1265 = AXIS2_PLACEMENT_3D('',#1266,#1267,#1268);
#1266 = CARTESIAN_POINT('',(-0.44,-0.35,-0.457437037472));
#1267 = DIRECTION('',(0.,-1.,-3.330669073875E-16));
#1268 = DIRECTION('',(0.,-3.330669073875E-16,1.));
#1269 = PLANE('',#1270);
#1270 = AXIS2_PLACEMENT_3D('',#1271,#1272,#1273);
#1271 = CARTESIAN_POINT('',(-0.15,-0.35,-0.5));
#1272 = DIRECTION('',(1.64346021921E-31,-1.,-5.551115123126E-16));
#1273 = DIRECTION('',(0.,5.551115123126E-16,-1.));
#1274 = ADVANCED_FACE('',(#1275),#1419,.T.);
#1275 = FACE_BOUND('',#1276,.T.);
#1276 = EDGE_LOOP('',(#1277,#1287,#1296,#1304,#1313,#1321,#1329,#1337,
    #1346,#1354,#1363,#1371,#1380,#1386,#1387,#1395,#1404,#1412));
#1277 = ORIENTED_EDGE('',*,*,#1278,.T.);
#1278 = EDGE_CURVE('',#1279,#1281,#1283,.T.);
#1279 = VERTEX_POINT('',#1280);
#1280 = CARTESIAN_POINT('',(-0.162230377286,-4.85,-0.540767924286));
#1281 = VERTEX_POINT('',#1282);
#1282 = CARTESIAN_POINT('',(-0.425000733956,-4.85,-1.416669113186));
#1283 = LINE('',#1284,#1285);
#1284 = CARTESIAN_POINT('',(-0.15,-4.85,-0.5));
#1285 = VECTOR('',#1286,1.);
#1286 = DIRECTION('',(-0.287347885566,5.31700397722E-16,-0.957826285221)
  );
#1287 = ORIENTED_EDGE('',*,*,#1288,.T.);
#1288 = EDGE_CURVE('',#1281,#1289,#1291,.T.);
#1289 = VERTEX_POINT('',#1290);
#1290 = CARTESIAN_POINT('',(-0.425000733956,-4.85,-1.583330886814));
#1291 = CIRCLE('',#1292,0.29);
#1292 = AXIS2_PLACEMENT_3D('',#1293,#1294,#1295);
#1293 = CARTESIAN_POINT('',(-0.147231111242,-4.85,-1.5));
#1294 = DIRECTION('',(0.,-1.,-3.330669073875E-16));
#1295 = DIRECTION('',(0.,-3.330669073875E-16,1.));
#1296 = ORIENTED_EDGE('',*,*,#1297,.T.);
#1297 = EDGE_CURVE('',#1289,#1298,#1300,.T.);
#1298 = VERTEX_POINT('',#1299);
#1299 = CARTESIAN_POINT('',(-0.162230377286,-4.85,-2.459232075714));
#1300 = LINE('',#1301,#1302);
#1301 = CARTESIAN_POINT('',(-0.45,-4.85,-1.5));
#1302 = VECTOR('',#1303,1.);
#1303 = DIRECTION('',(0.287347885566,5.31700397722E-16,-0.957826285221)
  );
#1304 = ORIENTED_EDGE('',*,*,#1305,.F.);
#1305 = EDGE_CURVE('',#1306,#1298,#1308,.T.);
#1306 = VERTEX_POINT('',#1307);
#1307 = CARTESIAN_POINT('',(-0.15,-4.85,-2.542562962528));
#1308 = CIRCLE('',#1309,0.29);
#1309 = AXIS2_PLACEMENT_3D('',#1310,#1311,#1312);
#1310 = CARTESIAN_POINT('',(-0.44,-4.85,-2.542562962528));
#1311 = DIRECTION('',(0.,-1.,-3.330669073875E-16));
#1312 = DIRECTION('',(0.,-3.330669073875E-16,1.));
#1313 = ORIENTED_EDGE('',*,*,#1314,.F.);
#1314 = EDGE_CURVE('',#1315,#1306,#1317,.T.);
#1315 = VERTEX_POINT('',#1316);
#1316 = CARTESIAN_POINT('',(-0.15,-4.85,-3.5));
#1317 = LINE('',#1318,#1319);
#1318 = CARTESIAN_POINT('',(-0.15,-4.85,-3.5));
#1319 = VECTOR('',#1320,1.);
#1320 = DIRECTION('',(0.,-5.551115123126E-16,1.));
#1321 = ORIENTED_EDGE('',*,*,#1322,.F.);
#1322 = EDGE_CURVE('',#1323,#1315,#1325,.T.);
#1323 = VERTEX_POINT('',#1324);
#1324 = CARTESIAN_POINT('',(0.15,-4.85,-3.5));
#1325 = LINE('',#1326,#1327);
#1326 = CARTESIAN_POINT('',(0.15,-4.85,-3.5));
#1327 = VECTOR('',#1328,1.);
#1328 = DIRECTION('',(-1.,-0.,0.));
#1329 = ORIENTED_EDGE('',*,*,#1330,.F.);
#1330 = EDGE_CURVE('',#1331,#1323,#1333,.T.);
#1331 = VERTEX_POINT('',#1332);
#1332 = CARTESIAN_POINT('',(0.15,-4.85,-2.542562962528));
#1333 = LINE('',#1334,#1335);
#1334 = CARTESIAN_POINT('',(0.15,-4.85,-2.5));
#1335 = VECTOR('',#1336,1.);
#1336 = DIRECTION('',(0.,5.551115123126E-16,-1.));
#1337 = ORIENTED_EDGE('',*,*,#1338,.F.);
#1338 = EDGE_CURVE('',#1339,#1331,#1341,.T.);
#1339 = VERTEX_POINT('',#1340);
#1340 = CARTESIAN_POINT('',(0.137769622714,-4.85,-2.459232075714));
#1341 = CIRCLE('',#1342,0.29);
#1342 = AXIS2_PLACEMENT_3D('',#1343,#1344,#1345);
#1343 = CARTESIAN_POINT('',(-0.14,-4.85,-2.542562962528));
#1344 = DIRECTION('',(-0.,1.,3.330669073875E-16));
#1345 = DIRECTION('',(0.,-3.330669073875E-16,1.));
#1346 = ORIENTED_EDGE('',*,*,#1347,.T.);
#1347 = EDGE_CURVE('',#1339,#1348,#1350,.T.);
#1348 = VERTEX_POINT('',#1349);
#1349 = CARTESIAN_POINT('',(-0.125000733956,-4.85,-1.583330886814));
#1350 = LINE('',#1351,#1352);
#1351 = CARTESIAN_POINT('',(0.15,-4.85,-2.5));
#1352 = VECTOR('',#1353,1.);
#1353 = DIRECTION('',(-0.287347885566,-5.31700397722E-16,0.957826285221)
  );
#1354 = ORIENTED_EDGE('',*,*,#1355,.F.);
#1355 = EDGE_CURVE('',#1356,#1348,#1358,.T.);
#1356 = VERTEX_POINT('',#1357);
#1357 = CARTESIAN_POINT('',(-0.125000733956,-4.85,-1.416669113186));
#1358 = CIRCLE('',#1359,0.29);
#1359 = AXIS2_PLACEMENT_3D('',#1360,#1361,#1362);
#1360 = CARTESIAN_POINT('',(0.152768888758,-4.85,-1.5));
#1361 = DIRECTION('',(0.,-1.,-3.330669073875E-16));
#1362 = DIRECTION('',(0.,-3.330669073875E-16,1.));
#1363 = ORIENTED_EDGE('',*,*,#1364,.T.);
#1364 = EDGE_CURVE('',#1356,#1365,#1367,.T.);
#1365 = VERTEX_POINT('',#1366);
#1366 = CARTESIAN_POINT('',(0.137769622714,-4.85,-0.540767924286));
#1367 = LINE('',#1368,#1369);
#1368 = CARTESIAN_POINT('',(-0.15,-4.85,-1.5));
#1369 = VECTOR('',#1370,1.);
#1370 = DIRECTION('',(0.287347885566,-5.31700397722E-16,0.957826285221)
  );
#1371 = ORIENTED_EDGE('',*,*,#1372,.F.);
#1372 = EDGE_CURVE('',#1373,#1365,#1375,.T.);
#1373 = VERTEX_POINT('',#1374);
#1374 = CARTESIAN_POINT('',(0.15,-4.85,-0.457437037472));
#1375 = CIRCLE('',#1376,0.29);
#1376 = AXIS2_PLACEMENT_3D('',#1377,#1378,#1379);
#1377 = CARTESIAN_POINT('',(-0.14,-4.85,-0.457437037472));
#1378 = DIRECTION('',(-0.,1.,3.330669073875E-16));
#1379 = DIRECTION('',(0.,-3.330669073875E-16,1.));
#1380 = ORIENTED_EDGE('',*,*,#1381,.F.);
#1381 = EDGE_CURVE('',#640,#1373,#1382,.T.);
#1382 = LINE('',#1383,#1384);
#1383 = CARTESIAN_POINT('',(0.15,-4.85,1.5));
#1384 = VECTOR('',#1385,1.);
#1385 = DIRECTION('',(0.,5.551115123126E-16,-1.));
#1386 = ORIENTED_EDGE('',*,*,#647,.F.);
#1387 = ORIENTED_EDGE('',*,*,#1388,.F.);
#1388 = EDGE_CURVE('',#1389,#648,#1391,.T.);
#1389 = VERTEX_POINT('',#1390);
#1390 = CARTESIAN_POINT('',(0.14,-4.85,1.5));
#1391 = LINE('',#1392,#1393);
#1392 = CARTESIAN_POINT('',(-0.15,-4.85,1.5));
#1393 = VECTOR('',#1394,1.);
#1394 = DIRECTION('',(1.,0.,0.));
#1395 = ORIENTED_EDGE('',*,*,#1396,.F.);
#1396 = EDGE_CURVE('',#1397,#1389,#1399,.T.);
#1397 = VERTEX_POINT('',#1398);
#1398 = CARTESIAN_POINT('',(-0.15,-4.85,1.21));
#1399 = CIRCLE('',#1400,0.29);
#1400 = AXIS2_PLACEMENT_3D('',#1401,#1402,#1403);
#1401 = CARTESIAN_POINT('',(0.14,-4.85,1.21));
#1402 = DIRECTION('',(-0.,1.,3.330669073875E-16));
#1403 = DIRECTION('',(0.,-3.330669073875E-16,1.));
#1404 = ORIENTED_EDGE('',*,*,#1405,.F.);
#1405 = EDGE_CURVE('',#1406,#1397,#1408,.T.);
#1406 = VERTEX_POINT('',#1407);
#1407 = CARTESIAN_POINT('',(-0.15,-4.85,-0.457437037472));
#1408 = LINE('',#1409,#1410);
#1409 = CARTESIAN_POINT('',(-0.15,-4.85,-0.5));
#1410 = VECTOR('',#1411,1.);
#1411 = DIRECTION('',(0.,-5.551115123126E-16,1.));
#1412 = ORIENTED_EDGE('',*,*,#1413,.F.);
#1413 = EDGE_CURVE('',#1279,#1406,#1414,.T.);
#1414 = CIRCLE('',#1415,0.29);
#1415 = AXIS2_PLACEMENT_3D('',#1416,#1417,#1418);
#1416 = CARTESIAN_POINT('',(-0.44,-4.85,-0.457437037472));
#1417 = DIRECTION('',(0.,-1.,-3.330669073875E-16));
#1418 = DIRECTION('',(0.,-3.330669073875E-16,1.));
#1419 = PLANE('',#1420);
#1420 = AXIS2_PLACEMENT_3D('',#1421,#1422,#1423);
#1421 = CARTESIAN_POINT('',(-0.15,-4.85,-0.5));
#1422 = DIRECTION('',(0.,-1.,-3.330669073875E-16));
#1423 = DIRECTION('',(0.,3.330669073875E-16,-1.));
#1424 = ADVANCED_FACE('',(#1425),#1569,.F.);
#1425 = FACE_BOUND('',#1426,.F.);
#1426 = EDGE_LOOP('',(#1427,#1437,#1446,#1454,#1463,#1471,#1479,#1487,
    #1496,#1504,#1513,#1521,#1530,#1536,#1537,#1545,#1554,#1562));
#1427 = ORIENTED_EDGE('',*,*,#1428,.T.);
#1428 = EDGE_CURVE('',#1429,#1431,#1433,.T.);
#1429 = VERTEX_POINT('',#1430);
#1430 = CARTESIAN_POINT('',(-0.162230377286,-4.15,-0.540767924286));
#1431 = VERTEX_POINT('',#1432);
#1432 = CARTESIAN_POINT('',(-0.425000733956,-4.15,-1.416669113186));
#1433 = LINE('',#1434,#1435);
#1434 = CARTESIAN_POINT('',(-0.15,-4.15,-0.5));
#1435 = VECTOR('',#1436,1.);
#1436 = DIRECTION('',(-0.287347885566,5.31700397722E-16,-0.957826285221)
  );
#1437 = ORIENTED_EDGE('',*,*,#1438,.T.);
#1438 = EDGE_CURVE('',#1431,#1439,#1441,.T.);
#1439 = VERTEX_POINT('',#1440);
#1440 = CARTESIAN_POINT('',(-0.425000733956,-4.15,-1.583330886814));
#1441 = CIRCLE('',#1442,0.29);
#1442 = AXIS2_PLACEMENT_3D('',#1443,#1444,#1445);
#1443 = CARTESIAN_POINT('',(-0.147231111242,-4.15,-1.5));
#1444 = DIRECTION('',(0.,-1.,-3.330669073875E-16));
#1445 = DIRECTION('',(0.,-3.330669073875E-16,1.));
#1446 = ORIENTED_EDGE('',*,*,#1447,.T.);
#1447 = EDGE_CURVE('',#1439,#1448,#1450,.T.);
#1448 = VERTEX_POINT('',#1449);
#1449 = CARTESIAN_POINT('',(-0.162230377286,-4.15,-2.459232075714));
#1450 = LINE('',#1451,#1452);
#1451 = CARTESIAN_POINT('',(-0.45,-4.15,-1.5));
#1452 = VECTOR('',#1453,1.);
#1453 = DIRECTION('',(0.287347885566,5.31700397722E-16,-0.957826285221)
  );
#1454 = ORIENTED_EDGE('',*,*,#1455,.F.);
#1455 = EDGE_CURVE('',#1456,#1448,#1458,.T.);
#1456 = VERTEX_POINT('',#1457);
#1457 = CARTESIAN_POINT('',(-0.15,-4.15,-2.542562962528));
#1458 = CIRCLE('',#1459,0.29);
#1459 = AXIS2_PLACEMENT_3D('',#1460,#1461,#1462);
#1460 = CARTESIAN_POINT('',(-0.44,-4.15,-2.542562962528));
#1461 = DIRECTION('',(0.,-1.,-3.330669073875E-16));
#1462 = DIRECTION('',(0.,-3.330669073875E-16,1.));
#1463 = ORIENTED_EDGE('',*,*,#1464,.F.);
#1464 = EDGE_CURVE('',#1465,#1456,#1467,.T.);
#1465 = VERTEX_POINT('',#1466);
#1466 = CARTESIAN_POINT('',(-0.15,-4.15,-3.5));
#1467 = LINE('',#1468,#1469);
#1468 = CARTESIAN_POINT('',(-0.15,-4.15,-3.5));
#1469 = VECTOR('',#1470,1.);
#1470 = DIRECTION('',(0.,-5.551115123126E-16,1.));
#1471 = ORIENTED_EDGE('',*,*,#1472,.F.);
#1472 = EDGE_CURVE('',#1473,#1465,#1475,.T.);
#1473 = VERTEX_POINT('',#1474);
#1474 = CARTESIAN_POINT('',(0.15,-4.15,-3.5));
#1475 = LINE('',#1476,#1477);
#1476 = CARTESIAN_POINT('',(0.15,-4.15,-3.5));
#1477 = VECTOR('',#1478,1.);
#1478 = DIRECTION('',(-1.,-0.,0.));
#1479 = ORIENTED_EDGE('',*,*,#1480,.F.);
#1480 = EDGE_CURVE('',#1481,#1473,#1483,.T.);
#1481 = VERTEX_POINT('',#1482);
#1482 = CARTESIAN_POINT('',(0.15,-4.15,-2.542562962528));
#1483 = LINE('',#1484,#1485);
#1484 = CARTESIAN_POINT('',(0.15,-4.15,-2.5));
#1485 = VECTOR('',#1486,1.);
#1486 = DIRECTION('',(0.,5.551115123126E-16,-1.));
#1487 = ORIENTED_EDGE('',*,*,#1488,.F.);
#1488 = EDGE_CURVE('',#1489,#1481,#1491,.T.);
#1489 = VERTEX_POINT('',#1490);
#1490 = CARTESIAN_POINT('',(0.137769622714,-4.15,-2.459232075714));
#1491 = CIRCLE('',#1492,0.29);
#1492 = AXIS2_PLACEMENT_3D('',#1493,#1494,#1495);
#1493 = CARTESIAN_POINT('',(-0.14,-4.15,-2.542562962528));
#1494 = DIRECTION('',(-0.,1.,3.330669073875E-16));
#1495 = DIRECTION('',(0.,-3.330669073875E-16,1.));
#1496 = ORIENTED_EDGE('',*,*,#1497,.T.);
#1497 = EDGE_CURVE('',#1489,#1498,#1500,.T.);
#1498 = VERTEX_POINT('',#1499);
#1499 = CARTESIAN_POINT('',(-0.125000733956,-4.15,-1.583330886814));
#1500 = LINE('',#1501,#1502);
#1501 = CARTESIAN_POINT('',(0.15,-4.15,-2.5));
#1502 = VECTOR('',#1503,1.);
#1503 = DIRECTION('',(-0.287347885566,-5.31700397722E-16,0.957826285221)
  );
#1504 = ORIENTED_EDGE('',*,*,#1505,.F.);
#1505 = EDGE_CURVE('',#1506,#1498,#1508,.T.);
#1506 = VERTEX_POINT('',#1507);
#1507 = CARTESIAN_POINT('',(-0.125000733956,-4.15,-1.416669113186));
#1508 = CIRCLE('',#1509,0.29);
#1509 = AXIS2_PLACEMENT_3D('',#1510,#1511,#1512);
#1510 = CARTESIAN_POINT('',(0.152768888758,-4.15,-1.5));
#1511 = DIRECTION('',(0.,-1.,-3.330669073875E-16));
#1512 = DIRECTION('',(0.,-3.330669073875E-16,1.));
#1513 = ORIENTED_EDGE('',*,*,#1514,.T.);
#1514 = EDGE_CURVE('',#1506,#1515,#1517,.T.);
#1515 = VERTEX_POINT('',#1516);
#1516 = CARTESIAN_POINT('',(0.137769622714,-4.15,-0.540767924286));
#1517 = LINE('',#1518,#1519);
#1518 = CARTESIAN_POINT('',(-0.15,-4.15,-1.5));
#1519 = VECTOR('',#1520,1.);
#1520 = DIRECTION('',(0.287347885566,-5.31700397722E-16,0.957826285221)
  );
#1521 = ORIENTED_EDGE('',*,*,#1522,.F.);
#1522 = EDGE_CURVE('',#1523,#1515,#1525,.T.);
#1523 = VERTEX_POINT('',#1524);
#1524 = CARTESIAN_POINT('',(0.15,-4.15,-0.457437037472));
#1525 = CIRCLE('',#1526,0.29);
#1526 = AXIS2_PLACEMENT_3D('',#1527,#1528,#1529);
#1527 = CARTESIAN_POINT('',(-0.14,-4.15,-0.457437037472));
#1528 = DIRECTION('',(-0.,1.,3.330669073875E-16));
#1529 = DIRECTION('',(0.,-3.330669073875E-16,1.));
#1530 = ORIENTED_EDGE('',*,*,#1531,.F.);
#1531 = EDGE_CURVE('',#664,#1523,#1532,.T.);
#1532 = LINE('',#1533,#1534);
#1533 = CARTESIAN_POINT('',(0.15,-4.15,1.5));
#1534 = VECTOR('',#1535,1.);
#1535 = DIRECTION('',(0.,5.551115123126E-16,-1.));
#1536 = ORIENTED_EDGE('',*,*,#663,.F.);
#1537 = ORIENTED_EDGE('',*,*,#1538,.F.);
#1538 = EDGE_CURVE('',#1539,#656,#1541,.T.);
#1539 = VERTEX_POINT('',#1540);
#1540 = CARTESIAN_POINT('',(0.14,-4.15,1.5));
#1541 = LINE('',#1542,#1543);
#1542 = CARTESIAN_POINT('',(-0.15,-4.15,1.5));
#1543 = VECTOR('',#1544,1.);
#1544 = DIRECTION('',(1.,0.,0.));
#1545 = ORIENTED_EDGE('',*,*,#1546,.F.);
#1546 = EDGE_CURVE('',#1547,#1539,#1549,.T.);
#1547 = VERTEX_POINT('',#1548);
#1548 = CARTESIAN_POINT('',(-0.15,-4.15,1.21));
#1549 = CIRCLE('',#1550,0.29);
#1550 = AXIS2_PLACEMENT_3D('',#1551,#1552,#1553);
#1551 = CARTESIAN_POINT('',(0.14,-4.15,1.21));
#1552 = DIRECTION('',(-0.,1.,3.330669073875E-16));
#1553 = DIRECTION('',(0.,-3.330669073875E-16,1.));
#1554 = ORIENTED_EDGE('',*,*,#1555,.F.);
#1555 = EDGE_CURVE('',#1556,#1547,#1558,.T.);
#1556 = VERTEX_POINT('',#1557);
#1557 = CARTESIAN_POINT('',(-0.15,-4.15,-0.457437037472));
#1558 = LINE('',#1559,#1560);
#1559 = CARTESIAN_POINT('',(-0.15,-4.15,-0.5));
#1560 = VECTOR('',#1561,1.);
#1561 = DIRECTION('',(0.,-5.551115123126E-16,1.));
#1562 = ORIENTED_EDGE('',*,*,#1563,.F.);
#1563 = EDGE_CURVE('',#1429,#1556,#1564,.T.);
#1564 = CIRCLE('',#1565,0.29);
#1565 = AXIS2_PLACEMENT_3D('',#1566,#1567,#1568);
#1566 = CARTESIAN_POINT('',(-0.44,-4.15,-0.457437037472));
#1567 = DIRECTION('',(0.,-1.,-3.330669073875E-16));
#1568 = DIRECTION('',(0.,-3.330669073875E-16,1.));
#1569 = PLANE('',#1570);
#1570 = AXIS2_PLACEMENT_3D('',#1571,#1572,#1573);
#1571 = CARTESIAN_POINT('',(-0.15,-4.15,-0.5));
#1572 = DIRECTION('',(0.,-1.,-3.330669073875E-16));
#1573 = DIRECTION('',(0.,3.330669073875E-16,-1.));
#1574 = ADVANCED_FACE('',(#1575),#1586,.F.);
#1575 = FACE_BOUND('',#1576,.F.);
#1576 = EDGE_LOOP('',(#1577,#1578,#1584,#1585));
#1577 = ORIENTED_EDGE('',*,*,#1388,.F.);
#1578 = ORIENTED_EDGE('',*,*,#1579,.T.);
#1579 = EDGE_CURVE('',#1389,#1539,#1580,.T.);
#1580 = LINE('',#1581,#1582);
#1581 = CARTESIAN_POINT('',(0.14,-4.85,1.5));
#1582 = VECTOR('',#1583,1.);
#1583 = DIRECTION('',(0.,1.,3.330669073875E-16));
#1584 = ORIENTED_EDGE('',*,*,#1538,.T.);
#1585 = ORIENTED_EDGE('',*,*,#655,.F.);
#1586 = PLANE('',#1587);
#1587 = AXIS2_PLACEMENT_3D('',#1588,#1589,#1590);
#1588 = CARTESIAN_POINT('',(-0.15,-4.85,1.5));
#1589 = DIRECTION('',(0.,3.330669073875E-16,-1.));
#1590 = DIRECTION('',(1.,0.,0.));
#1591 = ADVANCED_FACE('',(#1592),#1736,.F.);
#1592 = FACE_BOUND('',#1593,.F.);
#1593 = EDGE_LOOP('',(#1594,#1604,#1613,#1621,#1630,#1638,#1646,#1654,
    #1663,#1671,#1680,#1688,#1697,#1703,#1704,#1712,#1721,#1729));
#1594 = ORIENTED_EDGE('',*,*,#1595,.T.);
#1595 = EDGE_CURVE('',#1596,#1598,#1600,.T.);
#1596 = VERTEX_POINT('',#1597);
#1597 = CARTESIAN_POINT('',(6.462230377286,-4.85,-0.540767924286));
#1598 = VERTEX_POINT('',#1599);
#1599 = CARTESIAN_POINT('',(6.725000733956,-4.85,-1.416669113186));
#1600 = LINE('',#1601,#1602);
#1601 = CARTESIAN_POINT('',(6.45,-4.85,-0.5));
#1602 = VECTOR('',#1603,1.);
#1603 = DIRECTION('',(0.287347885566,5.31700397722E-16,-0.957826285221)
  );
#1604 = ORIENTED_EDGE('',*,*,#1605,.T.);
#1605 = EDGE_CURVE('',#1598,#1606,#1608,.T.);
#1606 = VERTEX_POINT('',#1607);
#1607 = CARTESIAN_POINT('',(6.725000733956,-4.85,-1.583330886814));
#1608 = CIRCLE('',#1609,0.29);
#1609 = AXIS2_PLACEMENT_3D('',#1610,#1611,#1612);
#1610 = CARTESIAN_POINT('',(6.447231111242,-4.85,-1.5));
#1611 = DIRECTION('',(-0.,1.,3.330669073875E-16));
#1612 = DIRECTION('',(0.,-3.330669073875E-16,1.));
#1613 = ORIENTED_EDGE('',*,*,#1614,.T.);
#1614 = EDGE_CURVE('',#1606,#1615,#1617,.T.);
#1615 = VERTEX_POINT('',#1616);
#1616 = CARTESIAN_POINT('',(6.462230377286,-4.85,-2.459232075714));
#1617 = LINE('',#1618,#1619);
#1618 = CARTESIAN_POINT('',(6.75,-4.85,-1.5));
#1619 = VECTOR('',#1620,1.);
#1620 = DIRECTION('',(-0.287347885566,5.31700397722E-16,-0.957826285221)
  );
#1621 = ORIENTED_EDGE('',*,*,#1622,.F.);
#1622 = EDGE_CURVE('',#1623,#1615,#1625,.T.);
#1623 = VERTEX_POINT('',#1624);
#1624 = CARTESIAN_POINT('',(6.45,-4.85,-2.542562962528));
#1625 = CIRCLE('',#1626,0.29);
#1626 = AXIS2_PLACEMENT_3D('',#1627,#1628,#1629);
#1627 = CARTESIAN_POINT('',(6.74,-4.85,-2.542562962528));
#1628 = DIRECTION('',(-0.,1.,3.330669073875E-16));
#1629 = DIRECTION('',(0.,-3.330669073875E-16,1.));
#1630 = ORIENTED_EDGE('',*,*,#1631,.F.);
#1631 = EDGE_CURVE('',#1632,#1623,#1634,.T.);
#1632 = VERTEX_POINT('',#1633);
#1633 = CARTESIAN_POINT('',(6.45,-4.85,-3.5));
#1634 = LINE('',#1635,#1636);
#1635 = CARTESIAN_POINT('',(6.45,-4.85,-3.5));
#1636 = VECTOR('',#1637,1.);
#1637 = DIRECTION('',(0.,-5.551115123126E-16,1.));
#1638 = ORIENTED_EDGE('',*,*,#1639,.F.);
#1639 = EDGE_CURVE('',#1640,#1632,#1642,.T.);
#1640 = VERTEX_POINT('',#1641);
#1641 = CARTESIAN_POINT('',(6.15,-4.85,-3.5));
#1642 = LINE('',#1643,#1644);
#1643 = CARTESIAN_POINT('',(6.15,-4.85,-3.5));
#1644 = VECTOR('',#1645,1.);
#1645 = DIRECTION('',(1.,0.,0.));
#1646 = ORIENTED_EDGE('',*,*,#1647,.F.);
#1647 = EDGE_CURVE('',#1648,#1640,#1650,.T.);
#1648 = VERTEX_POINT('',#1649);
#1649 = CARTESIAN_POINT('',(6.15,-4.85,-2.542562962528));
#1650 = LINE('',#1651,#1652);
#1651 = CARTESIAN_POINT('',(6.15,-4.85,-2.5));
#1652 = VECTOR('',#1653,1.);
#1653 = DIRECTION('',(0.,5.551115123126E-16,-1.));
#1654 = ORIENTED_EDGE('',*,*,#1655,.F.);
#1655 = EDGE_CURVE('',#1656,#1648,#1658,.T.);
#1656 = VERTEX_POINT('',#1657);
#1657 = CARTESIAN_POINT('',(6.162230377286,-4.85,-2.459232075714));
#1658 = CIRCLE('',#1659,0.29);
#1659 = AXIS2_PLACEMENT_3D('',#1660,#1661,#1662);
#1660 = CARTESIAN_POINT('',(6.44,-4.85,-2.542562962528));
#1661 = DIRECTION('',(0.,-1.,-3.330669073875E-16));
#1662 = DIRECTION('',(0.,-3.330669073875E-16,1.));
#1663 = ORIENTED_EDGE('',*,*,#1664,.T.);
#1664 = EDGE_CURVE('',#1656,#1665,#1667,.T.);
#1665 = VERTEX_POINT('',#1666);
#1666 = CARTESIAN_POINT('',(6.425000733956,-4.85,-1.583330886814));
#1667 = LINE('',#1668,#1669);
#1668 = CARTESIAN_POINT('',(6.15,-4.85,-2.5));
#1669 = VECTOR('',#1670,1.);
#1670 = DIRECTION('',(0.287347885566,-5.31700397722E-16,0.957826285221)
  );
#1671 = ORIENTED_EDGE('',*,*,#1672,.F.);
#1672 = EDGE_CURVE('',#1673,#1665,#1675,.T.);
#1673 = VERTEX_POINT('',#1674);
#1674 = CARTESIAN_POINT('',(6.425000733956,-4.85,-1.416669113186));
#1675 = CIRCLE('',#1676,0.29);
#1676 = AXIS2_PLACEMENT_3D('',#1677,#1678,#1679);
#1677 = CARTESIAN_POINT('',(6.147231111242,-4.85,-1.5));
#1678 = DIRECTION('',(-0.,1.,3.330669073875E-16));
#1679 = DIRECTION('',(0.,-3.330669073875E-16,1.));
#1680 = ORIENTED_EDGE('',*,*,#1681,.T.);
#1681 = EDGE_CURVE('',#1673,#1682,#1684,.T.);
#1682 = VERTEX_POINT('',#1683);
#1683 = CARTESIAN_POINT('',(6.162230377286,-4.85,-0.540767924286));
#1684 = LINE('',#1685,#1686);
#1685 = CARTESIAN_POINT('',(6.45,-4.85,-1.5));
#1686 = VECTOR('',#1687,1.);
#1687 = DIRECTION('',(-0.287347885566,-5.31700397722E-16,0.957826285221)
  );
#1688 = ORIENTED_EDGE('',*,*,#1689,.F.);
#1689 = EDGE_CURVE('',#1690,#1682,#1692,.T.);
#1690 = VERTEX_POINT('',#1691);
#1691 = CARTESIAN_POINT('',(6.15,-4.85,-0.457437037472));
#1692 = CIRCLE('',#1693,0.29);
#1693 = AXIS2_PLACEMENT_3D('',#1694,#1695,#1696);
#1694 = CARTESIAN_POINT('',(6.44,-4.85,-0.457437037472));
#1695 = DIRECTION('',(0.,-1.,-3.330669073875E-16));
#1696 = DIRECTION('',(0.,-3.330669073875E-16,1.));
#1697 = ORIENTED_EDGE('',*,*,#1698,.F.);
#1698 = EDGE_CURVE('',#710,#1690,#1699,.T.);
#1699 = LINE('',#1700,#1701);
#1700 = CARTESIAN_POINT('',(6.15,-4.85,1.5));
#1701 = VECTOR('',#1702,1.);
#1702 = DIRECTION('',(0.,5.551115123126E-16,-1.));
#1703 = ORIENTED_EDGE('',*,*,#783,.F.);
#1704 = ORIENTED_EDGE('',*,*,#1705,.F.);
#1705 = EDGE_CURVE('',#1706,#776,#1708,.T.);
#1706 = VERTEX_POINT('',#1707);
#1707 = CARTESIAN_POINT('',(6.16,-4.85,1.5));
#1708 = LINE('',#1709,#1710);
#1709 = CARTESIAN_POINT('',(6.45,-4.85,1.5));
#1710 = VECTOR('',#1711,1.);
#1711 = DIRECTION('',(-1.,-0.,0.));
#1712 = ORIENTED_EDGE('',*,*,#1713,.F.);
#1713 = EDGE_CURVE('',#1714,#1706,#1716,.T.);
#1714 = VERTEX_POINT('',#1715);
#1715 = CARTESIAN_POINT('',(6.45,-4.85,1.21));
#1716 = CIRCLE('',#1717,0.29);
#1717 = AXIS2_PLACEMENT_3D('',#1718,#1719,#1720);
#1718 = CARTESIAN_POINT('',(6.16,-4.85,1.21));
#1719 = DIRECTION('',(0.,-1.,-3.330669073875E-16));
#1720 = DIRECTION('',(0.,-3.330669073875E-16,1.));
#1721 = ORIENTED_EDGE('',*,*,#1722,.F.);
#1722 = EDGE_CURVE('',#1723,#1714,#1725,.T.);
#1723 = VERTEX_POINT('',#1724);
#1724 = CARTESIAN_POINT('',(6.45,-4.85,-0.457437037472));
#1725 = LINE('',#1726,#1727);
#1726 = CARTESIAN_POINT('',(6.45,-4.85,-0.5));
#1727 = VECTOR('',#1728,1.);
#1728 = DIRECTION('',(0.,-5.551115123126E-16,1.));
#1729 = ORIENTED_EDGE('',*,*,#1730,.F.);
#1730 = EDGE_CURVE('',#1596,#1723,#1731,.T.);
#1731 = CIRCLE('',#1732,0.29);
#1732 = AXIS2_PLACEMENT_3D('',#1733,#1734,#1735);
#1733 = CARTESIAN_POINT('',(6.74,-4.85,-0.457437037472));
#1734 = DIRECTION('',(-0.,1.,3.330669073875E-16));
#1735 = DIRECTION('',(0.,-3.330669073875E-16,1.));
#1736 = PLANE('',#1737);
#1737 = AXIS2_PLACEMENT_3D('',#1738,#1739,#1740);
#1738 = CARTESIAN_POINT('',(6.45,-4.85,-0.5));
#1739 = DIRECTION('',(0.,1.,3.330669073875E-16));
#1740 = DIRECTION('',(0.,-3.330669073875E-16,1.));
#1741 = ADVANCED_FACE('',(#1742),#1760,.T.);
#1742 = FACE_BOUND('',#1743,.T.);
#1743 = EDGE_LOOP('',(#1744,#1745,#1753,#1759));
#1744 = ORIENTED_EDGE('',*,*,#1705,.F.);
#1745 = ORIENTED_EDGE('',*,*,#1746,.T.);
#1746 = EDGE_CURVE('',#1706,#1747,#1749,.T.);
#1747 = VERTEX_POINT('',#1748);
#1748 = CARTESIAN_POINT('',(6.16,-4.15,1.5));
#1749 = LINE('',#1750,#1751);
#1750 = CARTESIAN_POINT('',(6.16,-4.85,1.5));
#1751 = VECTOR('',#1752,1.);
#1752 = DIRECTION('',(0.,1.,3.330669073875E-16));
#1753 = ORIENTED_EDGE('',*,*,#1754,.T.);
#1754 = EDGE_CURVE('',#1747,#768,#1755,.T.);
#1755 = LINE('',#1756,#1757);
#1756 = CARTESIAN_POINT('',(6.45,-4.15,1.5));
#1757 = VECTOR('',#1758,1.);
#1758 = DIRECTION('',(-1.,-0.,0.));
#1759 = ORIENTED_EDGE('',*,*,#775,.F.);
#1760 = PLANE('',#1761);
#1761 = AXIS2_PLACEMENT_3D('',#1762,#1763,#1764);
#1762 = CARTESIAN_POINT('',(6.45,-4.85,1.5));
#1763 = DIRECTION('',(0.,-3.330669073875E-16,1.));
#1764 = DIRECTION('',(-1.,0.,0.));
#1765 = ADVANCED_FACE('',(#1766),#1903,.T.);
#1766 = FACE_BOUND('',#1767,.T.);
#1767 = EDGE_LOOP('',(#1768,#1778,#1787,#1795,#1804,#1812,#1820,#1828,
    #1837,#1845,#1854,#1862,#1871,#1877,#1878,#1879,#1888,#1896));
#1768 = ORIENTED_EDGE('',*,*,#1769,.T.);
#1769 = EDGE_CURVE('',#1770,#1772,#1774,.T.);
#1770 = VERTEX_POINT('',#1771);
#1771 = CARTESIAN_POINT('',(6.462230377286,-4.15,-0.540767924286));
#1772 = VERTEX_POINT('',#1773);
#1773 = CARTESIAN_POINT('',(6.725000733956,-4.15,-1.416669113186));
#1774 = LINE('',#1775,#1776);
#1775 = CARTESIAN_POINT('',(6.45,-4.15,-0.5));
#1776 = VECTOR('',#1777,1.);
#1777 = DIRECTION('',(0.287347885566,5.31700397722E-16,-0.957826285221)
  );
#1778 = ORIENTED_EDGE('',*,*,#1779,.T.);
#1779 = EDGE_CURVE('',#1772,#1780,#1782,.T.);
#1780 = VERTEX_POINT('',#1781);
#1781 = CARTESIAN_POINT('',(6.725000733956,-4.15,-1.583330886814));
#1782 = CIRCLE('',#1783,0.29);
#1783 = AXIS2_PLACEMENT_3D('',#1784,#1785,#1786);
#1784 = CARTESIAN_POINT('',(6.447231111242,-4.15,-1.5));
#1785 = DIRECTION('',(-0.,1.,3.330669073875E-16));
#1786 = DIRECTION('',(0.,-3.330669073875E-16,1.));
#1787 = ORIENTED_EDGE('',*,*,#1788,.T.);
#1788 = EDGE_CURVE('',#1780,#1789,#1791,.T.);
#1789 = VERTEX_POINT('',#1790);
#1790 = CARTESIAN_POINT('',(6.462230377286,-4.15,-2.459232075714));
#1791 = LINE('',#1792,#1793);
#1792 = CARTESIAN_POINT('',(6.75,-4.15,-1.5));
#1793 = VECTOR('',#1794,1.);
#1794 = DIRECTION('',(-0.287347885566,5.31700397722E-16,-0.957826285221)
  );
#1795 = ORIENTED_EDGE('',*,*,#1796,.F.);
#1796 = EDGE_CURVE('',#1797,#1789,#1799,.T.);
#1797 = VERTEX_POINT('',#1798);
#1798 = CARTESIAN_POINT('',(6.45,-4.15,-2.542562962528));
#1799 = CIRCLE('',#1800,0.29);
#1800 = AXIS2_PLACEMENT_3D('',#1801,#1802,#1803);
#1801 = CARTESIAN_POINT('',(6.74,-4.15,-2.542562962528));
#1802 = DIRECTION('',(-0.,1.,3.330669073875E-16));
#1803 = DIRECTION('',(0.,-3.330669073875E-16,1.));
#1804 = ORIENTED_EDGE('',*,*,#1805,.F.);
#1805 = EDGE_CURVE('',#1806,#1797,#1808,.T.);
#1806 = VERTEX_POINT('',#1807);
#1807 = CARTESIAN_POINT('',(6.45,-4.15,-3.5));
#1808 = LINE('',#1809,#1810);
#1809 = CARTESIAN_POINT('',(6.45,-4.15,-3.5));
#1810 = VECTOR('',#1811,1.);
#1811 = DIRECTION('',(0.,-5.551115123126E-16,1.));
#1812 = ORIENTED_EDGE('',*,*,#1813,.F.);
#1813 = EDGE_CURVE('',#1814,#1806,#1816,.T.);
#1814 = VERTEX_POINT('',#1815);
#1815 = CARTESIAN_POINT('',(6.15,-4.15,-3.5));
#1816 = LINE('',#1817,#1818);
#1817 = CARTESIAN_POINT('',(6.15,-4.15,-3.5));
#1818 = VECTOR('',#1819,1.);
#1819 = DIRECTION('',(1.,0.,0.));
#1820 = ORIENTED_EDGE('',*,*,#1821,.F.);
#1821 = EDGE_CURVE('',#1822,#1814,#1824,.T.);
#1822 = VERTEX_POINT('',#1823);
#1823 = CARTESIAN_POINT('',(6.15,-4.15,-2.542562962528));
#1824 = LINE('',#1825,#1826);
#1825 = CARTESIAN_POINT('',(6.15,-4.15,-2.5));
#1826 = VECTOR('',#1827,1.);
#1827 = DIRECTION('',(0.,5.551115123126E-16,-1.));
#1828 = ORIENTED_EDGE('',*,*,#1829,.F.);
#1829 = EDGE_CURVE('',#1830,#1822,#1832,.T.);
#1830 = VERTEX_POINT('',#1831);
#1831 = CARTESIAN_POINT('',(6.162230377286,-4.15,-2.459232075714));
#1832 = CIRCLE('',#1833,0.29);
#1833 = AXIS2_PLACEMENT_3D('',#1834,#1835,#1836);
#1834 = CARTESIAN_POINT('',(6.44,-4.15,-2.542562962528));
#1835 = DIRECTION('',(0.,-1.,-3.330669073875E-16));
#1836 = DIRECTION('',(0.,-3.330669073875E-16,1.));
#1837 = ORIENTED_EDGE('',*,*,#1838,.T.);
#1838 = EDGE_CURVE('',#1830,#1839,#1841,.T.);
#1839 = VERTEX_POINT('',#1840);
#1840 = CARTESIAN_POINT('',(6.425000733956,-4.15,-1.583330886814));
#1841 = LINE('',#1842,#1843);
#1842 = CARTESIAN_POINT('',(6.15,-4.15,-2.5));
#1843 = VECTOR('',#1844,1.);
#1844 = DIRECTION('',(0.287347885566,-5.31700397722E-16,0.957826285221)
  );
#1845 = ORIENTED_EDGE('',*,*,#1846,.F.);
#1846 = EDGE_CURVE('',#1847,#1839,#1849,.T.);
#1847 = VERTEX_POINT('',#1848);
#1848 = CARTESIAN_POINT('',(6.425000733956,-4.15,-1.416669113186));
#1849 = CIRCLE('',#1850,0.29);
#1850 = AXIS2_PLACEMENT_3D('',#1851,#1852,#1853);
#1851 = CARTESIAN_POINT('',(6.147231111242,-4.15,-1.5));
#1852 = DIRECTION('',(-0.,1.,3.330669073875E-16));
#1853 = DIRECTION('',(0.,-3.330669073875E-16,1.));
#1854 = ORIENTED_EDGE('',*,*,#1855,.T.);
#1855 = EDGE_CURVE('',#1847,#1856,#1858,.T.);
#1856 = VERTEX_POINT('',#1857);
#1857 = CARTESIAN_POINT('',(6.162230377286,-4.15,-0.540767924286));
#1858 = LINE('',#1859,#1860);
#1859 = CARTESIAN_POINT('',(6.45,-4.15,-1.5));
#1860 = VECTOR('',#1861,1.);
#1861 = DIRECTION('',(-0.287347885566,-5.31700397722E-16,0.957826285221)
  );
#1862 = ORIENTED_EDGE('',*,*,#1863,.F.);
#1863 = EDGE_CURVE('',#1864,#1856,#1866,.T.);
#1864 = VERTEX_POINT('',#1865);
#1865 = CARTESIAN_POINT('',(6.15,-4.15,-0.457437037472));
#1866 = CIRCLE('',#1867,0.29);
#1867 = AXIS2_PLACEMENT_3D('',#1868,#1869,#1870);
#1868 = CARTESIAN_POINT('',(6.44,-4.15,-0.457437037472));
#1869 = DIRECTION('',(0.,-1.,-3.330669073875E-16));
#1870 = DIRECTION('',(0.,-3.330669073875E-16,1.));
#1871 = ORIENTED_EDGE('',*,*,#1872,.F.);
#1872 = EDGE_CURVE('',#760,#1864,#1873,.T.);
#1873 = LINE('',#1874,#1875);
#1874 = CARTESIAN_POINT('',(6.15,-4.15,1.5));
#1875 = VECTOR('',#1876,1.);
#1876 = DIRECTION('',(0.,5.551115123126E-16,-1.));
#1877 = ORIENTED_EDGE('',*,*,#767,.F.);
#1878 = ORIENTED_EDGE('',*,*,#1754,.F.);
#1879 = ORIENTED_EDGE('',*,*,#1880,.F.);
#1880 = EDGE_CURVE('',#1881,#1747,#1883,.T.);
#1881 = VERTEX_POINT('',#1882);
#1882 = CARTESIAN_POINT('',(6.45,-4.15,1.21));
#1883 = CIRCLE('',#1884,0.29);
#1884 = AXIS2_PLACEMENT_3D('',#1885,#1886,#1887);
#1885 = CARTESIAN_POINT('',(6.16,-4.15,1.21));
#1886 = DIRECTION('',(0.,-1.,-3.330669073875E-16));
#1887 = DIRECTION('',(0.,-3.330669073875E-16,1.));
#1888 = ORIENTED_EDGE('',*,*,#1889,.F.);
#1889 = EDGE_CURVE('',#1890,#1881,#1892,.T.);
#1890 = VERTEX_POINT('',#1891);
#1891 = CARTESIAN_POINT('',(6.45,-4.15,-0.457437037472));
#1892 = LINE('',#1893,#1894);
#1893 = CARTESIAN_POINT('',(6.45,-4.15,-0.5));
#1894 = VECTOR('',#1895,1.);
#1895 = DIRECTION('',(0.,-5.551115123126E-16,1.));
#1896 = ORIENTED_EDGE('',*,*,#1897,.F.);
#1897 = EDGE_CURVE('',#1770,#1890,#1898,.T.);
#1898 = CIRCLE('',#1899,0.29);
#1899 = AXIS2_PLACEMENT_3D('',#1900,#1901,#1902);
#1900 = CARTESIAN_POINT('',(6.74,-4.15,-0.457437037472));
#1901 = DIRECTION('',(-0.,1.,3.330669073875E-16));
#1902 = DIRECTION('',(0.,-3.330669073875E-16,1.));
#1903 = PLANE('',#1904);
#1904 = AXIS2_PLACEMENT_3D('',#1905,#1906,#1907);
#1905 = CARTESIAN_POINT('',(6.45,-4.15,-0.5));
#1906 = DIRECTION('',(0.,1.,3.330669073875E-16));
#1907 = DIRECTION('',(0.,-3.330669073875E-16,1.));
#1908 = ADVANCED_FACE('',(#1909),#2053,.T.);
#1909 = FACE_BOUND('',#1910,.T.);
#1910 = EDGE_LOOP('',(#1911,#1921,#1930,#1938,#1947,#1955,#1963,#1971,
    #1980,#1988,#1997,#2005,#2014,#2020,#2021,#2029,#2038,#2046));
#1911 = ORIENTED_EDGE('',*,*,#1912,.T.);
#1912 = EDGE_CURVE('',#1913,#1915,#1917,.T.);
#1913 = VERTEX_POINT('',#1914);
#1914 = CARTESIAN_POINT('',(6.462230377286,0.35,-0.540767924286));
#1915 = VERTEX_POINT('',#1916);
#1916 = CARTESIAN_POINT('',(6.725000733956,0.35,-1.416669113186));
#1917 = LINE('',#1918,#1919);
#1918 = CARTESIAN_POINT('',(6.45,0.35,-0.5));
#1919 = VECTOR('',#1920,1.);
#1920 = DIRECTION('',(0.287347885566,5.31700397722E-16,-0.957826285221)
  );
#1921 = ORIENTED_EDGE('',*,*,#1922,.T.);
#1922 = EDGE_CURVE('',#1915,#1923,#1925,.T.);
#1923 = VERTEX_POINT('',#1924);
#1924 = CARTESIAN_POINT('',(6.725000733956,0.35,-1.583330886814));
#1925 = CIRCLE('',#1926,0.29);
#1926 = AXIS2_PLACEMENT_3D('',#1927,#1928,#1929);
#1927 = CARTESIAN_POINT('',(6.447231111242,0.35,-1.5));
#1928 = DIRECTION('',(-0.,1.,3.330669073875E-16));
#1929 = DIRECTION('',(0.,-3.330669073875E-16,1.));
#1930 = ORIENTED_EDGE('',*,*,#1931,.T.);
#1931 = EDGE_CURVE('',#1923,#1932,#1934,.T.);
#1932 = VERTEX_POINT('',#1933);
#1933 = CARTESIAN_POINT('',(6.462230377286,0.35,-2.459232075714));
#1934 = LINE('',#1935,#1936);
#1935 = CARTESIAN_POINT('',(6.75,0.35,-1.5));
#1936 = VECTOR('',#1937,1.);
#1937 = DIRECTION('',(-0.287347885566,5.31700397722E-16,-0.957826285221)
  );
#1938 = ORIENTED_EDGE('',*,*,#1939,.F.);
#1939 = EDGE_CURVE('',#1940,#1932,#1942,.T.);
#1940 = VERTEX_POINT('',#1941);
#1941 = CARTESIAN_POINT('',(6.45,0.35,-2.542562962528));
#1942 = CIRCLE('',#1943,0.29);
#1943 = AXIS2_PLACEMENT_3D('',#1944,#1945,#1946);
#1944 = CARTESIAN_POINT('',(6.74,0.35,-2.542562962528));
#1945 = DIRECTION('',(-0.,1.,3.330669073875E-16));
#1946 = DIRECTION('',(0.,-3.330669073875E-16,1.));
#1947 = ORIENTED_EDGE('',*,*,#1948,.F.);
#1948 = EDGE_CURVE('',#1949,#1940,#1951,.T.);
#1949 = VERTEX_POINT('',#1950);
#1950 = CARTESIAN_POINT('',(6.45,0.35,-3.5));
#1951 = LINE('',#1952,#1953);
#1952 = CARTESIAN_POINT('',(6.45,0.35,-3.5));
#1953 = VECTOR('',#1954,1.);
#1954 = DIRECTION('',(0.,-5.551115123126E-16,1.));
#1955 = ORIENTED_EDGE('',*,*,#1956,.F.);
#1956 = EDGE_CURVE('',#1957,#1949,#1959,.T.);
#1957 = VERTEX_POINT('',#1958);
#1958 = CARTESIAN_POINT('',(6.15,0.35,-3.5));
#1959 = LINE('',#1960,#1961);
#1960 = CARTESIAN_POINT('',(6.15,0.35,-3.5));
#1961 = VECTOR('',#1962,1.);
#1962 = DIRECTION('',(1.,0.,0.));
#1963 = ORIENTED_EDGE('',*,*,#1964,.F.);
#1964 = EDGE_CURVE('',#1965,#1957,#1967,.T.);
#1965 = VERTEX_POINT('',#1966);
#1966 = CARTESIAN_POINT('',(6.15,0.35,-2.542562962528));
#1967 = LINE('',#1968,#1969);
#1968 = CARTESIAN_POINT('',(6.15,0.35,-2.5));
#1969 = VECTOR('',#1970,1.);
#1970 = DIRECTION('',(0.,5.551115123126E-16,-1.));
#1971 = ORIENTED_EDGE('',*,*,#1972,.F.);
#1972 = EDGE_CURVE('',#1973,#1965,#1975,.T.);
#1973 = VERTEX_POINT('',#1974);
#1974 = CARTESIAN_POINT('',(6.162230377286,0.35,-2.459232075714));
#1975 = CIRCLE('',#1976,0.29);
#1976 = AXIS2_PLACEMENT_3D('',#1977,#1978,#1979);
#1977 = CARTESIAN_POINT('',(6.44,0.35,-2.542562962528));
#1978 = DIRECTION('',(0.,-1.,-3.330669073875E-16));
#1979 = DIRECTION('',(0.,-3.330669073875E-16,1.));
#1980 = ORIENTED_EDGE('',*,*,#1981,.T.);
#1981 = EDGE_CURVE('',#1973,#1982,#1984,.T.);
#1982 = VERTEX_POINT('',#1983);
#1983 = CARTESIAN_POINT('',(6.425000733956,0.35,-1.583330886814));
#1984 = LINE('',#1985,#1986);
#1985 = CARTESIAN_POINT('',(6.15,0.35,-2.5));
#1986 = VECTOR('',#1987,1.);
#1987 = DIRECTION('',(0.287347885566,-5.31700397722E-16,0.957826285221)
  );
#1988 = ORIENTED_EDGE('',*,*,#1989,.F.);
#1989 = EDGE_CURVE('',#1990,#1982,#1992,.T.);
#1990 = VERTEX_POINT('',#1991);
#1991 = CARTESIAN_POINT('',(6.425000733956,0.35,-1.416669113186));
#1992 = CIRCLE('',#1993,0.29);
#1993 = AXIS2_PLACEMENT_3D('',#1994,#1995,#1996);
#1994 = CARTESIAN_POINT('',(6.147231111242,0.35,-1.5));
#1995 = DIRECTION('',(-0.,1.,3.330669073875E-16));
#1996 = DIRECTION('',(0.,-3.330669073875E-16,1.));
#1997 = ORIENTED_EDGE('',*,*,#1998,.T.);
#1998 = EDGE_CURVE('',#1990,#1999,#2001,.T.);
#1999 = VERTEX_POINT('',#2000);
#2000 = CARTESIAN_POINT('',(6.162230377286,0.35,-0.540767924286));
#2001 = LINE('',#2002,#2003);
#2002 = CARTESIAN_POINT('',(6.45,0.35,-1.5));
#2003 = VECTOR('',#2004,1.);
#2004 = DIRECTION('',(-0.287347885566,-5.31700397722E-16,0.957826285221)
  );
#2005 = ORIENTED_EDGE('',*,*,#2006,.F.);
#2006 = EDGE_CURVE('',#2007,#1999,#2009,.T.);
#2007 = VERTEX_POINT('',#2008);
#2008 = CARTESIAN_POINT('',(6.15,0.35,-0.457437037472));
#2009 = CIRCLE('',#2010,0.29);
#2010 = AXIS2_PLACEMENT_3D('',#2011,#2012,#2013);
#2011 = CARTESIAN_POINT('',(6.44,0.35,-0.457437037472));
#2012 = DIRECTION('',(0.,-1.,-3.330669073875E-16));
#2013 = DIRECTION('',(0.,-3.330669073875E-16,1.));
#2014 = ORIENTED_EDGE('',*,*,#2015,.F.);
#2015 = EDGE_CURVE('',#728,#2007,#2016,.T.);
#2016 = LINE('',#2017,#2018);
#2017 = CARTESIAN_POINT('',(6.15,0.35,1.5));
#2018 = VECTOR('',#2019,1.);
#2019 = DIRECTION('',(0.,5.551115123126E-16,-1.));
#2020 = ORIENTED_EDGE('',*,*,#735,.F.);
#2021 = ORIENTED_EDGE('',*,*,#2022,.F.);
#2022 = EDGE_CURVE('',#2023,#736,#2025,.T.);
#2023 = VERTEX_POINT('',#2024);
#2024 = CARTESIAN_POINT('',(6.16,0.35,1.5));
#2025 = LINE('',#2026,#2027);
#2026 = CARTESIAN_POINT('',(6.45,0.35,1.5));
#2027 = VECTOR('',#2028,1.);
#2028 = DIRECTION('',(-1.,-0.,0.));
#2029 = ORIENTED_EDGE('',*,*,#2030,.F.);
#2030 = EDGE_CURVE('',#2031,#2023,#2033,.T.);
#2031 = VERTEX_POINT('',#2032);
#2032 = CARTESIAN_POINT('',(6.45,0.35,1.21));
#2033 = CIRCLE('',#2034,0.29);
#2034 = AXIS2_PLACEMENT_3D('',#2035,#2036,#2037);
#2035 = CARTESIAN_POINT('',(6.16,0.35,1.21));
#2036 = DIRECTION('',(0.,-1.,-3.330669073875E-16));
#2037 = DIRECTION('',(0.,-3.330669073875E-16,1.));
#2038 = ORIENTED_EDGE('',*,*,#2039,.F.);
#2039 = EDGE_CURVE('',#2040,#2031,#2042,.T.);
#2040 = VERTEX_POINT('',#2041);
#2041 = CARTESIAN_POINT('',(6.45,0.35,-0.457437037472));
#2042 = LINE('',#2043,#2044);
#2043 = CARTESIAN_POINT('',(6.45,0.35,-0.5));
#2044 = VECTOR('',#2045,1.);
#2045 = DIRECTION('',(0.,-5.551115123126E-16,1.));
#2046 = ORIENTED_EDGE('',*,*,#2047,.F.);
#2047 = EDGE_CURVE('',#1913,#2040,#2048,.T.);
#2048 = CIRCLE('',#2049,0.29);
#2049 = AXIS2_PLACEMENT_3D('',#2050,#2051,#2052);
#2050 = CARTESIAN_POINT('',(6.74,0.35,-0.457437037472));
#2051 = DIRECTION('',(-0.,1.,3.330669073875E-16));
#2052 = DIRECTION('',(0.,-3.330669073875E-16,1.));
#2053 = PLANE('',#2054);
#2054 = AXIS2_PLACEMENT_3D('',#2055,#2056,#2057);
#2055 = CARTESIAN_POINT('',(6.45,0.35,-0.5));
#2056 = DIRECTION('',(1.64346021921E-31,1.,5.551115123126E-16));
#2057 = DIRECTION('',(0.,-5.551115123126E-16,1.));
#2058 = ADVANCED_FACE('',(#2059),#2203,.F.);
#2059 = FACE_BOUND('',#2060,.F.);
#2060 = EDGE_LOOP('',(#2061,#2071,#2080,#2088,#2097,#2105,#2113,#2121,
    #2130,#2138,#2147,#2155,#2164,#2170,#2171,#2179,#2188,#2196));
#2061 = ORIENTED_EDGE('',*,*,#2062,.T.);
#2062 = EDGE_CURVE('',#2063,#2065,#2067,.T.);
#2063 = VERTEX_POINT('',#2064);
#2064 = CARTESIAN_POINT('',(6.462230377286,-0.35,-0.540767924286));
#2065 = VERTEX_POINT('',#2066);
#2066 = CARTESIAN_POINT('',(6.725000733956,-0.35,-1.416669113186));
#2067 = LINE('',#2068,#2069);
#2068 = CARTESIAN_POINT('',(6.45,-0.35,-0.5));
#2069 = VECTOR('',#2070,1.);
#2070 = DIRECTION('',(0.287347885566,5.31700397722E-16,-0.957826285221)
  );
#2071 = ORIENTED_EDGE('',*,*,#2072,.T.);
#2072 = EDGE_CURVE('',#2065,#2073,#2075,.T.);
#2073 = VERTEX_POINT('',#2074);
#2074 = CARTESIAN_POINT('',(6.725000733956,-0.35,-1.583330886814));
#2075 = CIRCLE('',#2076,0.29);
#2076 = AXIS2_PLACEMENT_3D('',#2077,#2078,#2079);
#2077 = CARTESIAN_POINT('',(6.447231111242,-0.35,-1.5));
#2078 = DIRECTION('',(-0.,1.,3.330669073875E-16));
#2079 = DIRECTION('',(0.,-3.330669073875E-16,1.));
#2080 = ORIENTED_EDGE('',*,*,#2081,.T.);
#2081 = EDGE_CURVE('',#2073,#2082,#2084,.T.);
#2082 = VERTEX_POINT('',#2083);
#2083 = CARTESIAN_POINT('',(6.462230377286,-0.35,-2.459232075714));
#2084 = LINE('',#2085,#2086);
#2085 = CARTESIAN_POINT('',(6.75,-0.35,-1.5));
#2086 = VECTOR('',#2087,1.);
#2087 = DIRECTION('',(-0.287347885566,5.31700397722E-16,-0.957826285221)
  );
#2088 = ORIENTED_EDGE('',*,*,#2089,.F.);
#2089 = EDGE_CURVE('',#2090,#2082,#2092,.T.);
#2090 = VERTEX_POINT('',#2091);
#2091 = CARTESIAN_POINT('',(6.45,-0.35,-2.542562962528));
#2092 = CIRCLE('',#2093,0.29);
#2093 = AXIS2_PLACEMENT_3D('',#2094,#2095,#2096);
#2094 = CARTESIAN_POINT('',(6.74,-0.35,-2.542562962528));
#2095 = DIRECTION('',(-0.,1.,3.330669073875E-16));
#2096 = DIRECTION('',(0.,-3.330669073875E-16,1.));
#2097 = ORIENTED_EDGE('',*,*,#2098,.F.);
#2098 = EDGE_CURVE('',#2099,#2090,#2101,.T.);
#2099 = VERTEX_POINT('',#2100);
#2100 = CARTESIAN_POINT('',(6.45,-0.35,-3.5));
#2101 = LINE('',#2102,#2103);
#2102 = CARTESIAN_POINT('',(6.45,-0.35,-3.5));
#2103 = VECTOR('',#2104,1.);
#2104 = DIRECTION('',(0.,-5.551115123126E-16,1.));
#2105 = ORIENTED_EDGE('',*,*,#2106,.F.);
#2106 = EDGE_CURVE('',#2107,#2099,#2109,.T.);
#2107 = VERTEX_POINT('',#2108);
#2108 = CARTESIAN_POINT('',(6.15,-0.35,-3.5));
#2109 = LINE('',#2110,#2111);
#2110 = CARTESIAN_POINT('',(6.15,-0.35,-3.5));
#2111 = VECTOR('',#2112,1.);
#2112 = DIRECTION('',(1.,0.,0.));
#2113 = ORIENTED_EDGE('',*,*,#2114,.F.);
#2114 = EDGE_CURVE('',#2115,#2107,#2117,.T.);
#2115 = VERTEX_POINT('',#2116);
#2116 = CARTESIAN_POINT('',(6.15,-0.35,-2.542562962528));
#2117 = LINE('',#2118,#2119);
#2118 = CARTESIAN_POINT('',(6.15,-0.35,-2.5));
#2119 = VECTOR('',#2120,1.);
#2120 = DIRECTION('',(0.,5.551115123126E-16,-1.));
#2121 = ORIENTED_EDGE('',*,*,#2122,.F.);
#2122 = EDGE_CURVE('',#2123,#2115,#2125,.T.);
#2123 = VERTEX_POINT('',#2124);
#2124 = CARTESIAN_POINT('',(6.162230377286,-0.35,-2.459232075714));
#2125 = CIRCLE('',#2126,0.29);
#2126 = AXIS2_PLACEMENT_3D('',#2127,#2128,#2129);
#2127 = CARTESIAN_POINT('',(6.44,-0.35,-2.542562962528));
#2128 = DIRECTION('',(0.,-1.,-3.330669073875E-16));
#2129 = DIRECTION('',(0.,-3.330669073875E-16,1.));
#2130 = ORIENTED_EDGE('',*,*,#2131,.T.);
#2131 = EDGE_CURVE('',#2123,#2132,#2134,.T.);
#2132 = VERTEX_POINT('',#2133);
#2133 = CARTESIAN_POINT('',(6.425000733956,-0.35,-1.583330886814));
#2134 = LINE('',#2135,#2136);
#2135 = CARTESIAN_POINT('',(6.15,-0.35,-2.5));
#2136 = VECTOR('',#2137,1.);
#2137 = DIRECTION('',(0.287347885566,-5.31700397722E-16,0.957826285221)
  );
#2138 = ORIENTED_EDGE('',*,*,#2139,.F.);
#2139 = EDGE_CURVE('',#2140,#2132,#2142,.T.);
#2140 = VERTEX_POINT('',#2141);
#2141 = CARTESIAN_POINT('',(6.425000733956,-0.35,-1.416669113186));
#2142 = CIRCLE('',#2143,0.29);
#2143 = AXIS2_PLACEMENT_3D('',#2144,#2145,#2146);
#2144 = CARTESIAN_POINT('',(6.147231111242,-0.35,-1.5));
#2145 = DIRECTION('',(-0.,1.,3.330669073875E-16));
#2146 = DIRECTION('',(0.,-3.330669073875E-16,1.));
#2147 = ORIENTED_EDGE('',*,*,#2148,.T.);
#2148 = EDGE_CURVE('',#2140,#2149,#2151,.T.);
#2149 = VERTEX_POINT('',#2150);
#2150 = CARTESIAN_POINT('',(6.162230377286,-0.35,-0.540767924286));
#2151 = LINE('',#2152,#2153);
#2152 = CARTESIAN_POINT('',(6.45,-0.35,-1.5));
#2153 = VECTOR('',#2154,1.);
#2154 = DIRECTION('',(-0.287347885566,-5.31700397722E-16,0.957826285221)
  );
#2155 = ORIENTED_EDGE('',*,*,#2156,.F.);
#2156 = EDGE_CURVE('',#2157,#2149,#2159,.T.);
#2157 = VERTEX_POINT('',#2158);
#2158 = CARTESIAN_POINT('',(6.15,-0.35,-0.457437037472));
#2159 = CIRCLE('',#2160,0.29);
#2160 = AXIS2_PLACEMENT_3D('',#2161,#2162,#2163);
#2161 = CARTESIAN_POINT('',(6.44,-0.35,-0.457437037472));
#2162 = DIRECTION('',(0.,-1.,-3.330669073875E-16));
#2163 = DIRECTION('',(0.,-3.330669073875E-16,1.));
#2164 = ORIENTED_EDGE('',*,*,#2165,.F.);
#2165 = EDGE_CURVE('',#752,#2157,#2166,.T.);
#2166 = LINE('',#2167,#2168);
#2167 = CARTESIAN_POINT('',(6.15,-0.35,1.5));
#2168 = VECTOR('',#2169,1.);
#2169 = DIRECTION('',(0.,5.551115123126E-16,-1.));
#2170 = ORIENTED_EDGE('',*,*,#751,.F.);
#2171 = ORIENTED_EDGE('',*,*,#2172,.F.);
#2172 = EDGE_CURVE('',#2173,#744,#2175,.T.);
#2173 = VERTEX_POINT('',#2174);
#2174 = CARTESIAN_POINT('',(6.16,-0.35,1.5));
#2175 = LINE('',#2176,#2177);
#2176 = CARTESIAN_POINT('',(6.45,-0.35,1.5));
#2177 = VECTOR('',#2178,1.);
#2178 = DIRECTION('',(-1.,-0.,0.));
#2179 = ORIENTED_EDGE('',*,*,#2180,.F.);
#2180 = EDGE_CURVE('',#2181,#2173,#2183,.T.);
#2181 = VERTEX_POINT('',#2182);
#2182 = CARTESIAN_POINT('',(6.45,-0.35,1.21));
#2183 = CIRCLE('',#2184,0.29);
#2184 = AXIS2_PLACEMENT_3D('',#2185,#2186,#2187);
#2185 = CARTESIAN_POINT('',(6.16,-0.35,1.21));
#2186 = DIRECTION('',(0.,-1.,-3.330669073875E-16));
#2187 = DIRECTION('',(0.,-3.330669073875E-16,1.));
#2188 = ORIENTED_EDGE('',*,*,#2189,.F.);
#2189 = EDGE_CURVE('',#2190,#2181,#2192,.T.);
#2190 = VERTEX_POINT('',#2191);
#2191 = CARTESIAN_POINT('',(6.45,-0.35,-0.457437037472));
#2192 = LINE('',#2193,#2194);
#2193 = CARTESIAN_POINT('',(6.45,-0.35,-0.5));
#2194 = VECTOR('',#2195,1.);
#2195 = DIRECTION('',(0.,-5.551115123126E-16,1.));
#2196 = ORIENTED_EDGE('',*,*,#2197,.F.);
#2197 = EDGE_CURVE('',#2063,#2190,#2198,.T.);
#2198 = CIRCLE('',#2199,0.29);
#2199 = AXIS2_PLACEMENT_3D('',#2200,#2201,#2202);
#2200 = CARTESIAN_POINT('',(6.74,-0.35,-0.457437037472));
#2201 = DIRECTION('',(-0.,1.,3.330669073875E-16));
#2202 = DIRECTION('',(0.,-3.330669073875E-16,1.));
#2203 = PLANE('',#2204);
#2204 = AXIS2_PLACEMENT_3D('',#2205,#2206,#2207);
#2205 = CARTESIAN_POINT('',(6.45,-0.35,-0.5));
#2206 = DIRECTION('',(1.64346021921E-31,1.,5.551115123126E-16));
#2207 = DIRECTION('',(0.,-5.551115123126E-16,1.));
#2208 = ADVANCED_FACE('',(#2209),#2220,.T.);
#2209 = FACE_BOUND('',#2210,.T.);
#2210 = EDGE_LOOP('',(#2211,#2212,#2218,#2219));
#2211 = ORIENTED_EDGE('',*,*,#2172,.F.);
#2212 = ORIENTED_EDGE('',*,*,#2213,.T.);
#2213 = EDGE_CURVE('',#2173,#2023,#2214,.T.);
#2214 = LINE('',#2215,#2216);
#2215 = CARTESIAN_POINT('',(6.16,-0.35,1.5));
#2216 = VECTOR('',#2217,1.);
#2217 = DIRECTION('',(0.,1.,3.330669073875E-16));
#2218 = ORIENTED_EDGE('',*,*,#2022,.T.);
#2219 = ORIENTED_EDGE('',*,*,#743,.F.);
#2220 = PLANE('',#2221);
#2221 = AXIS2_PLACEMENT_3D('',#2222,#2223,#2224);
#2222 = CARTESIAN_POINT('',(6.45,-0.35,1.5));
#2223 = DIRECTION('',(0.,-3.330669073875E-16,1.));
#2224 = DIRECTION('',(-1.,0.,0.));
#2225 = ADVANCED_FACE('',(#2226),#2229,.F.);
#2226 = FACE_BOUND('',#2227,.F.);
#2227 = EDGE_LOOP('',(#2228));
#2228 = ORIENTED_EDGE('',*,*,#883,.F.);
#2229 = PLANE('',#2230);
#2230 = AXIS2_PLACEMENT_3D('',#2231,#2232,#2233);
#2231 = CARTESIAN_POINT('',(4.9,-2.25,4.3));
#2232 = DIRECTION('',(0.,0.,-1.));
#2233 = DIRECTION('',(-1.,0.,0.));
#2234 = ADVANCED_FACE('',(#2235),#2246,.F.);
#2235 = FACE_BOUND('',#2236,.F.);
#2236 = EDGE_LOOP('',(#2237,#2238,#2239,#2240));
#2237 = ORIENTED_EDGE('',*,*,#1381,.F.);
#2238 = ORIENTED_EDGE('',*,*,#920,.F.);
#2239 = ORIENTED_EDGE('',*,*,#1531,.T.);
#2240 = ORIENTED_EDGE('',*,*,#2241,.F.);
#2241 = EDGE_CURVE('',#1373,#1523,#2242,.T.);
#2242 = LINE('',#2243,#2244);
#2243 = CARTESIAN_POINT('',(0.15,-4.85,-0.457437037472));
#2244 = VECTOR('',#2245,1.);
#2245 = DIRECTION('',(0.,1.,3.330669073875E-16));
#2246 = PLANE('',#2247);
#2247 = AXIS2_PLACEMENT_3D('',#2248,#2249,#2250);
#2248 = CARTESIAN_POINT('',(0.15,-4.85,1.5));
#2249 = DIRECTION('',(-1.,0.,-0.));
#2250 = DIRECTION('',(0.,5.551115123126E-16,-1.));
#2251 = ADVANCED_FACE('',(#2252),#2263,.T.);
#2252 = FACE_BOUND('',#2253,.T.);
#2253 = EDGE_LOOP('',(#2254,#2255,#2256,#2257));
#2254 = ORIENTED_EDGE('',*,*,#1698,.F.);
#2255 = ORIENTED_EDGE('',*,*,#945,.T.);
#2256 = ORIENTED_EDGE('',*,*,#1872,.T.);
#2257 = ORIENTED_EDGE('',*,*,#2258,.F.);
#2258 = EDGE_CURVE('',#1690,#1864,#2259,.T.);
#2259 = LINE('',#2260,#2261);
#2260 = CARTESIAN_POINT('',(6.15,-4.85,-0.457437037472));
#2261 = VECTOR('',#2262,1.);
#2262 = DIRECTION('',(0.,1.,3.330669073875E-16));
#2263 = PLANE('',#2264);
#2264 = AXIS2_PLACEMENT_3D('',#2265,#2266,#2267);
#2265 = CARTESIAN_POINT('',(6.15,-4.85,1.5));
#2266 = DIRECTION('',(-1.,0.,-0.));
#2267 = DIRECTION('',(0.,5.551115123126E-16,-1.));
#2268 = ADVANCED_FACE('',(#2269),#2280,.F.);
#2269 = FACE_BOUND('',#2270,.F.);
#2270 = EDGE_LOOP('',(#2271,#2272,#2273,#2274));
#2271 = ORIENTED_EDGE('',*,*,#1238,.F.);
#2272 = ORIENTED_EDGE('',*,*,#927,.F.);
#2273 = ORIENTED_EDGE('',*,*,#1064,.T.);
#2274 = ORIENTED_EDGE('',*,*,#2275,.F.);
#2275 = EDGE_CURVE('',#1230,#1056,#2276,.T.);
#2276 = LINE('',#2277,#2278);
#2277 = CARTESIAN_POINT('',(0.15,-0.35,-0.457437037472));
#2278 = VECTOR('',#2279,1.);
#2279 = DIRECTION('',(0.,1.,3.330669073875E-16));
#2280 = PLANE('',#2281);
#2281 = AXIS2_PLACEMENT_3D('',#2282,#2283,#2284);
#2282 = CARTESIAN_POINT('',(0.15,-0.35,1.5));
#2283 = DIRECTION('',(-1.,0.,-0.));
#2284 = DIRECTION('',(0.,5.551115123126E-16,-1.));
#2285 = ADVANCED_FACE('',(#2286),#2297,.T.);
#2286 = FACE_BOUND('',#2287,.T.);
#2287 = EDGE_LOOP('',(#2288,#2289,#2290,#2291));
#2288 = ORIENTED_EDGE('',*,*,#2165,.F.);
#2289 = ORIENTED_EDGE('',*,*,#938,.T.);
#2290 = ORIENTED_EDGE('',*,*,#2015,.T.);
#2291 = ORIENTED_EDGE('',*,*,#2292,.F.);
#2292 = EDGE_CURVE('',#2157,#2007,#2293,.T.);
#2293 = LINE('',#2294,#2295);
#2294 = CARTESIAN_POINT('',(6.15,-0.35,-0.457437037472));
#2295 = VECTOR('',#2296,1.);
#2296 = DIRECTION('',(0.,1.,3.330669073875E-16));
#2297 = PLANE('',#2298);
#2298 = AXIS2_PLACEMENT_3D('',#2299,#2300,#2301);
#2299 = CARTESIAN_POINT('',(6.15,-0.35,1.5));
#2300 = DIRECTION('',(-1.,0.,-0.));
#2301 = DIRECTION('',(0.,5.551115123126E-16,-1.));
#2302 = ADVANCED_FACE('',(#2303),#2319,.T.);
#2303 = FACE_BOUND('',#2304,.T.);
#2304 = EDGE_LOOP('',(#2305,#2306,#2312,#2313));
#2305 = ORIENTED_EDGE('',*,*,#1135,.F.);
#2306 = ORIENTED_EDGE('',*,*,#2307,.T.);
#2307 = EDGE_CURVE('',#1136,#962,#2308,.T.);
#2308 = LINE('',#2309,#2310);
#2309 = CARTESIAN_POINT('',(-0.162230377286,-0.35,-0.540767924286));
#2310 = VECTOR('',#2311,1.);
#2311 = DIRECTION('',(0.,1.,3.330669073875E-16));
#2312 = ORIENTED_EDGE('',*,*,#961,.T.);
#2313 = ORIENTED_EDGE('',*,*,#2314,.F.);
#2314 = EDGE_CURVE('',#1138,#964,#2315,.T.);
#2315 = LINE('',#2316,#2317);
#2316 = CARTESIAN_POINT('',(-0.425000733956,-0.35,-1.416669113186));
#2317 = VECTOR('',#2318,1.);
#2318 = DIRECTION('',(0.,1.,3.330669073875E-16));
#2319 = PLANE('',#2320);
#2320 = AXIS2_PLACEMENT_3D('',#2321,#2322,#2323);
#2321 = CARTESIAN_POINT('',(-0.15,-0.35,-0.5));
#2322 = DIRECTION('',(-0.957826285221,-9.570607158995E-17,0.287347885566
    ));
#2323 = DIRECTION('',(-0.287347885566,5.31700397722E-16,-0.957826285221)
  );
#2324 = ADVANCED_FACE('',(#2325),#2336,.F.);
#2325 = FACE_BOUND('',#2326,.F.);
#2326 = EDGE_LOOP('',(#2327,#2328,#2329,#2335));
#2327 = ORIENTED_EDGE('',*,*,#2307,.T.);
#2328 = ORIENTED_EDGE('',*,*,#1096,.T.);
#2329 = ORIENTED_EDGE('',*,*,#2330,.F.);
#2330 = EDGE_CURVE('',#1256,#1089,#2331,.T.);
#2331 = LINE('',#2332,#2333);
#2332 = CARTESIAN_POINT('',(-0.15,-0.35,-0.457437037472));
#2333 = VECTOR('',#2334,1.);
#2334 = DIRECTION('',(0.,1.,3.330669073875E-16));
#2335 = ORIENTED_EDGE('',*,*,#1263,.F.);
#2336 = CYLINDRICAL_SURFACE('',#2337,0.29);
#2337 = AXIS2_PLACEMENT_3D('',#2338,#2339,#2340);
#2338 = CARTESIAN_POINT('',(-0.44,-0.35,-0.457437037472));
#2339 = DIRECTION('',(0.,1.,3.330669073875E-16));
#2340 = DIRECTION('',(0.957826285221,9.570607158983E-17,-0.287347885566)
  );
#2341 = ADVANCED_FACE('',(#2342),#2353,.T.);
#2342 = FACE_BOUND('',#2343,.T.);
#2343 = EDGE_LOOP('',(#2344,#2345,#2346,#2352));
#2344 = ORIENTED_EDGE('',*,*,#2314,.T.);
#2345 = ORIENTED_EDGE('',*,*,#971,.T.);
#2346 = ORIENTED_EDGE('',*,*,#2347,.F.);
#2347 = EDGE_CURVE('',#1146,#972,#2348,.T.);
#2348 = LINE('',#2349,#2350);
#2349 = CARTESIAN_POINT('',(-0.425000733956,-0.35,-1.583330886814));
#2350 = VECTOR('',#2351,1.);
#2351 = DIRECTION('',(0.,1.,3.330669073875E-16));
#2352 = ORIENTED_EDGE('',*,*,#1145,.F.);
#2353 = CYLINDRICAL_SURFACE('',#2354,0.29);
#2354 = AXIS2_PLACEMENT_3D('',#2355,#2356,#2357);
#2355 = CARTESIAN_POINT('',(-0.147231111242,-0.35,-1.5));
#2356 = DIRECTION('',(0.,1.,3.330669073875E-16));
#2357 = DIRECTION('',(-0.957826285221,-9.570607158983E-17,0.287347885566
    ));
#2358 = ADVANCED_FACE('',(#2359),#2370,.F.);
#2359 = FACE_BOUND('',#2360,.F.);
#2360 = EDGE_LOOP('',(#2361,#2362,#2363,#2364));
#2361 = ORIENTED_EDGE('',*,*,#1255,.F.);
#2362 = ORIENTED_EDGE('',*,*,#2330,.T.);
#2363 = ORIENTED_EDGE('',*,*,#1088,.T.);
#2364 = ORIENTED_EDGE('',*,*,#2365,.F.);
#2365 = EDGE_CURVE('',#1247,#1080,#2366,.T.);
#2366 = LINE('',#2367,#2368);
#2367 = CARTESIAN_POINT('',(-0.15,-0.35,1.21));
#2368 = VECTOR('',#2369,1.);
#2369 = DIRECTION('',(0.,1.,3.330669073875E-16));
#2370 = PLANE('',#2371);
#2371 = AXIS2_PLACEMENT_3D('',#2372,#2373,#2374);
#2372 = CARTESIAN_POINT('',(-0.15,-0.35,-0.5));
#2373 = DIRECTION('',(1.,0.,0.));
#2374 = DIRECTION('',(0.,-5.551115123126E-16,1.));
#2375 = ADVANCED_FACE('',(#2376),#2387,.T.);
#2376 = FACE_BOUND('',#2377,.T.);
#2377 = EDGE_LOOP('',(#2378,#2379,#2380,#2381));
#2378 = ORIENTED_EDGE('',*,*,#1154,.F.);
#2379 = ORIENTED_EDGE('',*,*,#2347,.T.);
#2380 = ORIENTED_EDGE('',*,*,#980,.T.);
#2381 = ORIENTED_EDGE('',*,*,#2382,.F.);
#2382 = EDGE_CURVE('',#1155,#981,#2383,.T.);
#2383 = LINE('',#2384,#2385);
#2384 = CARTESIAN_POINT('',(-0.162230377286,-0.35,-2.459232075714));
#2385 = VECTOR('',#2386,1.);
#2386 = DIRECTION('',(0.,1.,3.330669073875E-16));
#2387 = PLANE('',#2388);
#2388 = AXIS2_PLACEMENT_3D('',#2389,#2390,#2391);
#2389 = CARTESIAN_POINT('',(-0.45,-0.35,-1.5));
#2390 = DIRECTION('',(-0.957826285221,9.570607158995E-17,-0.287347885566
    ));
#2391 = DIRECTION('',(0.287347885566,5.31700397722E-16,-0.957826285221)
  );
#2392 = ADVANCED_FACE('',(#2393),#2399,.T.);
#2393 = FACE_BOUND('',#2394,.T.);
#2394 = EDGE_LOOP('',(#2395,#2396,#2397,#2398));
#2395 = ORIENTED_EDGE('',*,*,#1246,.T.);
#2396 = ORIENTED_EDGE('',*,*,#1119,.T.);
#2397 = ORIENTED_EDGE('',*,*,#1079,.F.);
#2398 = ORIENTED_EDGE('',*,*,#2365,.F.);
#2399 = CYLINDRICAL_SURFACE('',#2400,0.29);
#2400 = AXIS2_PLACEMENT_3D('',#2401,#2402,#2403);
#2401 = CARTESIAN_POINT('',(0.14,-0.35,1.21));
#2402 = DIRECTION('',(0.,1.,3.330669073875E-16));
#2403 = DIRECTION('',(-1.,0.,0.));
#2404 = ADVANCED_FACE('',(#2405),#2416,.F.);
#2405 = FACE_BOUND('',#2406,.F.);
#2406 = EDGE_LOOP('',(#2407,#2413,#2414,#2415));
#2407 = ORIENTED_EDGE('',*,*,#2408,.T.);
#2408 = EDGE_CURVE('',#1163,#989,#2409,.T.);
#2409 = LINE('',#2410,#2411);
#2410 = CARTESIAN_POINT('',(-0.15,-0.35,-2.542562962528));
#2411 = VECTOR('',#2412,1.);
#2412 = DIRECTION('',(0.,1.,3.330669073875E-16));
#2413 = ORIENTED_EDGE('',*,*,#988,.T.);
#2414 = ORIENTED_EDGE('',*,*,#2382,.F.);
#2415 = ORIENTED_EDGE('',*,*,#1162,.F.);
#2416 = CYLINDRICAL_SURFACE('',#2417,0.29);
#2417 = AXIS2_PLACEMENT_3D('',#2418,#2419,#2420);
#2418 = CARTESIAN_POINT('',(-0.44,-0.35,-2.542562962528));
#2419 = DIRECTION('',(0.,1.,3.330669073875E-16));
#2420 = DIRECTION('',(1.,0.,-0.));
#2421 = ADVANCED_FACE('',(#2422),#2433,.F.);
#2422 = FACE_BOUND('',#2423,.F.);
#2423 = EDGE_LOOP('',(#2424,#2425,#2431,#2432));
#2424 = ORIENTED_EDGE('',*,*,#1171,.F.);
#2425 = ORIENTED_EDGE('',*,*,#2426,.T.);
#2426 = EDGE_CURVE('',#1172,#998,#2427,.T.);
#2427 = LINE('',#2428,#2429);
#2428 = CARTESIAN_POINT('',(-0.15,-0.35,-3.5));
#2429 = VECTOR('',#2430,1.);
#2430 = DIRECTION('',(0.,1.,3.330669073875E-16));
#2431 = ORIENTED_EDGE('',*,*,#997,.T.);
#2432 = ORIENTED_EDGE('',*,*,#2408,.F.);
#2433 = PLANE('',#2434);
#2434 = AXIS2_PLACEMENT_3D('',#2435,#2436,#2437);
#2435 = CARTESIAN_POINT('',(-0.15,-0.35,-3.5));
#2436 = DIRECTION('',(1.,0.,0.));
#2437 = DIRECTION('',(0.,-5.551115123126E-16,1.));
#2438 = ADVANCED_FACE('',(#2439),#2450,.F.);
#2439 = FACE_BOUND('',#2440,.F.);
#2440 = EDGE_LOOP('',(#2441,#2447,#2448,#2449));
#2441 = ORIENTED_EDGE('',*,*,#2442,.T.);
#2442 = EDGE_CURVE('',#1180,#1006,#2443,.T.);
#2443 = LINE('',#2444,#2445);
#2444 = CARTESIAN_POINT('',(0.15,-0.35,-3.5));
#2445 = VECTOR('',#2446,1.);
#2446 = DIRECTION('',(0.,1.,3.330669073875E-16));
#2447 = ORIENTED_EDGE('',*,*,#1005,.T.);
#2448 = ORIENTED_EDGE('',*,*,#2426,.F.);
#2449 = ORIENTED_EDGE('',*,*,#1179,.F.);
#2450 = PLANE('',#2451);
#2451 = AXIS2_PLACEMENT_3D('',#2452,#2453,#2454);
#2452 = CARTESIAN_POINT('',(0.15,-0.35,-3.5));
#2453 = DIRECTION('',(0.,-3.330669073875E-16,1.));
#2454 = DIRECTION('',(-1.,0.,0.));
#2455 = ADVANCED_FACE('',(#2456),#2467,.F.);
#2456 = FACE_BOUND('',#2457,.F.);
#2457 = EDGE_LOOP('',(#2458,#2459,#2465,#2466));
#2458 = ORIENTED_EDGE('',*,*,#1187,.F.);
#2459 = ORIENTED_EDGE('',*,*,#2460,.T.);
#2460 = EDGE_CURVE('',#1188,#1014,#2461,.T.);
#2461 = LINE('',#2462,#2463);
#2462 = CARTESIAN_POINT('',(0.15,-0.35,-2.542562962528));
#2463 = VECTOR('',#2464,1.);
#2464 = DIRECTION('',(0.,1.,3.330669073875E-16));
#2465 = ORIENTED_EDGE('',*,*,#1013,.T.);
#2466 = ORIENTED_EDGE('',*,*,#2442,.F.);
#2467 = PLANE('',#2468);
#2468 = AXIS2_PLACEMENT_3D('',#2469,#2470,#2471);
#2469 = CARTESIAN_POINT('',(0.15,-0.35,-2.5));
#2470 = DIRECTION('',(-1.,0.,-0.));
#2471 = DIRECTION('',(0.,5.551115123126E-16,-1.));
#2472 = ADVANCED_FACE('',(#2473),#2484,.T.);
#2473 = FACE_BOUND('',#2474,.T.);
#2474 = EDGE_LOOP('',(#2475,#2476,#2482,#2483));
#2475 = ORIENTED_EDGE('',*,*,#1229,.T.);
#2476 = ORIENTED_EDGE('',*,*,#2477,.T.);
#2477 = EDGE_CURVE('',#1222,#1048,#2478,.T.);
#2478 = LINE('',#2479,#2480);
#2479 = CARTESIAN_POINT('',(0.137769622714,-0.35,-0.540767924286));
#2480 = VECTOR('',#2481,1.);
#2481 = DIRECTION('',(0.,1.,3.330669073875E-16));
#2482 = ORIENTED_EDGE('',*,*,#1055,.F.);
#2483 = ORIENTED_EDGE('',*,*,#2275,.F.);
#2484 = CYLINDRICAL_SURFACE('',#2485,0.29);
#2485 = AXIS2_PLACEMENT_3D('',#2486,#2487,#2488);
#2486 = CARTESIAN_POINT('',(-0.14,-0.35,-0.457437037472));
#2487 = DIRECTION('',(0.,1.,3.330669073875E-16));
#2488 = DIRECTION('',(1.,0.,-0.));
#2489 = ADVANCED_FACE('',(#2490),#2501,.T.);
#2490 = FACE_BOUND('',#2491,.T.);
#2491 = EDGE_LOOP('',(#2492,#2493,#2494,#2495));
#2492 = ORIENTED_EDGE('',*,*,#1195,.T.);
#2493 = ORIENTED_EDGE('',*,*,#2460,.T.);
#2494 = ORIENTED_EDGE('',*,*,#1021,.F.);
#2495 = ORIENTED_EDGE('',*,*,#2496,.F.);
#2496 = EDGE_CURVE('',#1196,#1022,#2497,.T.);
#2497 = LINE('',#2498,#2499);
#2498 = CARTESIAN_POINT('',(0.137769622714,-0.35,-2.459232075714));
#2499 = VECTOR('',#2500,1.);
#2500 = DIRECTION('',(0.,1.,3.330669073875E-16));
#2501 = CYLINDRICAL_SURFACE('',#2502,0.29);
#2502 = AXIS2_PLACEMENT_3D('',#2503,#2504,#2505);
#2503 = CARTESIAN_POINT('',(-0.14,-0.35,-2.542562962528));
#2504 = DIRECTION('',(0.,1.,3.330669073875E-16));
#2505 = DIRECTION('',(0.957826285221,-9.570607158983E-17,0.287347885566)
  );
#2506 = ADVANCED_FACE('',(#2507),#2518,.T.);
#2507 = FACE_BOUND('',#2508,.T.);
#2508 = EDGE_LOOP('',(#2509,#2510,#2516,#2517));
#2509 = ORIENTED_EDGE('',*,*,#1221,.F.);
#2510 = ORIENTED_EDGE('',*,*,#2511,.T.);
#2511 = EDGE_CURVE('',#1213,#1039,#2512,.T.);
#2512 = LINE('',#2513,#2514);
#2513 = CARTESIAN_POINT('',(-0.125000733956,-0.35,-1.416669113186));
#2514 = VECTOR('',#2515,1.);
#2515 = DIRECTION('',(0.,1.,3.330669073875E-16));
#2516 = ORIENTED_EDGE('',*,*,#1047,.T.);
#2517 = ORIENTED_EDGE('',*,*,#2477,.F.);
#2518 = PLANE('',#2519);
#2519 = AXIS2_PLACEMENT_3D('',#2520,#2521,#2522);
#2520 = CARTESIAN_POINT('',(-0.15,-0.35,-1.5));
#2521 = DIRECTION('',(0.957826285221,9.570607158995E-17,-0.287347885566)
  );
#2522 = DIRECTION('',(0.287347885566,-5.31700397722E-16,0.957826285221)
  );
#2523 = ADVANCED_FACE('',(#2524),#2535,.T.);
#2524 = FACE_BOUND('',#2525,.T.);
#2525 = EDGE_LOOP('',(#2526,#2527,#2528,#2529));
#2526 = ORIENTED_EDGE('',*,*,#1204,.F.);
#2527 = ORIENTED_EDGE('',*,*,#2496,.T.);
#2528 = ORIENTED_EDGE('',*,*,#1030,.T.);
#2529 = ORIENTED_EDGE('',*,*,#2530,.F.);
#2530 = EDGE_CURVE('',#1205,#1031,#2531,.T.);
#2531 = LINE('',#2532,#2533);
#2532 = CARTESIAN_POINT('',(-0.125000733956,-0.35,-1.583330886814));
#2533 = VECTOR('',#2534,1.);
#2534 = DIRECTION('',(0.,1.,3.330669073875E-16));
#2535 = PLANE('',#2536);
#2536 = AXIS2_PLACEMENT_3D('',#2537,#2538,#2539);
#2537 = CARTESIAN_POINT('',(0.15,-0.35,-2.5));
#2538 = DIRECTION('',(0.957826285221,-9.570607158995E-17,0.287347885566)
  );
#2539 = DIRECTION('',(-0.287347885566,-5.31700397722E-16,0.957826285221)
  );
#2540 = ADVANCED_FACE('',(#2541),#2547,.F.);
#2541 = FACE_BOUND('',#2542,.F.);
#2542 = EDGE_LOOP('',(#2543,#2544,#2545,#2546));
#2543 = ORIENTED_EDGE('',*,*,#2511,.T.);
#2544 = ORIENTED_EDGE('',*,*,#1038,.T.);
#2545 = ORIENTED_EDGE('',*,*,#2530,.F.);
#2546 = ORIENTED_EDGE('',*,*,#1212,.F.);
#2547 = CYLINDRICAL_SURFACE('',#2548,0.29);
#2548 = AXIS2_PLACEMENT_3D('',#2549,#2550,#2551);
#2549 = CARTESIAN_POINT('',(0.152768888758,-0.35,-1.5));
#2550 = DIRECTION('',(0.,1.,3.330669073875E-16));
#2551 = DIRECTION('',(-0.957826285221,-9.570607158983E-17,0.287347885566
    ));
#2552 = ADVANCED_FACE('',(#2553),#2569,.T.);
#2553 = FACE_BOUND('',#2554,.T.);
#2554 = EDGE_LOOP('',(#2555,#2556,#2562,#2563));
#2555 = ORIENTED_EDGE('',*,*,#1278,.F.);
#2556 = ORIENTED_EDGE('',*,*,#2557,.T.);
#2557 = EDGE_CURVE('',#1279,#1429,#2558,.T.);
#2558 = LINE('',#2559,#2560);
#2559 = CARTESIAN_POINT('',(-0.162230377286,-4.85,-0.540767924286));
#2560 = VECTOR('',#2561,1.);
#2561 = DIRECTION('',(0.,1.,3.330669073875E-16));
#2562 = ORIENTED_EDGE('',*,*,#1428,.T.);
#2563 = ORIENTED_EDGE('',*,*,#2564,.F.);
#2564 = EDGE_CURVE('',#1281,#1431,#2565,.T.);
#2565 = LINE('',#2566,#2567);
#2566 = CARTESIAN_POINT('',(-0.425000733956,-4.85,-1.416669113186));
#2567 = VECTOR('',#2568,1.);
#2568 = DIRECTION('',(0.,1.,3.330669073875E-16));
#2569 = PLANE('',#2570);
#2570 = AXIS2_PLACEMENT_3D('',#2571,#2572,#2573);
#2571 = CARTESIAN_POINT('',(-0.15,-4.85,-0.5));
#2572 = DIRECTION('',(-0.957826285221,-9.570607158995E-17,0.287347885566
    ));
#2573 = DIRECTION('',(-0.287347885566,5.31700397722E-16,-0.957826285221)
  );
#2574 = ADVANCED_FACE('',(#2575),#2586,.F.);
#2575 = FACE_BOUND('',#2576,.F.);
#2576 = EDGE_LOOP('',(#2577,#2578,#2579,#2585));
#2577 = ORIENTED_EDGE('',*,*,#2557,.T.);
#2578 = ORIENTED_EDGE('',*,*,#1563,.T.);
#2579 = ORIENTED_EDGE('',*,*,#2580,.F.);
#2580 = EDGE_CURVE('',#1406,#1556,#2581,.T.);
#2581 = LINE('',#2582,#2583);
#2582 = CARTESIAN_POINT('',(-0.15,-4.85,-0.457437037472));
#2583 = VECTOR('',#2584,1.);
#2584 = DIRECTION('',(0.,1.,3.330669073875E-16));
#2585 = ORIENTED_EDGE('',*,*,#1413,.F.);
#2586 = CYLINDRICAL_SURFACE('',#2587,0.29);
#2587 = AXIS2_PLACEMENT_3D('',#2588,#2589,#2590);
#2588 = CARTESIAN_POINT('',(-0.44,-4.85,-0.457437037472));
#2589 = DIRECTION('',(0.,1.,3.330669073875E-16));
#2590 = DIRECTION('',(0.957826285221,9.570607158983E-17,-0.287347885566)
  );
#2591 = ADVANCED_FACE('',(#2592),#2603,.T.);
#2592 = FACE_BOUND('',#2593,.T.);
#2593 = EDGE_LOOP('',(#2594,#2595,#2596,#2602));
#2594 = ORIENTED_EDGE('',*,*,#2564,.T.);
#2595 = ORIENTED_EDGE('',*,*,#1438,.T.);
#2596 = ORIENTED_EDGE('',*,*,#2597,.F.);
#2597 = EDGE_CURVE('',#1289,#1439,#2598,.T.);
#2598 = LINE('',#2599,#2600);
#2599 = CARTESIAN_POINT('',(-0.425000733956,-4.85,-1.583330886814));
#2600 = VECTOR('',#2601,1.);
#2601 = DIRECTION('',(0.,1.,3.330669073875E-16));
#2602 = ORIENTED_EDGE('',*,*,#1288,.F.);
#2603 = CYLINDRICAL_SURFACE('',#2604,0.29);
#2604 = AXIS2_PLACEMENT_3D('',#2605,#2606,#2607);
#2605 = CARTESIAN_POINT('',(-0.147231111242,-4.85,-1.5));
#2606 = DIRECTION('',(0.,1.,3.330669073875E-16));
#2607 = DIRECTION('',(-0.957826285221,-9.570607158983E-17,0.287347885566
    ));
#2608 = ADVANCED_FACE('',(#2609),#2620,.F.);
#2609 = FACE_BOUND('',#2610,.F.);
#2610 = EDGE_LOOP('',(#2611,#2612,#2613,#2614));
#2611 = ORIENTED_EDGE('',*,*,#1405,.F.);
#2612 = ORIENTED_EDGE('',*,*,#2580,.T.);
#2613 = ORIENTED_EDGE('',*,*,#1555,.T.);
#2614 = ORIENTED_EDGE('',*,*,#2615,.F.);
#2615 = EDGE_CURVE('',#1397,#1547,#2616,.T.);
#2616 = LINE('',#2617,#2618);
#2617 = CARTESIAN_POINT('',(-0.15,-4.85,1.21));
#2618 = VECTOR('',#2619,1.);
#2619 = DIRECTION('',(0.,1.,3.330669073875E-16));
#2620 = PLANE('',#2621);
#2621 = AXIS2_PLACEMENT_3D('',#2622,#2623,#2624);
#2622 = CARTESIAN_POINT('',(-0.15,-4.85,-0.5));
#2623 = DIRECTION('',(1.,0.,0.));
#2624 = DIRECTION('',(0.,-5.551115123126E-16,1.));
#2625 = ADVANCED_FACE('',(#2626),#2637,.T.);
#2626 = FACE_BOUND('',#2627,.T.);
#2627 = EDGE_LOOP('',(#2628,#2629,#2630,#2631));
#2628 = ORIENTED_EDGE('',*,*,#1297,.F.);
#2629 = ORIENTED_EDGE('',*,*,#2597,.T.);
#2630 = ORIENTED_EDGE('',*,*,#1447,.T.);
#2631 = ORIENTED_EDGE('',*,*,#2632,.F.);
#2632 = EDGE_CURVE('',#1298,#1448,#2633,.T.);
#2633 = LINE('',#2634,#2635);
#2634 = CARTESIAN_POINT('',(-0.162230377286,-4.85,-2.459232075714));
#2635 = VECTOR('',#2636,1.);
#2636 = DIRECTION('',(0.,1.,3.330669073875E-16));
#2637 = PLANE('',#2638);
#2638 = AXIS2_PLACEMENT_3D('',#2639,#2640,#2641);
#2639 = CARTESIAN_POINT('',(-0.45,-4.85,-1.5));
#2640 = DIRECTION('',(-0.957826285221,9.570607158995E-17,-0.287347885566
    ));
#2641 = DIRECTION('',(0.287347885566,5.31700397722E-16,-0.957826285221)
  );
#2642 = ADVANCED_FACE('',(#2643),#2649,.T.);
#2643 = FACE_BOUND('',#2644,.T.);
#2644 = EDGE_LOOP('',(#2645,#2646,#2647,#2648));
#2645 = ORIENTED_EDGE('',*,*,#1396,.T.);
#2646 = ORIENTED_EDGE('',*,*,#1579,.T.);
#2647 = ORIENTED_EDGE('',*,*,#1546,.F.);
#2648 = ORIENTED_EDGE('',*,*,#2615,.F.);
#2649 = CYLINDRICAL_SURFACE('',#2650,0.29);
#2650 = AXIS2_PLACEMENT_3D('',#2651,#2652,#2653);
#2651 = CARTESIAN_POINT('',(0.14,-4.85,1.21));
#2652 = DIRECTION('',(0.,1.,3.330669073875E-16));
#2653 = DIRECTION('',(-1.,0.,0.));
#2654 = ADVANCED_FACE('',(#2655),#2666,.F.);
#2655 = FACE_BOUND('',#2656,.F.);
#2656 = EDGE_LOOP('',(#2657,#2663,#2664,#2665));
#2657 = ORIENTED_EDGE('',*,*,#2658,.T.);
#2658 = EDGE_CURVE('',#1306,#1456,#2659,.T.);
#2659 = LINE('',#2660,#2661);
#2660 = CARTESIAN_POINT('',(-0.15,-4.85,-2.542562962528));
#2661 = VECTOR('',#2662,1.);
#2662 = DIRECTION('',(0.,1.,3.330669073875E-16));
#2663 = ORIENTED_EDGE('',*,*,#1455,.T.);
#2664 = ORIENTED_EDGE('',*,*,#2632,.F.);
#2665 = ORIENTED_EDGE('',*,*,#1305,.F.);
#2666 = CYLINDRICAL_SURFACE('',#2667,0.29);
#2667 = AXIS2_PLACEMENT_3D('',#2668,#2669,#2670);
#2668 = CARTESIAN_POINT('',(-0.44,-4.85,-2.542562962528));
#2669 = DIRECTION('',(0.,1.,3.330669073875E-16));
#2670 = DIRECTION('',(1.,0.,-0.));
#2671 = ADVANCED_FACE('',(#2672),#2683,.F.);
#2672 = FACE_BOUND('',#2673,.F.);
#2673 = EDGE_LOOP('',(#2674,#2675,#2681,#2682));
#2674 = ORIENTED_EDGE('',*,*,#1314,.F.);
#2675 = ORIENTED_EDGE('',*,*,#2676,.T.);
#2676 = EDGE_CURVE('',#1315,#1465,#2677,.T.);
#2677 = LINE('',#2678,#2679);
#2678 = CARTESIAN_POINT('',(-0.15,-4.85,-3.5));
#2679 = VECTOR('',#2680,1.);
#2680 = DIRECTION('',(0.,1.,3.330669073875E-16));
#2681 = ORIENTED_EDGE('',*,*,#1464,.T.);
#2682 = ORIENTED_EDGE('',*,*,#2658,.F.);
#2683 = PLANE('',#2684);
#2684 = AXIS2_PLACEMENT_3D('',#2685,#2686,#2687);
#2685 = CARTESIAN_POINT('',(-0.15,-4.85,-3.5));
#2686 = DIRECTION('',(1.,0.,0.));
#2687 = DIRECTION('',(0.,-5.551115123126E-16,1.));
#2688 = ADVANCED_FACE('',(#2689),#2700,.F.);
#2689 = FACE_BOUND('',#2690,.F.);
#2690 = EDGE_LOOP('',(#2691,#2697,#2698,#2699));
#2691 = ORIENTED_EDGE('',*,*,#2692,.T.);
#2692 = EDGE_CURVE('',#1323,#1473,#2693,.T.);
#2693 = LINE('',#2694,#2695);
#2694 = CARTESIAN_POINT('',(0.15,-4.85,-3.5));
#2695 = VECTOR('',#2696,1.);
#2696 = DIRECTION('',(0.,1.,3.330669073875E-16));
#2697 = ORIENTED_EDGE('',*,*,#1472,.T.);
#2698 = ORIENTED_EDGE('',*,*,#2676,.F.);
#2699 = ORIENTED_EDGE('',*,*,#1322,.F.);
#2700 = PLANE('',#2701);
#2701 = AXIS2_PLACEMENT_3D('',#2702,#2703,#2704);
#2702 = CARTESIAN_POINT('',(0.15,-4.85,-3.5));
#2703 = DIRECTION('',(0.,-3.330669073875E-16,1.));
#2704 = DIRECTION('',(-1.,0.,0.));
#2705 = ADVANCED_FACE('',(#2706),#2717,.F.);
#2706 = FACE_BOUND('',#2707,.F.);
#2707 = EDGE_LOOP('',(#2708,#2709,#2715,#2716));
#2708 = ORIENTED_EDGE('',*,*,#1330,.F.);
#2709 = ORIENTED_EDGE('',*,*,#2710,.T.);
#2710 = EDGE_CURVE('',#1331,#1481,#2711,.T.);
#2711 = LINE('',#2712,#2713);
#2712 = CARTESIAN_POINT('',(0.15,-4.85,-2.542562962528));
#2713 = VECTOR('',#2714,1.);
#2714 = DIRECTION('',(0.,1.,3.330669073875E-16));
#2715 = ORIENTED_EDGE('',*,*,#1480,.T.);
#2716 = ORIENTED_EDGE('',*,*,#2692,.F.);
#2717 = PLANE('',#2718);
#2718 = AXIS2_PLACEMENT_3D('',#2719,#2720,#2721);
#2719 = CARTESIAN_POINT('',(0.15,-4.85,-2.5));
#2720 = DIRECTION('',(-1.,0.,-0.));
#2721 = DIRECTION('',(0.,5.551115123126E-16,-1.));
#2722 = ADVANCED_FACE('',(#2723),#2734,.T.);
#2723 = FACE_BOUND('',#2724,.T.);
#2724 = EDGE_LOOP('',(#2725,#2726,#2732,#2733));
#2725 = ORIENTED_EDGE('',*,*,#1372,.T.);
#2726 = ORIENTED_EDGE('',*,*,#2727,.T.);
#2727 = EDGE_CURVE('',#1365,#1515,#2728,.T.);
#2728 = LINE('',#2729,#2730);
#2729 = CARTESIAN_POINT('',(0.137769622714,-4.85,-0.540767924286));
#2730 = VECTOR('',#2731,1.);
#2731 = DIRECTION('',(0.,1.,3.330669073875E-16));
#2732 = ORIENTED_EDGE('',*,*,#1522,.F.);
#2733 = ORIENTED_EDGE('',*,*,#2241,.F.);
#2734 = CYLINDRICAL_SURFACE('',#2735,0.29);
#2735 = AXIS2_PLACEMENT_3D('',#2736,#2737,#2738);
#2736 = CARTESIAN_POINT('',(-0.14,-4.85,-0.457437037472));
#2737 = DIRECTION('',(0.,1.,3.330669073875E-16));
#2738 = DIRECTION('',(1.,0.,-0.));
#2739 = ADVANCED_FACE('',(#2740),#2751,.T.);
#2740 = FACE_BOUND('',#2741,.T.);
#2741 = EDGE_LOOP('',(#2742,#2743,#2744,#2745));
#2742 = ORIENTED_EDGE('',*,*,#1338,.T.);
#2743 = ORIENTED_EDGE('',*,*,#2710,.T.);
#2744 = ORIENTED_EDGE('',*,*,#1488,.F.);
#2745 = ORIENTED_EDGE('',*,*,#2746,.F.);
#2746 = EDGE_CURVE('',#1339,#1489,#2747,.T.);
#2747 = LINE('',#2748,#2749);
#2748 = CARTESIAN_POINT('',(0.137769622714,-4.85,-2.459232075714));
#2749 = VECTOR('',#2750,1.);
#2750 = DIRECTION('',(0.,1.,3.330669073875E-16));
#2751 = CYLINDRICAL_SURFACE('',#2752,0.29);
#2752 = AXIS2_PLACEMENT_3D('',#2753,#2754,#2755);
#2753 = CARTESIAN_POINT('',(-0.14,-4.85,-2.542562962528));
#2754 = DIRECTION('',(0.,1.,3.330669073875E-16));
#2755 = DIRECTION('',(0.957826285221,-9.570607158983E-17,0.287347885566)
  );
#2756 = ADVANCED_FACE('',(#2757),#2768,.T.);
#2757 = FACE_BOUND('',#2758,.T.);
#2758 = EDGE_LOOP('',(#2759,#2760,#2766,#2767));
#2759 = ORIENTED_EDGE('',*,*,#1364,.F.);
#2760 = ORIENTED_EDGE('',*,*,#2761,.T.);
#2761 = EDGE_CURVE('',#1356,#1506,#2762,.T.);
#2762 = LINE('',#2763,#2764);
#2763 = CARTESIAN_POINT('',(-0.125000733956,-4.85,-1.416669113186));
#2764 = VECTOR('',#2765,1.);
#2765 = DIRECTION('',(0.,1.,3.330669073875E-16));
#2766 = ORIENTED_EDGE('',*,*,#1514,.T.);
#2767 = ORIENTED_EDGE('',*,*,#2727,.F.);
#2768 = PLANE('',#2769);
#2769 = AXIS2_PLACEMENT_3D('',#2770,#2771,#2772);
#2770 = CARTESIAN_POINT('',(-0.15,-4.85,-1.5));
#2771 = DIRECTION('',(0.957826285221,9.570607158995E-17,-0.287347885566)
  );
#2772 = DIRECTION('',(0.287347885566,-5.31700397722E-16,0.957826285221)
  );
#2773 = ADVANCED_FACE('',(#2774),#2785,.T.);
#2774 = FACE_BOUND('',#2775,.T.);
#2775 = EDGE_LOOP('',(#2776,#2777,#2778,#2779));
#2776 = ORIENTED_EDGE('',*,*,#1347,.F.);
#2777 = ORIENTED_EDGE('',*,*,#2746,.T.);
#2778 = ORIENTED_EDGE('',*,*,#1497,.T.);
#2779 = ORIENTED_EDGE('',*,*,#2780,.F.);
#2780 = EDGE_CURVE('',#1348,#1498,#2781,.T.);
#2781 = LINE('',#2782,#2783);
#2782 = CARTESIAN_POINT('',(-0.125000733956,-4.85,-1.583330886814));
#2783 = VECTOR('',#2784,1.);
#2784 = DIRECTION('',(0.,1.,3.330669073875E-16));
#2785 = PLANE('',#2786);
#2786 = AXIS2_PLACEMENT_3D('',#2787,#2788,#2789);
#2787 = CARTESIAN_POINT('',(0.15,-4.85,-2.5));
#2788 = DIRECTION('',(0.957826285221,-9.570607158995E-17,0.287347885566)
  );
#2789 = DIRECTION('',(-0.287347885566,-5.31700397722E-16,0.957826285221)
  );
#2790 = ADVANCED_FACE('',(#2791),#2797,.F.);
#2791 = FACE_BOUND('',#2792,.F.);
#2792 = EDGE_LOOP('',(#2793,#2794,#2795,#2796));
#2793 = ORIENTED_EDGE('',*,*,#2761,.T.);
#2794 = ORIENTED_EDGE('',*,*,#1505,.T.);
#2795 = ORIENTED_EDGE('',*,*,#2780,.F.);
#2796 = ORIENTED_EDGE('',*,*,#1355,.F.);
#2797 = CYLINDRICAL_SURFACE('',#2798,0.29);
#2798 = AXIS2_PLACEMENT_3D('',#2799,#2800,#2801);
#2799 = CARTESIAN_POINT('',(0.152768888758,-4.85,-1.5));
#2800 = DIRECTION('',(0.,1.,3.330669073875E-16));
#2801 = DIRECTION('',(-0.957826285221,-9.570607158983E-17,0.287347885566
    ));
#2802 = ADVANCED_FACE('',(#2803),#2819,.F.);
#2803 = FACE_BOUND('',#2804,.F.);
#2804 = EDGE_LOOP('',(#2805,#2806,#2812,#2813));
#2805 = ORIENTED_EDGE('',*,*,#1595,.F.);
#2806 = ORIENTED_EDGE('',*,*,#2807,.T.);
#2807 = EDGE_CURVE('',#1596,#1770,#2808,.T.);
#2808 = LINE('',#2809,#2810);
#2809 = CARTESIAN_POINT('',(6.462230377286,-4.85,-0.540767924286));
#2810 = VECTOR('',#2811,1.);
#2811 = DIRECTION('',(0.,1.,3.330669073875E-16));
#2812 = ORIENTED_EDGE('',*,*,#1769,.T.);
#2813 = ORIENTED_EDGE('',*,*,#2814,.F.);
#2814 = EDGE_CURVE('',#1598,#1772,#2815,.T.);
#2815 = LINE('',#2816,#2817);
#2816 = CARTESIAN_POINT('',(6.725000733956,-4.85,-1.416669113186));
#2817 = VECTOR('',#2818,1.);
#2818 = DIRECTION('',(0.,1.,3.330669073875E-16));
#2819 = PLANE('',#2820);
#2820 = AXIS2_PLACEMENT_3D('',#2821,#2822,#2823);
#2821 = CARTESIAN_POINT('',(6.45,-4.85,-0.5));
#2822 = DIRECTION('',(-0.957826285221,9.570607158995E-17,-0.287347885566
    ));
#2823 = DIRECTION('',(0.287347885566,5.31700397722E-16,-0.957826285221)
  );
#2824 = ADVANCED_FACE('',(#2825),#2836,.F.);
#2825 = FACE_BOUND('',#2826,.F.);
#2826 = EDGE_LOOP('',(#2827,#2828,#2834,#2835));
#2827 = ORIENTED_EDGE('',*,*,#1730,.T.);
#2828 = ORIENTED_EDGE('',*,*,#2829,.T.);
#2829 = EDGE_CURVE('',#1723,#1890,#2830,.T.);
#2830 = LINE('',#2831,#2832);
#2831 = CARTESIAN_POINT('',(6.45,-4.85,-0.457437037472));
#2832 = VECTOR('',#2833,1.);
#2833 = DIRECTION('',(0.,1.,3.330669073875E-16));
#2834 = ORIENTED_EDGE('',*,*,#1897,.F.);
#2835 = ORIENTED_EDGE('',*,*,#2807,.F.);
#2836 = CYLINDRICAL_SURFACE('',#2837,0.29);
#2837 = AXIS2_PLACEMENT_3D('',#2838,#2839,#2840);
#2838 = CARTESIAN_POINT('',(6.74,-4.85,-0.457437037472));
#2839 = DIRECTION('',(0.,1.,3.330669073875E-16));
#2840 = DIRECTION('',(-0.957826285221,9.570607158983E-17,-0.287347885566
    ));
#2841 = ADVANCED_FACE('',(#2842),#2853,.T.);
#2842 = FACE_BOUND('',#2843,.T.);
#2843 = EDGE_LOOP('',(#2844,#2845,#2851,#2852));
#2844 = ORIENTED_EDGE('',*,*,#1605,.T.);
#2845 = ORIENTED_EDGE('',*,*,#2846,.T.);
#2846 = EDGE_CURVE('',#1606,#1780,#2847,.T.);
#2847 = LINE('',#2848,#2849);
#2848 = CARTESIAN_POINT('',(6.725000733956,-4.85,-1.583330886814));
#2849 = VECTOR('',#2850,1.);
#2850 = DIRECTION('',(0.,1.,3.330669073875E-16));
#2851 = ORIENTED_EDGE('',*,*,#1779,.F.);
#2852 = ORIENTED_EDGE('',*,*,#2814,.F.);
#2853 = CYLINDRICAL_SURFACE('',#2854,0.29);
#2854 = AXIS2_PLACEMENT_3D('',#2855,#2856,#2857);
#2855 = CARTESIAN_POINT('',(6.447231111242,-4.85,-1.5));
#2856 = DIRECTION('',(0.,1.,3.330669073875E-16));
#2857 = DIRECTION('',(0.957826285221,-9.570607158983E-17,0.287347885566)
  );
#2858 = ADVANCED_FACE('',(#2859),#2870,.T.);
#2859 = FACE_BOUND('',#2860,.T.);
#2860 = EDGE_LOOP('',(#2861,#2862,#2863,#2864));
#2861 = ORIENTED_EDGE('',*,*,#1722,.F.);
#2862 = ORIENTED_EDGE('',*,*,#2829,.T.);
#2863 = ORIENTED_EDGE('',*,*,#1889,.T.);
#2864 = ORIENTED_EDGE('',*,*,#2865,.F.);
#2865 = EDGE_CURVE('',#1714,#1881,#2866,.T.);
#2866 = LINE('',#2867,#2868);
#2867 = CARTESIAN_POINT('',(6.45,-4.85,1.21));
#2868 = VECTOR('',#2869,1.);
#2869 = DIRECTION('',(0.,1.,3.330669073875E-16));
#2870 = PLANE('',#2871);
#2871 = AXIS2_PLACEMENT_3D('',#2872,#2873,#2874);
#2872 = CARTESIAN_POINT('',(6.45,-4.85,-0.5));
#2873 = DIRECTION('',(1.,0.,0.));
#2874 = DIRECTION('',(0.,-5.551115123126E-16,1.));
#2875 = ADVANCED_FACE('',(#2876),#2887,.F.);
#2876 = FACE_BOUND('',#2877,.F.);
#2877 = EDGE_LOOP('',(#2878,#2879,#2880,#2881));
#2878 = ORIENTED_EDGE('',*,*,#1614,.F.);
#2879 = ORIENTED_EDGE('',*,*,#2846,.T.);
#2880 = ORIENTED_EDGE('',*,*,#1788,.T.);
#2881 = ORIENTED_EDGE('',*,*,#2882,.F.);
#2882 = EDGE_CURVE('',#1615,#1789,#2883,.T.);
#2883 = LINE('',#2884,#2885);
#2884 = CARTESIAN_POINT('',(6.462230377286,-4.85,-2.459232075714));
#2885 = VECTOR('',#2886,1.);
#2886 = DIRECTION('',(0.,1.,3.330669073875E-16));
#2887 = PLANE('',#2888);
#2888 = AXIS2_PLACEMENT_3D('',#2889,#2890,#2891);
#2889 = CARTESIAN_POINT('',(6.75,-4.85,-1.5));
#2890 = DIRECTION('',(-0.957826285221,-9.570607158995E-17,0.287347885566
    ));
#2891 = DIRECTION('',(-0.287347885566,5.31700397722E-16,-0.957826285221)
  );
#2892 = ADVANCED_FACE('',(#2893),#2899,.T.);
#2893 = FACE_BOUND('',#2894,.T.);
#2894 = EDGE_LOOP('',(#2895,#2896,#2897,#2898));
#2895 = ORIENTED_EDGE('',*,*,#2865,.T.);
#2896 = ORIENTED_EDGE('',*,*,#1880,.T.);
#2897 = ORIENTED_EDGE('',*,*,#1746,.F.);
#2898 = ORIENTED_EDGE('',*,*,#1713,.F.);
#2899 = CYLINDRICAL_SURFACE('',#2900,0.29);
#2900 = AXIS2_PLACEMENT_3D('',#2901,#2902,#2903);
#2901 = CARTESIAN_POINT('',(6.16,-4.85,1.21));
#2902 = DIRECTION('',(0.,1.,3.330669073875E-16));
#2903 = DIRECTION('',(1.,0.,-0.));
#2904 = ADVANCED_FACE('',(#2905),#2916,.F.);
#2905 = FACE_BOUND('',#2906,.F.);
#2906 = EDGE_LOOP('',(#2907,#2908,#2909,#2910));
#2907 = ORIENTED_EDGE('',*,*,#1622,.T.);
#2908 = ORIENTED_EDGE('',*,*,#2882,.T.);
#2909 = ORIENTED_EDGE('',*,*,#1796,.F.);
#2910 = ORIENTED_EDGE('',*,*,#2911,.F.);
#2911 = EDGE_CURVE('',#1623,#1797,#2912,.T.);
#2912 = LINE('',#2913,#2914);
#2913 = CARTESIAN_POINT('',(6.45,-4.85,-2.542562962528));
#2914 = VECTOR('',#2915,1.);
#2915 = DIRECTION('',(0.,1.,3.330669073875E-16));
#2916 = CYLINDRICAL_SURFACE('',#2917,0.29);
#2917 = AXIS2_PLACEMENT_3D('',#2918,#2919,#2920);
#2918 = CARTESIAN_POINT('',(6.74,-4.85,-2.542562962528));
#2919 = DIRECTION('',(0.,1.,3.330669073875E-16));
#2920 = DIRECTION('',(-1.,0.,0.));
#2921 = ADVANCED_FACE('',(#2922),#2933,.T.);
#2922 = FACE_BOUND('',#2923,.T.);
#2923 = EDGE_LOOP('',(#2924,#2925,#2931,#2932));
#2924 = ORIENTED_EDGE('',*,*,#1631,.F.);
#2925 = ORIENTED_EDGE('',*,*,#2926,.T.);
#2926 = EDGE_CURVE('',#1632,#1806,#2927,.T.);
#2927 = LINE('',#2928,#2929);
#2928 = CARTESIAN_POINT('',(6.45,-4.85,-3.5));
#2929 = VECTOR('',#2930,1.);
#2930 = DIRECTION('',(0.,1.,3.330669073875E-16));
#2931 = ORIENTED_EDGE('',*,*,#1805,.T.);
#2932 = ORIENTED_EDGE('',*,*,#2911,.F.);
#2933 = PLANE('',#2934);
#2934 = AXIS2_PLACEMENT_3D('',#2935,#2936,#2937);
#2935 = CARTESIAN_POINT('',(6.45,-4.85,-3.5));
#2936 = DIRECTION('',(1.,0.,0.));
#2937 = DIRECTION('',(0.,-5.551115123126E-16,1.));
#2938 = ADVANCED_FACE('',(#2939),#2950,.T.);
#2939 = FACE_BOUND('',#2940,.T.);
#2940 = EDGE_LOOP('',(#2941,#2947,#2948,#2949));
#2941 = ORIENTED_EDGE('',*,*,#2942,.T.);
#2942 = EDGE_CURVE('',#1640,#1814,#2943,.T.);
#2943 = LINE('',#2944,#2945);
#2944 = CARTESIAN_POINT('',(6.15,-4.85,-3.5));
#2945 = VECTOR('',#2946,1.);
#2946 = DIRECTION('',(0.,1.,3.330669073875E-16));
#2947 = ORIENTED_EDGE('',*,*,#1813,.T.);
#2948 = ORIENTED_EDGE('',*,*,#2926,.F.);
#2949 = ORIENTED_EDGE('',*,*,#1639,.F.);
#2950 = PLANE('',#2951);
#2951 = AXIS2_PLACEMENT_3D('',#2952,#2953,#2954);
#2952 = CARTESIAN_POINT('',(6.15,-4.85,-3.5));
#2953 = DIRECTION('',(0.,3.330669073875E-16,-1.));
#2954 = DIRECTION('',(1.,0.,0.));
#2955 = ADVANCED_FACE('',(#2956),#2967,.T.);
#2956 = FACE_BOUND('',#2957,.T.);
#2957 = EDGE_LOOP('',(#2958,#2959,#2965,#2966));
#2958 = ORIENTED_EDGE('',*,*,#1647,.F.);
#2959 = ORIENTED_EDGE('',*,*,#2960,.T.);
#2960 = EDGE_CURVE('',#1648,#1822,#2961,.T.);
#2961 = LINE('',#2962,#2963);
#2962 = CARTESIAN_POINT('',(6.15,-4.85,-2.542562962528));
#2963 = VECTOR('',#2964,1.);
#2964 = DIRECTION('',(0.,1.,3.330669073875E-16));
#2965 = ORIENTED_EDGE('',*,*,#1821,.T.);
#2966 = ORIENTED_EDGE('',*,*,#2942,.F.);
#2967 = PLANE('',#2968);
#2968 = AXIS2_PLACEMENT_3D('',#2969,#2970,#2971);
#2969 = CARTESIAN_POINT('',(6.15,-4.85,-2.5));
#2970 = DIRECTION('',(-1.,0.,-0.));
#2971 = DIRECTION('',(0.,5.551115123126E-16,-1.));
#2972 = ADVANCED_FACE('',(#2973),#2984,.T.);
#2973 = FACE_BOUND('',#2974,.T.);
#2974 = EDGE_LOOP('',(#2975,#2976,#2977,#2983));
#2975 = ORIENTED_EDGE('',*,*,#2258,.T.);
#2976 = ORIENTED_EDGE('',*,*,#1863,.T.);
#2977 = ORIENTED_EDGE('',*,*,#2978,.F.);
#2978 = EDGE_CURVE('',#1682,#1856,#2979,.T.);
#2979 = LINE('',#2980,#2981);
#2980 = CARTESIAN_POINT('',(6.162230377286,-4.85,-0.540767924286));
#2981 = VECTOR('',#2982,1.);
#2982 = DIRECTION('',(0.,1.,3.330669073875E-16));
#2983 = ORIENTED_EDGE('',*,*,#1689,.F.);
#2984 = CYLINDRICAL_SURFACE('',#2985,0.29);
#2985 = AXIS2_PLACEMENT_3D('',#2986,#2987,#2988);
#2986 = CARTESIAN_POINT('',(6.44,-4.85,-0.457437037472));
#2987 = DIRECTION('',(0.,1.,3.330669073875E-16));
#2988 = DIRECTION('',(-1.,0.,0.));
#2989 = ADVANCED_FACE('',(#2990),#3001,.T.);
#2990 = FACE_BOUND('',#2991,.T.);
#2991 = EDGE_LOOP('',(#2992,#2998,#2999,#3000));
#2992 = ORIENTED_EDGE('',*,*,#2993,.T.);
#2993 = EDGE_CURVE('',#1656,#1830,#2994,.T.);
#2994 = LINE('',#2995,#2996);
#2995 = CARTESIAN_POINT('',(6.162230377286,-4.85,-2.459232075714));
#2996 = VECTOR('',#2997,1.);
#2997 = DIRECTION('',(0.,1.,3.330669073875E-16));
#2998 = ORIENTED_EDGE('',*,*,#1829,.T.);
#2999 = ORIENTED_EDGE('',*,*,#2960,.F.);
#3000 = ORIENTED_EDGE('',*,*,#1655,.F.);
#3001 = CYLINDRICAL_SURFACE('',#3002,0.29);
#3002 = AXIS2_PLACEMENT_3D('',#3003,#3004,#3005);
#3003 = CARTESIAN_POINT('',(6.44,-4.85,-2.542562962528));
#3004 = DIRECTION('',(0.,1.,3.330669073875E-16));
#3005 = DIRECTION('',(-0.957826285221,-9.570607158983E-17,0.287347885566
    ));
#3006 = ADVANCED_FACE('',(#3007),#3018,.F.);
#3007 = FACE_BOUND('',#3008,.F.);
#3008 = EDGE_LOOP('',(#3009,#3010,#3016,#3017));
#3009 = ORIENTED_EDGE('',*,*,#1681,.F.);
#3010 = ORIENTED_EDGE('',*,*,#3011,.T.);
#3011 = EDGE_CURVE('',#1673,#1847,#3012,.T.);
#3012 = LINE('',#3013,#3014);
#3013 = CARTESIAN_POINT('',(6.425000733956,-4.85,-1.416669113186));
#3014 = VECTOR('',#3015,1.);
#3015 = DIRECTION('',(0.,1.,3.330669073875E-16));
#3016 = ORIENTED_EDGE('',*,*,#1855,.T.);
#3017 = ORIENTED_EDGE('',*,*,#2978,.F.);
#3018 = PLANE('',#3019);
#3019 = AXIS2_PLACEMENT_3D('',#3020,#3021,#3022);
#3020 = CARTESIAN_POINT('',(6.45,-4.85,-1.5));
#3021 = DIRECTION('',(0.957826285221,-9.570607158995E-17,0.287347885566)
  );
#3022 = DIRECTION('',(-0.287347885566,-5.31700397722E-16,0.957826285221)
  );
#3023 = ADVANCED_FACE('',(#3024),#3035,.F.);
#3024 = FACE_BOUND('',#3025,.F.);
#3025 = EDGE_LOOP('',(#3026,#3027,#3028,#3029));
#3026 = ORIENTED_EDGE('',*,*,#1664,.F.);
#3027 = ORIENTED_EDGE('',*,*,#2993,.T.);
#3028 = ORIENTED_EDGE('',*,*,#1838,.T.);
#3029 = ORIENTED_EDGE('',*,*,#3030,.F.);
#3030 = EDGE_CURVE('',#1665,#1839,#3031,.T.);
#3031 = LINE('',#3032,#3033);
#3032 = CARTESIAN_POINT('',(6.425000733956,-4.85,-1.583330886814));
#3033 = VECTOR('',#3034,1.);
#3034 = DIRECTION('',(0.,1.,3.330669073875E-16));
#3035 = PLANE('',#3036);
#3036 = AXIS2_PLACEMENT_3D('',#3037,#3038,#3039);
#3037 = CARTESIAN_POINT('',(6.15,-4.85,-2.5));
#3038 = DIRECTION('',(0.957826285221,9.570607158995E-17,-0.287347885566)
  );
#3039 = DIRECTION('',(0.287347885566,-5.31700397722E-16,0.957826285221)
  );
#3040 = ADVANCED_FACE('',(#3041),#3047,.F.);
#3041 = FACE_BOUND('',#3042,.F.);
#3042 = EDGE_LOOP('',(#3043,#3044,#3045,#3046));
#3043 = ORIENTED_EDGE('',*,*,#1672,.T.);
#3044 = ORIENTED_EDGE('',*,*,#3030,.T.);
#3045 = ORIENTED_EDGE('',*,*,#1846,.F.);
#3046 = ORIENTED_EDGE('',*,*,#3011,.F.);
#3047 = CYLINDRICAL_SURFACE('',#3048,0.29);
#3048 = AXIS2_PLACEMENT_3D('',#3049,#3050,#3051);
#3049 = CARTESIAN_POINT('',(6.147231111242,-4.85,-1.5));
#3050 = DIRECTION('',(0.,1.,3.330669073875E-16));
#3051 = DIRECTION('',(0.957826285221,-9.570607158983E-17,0.287347885566)
  );
#3052 = ADVANCED_FACE('',(#3053),#3069,.F.);
#3053 = FACE_BOUND('',#3054,.F.);
#3054 = EDGE_LOOP('',(#3055,#3056,#3062,#3063));
#3055 = ORIENTED_EDGE('',*,*,#2062,.F.);
#3056 = ORIENTED_EDGE('',*,*,#3057,.T.);
#3057 = EDGE_CURVE('',#2063,#1913,#3058,.T.);
#3058 = LINE('',#3059,#3060);
#3059 = CARTESIAN_POINT('',(6.462230377286,-0.35,-0.540767924286));
#3060 = VECTOR('',#3061,1.);
#3061 = DIRECTION('',(0.,1.,3.330669073875E-16));
#3062 = ORIENTED_EDGE('',*,*,#1912,.T.);
#3063 = ORIENTED_EDGE('',*,*,#3064,.F.);
#3064 = EDGE_CURVE('',#2065,#1915,#3065,.T.);
#3065 = LINE('',#3066,#3067);
#3066 = CARTESIAN_POINT('',(6.725000733956,-0.35,-1.416669113186));
#3067 = VECTOR('',#3068,1.);
#3068 = DIRECTION('',(0.,1.,3.330669073875E-16));
#3069 = PLANE('',#3070);
#3070 = AXIS2_PLACEMENT_3D('',#3071,#3072,#3073);
#3071 = CARTESIAN_POINT('',(6.45,-0.35,-0.5));
#3072 = DIRECTION('',(-0.957826285221,9.570607158995E-17,-0.287347885566
    ));
#3073 = DIRECTION('',(0.287347885566,5.31700397722E-16,-0.957826285221)
  );
#3074 = ADVANCED_FACE('',(#3075),#3086,.F.);
#3075 = FACE_BOUND('',#3076,.F.);
#3076 = EDGE_LOOP('',(#3077,#3078,#3084,#3085));
#3077 = ORIENTED_EDGE('',*,*,#2197,.T.);
#3078 = ORIENTED_EDGE('',*,*,#3079,.T.);
#3079 = EDGE_CURVE('',#2190,#2040,#3080,.T.);
#3080 = LINE('',#3081,#3082);
#3081 = CARTESIAN_POINT('',(6.45,-0.35,-0.457437037472));
#3082 = VECTOR('',#3083,1.);
#3083 = DIRECTION('',(0.,1.,3.330669073875E-16));
#3084 = ORIENTED_EDGE('',*,*,#2047,.F.);
#3085 = ORIENTED_EDGE('',*,*,#3057,.F.);
#3086 = CYLINDRICAL_SURFACE('',#3087,0.29);
#3087 = AXIS2_PLACEMENT_3D('',#3088,#3089,#3090);
#3088 = CARTESIAN_POINT('',(6.74,-0.35,-0.457437037472));
#3089 = DIRECTION('',(0.,1.,3.330669073875E-16));
#3090 = DIRECTION('',(-0.957826285221,9.570607158983E-17,-0.287347885566
    ));
#3091 = ADVANCED_FACE('',(#3092),#3103,.T.);
#3092 = FACE_BOUND('',#3093,.T.);
#3093 = EDGE_LOOP('',(#3094,#3095,#3101,#3102));
#3094 = ORIENTED_EDGE('',*,*,#2072,.T.);
#3095 = ORIENTED_EDGE('',*,*,#3096,.T.);
#3096 = EDGE_CURVE('',#2073,#1923,#3097,.T.);
#3097 = LINE('',#3098,#3099);
#3098 = CARTESIAN_POINT('',(6.725000733956,-0.35,-1.583330886814));
#3099 = VECTOR('',#3100,1.);
#3100 = DIRECTION('',(0.,1.,3.330669073875E-16));
#3101 = ORIENTED_EDGE('',*,*,#1922,.F.);
#3102 = ORIENTED_EDGE('',*,*,#3064,.F.);
#3103 = CYLINDRICAL_SURFACE('',#3104,0.29);
#3104 = AXIS2_PLACEMENT_3D('',#3105,#3106,#3107);
#3105 = CARTESIAN_POINT('',(6.447231111242,-0.35,-1.5));
#3106 = DIRECTION('',(0.,1.,3.330669073875E-16));
#3107 = DIRECTION('',(0.957826285221,-9.570607158983E-17,0.287347885566)
  );
#3108 = ADVANCED_FACE('',(#3109),#3120,.T.);
#3109 = FACE_BOUND('',#3110,.T.);
#3110 = EDGE_LOOP('',(#3111,#3112,#3113,#3114));
#3111 = ORIENTED_EDGE('',*,*,#2189,.F.);
#3112 = ORIENTED_EDGE('',*,*,#3079,.T.);
#3113 = ORIENTED_EDGE('',*,*,#2039,.T.);
#3114 = ORIENTED_EDGE('',*,*,#3115,.F.);
#3115 = EDGE_CURVE('',#2181,#2031,#3116,.T.);
#3116 = LINE('',#3117,#3118);
#3117 = CARTESIAN_POINT('',(6.45,-0.35,1.21));
#3118 = VECTOR('',#3119,1.);
#3119 = DIRECTION('',(0.,1.,3.330669073875E-16));
#3120 = PLANE('',#3121);
#3121 = AXIS2_PLACEMENT_3D('',#3122,#3123,#3124);
#3122 = CARTESIAN_POINT('',(6.45,-0.35,-0.5));
#3123 = DIRECTION('',(1.,0.,0.));
#3124 = DIRECTION('',(0.,-5.551115123126E-16,1.));
#3125 = ADVANCED_FACE('',(#3126),#3137,.F.);
#3126 = FACE_BOUND('',#3127,.F.);
#3127 = EDGE_LOOP('',(#3128,#3129,#3130,#3131));
#3128 = ORIENTED_EDGE('',*,*,#2081,.F.);
#3129 = ORIENTED_EDGE('',*,*,#3096,.T.);
#3130 = ORIENTED_EDGE('',*,*,#1931,.T.);
#3131 = ORIENTED_EDGE('',*,*,#3132,.F.);
#3132 = EDGE_CURVE('',#2082,#1932,#3133,.T.);
#3133 = LINE('',#3134,#3135);
#3134 = CARTESIAN_POINT('',(6.462230377286,-0.35,-2.459232075714));
#3135 = VECTOR('',#3136,1.);
#3136 = DIRECTION('',(0.,1.,3.330669073875E-16));
#3137 = PLANE('',#3138);
#3138 = AXIS2_PLACEMENT_3D('',#3139,#3140,#3141);
#3139 = CARTESIAN_POINT('',(6.75,-0.35,-1.5));
#3140 = DIRECTION('',(-0.957826285221,-9.570607158995E-17,0.287347885566
    ));
#3141 = DIRECTION('',(-0.287347885566,5.31700397722E-16,-0.957826285221)
  );
#3142 = ADVANCED_FACE('',(#3143),#3149,.T.);
#3143 = FACE_BOUND('',#3144,.T.);
#3144 = EDGE_LOOP('',(#3145,#3146,#3147,#3148));
#3145 = ORIENTED_EDGE('',*,*,#3115,.T.);
#3146 = ORIENTED_EDGE('',*,*,#2030,.T.);
#3147 = ORIENTED_EDGE('',*,*,#2213,.F.);
#3148 = ORIENTED_EDGE('',*,*,#2180,.F.);
#3149 = CYLINDRICAL_SURFACE('',#3150,0.29);
#3150 = AXIS2_PLACEMENT_3D('',#3151,#3152,#3153);
#3151 = CARTESIAN_POINT('',(6.16,-0.35,1.21));
#3152 = DIRECTION('',(0.,1.,3.330669073875E-16));
#3153 = DIRECTION('',(1.,0.,-0.));
#3154 = ADVANCED_FACE('',(#3155),#3166,.F.);
#3155 = FACE_BOUND('',#3156,.F.);
#3156 = EDGE_LOOP('',(#3157,#3158,#3159,#3160));
#3157 = ORIENTED_EDGE('',*,*,#2089,.T.);
#3158 = ORIENTED_EDGE('',*,*,#3132,.T.);
#3159 = ORIENTED_EDGE('',*,*,#1939,.F.);
#3160 = ORIENTED_EDGE('',*,*,#3161,.F.);
#3161 = EDGE_CURVE('',#2090,#1940,#3162,.T.);
#3162 = LINE('',#3163,#3164);
#3163 = CARTESIAN_POINT('',(6.45,-0.35,-2.542562962528));
#3164 = VECTOR('',#3165,1.);
#3165 = DIRECTION('',(0.,1.,3.330669073875E-16));
#3166 = CYLINDRICAL_SURFACE('',#3167,0.29);
#3167 = AXIS2_PLACEMENT_3D('',#3168,#3169,#3170);
#3168 = CARTESIAN_POINT('',(6.74,-0.35,-2.542562962528));
#3169 = DIRECTION('',(0.,1.,3.330669073875E-16));
#3170 = DIRECTION('',(-1.,0.,0.));
#3171 = ADVANCED_FACE('',(#3172),#3183,.T.);
#3172 = FACE_BOUND('',#3173,.T.);
#3173 = EDGE_LOOP('',(#3174,#3175,#3181,#3182));
#3174 = ORIENTED_EDGE('',*,*,#2098,.F.);
#3175 = ORIENTED_EDGE('',*,*,#3176,.T.);
#3176 = EDGE_CURVE('',#2099,#1949,#3177,.T.);
#3177 = LINE('',#3178,#3179);
#3178 = CARTESIAN_POINT('',(6.45,-0.35,-3.5));
#3179 = VECTOR('',#3180,1.);
#3180 = DIRECTION('',(0.,1.,3.330669073875E-16));
#3181 = ORIENTED_EDGE('',*,*,#1948,.T.);
#3182 = ORIENTED_EDGE('',*,*,#3161,.F.);
#3183 = PLANE('',#3184);
#3184 = AXIS2_PLACEMENT_3D('',#3185,#3186,#3187);
#3185 = CARTESIAN_POINT('',(6.45,-0.35,-3.5));
#3186 = DIRECTION('',(1.,0.,0.));
#3187 = DIRECTION('',(0.,-5.551115123126E-16,1.));
#3188 = ADVANCED_FACE('',(#3189),#3200,.T.);
#3189 = FACE_BOUND('',#3190,.T.);
#3190 = EDGE_LOOP('',(#3191,#3197,#3198,#3199));
#3191 = ORIENTED_EDGE('',*,*,#3192,.T.);
#3192 = EDGE_CURVE('',#2107,#1957,#3193,.T.);
#3193 = LINE('',#3194,#3195);
#3194 = CARTESIAN_POINT('',(6.15,-0.35,-3.5));
#3195 = VECTOR('',#3196,1.);
#3196 = DIRECTION('',(0.,1.,3.330669073875E-16));
#3197 = ORIENTED_EDGE('',*,*,#1956,.T.);
#3198 = ORIENTED_EDGE('',*,*,#3176,.F.);
#3199 = ORIENTED_EDGE('',*,*,#2106,.F.);
#3200 = PLANE('',#3201);
#3201 = AXIS2_PLACEMENT_3D('',#3202,#3203,#3204);
#3202 = CARTESIAN_POINT('',(6.15,-0.35,-3.5));
#3203 = DIRECTION('',(0.,3.330669073875E-16,-1.));
#3204 = DIRECTION('',(1.,0.,0.));
#3205 = ADVANCED_FACE('',(#3206),#3217,.T.);
#3206 = FACE_BOUND('',#3207,.T.);
#3207 = EDGE_LOOP('',(#3208,#3209,#3215,#3216));
#3208 = ORIENTED_EDGE('',*,*,#2114,.F.);
#3209 = ORIENTED_EDGE('',*,*,#3210,.T.);
#3210 = EDGE_CURVE('',#2115,#1965,#3211,.T.);
#3211 = LINE('',#3212,#3213);
#3212 = CARTESIAN_POINT('',(6.15,-0.35,-2.542562962528));
#3213 = VECTOR('',#3214,1.);
#3214 = DIRECTION('',(0.,1.,3.330669073875E-16));
#3215 = ORIENTED_EDGE('',*,*,#1964,.T.);
#3216 = ORIENTED_EDGE('',*,*,#3192,.F.);
#3217 = PLANE('',#3218);
#3218 = AXIS2_PLACEMENT_3D('',#3219,#3220,#3221);
#3219 = CARTESIAN_POINT('',(6.15,-0.35,-2.5));
#3220 = DIRECTION('',(-1.,0.,-0.));
#3221 = DIRECTION('',(0.,5.551115123126E-16,-1.));
#3222 = ADVANCED_FACE('',(#3223),#3234,.T.);
#3223 = FACE_BOUND('',#3224,.T.);
#3224 = EDGE_LOOP('',(#3225,#3226,#3227,#3233));
#3225 = ORIENTED_EDGE('',*,*,#2292,.T.);
#3226 = ORIENTED_EDGE('',*,*,#2006,.T.);
#3227 = ORIENTED_EDGE('',*,*,#3228,.F.);
#3228 = EDGE_CURVE('',#2149,#1999,#3229,.T.);
#3229 = LINE('',#3230,#3231);
#3230 = CARTESIAN_POINT('',(6.162230377286,-0.35,-0.540767924286));
#3231 = VECTOR('',#3232,1.);
#3232 = DIRECTION('',(0.,1.,3.330669073875E-16));
#3233 = ORIENTED_EDGE('',*,*,#2156,.F.);
#3234 = CYLINDRICAL_SURFACE('',#3235,0.29);
#3235 = AXIS2_PLACEMENT_3D('',#3236,#3237,#3238);
#3236 = CARTESIAN_POINT('',(6.44,-0.35,-0.457437037472));
#3237 = DIRECTION('',(0.,1.,3.330669073875E-16));
#3238 = DIRECTION('',(-1.,0.,0.));
#3239 = ADVANCED_FACE('',(#3240),#3251,.T.);
#3240 = FACE_BOUND('',#3241,.T.);
#3241 = EDGE_LOOP('',(#3242,#3248,#3249,#3250));
#3242 = ORIENTED_EDGE('',*,*,#3243,.T.);
#3243 = EDGE_CURVE('',#2123,#1973,#3244,.T.);
#3244 = LINE('',#3245,#3246);
#3245 = CARTESIAN_POINT('',(6.162230377286,-0.35,-2.459232075714));
#3246 = VECTOR('',#3247,1.);
#3247 = DIRECTION('',(0.,1.,3.330669073875E-16));
#3248 = ORIENTED_EDGE('',*,*,#1972,.T.);
#3249 = ORIENTED_EDGE('',*,*,#3210,.F.);
#3250 = ORIENTED_EDGE('',*,*,#2122,.F.);
#3251 = CYLINDRICAL_SURFACE('',#3252,0.29);
#3252 = AXIS2_PLACEMENT_3D('',#3253,#3254,#3255);
#3253 = CARTESIAN_POINT('',(6.44,-0.35,-2.542562962528));
#3254 = DIRECTION('',(0.,1.,3.330669073875E-16));
#3255 = DIRECTION('',(-0.957826285221,-9.570607158983E-17,0.287347885566
    ));
#3256 = ADVANCED_FACE('',(#3257),#3268,.F.);
#3257 = FACE_BOUND('',#3258,.F.);
#3258 = EDGE_LOOP('',(#3259,#3260,#3266,#3267));
#3259 = ORIENTED_EDGE('',*,*,#2148,.F.);
#3260 = ORIENTED_EDGE('',*,*,#3261,.T.);
#3261 = EDGE_CURVE('',#2140,#1990,#3262,.T.);
#3262 = LINE('',#3263,#3264);
#3263 = CARTESIAN_POINT('',(6.425000733956,-0.35,-1.416669113186));
#3264 = VECTOR('',#3265,1.);
#3265 = DIRECTION('',(0.,1.,3.330669073875E-16));
#3266 = ORIENTED_EDGE('',*,*,#1998,.T.);
#3267 = ORIENTED_EDGE('',*,*,#3228,.F.);
#3268 = PLANE('',#3269);
#3269 = AXIS2_PLACEMENT_3D('',#3270,#3271,#3272);
#3270 = CARTESIAN_POINT('',(6.45,-0.35,-1.5));
#3271 = DIRECTION('',(0.957826285221,-9.570607158995E-17,0.287347885566)
  );
#3272 = DIRECTION('',(-0.287347885566,-5.31700397722E-16,0.957826285221)
  );
#3273 = ADVANCED_FACE('',(#3274),#3285,.F.);
#3274 = FACE_BOUND('',#3275,.F.);
#3275 = EDGE_LOOP('',(#3276,#3277,#3278,#3279));
#3276 = ORIENTED_EDGE('',*,*,#2131,.F.);
#3277 = ORIENTED_EDGE('',*,*,#3243,.T.);
#3278 = ORIENTED_EDGE('',*,*,#1981,.T.);
#3279 = ORIENTED_EDGE('',*,*,#3280,.F.);
#3280 = EDGE_CURVE('',#2132,#1982,#3281,.T.);
#3281 = LINE('',#3282,#3283);
#3282 = CARTESIAN_POINT('',(6.425000733956,-0.35,-1.583330886814));
#3283 = VECTOR('',#3284,1.);
#3284 = DIRECTION('',(0.,1.,3.330669073875E-16));
#3285 = PLANE('',#3286);
#3286 = AXIS2_PLACEMENT_3D('',#3287,#3288,#3289);
#3287 = CARTESIAN_POINT('',(6.15,-0.35,-2.5));
#3288 = DIRECTION('',(0.957826285221,9.570607158995E-17,-0.287347885566)
  );
#3289 = DIRECTION('',(0.287347885566,-5.31700397722E-16,0.957826285221)
  );
#3290 = ADVANCED_FACE('',(#3291),#3297,.F.);
#3291 = FACE_BOUND('',#3292,.F.);
#3292 = EDGE_LOOP('',(#3293,#3294,#3295,#3296));
#3293 = ORIENTED_EDGE('',*,*,#2139,.T.);
#3294 = ORIENTED_EDGE('',*,*,#3280,.T.);
#3295 = ORIENTED_EDGE('',*,*,#1989,.F.);
#3296 = ORIENTED_EDGE('',*,*,#3261,.F.);
#3297 = CYLINDRICAL_SURFACE('',#3298,0.29);
#3298 = AXIS2_PLACEMENT_3D('',#3299,#3300,#3301);
#3299 = CARTESIAN_POINT('',(6.147231111242,-0.35,-1.5));
#3300 = DIRECTION('',(0.,1.,3.330669073875E-16));
#3301 = DIRECTION('',(0.957826285221,-9.570607158983E-17,0.287347885566)
  );
#3302 = ( GEOMETRIC_REPRESENTATION_CONTEXT(3) 
GLOBAL_UNCERTAINTY_ASSIGNED_CONTEXT((#3306)) 
GLOBAL_UNIT_ASSIGNED_CONTEXT((#3303,#3304,#3305)) REPRESENTATION_CONTEXT
('Context #1','3D Context with UNIT and UNCERTAINTY') );
#3303 = ( LENGTH_UNIT() NAMED_UNIT(*) SI_UNIT(.MILLI.,.METRE.) );
#3304 = ( NAMED_UNIT(*) PLANE_ANGLE_UNIT() SI_UNIT($,.RADIAN.) );
#3305 = ( NAMED_UNIT(*) SI_UNIT($,.STERADIAN.) SOLID_ANGLE_UNIT() );
#3306 = UNCERTAINTY_MEASURE_WITH_UNIT(LENGTH_MEASURE(1.E-07),#3303,
  'distance_accuracy_value','confusion accuracy');
#3307 = CONTEXT_DEPENDENT_SHAPE_REPRESENTATION(#3308,#3310);
#3308 = ( REPRESENTATION_RELATIONSHIP('','',#72,#10) 
REPRESENTATION_RELATIONSHIP_WITH_TRANSFORMATION(#3309) 
SHAPE_REPRESENTATION_RELATIONSHIP() );
#3309 = ITEM_DEFINED_TRANSFORMATION('','',#11,#15);
#3310 = PRODUCT_DEFINITION_SHAPE('Placement','Placement of an item',
  #3311);
#3311 = NEXT_ASSEMBLY_USAGE_OCCURRENCE('1','Mode','',#5,#67,$);
#3312 = PRODUCT_RELATED_PRODUCT_CATEGORY('part',$,(#69));
#3313 = SHAPE_DEFINITION_REPRESENTATION(#3314,#3320);
#3314 = PRODUCT_DEFINITION_SHAPE('','',#3315);
#3315 = PRODUCT_DEFINITION('design','',#3316,#3319);
#3316 = PRODUCT_DEFINITION_FORMATION('','',#3317);
#3317 = PRODUCT('R_Axial_DIN0207_L6.3mm_D2.5mm_P10.16mm_Horizontal',
  'R_Axial_DIN0207_L6.3mm_D2.5mm_P10.16mm_Horizontal','',(#3318));
#3318 = PRODUCT_CONTEXT('',#2,'mechanical');
#3319 = PRODUCT_DEFINITION_CONTEXT('part definition',#2,'design');
#3320 = ADVANCED_BREP_SHAPE_REPRESENTATION('',(#11,#3321),#3708);
#3321 = MANIFOLD_SOLID_BREP('',#3322);
#3322 = CLOSED_SHELL('',(#3323,#3356,#3382,#3402,#3422,#3447,#3472,#3492
    ,#3518,#3543,#3568,#3594,#3603,#3623,#3648,#3674,#3699));
#3323 = ADVANCED_FACE('',(#3324),#3351,.T.);
#3324 = FACE_BOUND('',#3325,.T.);
#3325 = EDGE_LOOP('',(#3326,#3335,#3343,#3350));
#3326 = ORIENTED_EDGE('',*,*,#3327,.T.);
#3327 = EDGE_CURVE('',#3328,#3328,#3330,.T.);
#3328 = VERTEX_POINT('',#3329);
#3329 = CARTESIAN_POINT('',(2.555,1.25,1.25));
#3330 = CIRCLE('',#3331,1.25);
#3331 = AXIS2_PLACEMENT_3D('',#3332,#3333,#3334);
#3332 = CARTESIAN_POINT('',(2.555,0.,1.25));
#3333 = DIRECTION('',(1.,0.,0.));
#3334 = DIRECTION('',(-0.,1.,0.));
#3335 = ORIENTED_EDGE('',*,*,#3336,.T.);
#3336 = EDGE_CURVE('',#3328,#3337,#3339,.T.);
#3337 = VERTEX_POINT('',#3338);
#3338 = CARTESIAN_POINT('',(3.505,1.25,1.25));
#3339 = LINE('',#3340,#3341);
#3340 = CARTESIAN_POINT('',(1.93,1.25,1.25));
#3341 = VECTOR('',#3342,1.);
#3342 = DIRECTION('',(1.,0.,0.));
#3343 = ORIENTED_EDGE('',*,*,#3344,.F.);
#3344 = EDGE_CURVE('',#3337,#3337,#3345,.T.);
#3345 = CIRCLE('',#3346,1.25);
#3346 = AXIS2_PLACEMENT_3D('',#3347,#3348,#3349);
#3347 = CARTESIAN_POINT('',(3.505,0.,1.25));
#3348 = DIRECTION('',(1.,0.,0.));
#3349 = DIRECTION('',(-0.,1.,0.));
#3350 = ORIENTED_EDGE('',*,*,#3336,.F.);
#3351 = CYLINDRICAL_SURFACE('',#3352,1.25);
#3352 = AXIS2_PLACEMENT_3D('',#3353,#3354,#3355);
#3353 = CARTESIAN_POINT('',(1.93,0.,1.25));
#3354 = DIRECTION('',(-1.,-0.,-0.));
#3355 = DIRECTION('',(0.,1.,0.));
#3356 = ADVANCED_FACE('',(#3357),#3377,.T.);
#3357 = FACE_BOUND('',#3358,.T.);
#3358 = EDGE_LOOP('',(#3359,#3368,#3375,#3376));
#3359 = ORIENTED_EDGE('',*,*,#3360,.T.);
#3360 = EDGE_CURVE('',#3361,#3361,#3363,.T.);
#3361 = VERTEX_POINT('',#3362);
#3362 = CARTESIAN_POINT('',(1.93,0.625,1.25));
#3363 = CIRCLE('',#3364,0.625);
#3364 = AXIS2_PLACEMENT_3D('',#3365,#3366,#3367);
#3365 = CARTESIAN_POINT('',(1.93,0.,1.25));
#3366 = DIRECTION('',(1.,0.,0.));
#3367 = DIRECTION('',(-0.,1.,0.));
#3368 = ORIENTED_EDGE('',*,*,#3369,.F.);
#3369 = EDGE_CURVE('',#3328,#3361,#3370,.T.);
#3370 = CIRCLE('',#3371,0.625);
#3371 = AXIS2_PLACEMENT_3D('',#3372,#3373,#3374);
#3372 = CARTESIAN_POINT('',(2.555,0.625,1.25));
#3373 = DIRECTION('',(0.,-0.,1.));
#3374 = DIRECTION('',(0.,1.,0.));
#3375 = ORIENTED_EDGE('',*,*,#3327,.F.);
#3376 = ORIENTED_EDGE('',*,*,#3369,.T.);
#3377 = TOROIDAL_SURFACE('',#3378,0.625,0.625);
#3378 = AXIS2_PLACEMENT_3D('',#3379,#3380,#3381);
#3379 = CARTESIAN_POINT('',(2.555,0.,1.25));
#3380 = DIRECTION('',(-1.,0.,0.));
#3381 = DIRECTION('',(0.,1.,0.));
#3382 = ADVANCED_FACE('',(#3383,#3386),#3397,.F.);
#3383 = FACE_BOUND('',#3384,.F.);
#3384 = EDGE_LOOP('',(#3385));
#3385 = ORIENTED_EDGE('',*,*,#3344,.F.);
#3386 = FACE_BOUND('',#3387,.F.);
#3387 = EDGE_LOOP('',(#3388));
#3388 = ORIENTED_EDGE('',*,*,#3389,.F.);
#3389 = EDGE_CURVE('',#3390,#3390,#3392,.T.);
#3390 = VERTEX_POINT('',#3391);
#3391 = CARTESIAN_POINT('',(3.505,1.125,1.25));
#3392 = CIRCLE('',#3393,1.125);
#3393 = AXIS2_PLACEMENT_3D('',#3394,#3395,#3396);
#3394 = CARTESIAN_POINT('',(3.505,0.,1.25));
#3395 = DIRECTION('',(-1.,0.,0.));
#3396 = DIRECTION('',(0.,1.,0.));
#3397 = PLANE('',#3398);
#3398 = AXIS2_PLACEMENT_3D('',#3399,#3400,#3401);
#3399 = CARTESIAN_POINT('',(3.505,1.25,1.25));
#3400 = DIRECTION('',(-1.,0.,0.));
#3401 = DIRECTION('',(0.,0.,-1.));
#3402 = ADVANCED_FACE('',(#3403,#3406),#3417,.T.);
#3403 = FACE_BOUND('',#3404,.T.);
#3404 = EDGE_LOOP('',(#3405));
#3405 = ORIENTED_EDGE('',*,*,#3360,.F.);
#3406 = FACE_BOUND('',#3407,.T.);
#3407 = EDGE_LOOP('',(#3408));
#3408 = ORIENTED_EDGE('',*,*,#3409,.T.);
#3409 = EDGE_CURVE('',#3410,#3410,#3412,.T.);
#3410 = VERTEX_POINT('',#3411);
#3411 = CARTESIAN_POINT('',(1.93,0.,0.95));
#3412 = CIRCLE('',#3413,0.3);
#3413 = AXIS2_PLACEMENT_3D('',#3414,#3415,#3416);
#3414 = CARTESIAN_POINT('',(1.93,0.,1.25));
#3415 = DIRECTION('',(1.,-0.,0.));
#3416 = DIRECTION('',(0.,0.,-1.));
#3417 = PLANE('',#3418);
#3418 = AXIS2_PLACEMENT_3D('',#3419,#3420,#3421);
#3419 = CARTESIAN_POINT('',(1.93,1.25,1.25));
#3420 = DIRECTION('',(-1.,0.,0.));
#3421 = DIRECTION('',(0.,0.,-1.));
#3422 = ADVANCED_FACE('',(#3423),#3442,.T.);
#3423 = FACE_BOUND('',#3424,.T.);
#3424 = EDGE_LOOP('',(#3425,#3434,#3440,#3441));
#3425 = ORIENTED_EDGE('',*,*,#3426,.T.);
#3426 = EDGE_CURVE('',#3427,#3427,#3429,.T.);
#3427 = VERTEX_POINT('',#3428);
#3428 = CARTESIAN_POINT('',(6.655,1.125,1.25));
#3429 = CIRCLE('',#3430,1.125);
#3430 = AXIS2_PLACEMENT_3D('',#3431,#3432,#3433);
#3431 = CARTESIAN_POINT('',(6.655,0.,1.25));
#3432 = DIRECTION('',(-1.,0.,0.));
#3433 = DIRECTION('',(0.,1.,0.));
#3434 = ORIENTED_EDGE('',*,*,#3435,.F.);
#3435 = EDGE_CURVE('',#3390,#3427,#3436,.T.);
#3436 = LINE('',#3437,#3438);
#3437 = CARTESIAN_POINT('',(1.93,1.125,1.25));
#3438 = VECTOR('',#3439,1.);
#3439 = DIRECTION('',(1.,0.,0.));
#3440 = ORIENTED_EDGE('',*,*,#3389,.F.);
#3441 = ORIENTED_EDGE('',*,*,#3435,.T.);
#3442 = CYLINDRICAL_SURFACE('',#3443,1.125);
#3443 = AXIS2_PLACEMENT_3D('',#3444,#3445,#3446);
#3444 = CARTESIAN_POINT('',(1.93,0.,1.25));
#3445 = DIRECTION('',(-1.,-0.,-0.));
#3446 = DIRECTION('',(0.,1.,0.));
#3447 = ADVANCED_FACE('',(#3448),#3467,.T.);
#3448 = FACE_BOUND('',#3449,.T.);
#3449 = EDGE_LOOP('',(#3450,#3459,#3465,#3466));
#3450 = ORIENTED_EDGE('',*,*,#3451,.F.);
#3451 = EDGE_CURVE('',#3452,#3452,#3454,.T.);
#3452 = VERTEX_POINT('',#3453);
#3453 = CARTESIAN_POINT('',(0.9,0.,0.95));
#3454 = CIRCLE('',#3455,0.3);
#3455 = AXIS2_PLACEMENT_3D('',#3456,#3457,#3458);
#3456 = CARTESIAN_POINT('',(0.9,0.,1.25));
#3457 = DIRECTION('',(-1.,0.,-1.188909441847E-17));
#3458 = DIRECTION('',(-1.188909441847E-17,0.,1.));
#3459 = ORIENTED_EDGE('',*,*,#3460,.T.);
#3460 = EDGE_CURVE('',#3452,#3410,#3461,.T.);
#3461 = LINE('',#3462,#3463);
#3462 = CARTESIAN_POINT('',(0.9,0.,0.95));
#3463 = VECTOR('',#3464,1.);
#3464 = DIRECTION('',(1.,0.,0.));
#3465 = ORIENTED_EDGE('',*,*,#3409,.F.);
#3466 = ORIENTED_EDGE('',*,*,#3460,.F.);
#3467 = CYLINDRICAL_SURFACE('',#3468,0.3);
#3468 = AXIS2_PLACEMENT_3D('',#3469,#3470,#3471);
#3469 = CARTESIAN_POINT('',(0.9,0.,1.25));
#3470 = DIRECTION('',(1.,0.,0.));
#3471 = DIRECTION('',(0.,0.,-1.));
#3472 = ADVANCED_FACE('',(#3473,#3484),#3487,.T.);
#3473 = FACE_BOUND('',#3474,.T.);
#3474 = EDGE_LOOP('',(#3475));
#3475 = ORIENTED_EDGE('',*,*,#3476,.F.);
#3476 = EDGE_CURVE('',#3477,#3477,#3479,.T.);
#3477 = VERTEX_POINT('',#3478);
#3478 = CARTESIAN_POINT('',(6.655,1.25,1.25));
#3479 = CIRCLE('',#3480,1.25);
#3480 = AXIS2_PLACEMENT_3D('',#3481,#3482,#3483);
#3481 = CARTESIAN_POINT('',(6.655,0.,1.25));
#3482 = DIRECTION('',(1.,0.,0.));
#3483 = DIRECTION('',(-0.,1.,0.));
#3484 = FACE_BOUND('',#3485,.T.);
#3485 = EDGE_LOOP('',(#3486));
#3486 = ORIENTED_EDGE('',*,*,#3426,.F.);
#3487 = PLANE('',#3488);
#3488 = AXIS2_PLACEMENT_3D('',#3489,#3490,#3491);
#3489 = CARTESIAN_POINT('',(6.655,1.25,1.25));
#3490 = DIRECTION('',(-1.,0.,0.));
#3491 = DIRECTION('',(0.,0.,-1.));
#3492 = ADVANCED_FACE('',(#3493),#3513,.T.);
#3493 = FACE_BOUND('',#3494,.T.);
#3494 = EDGE_LOOP('',(#3495,#3504,#3505,#3506));
#3495 = ORIENTED_EDGE('',*,*,#3496,.T.);
#3496 = EDGE_CURVE('',#3497,#3452,#3499,.T.);
#3497 = VERTEX_POINT('',#3498);
#3498 = CARTESIAN_POINT('',(0.3,0.,0.35));
#3499 = CIRCLE('',#3500,0.6);
#3500 = AXIS2_PLACEMENT_3D('',#3501,#3502,#3503);
#3501 = CARTESIAN_POINT('',(0.9,1.102182119233E-16,0.35));
#3502 = DIRECTION('',(0.,1.,-0.));
#3503 = DIRECTION('',(-1.,0.,4.93432455389E-16));
#3504 = ORIENTED_EDGE('',*,*,#3451,.T.);
#3505 = ORIENTED_EDGE('',*,*,#3496,.F.);
#3506 = ORIENTED_EDGE('',*,*,#3507,.T.);
#3507 = EDGE_CURVE('',#3497,#3497,#3508,.T.);
#3508 = CIRCLE('',#3509,0.3);
#3509 = AXIS2_PLACEMENT_3D('',#3510,#3511,#3512);
#3510 = CARTESIAN_POINT('',(0.,0.,0.35));
#3511 = DIRECTION('',(0.,0.,1.));
#3512 = DIRECTION('',(1.,0.,-0.));
#3513 = TOROIDAL_SURFACE('',#3514,0.9,0.3);
#3514 = AXIS2_PLACEMENT_3D('',#3515,#3516,#3517);
#3515 = CARTESIAN_POINT('',(0.9,0.,0.35));
#3516 = DIRECTION('',(0.,1.,0.));
#3517 = DIRECTION('',(-1.,0.,4.93432455389E-16));
#3518 = ADVANCED_FACE('',(#3519),#3538,.T.);
#3519 = FACE_BOUND('',#3520,.T.);
#3520 = EDGE_LOOP('',(#3521,#3522,#3530,#3537));
#3521 = ORIENTED_EDGE('',*,*,#3476,.T.);
#3522 = ORIENTED_EDGE('',*,*,#3523,.T.);
#3523 = EDGE_CURVE('',#3477,#3524,#3526,.T.);
#3524 = VERTEX_POINT('',#3525);
#3525 = CARTESIAN_POINT('',(7.605,1.25,1.25));
#3526 = LINE('',#3527,#3528);
#3527 = CARTESIAN_POINT('',(6.655,1.25,1.25));
#3528 = VECTOR('',#3529,1.);
#3529 = DIRECTION('',(1.,0.,0.));
#3530 = ORIENTED_EDGE('',*,*,#3531,.F.);
#3531 = EDGE_CURVE('',#3524,#3524,#3532,.T.);
#3532 = CIRCLE('',#3533,1.25);
#3533 = AXIS2_PLACEMENT_3D('',#3534,#3535,#3536);
#3534 = CARTESIAN_POINT('',(7.605,0.,1.25));
#3535 = DIRECTION('',(1.,0.,0.));
#3536 = DIRECTION('',(-0.,1.,0.));
#3537 = ORIENTED_EDGE('',*,*,#3523,.F.);
#3538 = CYLINDRICAL_SURFACE('',#3539,1.25);
#3539 = AXIS2_PLACEMENT_3D('',#3540,#3541,#3542);
#3540 = CARTESIAN_POINT('',(6.655,0.,1.25));
#3541 = DIRECTION('',(-1.,-0.,-0.));
#3542 = DIRECTION('',(0.,1.,0.));
#3543 = ADVANCED_FACE('',(#3544),#3563,.T.);
#3544 = FACE_BOUND('',#3545,.T.);
#3545 = EDGE_LOOP('',(#3546,#3554,#3555,#3556));
#3546 = ORIENTED_EDGE('',*,*,#3547,.T.);
#3547 = EDGE_CURVE('',#3548,#3497,#3550,.T.);
#3548 = VERTEX_POINT('',#3549);
#3549 = CARTESIAN_POINT('',(0.3,-7.347880794884E-17,-3.));
#3550 = LINE('',#3551,#3552);
#3551 = CARTESIAN_POINT('',(0.3,0.,-3.));
#3552 = VECTOR('',#3553,1.);
#3553 = DIRECTION('',(0.,0.,1.));
#3554 = ORIENTED_EDGE('',*,*,#3507,.F.);
#3555 = ORIENTED_EDGE('',*,*,#3547,.F.);
#3556 = ORIENTED_EDGE('',*,*,#3557,.T.);
#3557 = EDGE_CURVE('',#3548,#3548,#3558,.T.);
#3558 = CIRCLE('',#3559,0.3);
#3559 = AXIS2_PLACEMENT_3D('',#3560,#3561,#3562);
#3560 = CARTESIAN_POINT('',(0.,0.,-3.));
#3561 = DIRECTION('',(0.,0.,1.));
#3562 = DIRECTION('',(1.,0.,-0.));
#3563 = CYLINDRICAL_SURFACE('',#3564,0.3);
#3564 = AXIS2_PLACEMENT_3D('',#3565,#3566,#3567);
#3565 = CARTESIAN_POINT('',(0.,0.,-3.));
#3566 = DIRECTION('',(0.,0.,1.));
#3567 = DIRECTION('',(1.,0.,-0.));
#3568 = ADVANCED_FACE('',(#3569),#3589,.T.);
#3569 = FACE_BOUND('',#3570,.T.);
#3570 = EDGE_LOOP('',(#3571,#3580,#3581,#3582));
#3571 = ORIENTED_EDGE('',*,*,#3572,.F.);
#3572 = EDGE_CURVE('',#3524,#3573,#3575,.T.);
#3573 = VERTEX_POINT('',#3574);
#3574 = CARTESIAN_POINT('',(8.23,0.625,1.25));
#3575 = CIRCLE('',#3576,0.625);
#3576 = AXIS2_PLACEMENT_3D('',#3577,#3578,#3579);
#3577 = CARTESIAN_POINT('',(7.605,0.625,1.25));
#3578 = DIRECTION('',(0.,0.,-1.));
#3579 = DIRECTION('',(0.,1.,0.));
#3580 = ORIENTED_EDGE('',*,*,#3531,.T.);
#3581 = ORIENTED_EDGE('',*,*,#3572,.T.);
#3582 = ORIENTED_EDGE('',*,*,#3583,.F.);
#3583 = EDGE_CURVE('',#3573,#3573,#3584,.T.);
#3584 = CIRCLE('',#3585,0.625);
#3585 = AXIS2_PLACEMENT_3D('',#3586,#3587,#3588);
#3586 = CARTESIAN_POINT('',(8.23,0.,1.25));
#3587 = DIRECTION('',(1.,0.,0.));
#3588 = DIRECTION('',(-0.,1.,0.));
#3589 = TOROIDAL_SURFACE('',#3590,0.625,0.625);
#3590 = AXIS2_PLACEMENT_3D('',#3591,#3592,#3593);
#3591 = CARTESIAN_POINT('',(7.605,0.,1.25));
#3592 = DIRECTION('',(1.,0.,0.));
#3593 = DIRECTION('',(-0.,1.,0.));
#3594 = ADVANCED_FACE('',(#3595),#3598,.T.);
#3595 = FACE_BOUND('',#3596,.F.);
#3596 = EDGE_LOOP('',(#3597));
#3597 = ORIENTED_EDGE('',*,*,#3557,.T.);
#3598 = PLANE('',#3599);
#3599 = AXIS2_PLACEMENT_3D('',#3600,#3601,#3602);
#3600 = CARTESIAN_POINT('',(0.3,0.,-3.));
#3601 = DIRECTION('',(0.,0.,-1.));
#3602 = DIRECTION('',(-1.,0.,0.));
#3603 = ADVANCED_FACE('',(#3604,#3607),#3618,.F.);
#3604 = FACE_BOUND('',#3605,.F.);
#3605 = EDGE_LOOP('',(#3606));
#3606 = ORIENTED_EDGE('',*,*,#3583,.F.);
#3607 = FACE_BOUND('',#3608,.F.);
#3608 = EDGE_LOOP('',(#3609));
#3609 = ORIENTED_EDGE('',*,*,#3610,.T.);
#3610 = EDGE_CURVE('',#3611,#3611,#3613,.T.);
#3611 = VERTEX_POINT('',#3612);
#3612 = CARTESIAN_POINT('',(8.23,0.,0.95));
#3613 = CIRCLE('',#3614,0.3);
#3614 = AXIS2_PLACEMENT_3D('',#3615,#3616,#3617);
#3615 = CARTESIAN_POINT('',(8.23,0.,1.25));
#3616 = DIRECTION('',(1.,-0.,0.));
#3617 = DIRECTION('',(0.,0.,-1.));
#3618 = PLANE('',#3619);
#3619 = AXIS2_PLACEMENT_3D('',#3620,#3621,#3622);
#3620 = CARTESIAN_POINT('',(8.23,1.25,1.25));
#3621 = DIRECTION('',(-1.,0.,0.));
#3622 = DIRECTION('',(0.,0.,-1.));
#3623 = ADVANCED_FACE('',(#3624),#3643,.T.);
#3624 = FACE_BOUND('',#3625,.T.);
#3625 = EDGE_LOOP('',(#3626,#3627,#3635,#3642));
#3626 = ORIENTED_EDGE('',*,*,#3610,.T.);
#3627 = ORIENTED_EDGE('',*,*,#3628,.T.);
#3628 = EDGE_CURVE('',#3611,#3629,#3631,.T.);
#3629 = VERTEX_POINT('',#3630);
#3630 = CARTESIAN_POINT('',(9.26,0.,0.95));
#3631 = LINE('',#3632,#3633);
#3632 = CARTESIAN_POINT('',(0.9,0.,0.95));
#3633 = VECTOR('',#3634,1.);
#3634 = DIRECTION('',(1.,0.,0.));
#3635 = ORIENTED_EDGE('',*,*,#3636,.F.);
#3636 = EDGE_CURVE('',#3629,#3629,#3637,.T.);
#3637 = CIRCLE('',#3638,0.3);
#3638 = AXIS2_PLACEMENT_3D('',#3639,#3640,#3641);
#3639 = CARTESIAN_POINT('',(9.26,0.,1.25));
#3640 = DIRECTION('',(1.,-0.,0.));
#3641 = DIRECTION('',(0.,0.,-1.));
#3642 = ORIENTED_EDGE('',*,*,#3628,.F.);
#3643 = CYLINDRICAL_SURFACE('',#3644,0.3);
#3644 = AXIS2_PLACEMENT_3D('',#3645,#3646,#3647);
#3645 = CARTESIAN_POINT('',(0.9,0.,1.25));
#3646 = DIRECTION('',(1.,0.,0.));
#3647 = DIRECTION('',(0.,0.,-1.));
#3648 = ADVANCED_FACE('',(#3649),#3669,.T.);
#3649 = FACE_BOUND('',#3650,.T.);
#3650 = EDGE_LOOP('',(#3651,#3660,#3667,#3668));
#3651 = ORIENTED_EDGE('',*,*,#3652,.T.);
#3652 = EDGE_CURVE('',#3629,#3653,#3655,.T.);
#3653 = VERTEX_POINT('',#3654);
#3654 = CARTESIAN_POINT('',(9.86,0.,0.35));
#3655 = CIRCLE('',#3656,0.6);
#3656 = AXIS2_PLACEMENT_3D('',#3657,#3658,#3659);
#3657 = CARTESIAN_POINT('',(9.26,1.102182119233E-16,0.35));
#3658 = DIRECTION('',(0.,1.,0.));
#3659 = DIRECTION('',(0.,-0.,1.));
#3660 = ORIENTED_EDGE('',*,*,#3661,.T.);
#3661 = EDGE_CURVE('',#3653,#3653,#3662,.T.);
#3662 = CIRCLE('',#3663,0.3);
#3663 = AXIS2_PLACEMENT_3D('',#3664,#3665,#3666);
#3664 = CARTESIAN_POINT('',(10.16,0.,0.35));
#3665 = DIRECTION('',(-5.053215498074E-16,0.,1.));
#3666 = DIRECTION('',(1.,0.,5.053215498074E-16));
#3667 = ORIENTED_EDGE('',*,*,#3652,.F.);
#3668 = ORIENTED_EDGE('',*,*,#3636,.T.);
#3669 = TOROIDAL_SURFACE('',#3670,0.9,0.3);
#3670 = AXIS2_PLACEMENT_3D('',#3671,#3672,#3673);
#3671 = CARTESIAN_POINT('',(9.26,0.,0.35));
#3672 = DIRECTION('',(0.,1.,0.));
#3673 = DIRECTION('',(0.,-0.,1.));
#3674 = ADVANCED_FACE('',(#3675),#3694,.T.);
#3675 = FACE_BOUND('',#3676,.T.);
#3676 = EDGE_LOOP('',(#3677,#3685,#3692,#3693));
#3677 = ORIENTED_EDGE('',*,*,#3678,.T.);
#3678 = EDGE_CURVE('',#3653,#3679,#3681,.T.);
#3679 = VERTEX_POINT('',#3680);
#3680 = CARTESIAN_POINT('',(9.86,-7.347880794884E-17,-3.));
#3681 = LINE('',#3682,#3683);
#3682 = CARTESIAN_POINT('',(9.86,0.,0.35));
#3683 = VECTOR('',#3684,1.);
#3684 = DIRECTION('',(0.,0.,-1.));
#3685 = ORIENTED_EDGE('',*,*,#3686,.F.);
#3686 = EDGE_CURVE('',#3679,#3679,#3687,.T.);
#3687 = CIRCLE('',#3688,0.3);
#3688 = AXIS2_PLACEMENT_3D('',#3689,#3690,#3691);
#3689 = CARTESIAN_POINT('',(10.16,0.,-3.));
#3690 = DIRECTION('',(0.,0.,-1.));
#3691 = DIRECTION('',(-1.,0.,0.));
#3692 = ORIENTED_EDGE('',*,*,#3678,.F.);
#3693 = ORIENTED_EDGE('',*,*,#3661,.F.);
#3694 = CYLINDRICAL_SURFACE('',#3695,0.3);
#3695 = AXIS2_PLACEMENT_3D('',#3696,#3697,#3698);
#3696 = CARTESIAN_POINT('',(10.16,0.,0.35));
#3697 = DIRECTION('',(0.,0.,-1.));
#3698 = DIRECTION('',(-1.,0.,0.));
#3699 = ADVANCED_FACE('',(#3700),#3703,.F.);
#3700 = FACE_BOUND('',#3701,.T.);
#3701 = EDGE_LOOP('',(#3702));
#3702 = ORIENTED_EDGE('',*,*,#3686,.T.);
#3703 = PLANE('',#3704);
#3704 = AXIS2_PLACEMENT_3D('',#3705,#3706,#3707);
#3705 = CARTESIAN_POINT('',(9.86,0.,-3.));
#3706 = DIRECTION('',(0.,0.,1.));
#3707 = DIRECTION('',(1.,0.,-0.));
#3708 = ( GEOMETRIC_REPRESENTATION_CONTEXT(3) 
GLOBAL_UNCERTAINTY_ASSIGNED_CONTEXT((#3712)) 
GLOBAL_UNIT_ASSIGNED_CONTEXT((#3709,#3710,#3711)) REPRESENTATION_CONTEXT
('Context #1','3D Context with UNIT and UNCERTAINTY') );
#3709 = ( LENGTH_UNIT() NAMED_UNIT(*) SI_UNIT(.MILLI.,.METRE.) );
#3710 = ( NAMED_UNIT(*) PLANE_ANGLE_UNIT() SI_UNIT($,.RADIAN.) );
#3711 = ( NAMED_UNIT(*) SI_UNIT($,.STERADIAN.) SOLID_ANGLE_UNIT() );
#3712 = UNCERTAINTY_MEASURE_WITH_UNIT(LENGTH_MEASURE(1.E-07),#3709,
  'distance_accuracy_value','confusion accuracy');
#3713 = CONTEXT_DEPENDENT_SHAPE_REPRESENTATION(#3714,#3716);
#3714 = ( REPRESENTATION_RELATIONSHIP('','',#3320,#10) 
REPRESENTATION_RELATIONSHIP_WITH_TRANSFORMATION(#3715) 
SHAPE_REPRESENTATION_RELATIONSHIP() );
#3715 = ITEM_DEFINED_TRANSFORMATION('','',#11,#19);
#3716 = PRODUCT_DEFINITION_SHAPE('Placement','Placement of an item',
  #3717);
#3717 = NEXT_ASSEMBLY_USAGE_OCCURRENCE('2','R3','',#5,#3315,$);
#3718 = PRODUCT_RELATED_PRODUCT_CATEGORY('part',$,(#3317));
#3719 = SHAPE_DEFINITION_REPRESENTATION(#3720,#3726);
#3720 = PRODUCT_DEFINITION_SHAPE('','',#3721);
#3721 = PRODUCT_DEFINITION('design','',#3722,#3725);
#3722 = PRODUCT_DEFINITION_FORMATION('','',#3723);
#3723 = PRODUCT('R_Axial_DIN0207_L6.3mm_D2.5mm_P7.62mm_Horizontal',
  'R_Axial_DIN0207_L6.3mm_D2.5mm_P7.62mm_Horizontal','',(#3724));
#3724 = PRODUCT_CONTEXT('',#2,'mechanical');
#3725 = PRODUCT_DEFINITION_CONTEXT('part definition',#2,'design');
#3726 = ADVANCED_BREP_SHAPE_REPRESENTATION('',(#11,#3727),#4390);
#3727 = MANIFOLD_SOLID_BREP('',#3728);
#3728 = CLOSED_SHELL('',(#3729,#3762,#3788,#3808,#3991,#4016,#4042,#4062
    ,#4087,#4112,#4121,#4147,#4330,#4356,#4381));
#3729 = ADVANCED_FACE('',(#3730),#3757,.T.);
#3730 = FACE_BOUND('',#3731,.T.);
#3731 = EDGE_LOOP('',(#3732,#3741,#3749,#3756));
#3732 = ORIENTED_EDGE('',*,*,#3733,.T.);
#3733 = EDGE_CURVE('',#3734,#3734,#3736,.T.);
#3734 = VERTEX_POINT('',#3735);
#3735 = CARTESIAN_POINT('',(1.285,1.25,1.25));
#3736 = CIRCLE('',#3737,1.25);
#3737 = AXIS2_PLACEMENT_3D('',#3738,#3739,#3740);
#3738 = CARTESIAN_POINT('',(1.285,0.,1.25));
#3739 = DIRECTION('',(1.,0.,0.));
#3740 = DIRECTION('',(-0.,1.,0.));
#3741 = ORIENTED_EDGE('',*,*,#3742,.T.);
#3742 = EDGE_CURVE('',#3734,#3743,#3745,.T.);
#3743 = VERTEX_POINT('',#3744);
#3744 = CARTESIAN_POINT('',(2.235,1.25,1.25));
#3745 = LINE('',#3746,#3747);
#3746 = CARTESIAN_POINT('',(0.66,1.25,1.25));
#3747 = VECTOR('',#3748,1.);
#3748 = DIRECTION('',(1.,0.,0.));
#3749 = ORIENTED_EDGE('',*,*,#3750,.F.);
#3750 = EDGE_CURVE('',#3743,#3743,#3751,.T.);
#3751 = CIRCLE('',#3752,1.25);
#3752 = AXIS2_PLACEMENT_3D('',#3753,#3754,#3755);
#3753 = CARTESIAN_POINT('',(2.235,0.,1.25));
#3754 = DIRECTION('',(1.,0.,0.));
#3755 = DIRECTION('',(-0.,1.,0.));
#3756 = ORIENTED_EDGE('',*,*,#3742,.F.);
#3757 = CYLINDRICAL_SURFACE('',#3758,1.25);
#3758 = AXIS2_PLACEMENT_3D('',#3759,#3760,#3761);
#3759 = CARTESIAN_POINT('',(0.66,0.,1.25));
#3760 = DIRECTION('',(-1.,-0.,-0.));
#3761 = DIRECTION('',(0.,1.,0.));
#3762 = ADVANCED_FACE('',(#3763),#3783,.T.);
#3763 = FACE_BOUND('',#3764,.T.);
#3764 = EDGE_LOOP('',(#3765,#3774,#3781,#3782));
#3765 = ORIENTED_EDGE('',*,*,#3766,.T.);
#3766 = EDGE_CURVE('',#3767,#3767,#3769,.T.);
#3767 = VERTEX_POINT('',#3768);
#3768 = CARTESIAN_POINT('',(0.66,0.625,1.25));
#3769 = CIRCLE('',#3770,0.625);
#3770 = AXIS2_PLACEMENT_3D('',#3771,#3772,#3773);
#3771 = CARTESIAN_POINT('',(0.66,0.,1.25));
#3772 = DIRECTION('',(1.,0.,0.));
#3773 = DIRECTION('',(-0.,1.,0.));
#3774 = ORIENTED_EDGE('',*,*,#3775,.F.);
#3775 = EDGE_CURVE('',#3734,#3767,#3776,.T.);
#3776 = CIRCLE('',#3777,0.625);
#3777 = AXIS2_PLACEMENT_3D('',#3778,#3779,#3780);
#3778 = CARTESIAN_POINT('',(1.285,0.625,1.25));
#3779 = DIRECTION('',(0.,-0.,1.));
#3780 = DIRECTION('',(0.,1.,0.));
#3781 = ORIENTED_EDGE('',*,*,#3733,.F.);
#3782 = ORIENTED_EDGE('',*,*,#3775,.T.);
#3783 = TOROIDAL_SURFACE('',#3784,0.625,0.625);
#3784 = AXIS2_PLACEMENT_3D('',#3785,#3786,#3787);
#3785 = CARTESIAN_POINT('',(1.285,0.,1.25));
#3786 = DIRECTION('',(-1.,0.,0.));
#3787 = DIRECTION('',(0.,1.,0.));
#3788 = ADVANCED_FACE('',(#3789,#3792),#3803,.F.);
#3789 = FACE_BOUND('',#3790,.F.);
#3790 = EDGE_LOOP('',(#3791));
#3791 = ORIENTED_EDGE('',*,*,#3750,.F.);
#3792 = FACE_BOUND('',#3793,.F.);
#3793 = EDGE_LOOP('',(#3794));
#3794 = ORIENTED_EDGE('',*,*,#3795,.F.);
#3795 = EDGE_CURVE('',#3796,#3796,#3798,.T.);
#3796 = VERTEX_POINT('',#3797);
#3797 = CARTESIAN_POINT('',(2.235,1.125,1.25));
#3798 = CIRCLE('',#3799,1.125);
#3799 = AXIS2_PLACEMENT_3D('',#3800,#3801,#3802);
#3800 = CARTESIAN_POINT('',(2.235,0.,1.25));
#3801 = DIRECTION('',(-1.,0.,0.));
#3802 = DIRECTION('',(0.,1.,0.));
#3803 = PLANE('',#3804);
#3804 = AXIS2_PLACEMENT_3D('',#3805,#3806,#3807);
#3805 = CARTESIAN_POINT('',(2.235,1.25,1.25));
#3806 = DIRECTION('',(-1.,0.,0.));
#3807 = DIRECTION('',(0.,0.,-1.));
#3808 = ADVANCED_FACE('',(#3809,#3812),#3986,.T.);
#3809 = FACE_BOUND('',#3810,.T.);
#3810 = EDGE_LOOP('',(#3811));
#3811 = ORIENTED_EDGE('',*,*,#3766,.F.);
#3812 = FACE_BOUND('',#3813,.T.);
#3813 = EDGE_LOOP('',(#3814));
#3814 = ORIENTED_EDGE('',*,*,#3815,.F.);
#3815 = EDGE_CURVE('',#3816,#3816,#3818,.T.);
#3816 = VERTEX_POINT('',#3817);
#3817 = CARTESIAN_POINT('',(0.66,1.102182119233E-16,0.899909083395));
#3818 = B_SPLINE_CURVE_WITH_KNOTS('',6,(#3819,#3820,#3821,#3822,#3823,
    #3824,#3825,#3826,#3827,#3828,#3829,#3830,#3831,#3832,#3833,#3834,
    #3835,#3836,#3837,#3838,#3839,#3840,#3841,#3842,#3843,#3844,#3845,
    #3846,#3847,#3848,#3849,#3850,#3851,#3852,#3853,#3854,#3855,#3856,
    #3857,#3858,#3859,#3860,#3861,#3862,#3863,#3864,#3865,#3866,#3867,
    #3868,#3869,#3870,#3871,#3872,#3873,#3874,#3875,#3876,#3877,#3878,
    #3879,#3880,#3881,#3882,#3883,#3884,#3885,#3886,#3887,#3888,#3889,
    #3890,#3891,#3892,#3893,#3894,#3895,#3896,#3897,#3898,#3899,#3900,
    #3901,#3902,#3903,#3904,#3905,#3906,#3907,#3908,#3909,#3910,#3911,
    #3912,#3913,#3914,#3915,#3916,#3917,#3918,#3919,#3920,#3921,#3922,
    #3923,#3924,#3925,#3926,#3927,#3928,#3929,#3930,#3931,#3932,#3933,
    #3934,#3935,#3936,#3937,#3938,#3939,#3940,#3941,#3942,#3943,#3944,
    #3945,#3946,#3947,#3948,#3949,#3950,#3951,#3952,#3953,#3954,#3955,
    #3956,#3957,#3958,#3959,#3960,#3961,#3962,#3963,#3964,#3965,#3966,
    #3967,#3968,#3969,#3970,#3971,#3972,#3973,#3974,#3975,#3976,#3977,
    #3978,#3979,#3980,#3981,#3982,#3983,#3984,#3985),.UNSPECIFIED.,.T.,
  .F.,(1,6,5,5,5,5,5,5,5,5,5,5,5,5,5,5,5,5,5,5,5,5,5,5,5,5,5,5,5,5,5,5,5
    ,5,6,1),(-3.7441643477E-02,0.,2.521870323933E-02,5.431496394384E-02,
    8.648919549843E-02,0.120700162351,0.155854554579,0.191019956077,
    0.22552099352,0.258944151729,0.291091798271,0.321919308947,
    0.351475044446,0.379851974729,0.407153625953,0.43347490921,
    0.458900868731,0.483545347382,0.505902822615,0.530283950565,
    0.555351989471,0.581274789002,0.608140584187,0.636038742308,
    0.665070462617,0.695336577837,0.72690990423,0.759792997252,
    0.79386262098,0.828806470397,0.864066503475,0.898816439436,
    0.932013287381,0.962558356523,1.,1.025218703239),.UNSPECIFIED.);
#3819 = CARTESIAN_POINT('',(0.66,0.,0.899909083395));
#3820 = CARTESIAN_POINT('',(0.66,-9.861963323296E-03,0.899909084471));
#3821 = CARTESIAN_POINT('',(0.66,-1.960383099012E-02,0.900333558971));
#3822 = CARTESIAN_POINT('',(0.66,-2.90667633729E-02,0.901163095205));
#3823 = CARTESIAN_POINT('',(0.66,-3.818473840012E-02,0.902336888075));
#3824 = CARTESIAN_POINT('',(0.66,-4.697555886318E-02,0.903805406252));
#3825 = CARTESIAN_POINT('',(0.66,-6.541217845247E-02,0.907588617289));
#3826 = CARTESIAN_POINT('',(0.66,-7.491989955217E-02,0.909985996381));
#3827 = CARTESIAN_POINT('',(0.66,-8.408858685729E-02,0.912709602459));
#3828 = CARTESIAN_POINT('',(0.66,-9.29431150905E-02,0.915726339128));
#3829 = CARTESIAN_POINT('',(0.66,-0.101504886237,0.919011492948));
#3830 = CARTESIAN_POINT('',(0.66,-0.118958160976,0.926453793498));
#3831 = CARTESIAN_POINT('',(0.66,-0.127787740677,0.930666021227));
#3832 = CARTESIAN_POINT('',(0.66,-0.136306213845,0.935155972835));
#3833 = CARTESIAN_POINT('',(0.66,-0.144532125259,0.939904061777));
#3834 = CARTESIAN_POINT('',(0.66,-0.152479834979,0.944895594586));
#3835 = CARTESIAN_POINT('',(0.66,-0.168328675181,0.955672717204));
#3836 = CARTESIAN_POINT('',(0.66,-0.176194628708,0.961488338811));
#3837 = CARTESIAN_POINT('',(0.66,-0.183772627725,0.967551590964));
#3838 = CARTESIAN_POINT('',(0.66,-0.191071921446,0.973851630909));
#3839 = CARTESIAN_POINT('',(0.66,-0.19809849539,0.980379998969));
#3840 = CARTESIAN_POINT('',(0.66,-0.211800252103,0.99406561399));
#3841 = CARTESIAN_POINT('',(0.66,-0.218460183619,1.001235038361));
#3842 = CARTESIAN_POINT('',(0.66,-0.224839916669,1.008630424477));
#3843 = CARTESIAN_POINT('',(0.66,-0.230940302033,1.016245317007));
#3844 = CARTESIAN_POINT('',(0.66,-0.236759778797,1.024074009311));
#3845 = CARTESIAN_POINT('',(0.66,-0.247832030244,1.040150827903));
#3846 = CARTESIAN_POINT('',(0.66,-0.253084597548,1.048398894868));
#3847 = CARTESIAN_POINT('',(0.66,-0.258049056373,1.056850063306));
#3848 = CARTESIAN_POINT('',(0.66,-0.262719990238,1.065498702059));
#3849 = CARTESIAN_POINT('',(0.66,-0.267090249501,1.07433884651));
#3850 = CARTESIAN_POINT('',(0.66,-0.275134936213,1.092219038761));
#3851 = CARTESIAN_POINT('',(0.66,-0.278821023102,1.101251941956));
#3852 = CARTESIAN_POINT('',(0.66,-0.282200792082,1.110456832947));
#3853 = CARTESIAN_POINT('',(0.66,-0.285264705632,1.119826546568));
#3854 = CARTESIAN_POINT('',(0.66,-0.288002108658,1.129352827713));
#3855 = CARTESIAN_POINT('',(0.66,-0.29272539517,1.148397615962));
#3856 = CARTESIAN_POINT('',(0.66,-0.29473218058,1.157906910826));
#3857 = CARTESIAN_POINT('',(0.66,-0.296410836061,1.167545600214));
#3858 = CARTESIAN_POINT('',(0.66,-0.297750151594,1.177303530334));
#3859 = CARTESIAN_POINT('',(0.66,-0.298738455802,1.187169009313));
#3860 = CARTESIAN_POINT('',(0.66,-0.299964918417,1.206708514181));
#3861 = CARTESIAN_POINT('',(0.66,-0.300230384291,1.216375379318));
#3862 = CARTESIAN_POINT('',(0.66,-0.300149186912,1.226117491764));
#3863 = CARTESIAN_POINT('',(0.66,-0.299710710819,1.235921272022));
#3864 = CARTESIAN_POINT('',(0.66,-0.298904551758,1.245771471938));
#3865 = CARTESIAN_POINT('',(0.66,-0.296585103724,1.265125169703));
#3866 = CARTESIAN_POINT('',(0.66,-0.295102339165,1.274626258325));
#3867 = CARTESIAN_POINT('',(0.66,-0.293263240337,1.284139377081));
#3868 = CARTESIAN_POINT('',(0.66,-0.291059628806,1.293647957516));
#3869 = CARTESIAN_POINT('',(0.66,-0.288484130363,1.303133926208));
#3870 = CARTESIAN_POINT('',(0.66,-0.282698083788,1.321631884472));
#3871 = CARTESIAN_POINT('',(0.66,-0.279518227914,1.330647303479));
#3872 = CARTESIAN_POINT('',(0.66,-0.275984860345,1.33960658093));
#3873 = CARTESIAN_POINT('',(0.66,-0.272093455342,1.348491200819));
#3874 = CARTESIAN_POINT('',(0.66,-0.267840708483,1.357281511993));
#3875 = CARTESIAN_POINT('',(0.66,-0.258792476906,1.374285940745));
#3876 = CARTESIAN_POINT('',(0.66,-0.254025481533,1.382509111114));
#3877 = CARTESIAN_POINT('',(0.66,-0.248921768643,1.390607755283));
#3878 = CARTESIAN_POINT('',(0.66,-0.243480982245,1.398562700734));
#3879 = CARTESIAN_POINT('',(0.66,-0.237704192262,1.406354086406));
#3880 = CARTESIAN_POINT('',(0.66,-0.22571513259,1.421280378602));
#3881 = CARTESIAN_POINT('',(0.66,-0.219527706492,1.428429037341));
#3882 = CARTESIAN_POINT('',(0.66,-0.213033892817,1.435388992124));
#3883 = CARTESIAN_POINT('',(0.66,-0.206237433156,1.442141613477));
#3884 = CARTESIAN_POINT('',(0.66,-0.199143534101,1.448667989237));
#3885 = CARTESIAN_POINT('',(0.66,-0.184639374507,1.46100431938));
#3886 = CARTESIAN_POINT('',(0.66,-0.177249666015,1.466831638372));
#3887 = CARTESIAN_POINT('',(0.66,-0.169595736209,1.472413656662));
#3888 = CARTESIAN_POINT('',(0.66,-0.161685054894,1.477733175901));
#3889 = CARTESIAN_POINT('',(0.66,-0.153526567249,1.482773024258));
#3890 = CARTESIAN_POINT('',(0.66,-0.137020407721,1.492097753386));
#3891 = CARTESIAN_POINT('',(0.66,-0.128688747003,1.496402530856));
#3892 = CARTESIAN_POINT('',(0.66,-0.12014499879,1.500414878928));
#3893 = CARTESIAN_POINT('',(0.66,-0.111400259626,1.504119593216));
#3894 = CARTESIAN_POINT('',(0.66,-0.102467435485,1.507501774849));
#3895 = CARTESIAN_POINT('',(0.66,-8.453493192811E-02,1.513498294635));
#3896 = CARTESIAN_POINT('',(0.66,-7.554639694304E-02,1.516132890753));
#3897 = CARTESIAN_POINT('',(0.66,-6.64085144705E-02,1.518437847791));
#3898 = CARTESIAN_POINT('',(0.66,-5.713783351899E-02,1.520400106432));
#3899 = CARTESIAN_POINT('',(0.66,-4.775488525608E-02,1.522007764907));
#3900 = CARTESIAN_POINT('',(0.66,-2.969295309097E-02,1.524379864025));
#3901 = CARTESIAN_POINT('',(0.66,-2.102888075484E-02,1.525208782901));
#3902 = CARTESIAN_POINT('',(0.66,-1.231401679426E-02,1.525730893697));
#3903 = CARTESIAN_POINT('',(0.66,-3.572675622322E-03,1.525941364018));
#3904 = CARTESIAN_POINT('',(0.66,5.168222805428E-03,1.525838983228));
#3905 = CARTESIAN_POINT('',(0.66,2.337847467049E-02,1.524978205181));
#3906 = CARTESIAN_POINT('',(0.66,3.284375814827E-02,1.524161190409));
#3907 = CARTESIAN_POINT('',(0.66,4.224166817951E-02,1.522980309203));
#3908 = CARTESIAN_POINT('',(0.66,5.154498116248E-02,1.52144453626));
#3909 = CARTESIAN_POINT('',(0.66,6.073223707979E-02,1.519565307122));
#3910 = CARTESIAN_POINT('',(0.66,7.909772773064E-02,1.515080653378));
#3911 = CARTESIAN_POINT('',(0.66,8.826753248322E-02,1.512456350085));
#3912 = CARTESIAN_POINT('',(0.66,9.727917108862E-02,1.509494369221));
#3913 = CARTESIAN_POINT('',(0.66,0.106117308319,1.506208374239));
#3914 = CARTESIAN_POINT('',(0.66,0.114768939441,1.502612541932));
#3915 = CARTESIAN_POINT('',(0.66,0.131966117695,1.494697909774));
#3916 = CARTESIAN_POINT('',(0.66,0.140497702999,1.490358571609));
#3917 = CARTESIAN_POINT('',(0.66,0.148806061897,1.485719660214));
#3918 = CARTESIAN_POINT('',(0.66,0.156880650792,1.480797427009));
#3919 = CARTESIAN_POINT('',(0.66,0.164712466725,1.47560826256));
#3920 = CARTESIAN_POINT('',(0.66,0.180151423764,1.464531255078));
#3921 = CARTESIAN_POINT('',(0.66,0.187739958872,1.458624810593));
#3922 = CARTESIAN_POINT('',(0.66,0.195051326582,1.452467732556));
#3923 = CARTESIAN_POINT('',(0.66,0.202078661493,1.446078253645));
#3924 = CARTESIAN_POINT('',(0.66,0.208816558921,1.439474469779));
#3925 = CARTESIAN_POINT('',(0.66,0.221953232148,1.425612904145));
#3926 = CARTESIAN_POINT('',(0.66,0.228328983313,1.41833967682));
#3927 = CARTESIAN_POINT('',(0.66,0.234383958936,1.410874731309));
#3928 = CARTESIAN_POINT('',(0.66,0.240115246881,1.403237638329));
#3929 = CARTESIAN_POINT('',(0.66,0.245521392347,1.395447466144));
#3930 = CARTESIAN_POINT('',(0.66,0.255889855564,1.379276097975));
#3931 = CARTESIAN_POINT('',(0.66,0.260825146013,1.370883681886));
#3932 = CARTESIAN_POINT('',(0.66,0.265408341569,1.362366377835));
#3933 = CARTESIAN_POINT('',(0.66,0.269640849736,1.353744088225));
#3934 = CARTESIAN_POINT('',(0.66,0.273525413156,1.345035772328));
#3935 = CARTESIAN_POINT('',(0.66,0.280757352367,1.327109961101));
#3936 = CARTESIAN_POINT('',(0.66,0.284074759274,1.317886517643));
#3937 = CARTESIAN_POINT('',(0.66,0.287023012024,1.308609403309));
#3938 = CARTESIAN_POINT('',(0.66,0.289607802772,1.299297542852));
#3939 = CARTESIAN_POINT('',(0.66,0.291835834134,1.289968498384));
#3940 = CARTESIAN_POINT('',(0.66,0.295674958709,1.270905470981));
#3941 = CARTESIAN_POINT('',(0.66,0.297255116553,1.261171411794));
#3942 = CARTESIAN_POINT('',(0.66,0.298464074992,1.251454521799));
#3943 = CARTESIAN_POINT('',(0.66,0.299311100714,1.241771401083));
#3944 = CARTESIAN_POINT('',(0.66,0.299805944827,1.232137019844));
#3945 = CARTESIAN_POINT('',(0.66,0.30011808361,1.212595326012));
#3946 = CARTESIAN_POINT('',(0.66,0.299906283631,1.202693348802));
#3947 = CARTESIAN_POINT('',(0.66,0.299334987113,1.192873693594));
#3948 = CARTESIAN_POINT('',(0.66,0.298415571185,1.183149633751));
#3949 = CARTESIAN_POINT('',(0.66,0.297159245916,1.173532809156));
#3950 = CARTESIAN_POINT('',(0.66,0.293937772017,1.154190866917));
#3951 = CARTESIAN_POINT('',(0.66,0.291948568133,1.144474505513));
#3952 = CARTESIAN_POINT('',(0.66,0.289621677512,1.134895129825));
#3953 = CARTESIAN_POINT('',(0.66,0.286968496105,1.125462405282));
#3954 = CARTESIAN_POINT('',(0.66,0.283999580964,1.116184674916));
#3955 = CARTESIAN_POINT('',(0.66,0.277365684897,1.097719334783));
#3956 = CARTESIAN_POINT('',(0.66,0.273684712853,1.08854034335));
#3957 = CARTESIAN_POINT('',(0.66,0.269692176119,1.079539433524));
#3958 = CARTESIAN_POINT('',(0.66,0.265397048483,1.07072335418));
#3959 = CARTESIAN_POINT('',(0.66,0.260806835513,1.062098154612));
#3960 = CARTESIAN_POINT('',(0.66,0.251004164416,1.045163946312));
#3961 = CARTESIAN_POINT('',(0.66,0.245786379559,1.036858764173));
#3962 = CARTESIAN_POINT('',(0.66,0.240280407048,1.028758964174));
#3963 = CARTESIAN_POINT('',(0.66,0.234490342534,1.020870115558));
#3964 = CARTESIAN_POINT('',(0.66,0.228418190257,1.013198030747));
#3965 = CARTESIAN_POINT('',(0.66,0.215801462132,0.998407266407));
#3966 = CARTESIAN_POINT('',(0.66,0.209265037039,0.991282398269));
#3967 = CARTESIAN_POINT('',(0.66,0.202454011648,0.98438004474));
#3968 = CARTESIAN_POINT('',(0.66,0.195365844133,0.977707070031));
#3969 = CARTESIAN_POINT('',(0.66,0.187995125017,0.971271927442));
#3970 = CARTESIAN_POINT('',(0.66,0.173012685338,0.959175110633));
#3971 = CARTESIAN_POINT('',(0.66,0.165426730288,0.953491920673));
#3972 = CARTESIAN_POINT('',(0.66,0.157566473117,0.948044968651));
#3973 = CARTESIAN_POINT('',(0.66,0.149421191466,0.9428457983));
#3974 = CARTESIAN_POINT('',(0.66,0.140976348171,0.937909629891));
#3975 = CARTESIAN_POINT('',(0.66,0.124148062588,0.928975570166));
#3976 = CARTESIAN_POINT('',(0.66,0.115814079383,0.924934455913));
#3977 = CARTESIAN_POINT('',(0.66,0.107194119667,0.921149233675));
#3978 = CARTESIAN_POINT('',(0.66,9.826941158436E-02,0.91763978502));
#3979 = CARTESIAN_POINT('',(0.66,8.901687105598E-02,0.914432779149));
#3980 = CARTESIAN_POINT('',(0.66,6.762842160337E-02,0.908048369916));
#3981 = CARTESIAN_POINT('',(0.66,5.540310162877E-02,0.905067930004));
#3982 = CARTESIAN_POINT('',(0.66,4.253150709481E-02,0.902628405907));
#3983 = CARTESIAN_POINT('',(0.66,2.893757304003E-02,0.900850137762));
#3984 = CARTESIAN_POINT('',(0.66,1.468319780375E-02,0.899909084997));
#3985 = CARTESIAN_POINT('',(0.66,0.,0.899909083395));
#3986 = PLANE('',#3987);
#3987 = AXIS2_PLACEMENT_3D('',#3988,#3989,#3990);
#3988 = CARTESIAN_POINT('',(0.66,1.25,1.25));
#3989 = DIRECTION('',(-1.,0.,0.));
#3990 = DIRECTION('',(0.,0.,-1.));
#3991 = ADVANCED_FACE('',(#3992),#4011,.T.);
#3992 = FACE_BOUND('',#3993,.T.);
#3993 = EDGE_LOOP('',(#3994,#4003,#4009,#4010));
#3994 = ORIENTED_EDGE('',*,*,#3995,.T.);
#3995 = EDGE_CURVE('',#3996,#3996,#3998,.T.);
#3996 = VERTEX_POINT('',#3997);
#3997 = CARTESIAN_POINT('',(5.385,1.125,1.25));
#3998 = CIRCLE('',#3999,1.125);
#3999 = AXIS2_PLACEMENT_3D('',#4000,#4001,#4002);
#4000 = CARTESIAN_POINT('',(5.385,0.,1.25));
#4001 = DIRECTION('',(-1.,0.,0.));
#4002 = DIRECTION('',(0.,1.,0.));
#4003 = ORIENTED_EDGE('',*,*,#4004,.F.);
#4004 = EDGE_CURVE('',#3796,#3996,#4005,.T.);
#4005 = LINE('',#4006,#4007);
#4006 = CARTESIAN_POINT('',(0.66,1.125,1.25));
#4007 = VECTOR('',#4008,1.);
#4008 = DIRECTION('',(1.,0.,0.));
#4009 = ORIENTED_EDGE('',*,*,#3795,.F.);
#4010 = ORIENTED_EDGE('',*,*,#4004,.T.);
#4011 = CYLINDRICAL_SURFACE('',#4012,1.125);
#4012 = AXIS2_PLACEMENT_3D('',#4013,#4014,#4015);
#4013 = CARTESIAN_POINT('',(0.66,0.,1.25));
#4014 = DIRECTION('',(-1.,-0.,-0.));
#4015 = DIRECTION('',(0.,1.,0.));
#4016 = ADVANCED_FACE('',(#4017),#4037,.T.);
#4017 = FACE_BOUND('',#4018,.T.);
#4018 = EDGE_LOOP('',(#4019,#4028,#4035,#4036));
#4019 = ORIENTED_EDGE('',*,*,#4020,.T.);
#4020 = EDGE_CURVE('',#4021,#4021,#4023,.T.);
#4021 = VERTEX_POINT('',#4022);
#4022 = CARTESIAN_POINT('',(0.3,0.,0.35));
#4023 = CIRCLE('',#4024,0.3);
#4024 = AXIS2_PLACEMENT_3D('',#4025,#4026,#4027);
#4025 = CARTESIAN_POINT('',(0.,0.,0.35));
#4026 = DIRECTION('',(0.,0.,1.));
#4027 = DIRECTION('',(1.,0.,-0.));
#4028 = ORIENTED_EDGE('',*,*,#4029,.T.);
#4029 = EDGE_CURVE('',#4021,#3816,#4030,.T.);
#4030 = CIRCLE('',#4031,0.6);
#4031 = AXIS2_PLACEMENT_3D('',#4032,#4033,#4034);
#4032 = CARTESIAN_POINT('',(0.9,1.102182119233E-16,0.35));
#4033 = DIRECTION('',(0.,1.,-0.));
#4034 = DIRECTION('',(-1.,0.,4.93432455389E-16));
#4035 = ORIENTED_EDGE('',*,*,#3815,.T.);
#4036 = ORIENTED_EDGE('',*,*,#4029,.F.);
#4037 = TOROIDAL_SURFACE('',#4038,0.9,0.3);
#4038 = AXIS2_PLACEMENT_3D('',#4039,#4040,#4041);
#4039 = CARTESIAN_POINT('',(0.9,0.,0.35));
#4040 = DIRECTION('',(0.,1.,0.));
#4041 = DIRECTION('',(-1.,0.,4.93432455389E-16));
#4042 = ADVANCED_FACE('',(#4043,#4054),#4057,.T.);
#4043 = FACE_BOUND('',#4044,.T.);
#4044 = EDGE_LOOP('',(#4045));
#4045 = ORIENTED_EDGE('',*,*,#4046,.F.);
#4046 = EDGE_CURVE('',#4047,#4047,#4049,.T.);
#4047 = VERTEX_POINT('',#4048);
#4048 = CARTESIAN_POINT('',(5.385,1.25,1.25));
#4049 = CIRCLE('',#4050,1.25);
#4050 = AXIS2_PLACEMENT_3D('',#4051,#4052,#4053);
#4051 = CARTESIAN_POINT('',(5.385,0.,1.25));
#4052 = DIRECTION('',(1.,0.,0.));
#4053 = DIRECTION('',(-0.,1.,0.));
#4054 = FACE_BOUND('',#4055,.T.);
#4055 = EDGE_LOOP('',(#4056));
#4056 = ORIENTED_EDGE('',*,*,#3995,.F.);
#4057 = PLANE('',#4058);
#4058 = AXIS2_PLACEMENT_3D('',#4059,#4060,#4061);
#4059 = CARTESIAN_POINT('',(5.385,1.25,1.25));
#4060 = DIRECTION('',(-1.,0.,0.));
#4061 = DIRECTION('',(0.,0.,-1.));
#4062 = ADVANCED_FACE('',(#4063),#4082,.T.);
#4063 = FACE_BOUND('',#4064,.T.);
#4064 = EDGE_LOOP('',(#4065,#4073,#4074,#4075));
#4065 = ORIENTED_EDGE('',*,*,#4066,.T.);
#4066 = EDGE_CURVE('',#4067,#4021,#4069,.T.);
#4067 = VERTEX_POINT('',#4068);
#4068 = CARTESIAN_POINT('',(0.3,-7.347880794884E-17,-3.));
#4069 = LINE('',#4070,#4071);
#4070 = CARTESIAN_POINT('',(0.3,0.,-3.));
#4071 = VECTOR('',#4072,1.);
#4072 = DIRECTION('',(0.,0.,1.));
#4073 = ORIENTED_EDGE('',*,*,#4020,.F.);
#4074 = ORIENTED_EDGE('',*,*,#4066,.F.);
#4075 = ORIENTED_EDGE('',*,*,#4076,.T.);
#4076 = EDGE_CURVE('',#4067,#4067,#4077,.T.);
#4077 = CIRCLE('',#4078,0.3);
#4078 = AXIS2_PLACEMENT_3D('',#4079,#4080,#4081);
#4079 = CARTESIAN_POINT('',(0.,0.,-3.));
#4080 = DIRECTION('',(0.,0.,1.));
#4081 = DIRECTION('',(1.,0.,-0.));
#4082 = CYLINDRICAL_SURFACE('',#4083,0.3);
#4083 = AXIS2_PLACEMENT_3D('',#4084,#4085,#4086);
#4084 = CARTESIAN_POINT('',(0.,0.,-3.));
#4085 = DIRECTION('',(0.,0.,1.));
#4086 = DIRECTION('',(1.,0.,-0.));
#4087 = ADVANCED_FACE('',(#4088),#4107,.T.);
#4088 = FACE_BOUND('',#4089,.T.);
#4089 = EDGE_LOOP('',(#4090,#4091,#4099,#4106));
#4090 = ORIENTED_EDGE('',*,*,#4046,.T.);
#4091 = ORIENTED_EDGE('',*,*,#4092,.T.);
#4092 = EDGE_CURVE('',#4047,#4093,#4095,.T.);
#4093 = VERTEX_POINT('',#4094);
#4094 = CARTESIAN_POINT('',(6.335,1.25,1.25));
#4095 = LINE('',#4096,#4097);
#4096 = CARTESIAN_POINT('',(5.385,1.25,1.25));
#4097 = VECTOR('',#4098,1.);
#4098 = DIRECTION('',(1.,0.,0.));
#4099 = ORIENTED_EDGE('',*,*,#4100,.F.);
#4100 = EDGE_CURVE('',#4093,#4093,#4101,.T.);
#4101 = CIRCLE('',#4102,1.25);
#4102 = AXIS2_PLACEMENT_3D('',#4103,#4104,#4105);
#4103 = CARTESIAN_POINT('',(6.335,0.,1.25));
#4104 = DIRECTION('',(1.,0.,0.));
#4105 = DIRECTION('',(-0.,1.,0.));
#4106 = ORIENTED_EDGE('',*,*,#4092,.F.);
#4107 = CYLINDRICAL_SURFACE('',#4108,1.25);
#4108 = AXIS2_PLACEMENT_3D('',#4109,#4110,#4111);
#4109 = CARTESIAN_POINT('',(5.385,0.,1.25));
#4110 = DIRECTION('',(-1.,-0.,-0.));
#4111 = DIRECTION('',(0.,1.,0.));
#4112 = ADVANCED_FACE('',(#4113),#4116,.T.);
#4113 = FACE_BOUND('',#4114,.F.);
#4114 = EDGE_LOOP('',(#4115));
#4115 = ORIENTED_EDGE('',*,*,#4076,.T.);
#4116 = PLANE('',#4117);
#4117 = AXIS2_PLACEMENT_3D('',#4118,#4119,#4120);
#4118 = CARTESIAN_POINT('',(0.3,0.,-3.));
#4119 = DIRECTION('',(0.,0.,-1.));
#4120 = DIRECTION('',(-1.,0.,0.));
#4121 = ADVANCED_FACE('',(#4122),#4142,.T.);
#4122 = FACE_BOUND('',#4123,.T.);
#4123 = EDGE_LOOP('',(#4124,#4133,#4134,#4135));
#4124 = ORIENTED_EDGE('',*,*,#4125,.F.);
#4125 = EDGE_CURVE('',#4093,#4126,#4128,.T.);
#4126 = VERTEX_POINT('',#4127);
#4127 = CARTESIAN_POINT('',(6.96,0.625,1.25));
#4128 = CIRCLE('',#4129,0.625);
#4129 = AXIS2_PLACEMENT_3D('',#4130,#4131,#4132);
#4130 = CARTESIAN_POINT('',(6.335,0.625,1.25));
#4131 = DIRECTION('',(0.,0.,-1.));
#4132 = DIRECTION('',(0.,1.,0.));
#4133 = ORIENTED_EDGE('',*,*,#4100,.T.);
#4134 = ORIENTED_EDGE('',*,*,#4125,.T.);
#4135 = ORIENTED_EDGE('',*,*,#4136,.F.);
#4136 = EDGE_CURVE('',#4126,#4126,#4137,.T.);
#4137 = CIRCLE('',#4138,0.625);
#4138 = AXIS2_PLACEMENT_3D('',#4139,#4140,#4141);
#4139 = CARTESIAN_POINT('',(6.96,0.,1.25));
#4140 = DIRECTION('',(1.,0.,0.));
#4141 = DIRECTION('',(-0.,1.,0.));
#4142 = TOROIDAL_SURFACE('',#4143,0.625,0.625);
#4143 = AXIS2_PLACEMENT_3D('',#4144,#4145,#4146);
#4144 = CARTESIAN_POINT('',(6.335,0.,1.25));
#4145 = DIRECTION('',(1.,0.,0.));
#4146 = DIRECTION('',(-0.,1.,0.));
#4147 = ADVANCED_FACE('',(#4148,#4151),#4325,.F.);
#4148 = FACE_BOUND('',#4149,.F.);
#4149 = EDGE_LOOP('',(#4150));
#4150 = ORIENTED_EDGE('',*,*,#4136,.F.);
#4151 = FACE_BOUND('',#4152,.F.);
#4152 = EDGE_LOOP('',(#4153));
#4153 = ORIENTED_EDGE('',*,*,#4154,.F.);
#4154 = EDGE_CURVE('',#4155,#4155,#4157,.T.);
#4155 = VERTEX_POINT('',#4156);
#4156 = CARTESIAN_POINT('',(6.96,1.102182119233E-16,0.899909083395));
#4157 = B_SPLINE_CURVE_WITH_KNOTS('',6,(#4158,#4159,#4160,#4161,#4162,
    #4163,#4164,#4165,#4166,#4167,#4168,#4169,#4170,#4171,#4172,#4173,
    #4174,#4175,#4176,#4177,#4178,#4179,#4180,#4181,#4182,#4183,#4184,
    #4185,#4186,#4187,#4188,#4189,#4190,#4191,#4192,#4193,#4194,#4195,
    #4196,#4197,#4198,#4199,#4200,#4201,#4202,#4203,#4204,#4205,#4206,
    #4207,#4208,#4209,#4210,#4211,#4212,#4213,#4214,#4215,#4216,#4217,
    #4218,#4219,#4220,#4221,#4222,#4223,#4224,#4225,#4226,#4227,#4228,
    #4229,#4230,#4231,#4232,#4233,#4234,#4235,#4236,#4237,#4238,#4239,
    #4240,#4241,#4242,#4243,#4244,#4245,#4246,#4247,#4248,#4249,#4250,
    #4251,#4252,#4253,#4254,#4255,#4256,#4257,#4258,#4259,#4260,#4261,
    #4262,#4263,#4264,#4265,#4266,#4267,#4268,#4269,#4270,#4271,#4272,
    #4273,#4274,#4275,#4276,#4277,#4278,#4279,#4280,#4281,#4282,#4283,
    #4284,#4285,#4286,#4287,#4288,#4289,#4290,#4291,#4292,#4293,#4294,
    #4295,#4296,#4297,#4298,#4299,#4300,#4301,#4302,#4303,#4304,#4305,
    #4306,#4307,#4308,#4309,#4310,#4311,#4312,#4313,#4314,#4315,#4316,
    #4317,#4318,#4319,#4320,#4321,#4322,#4323,#4324),.UNSPECIFIED.,.T.,
  .F.,(1,6,5,5,5,5,5,5,5,5,5,5,5,5,5,5,5,5,5,5,5,5,5,5,5,5,5,5,5,5,5,5,5
    ,5,6,1),(-3.7454922963E-02,0.,2.522151735631E-02,5.431626764274E-02,
    8.648932873413E-02,0.120698905604,0.15585219498,0.191016701755,
    0.225517033144,0.258939642143,0.291086884381,0.32191412294,
    0.351469698498,0.379846555914,0.407148198058,0.433469525493,
    0.458895614127,0.483540398702,0.505898369155,0.530279933853,
    0.555348100008,0.581270886766,0.608136607836,0.636034631737,
    0.665066137875,0.695331933304,0.726904811218,0.759787311372,
    0.793856187529,0.828799116201,0.864057997078,0.898806507422,
    0.932001552493,0.962545077037,1.,1.025221517356),.UNSPECIFIED.);
#4158 = CARTESIAN_POINT('',(6.96,0.,0.899909083395));
#4159 = CARTESIAN_POINT('',(6.96,-9.860167462582E-03,0.89990896861));
#4160 = CARTESIAN_POINT('',(6.96,-1.96044152314E-02,0.900333777569));
#4161 = CARTESIAN_POINT('',(6.96,-2.906856746895E-02,0.901162791225));
#4162 = CARTESIAN_POINT('',(6.96,-3.818494668051E-02,0.902337445313));
#4163 = CARTESIAN_POINT('',(6.96,-4.697397432956E-02,0.903804960014));
#4164 = CARTESIAN_POINT('',(6.96,-6.54122858756E-02,0.907588661461));
#4165 = CARTESIAN_POINT('',(6.96,-7.491985816654E-02,0.909985989386));
#4166 = CARTESIAN_POINT('',(6.96,-8.408849098391E-02,0.912709553602));
#4167 = CARTESIAN_POINT('',(6.96,-9.294310465939E-02,0.915726321464));
#4168 = CARTESIAN_POINT('',(6.96,-0.10150496885,0.919011549987));
#4169 = CARTESIAN_POINT('',(6.96,-0.118958221281,0.926453836747));
#4170 = CARTESIAN_POINT('',(6.96,-0.127787715696,0.930666010737));
#4171 = CARTESIAN_POINT('',(6.96,-0.136306161655,0.935155928941));
#4172 = CARTESIAN_POINT('',(6.96,-0.144532121634,0.939904049757));
#4173 = CARTESIAN_POINT('',(6.96,-0.152479877126,0.944895641374));
#4174 = CARTESIAN_POINT('',(6.96,-0.168328600516,0.955672815412));
#4175 = CARTESIAN_POINT('',(6.96,-0.176194773963,0.961488214941));
#4176 = CARTESIAN_POINT('',(6.96,-0.183772608747,0.967551566344));
#4177 = CARTESIAN_POINT('',(6.96,-0.191071765541,0.973851742068));
#4178 = CARTESIAN_POINT('',(6.96,-0.198098606692,0.980379951052));
#4179 = CARTESIAN_POINT('',(6.96,-0.211800202804,0.994065659178));
#4180 = CARTESIAN_POINT('',(6.96,-0.218460270558,1.001234983766));
#4181 = CARTESIAN_POINT('',(6.96,-0.224839910615,1.00863041136));
#4182 = CARTESIAN_POINT('',(6.96,-0.230940211566,1.016245364777));
#4183 = CARTESIAN_POINT('',(6.96,-0.236759839456,1.024073990789));
#4184 = CARTESIAN_POINT('',(6.96,-0.247832003876,1.040150861324));
#4185 = CARTESIAN_POINT('',(6.96,-0.253084568675,1.048398903269));
#4186 = CARTESIAN_POINT('',(6.96,-0.258049049185,1.05685004652));
#4187 = CARTESIAN_POINT('',(6.96,-0.2627200155,1.065498685566));
#4188 = CARTESIAN_POINT('',(6.96,-0.267090290802,1.074338848812));
#4189 = CARTESIAN_POINT('',(6.96,-0.275134913375,1.092219064394));
#4190 = CARTESIAN_POINT('',(6.96,-0.278821000575,1.10125194666));
#4191 = CARTESIAN_POINT('',(6.96,-0.282200788118,1.110456818481));
#4192 = CARTESIAN_POINT('',(6.96,-0.285264726102,1.119826534893));
#4193 = CARTESIAN_POINT('',(6.96,-0.288002139566,1.129352832871));
#4194 = CARTESIAN_POINT('',(6.96,-0.292725370416,1.148397637921));
#4195 = CARTESIAN_POINT('',(6.96,-0.29473215882,1.157906911838));
#4196 = CARTESIAN_POINT('',(6.96,-0.296410834199,1.16754558505));
#4197 = CARTESIAN_POINT('',(6.96,-0.297750172302,1.177303521997));
#4198 = CARTESIAN_POINT('',(6.96,-0.298738484134,1.187169019587));
#4199 = CARTESIAN_POINT('',(6.96,-0.29996489055,1.20670853133));
#4200 = CARTESIAN_POINT('',(6.96,-0.300230362775,1.216375375657));
#4201 = CARTESIAN_POINT('',(6.96,-0.300149187552,1.22611747583));
#4202 = CARTESIAN_POINT('',(6.96,-0.299710732489,1.235921267953));
#4203 = CARTESIAN_POINT('',(6.96,-0.298904577874,1.245771488577));
#4204 = CARTESIAN_POINT('',(6.96,-0.296585075031,1.265125180201));
#4205 = CARTESIAN_POINT('',(6.96,-0.295102319855,1.27462625024));
#4206 = CARTESIAN_POINT('',(6.96,-0.293263243612,1.284139361954));
#4207 = CARTESIAN_POINT('',(6.96,-0.29105964956,1.293647958229));
#4208 = CARTESIAN_POINT('',(6.96,-0.288484151749,1.303133947704));
#4209 = CARTESIAN_POINT('',(6.96,-0.282698057797,1.321631888118));
#4210 = CARTESIAN_POINT('',(6.96,-0.279518212828,1.330647292743));
#4211 = CARTESIAN_POINT('',(6.96,-0.275984865526,1.339606568389));
#4212 = CARTESIAN_POINT('',(6.96,-0.27209347283,1.348491205415));
#4213 = CARTESIAN_POINT('',(6.96,-0.26784072321,1.357281534804));
#4214 = CARTESIAN_POINT('',(6.96,-0.258792456003,1.374285939199));
#4215 = CARTESIAN_POINT('',(6.96,-0.254025471274,1.382509099941));
#4216 = CARTESIAN_POINT('',(6.96,-0.248921774536,1.390607746147));
#4217 = CARTESIAN_POINT('',(6.96,-0.24348099529,1.398562707415));
#4218 = CARTESIAN_POINT('',(6.96,-0.237704200488,1.406354107177));
#4219 = CARTESIAN_POINT('',(6.96,-0.225715116467,1.421280374005));
#4220 = CARTESIAN_POINT('',(6.96,-0.219527700064,1.428429026844));
#4221 = CARTESIAN_POINT('',(6.96,-0.213033898729,1.435388985848));
#4222 = CARTESIAN_POINT('',(6.96,-0.206237442407,1.442141620875));
#4223 = CARTESIAN_POINT('',(6.96,-0.199143537578,1.448668007007));
#4224 = CARTESIAN_POINT('',(6.96,-0.184639358866,1.461004311837));
#4225 = CARTESIAN_POINT('',(6.96,-0.177249661366,1.46683162664));
#4226 = CARTESIAN_POINT('',(6.96,-0.169595743404,1.472413651413));
#4227 = CARTESIAN_POINT('',(6.96,-0.161685063001,1.477733185029));
#4228 = CARTESIAN_POINT('',(6.96,-0.153526567552,1.482773042789));
#4229 = CARTESIAN_POINT('',(6.96,-0.137020377957,1.492097733275));
#4230 = CARTESIAN_POINT('',(6.96,-0.128688741655,1.496402506097));
#4231 = CARTESIAN_POINT('',(6.96,-0.120145015698,1.500414870926));
#4232 = CARTESIAN_POINT('',(6.96,-0.111400273136,1.504119613979));
#4233 = CARTESIAN_POINT('',(6.96,-0.102467429294,1.507501811642));
#4234 = CARTESIAN_POINT('',(6.96,-8.453487359643E-02,1.513498183633));
#4235 = CARTESIAN_POINT('',(6.96,-7.554644720911E-02,1.51613308184));
#4236 = CARTESIAN_POINT('',(6.96,-6.640854708582E-02,1.518437839156));
#4237 = CARTESIAN_POINT('',(6.96,-5.713780068804E-02,1.520399910874));
#4238 = CARTESIAN_POINT('',(6.96,-4.775487845774E-02,1.522007893513));
#4239 = CARTESIAN_POINT('',(6.96,-2.969292548283E-02,1.52437977876));
#4240 = CARTESIAN_POINT('',(6.96,-2.102889094976E-02,1.525208924822));
#4241 = CARTESIAN_POINT('',(6.96,-1.231404153143E-02,1.525730890851));
#4242 = CARTESIAN_POINT('',(6.96,-3.572679276074E-03,1.525941220805));
#4243 = CARTESIAN_POINT('',(6.96,5.168243033088E-03,1.52583907475));
#4244 = CARTESIAN_POINT('',(6.96,2.337844678287E-02,1.524978413229));
#4245 = CARTESIAN_POINT('',(6.96,3.284373024997E-02,1.524160868463));
#4246 = CARTESIAN_POINT('',(6.96,4.224172239025E-02,1.522980299422));
#4247 = CARTESIAN_POINT('',(6.96,5.154503802108E-02,1.521444853212));
#4248 = CARTESIAN_POINT('',(6.96,6.073215666605E-02,1.519565119195));
#4249 = CARTESIAN_POINT('',(6.96,7.909771199475E-02,1.515080715405));
#4250 = CARTESIAN_POINT('',(6.96,8.82675531125E-02,1.512456387335));
#4251 = CARTESIAN_POINT('',(6.96,9.727920151967E-02,1.509494357792));
#4252 = CARTESIAN_POINT('',(6.96,0.106117302403,1.506208331254));
#4253 = CARTESIAN_POINT('',(6.96,0.114768890523,1.502612503667));
#4254 = CARTESIAN_POINT('',(6.96,0.1319661163,1.494697932395));
#4255 = CARTESIAN_POINT('',(6.96,0.140497712216,1.490358583428));
#4256 = CARTESIAN_POINT('',(6.96,0.148806071355,1.485719654426));
#4257 = CARTESIAN_POINT('',(6.96,0.156880646133,1.480797412311));
#4258 = CARTESIAN_POINT('',(6.96,0.164712447986,1.475608252032));
#4259 = CARTESIAN_POINT('',(6.96,0.180151425777,1.46453127229));
#4260 = CARTESIAN_POINT('',(6.96,0.187739967164,1.45862481836));
#4261 = CARTESIAN_POINT('',(6.96,0.195051332691,1.452467727028));
#4262 = CARTESIAN_POINT('',(6.96,0.20207865613,1.446078243141));
#4263 = CARTESIAN_POINT('',(6.96,0.208816543867,1.439474464151));
#4264 = CARTESIAN_POINT('',(6.96,0.221953238059,1.425612923524));
#4265 = CARTESIAN_POINT('',(6.96,0.228328994524,1.418339683896));
#4266 = CARTESIAN_POINT('',(6.96,0.234383964852,1.410874723556));
#4267 = CARTESIAN_POINT('',(6.96,0.240115238483,1.403237627432));
#4268 = CARTESIAN_POINT('',(6.96,0.245521373748,1.395447463058));
#4269 = CARTESIAN_POINT('',(6.96,0.25588986733,1.379276120213));
#4270 = CARTESIAN_POINT('',(6.96,0.260825161615,1.370883687614));
#4271 = CARTESIAN_POINT('',(6.96,0.265408347201,1.362366366749));
#4272 = CARTESIAN_POINT('',(6.96,0.269640836772,1.353744077057));
#4273 = CARTESIAN_POINT('',(6.96,0.273525389215,1.345035773446));
#4274 = CARTESIAN_POINT('',(6.96,0.280757370989,1.327109983642));
#4275 = CARTESIAN_POINT('',(6.96,0.284074778857,1.317886520225));
#4276 = CARTESIAN_POINT('',(6.96,0.28702301626,1.308609389122));
#4277 = CARTESIAN_POINT('',(6.96,0.289607785113,1.29929753334));
#4278 = CARTESIAN_POINT('',(6.96,0.291835806202,1.289968505808));
#4279 = CARTESIAN_POINT('',(6.96,0.295674983107,1.270905490066));
#4280 = CARTESIAN_POINT('',(6.96,0.297255138129,1.261171409814));
#4281 = CARTESIAN_POINT('',(6.96,0.298464076807,1.251454505978));
#4282 = CARTESIAN_POINT('',(6.96,0.299311079865,1.241771395371));
#4283 = CARTESIAN_POINT('',(6.96,0.299805916194,1.232137034265));
#4284 = CARTESIAN_POINT('',(6.96,0.300118111197,1.212595339038));
#4285 = CARTESIAN_POINT('',(6.96,0.299906304864,1.202693342182));
#4286 = CARTESIAN_POINT('',(6.96,0.299334986276,1.192873677979));
#4287 = CARTESIAN_POINT('',(6.96,0.298415549391,1.183149632812));
#4288 = CARTESIAN_POINT('',(6.96,0.29715921972,1.173532829284));
#4289 = CARTESIAN_POINT('',(6.96,0.293937801394,1.154190874));
#4290 = CARTESIAN_POINT('',(6.96,0.291948588365,1.144474495238));
#4291 = CARTESIAN_POINT('',(6.96,0.28962167445,1.134895115228));
#4292 = CARTESIAN_POINT('',(6.96,0.286968474246,1.125462408515));
#4293 = CARTESIAN_POINT('',(6.96,0.283999557728,1.116184698885));
#4294 = CARTESIAN_POINT('',(6.96,0.277365720041,1.097719338125));
#4295 = CARTESIAN_POINT('',(6.96,0.273684735103,1.088540329457));
#4296 = CARTESIAN_POINT('',(6.96,0.269692170683,1.079539418357));
#4297 = CARTESIAN_POINT('',(6.96,0.265397023465,1.070723360764));
#4298 = CARTESIAN_POINT('',(6.96,0.260806811571,1.062098183552));
#4299 = CARTESIAN_POINT('',(6.96,0.251004219697,1.045163947022));
#4300 = CARTESIAN_POINT('',(6.96,0.245786411547,1.036858741787));
#4301 = CARTESIAN_POINT('',(6.96,0.240280395782,1.028758943151));
#4302 = CARTESIAN_POINT('',(6.96,0.234490304979,1.02087012779));
#4303 = CARTESIAN_POINT('',(6.96,0.22841815861,1.013198074729));
#4304 = CARTESIAN_POINT('',(6.96,0.215801547815,0.998407234883));
#4305 = CARTESIAN_POINT('',(6.96,0.209264913083,0.99128247471));
#4306 = CARTESIAN_POINT('',(6.96,0.202454000094,0.984380026053));
#4307 = CARTESIAN_POINT('',(6.96,0.195365961507,0.977706983911));
#4308 = CARTESIAN_POINT('',(6.96,0.187995061392,0.971271997058));
#4309 = CARTESIAN_POINT('',(6.96,0.173012837564,0.959175029375));
#4310 = CARTESIAN_POINT('',(6.96,0.165426529007,0.953492099376));
#4311 = CARTESIAN_POINT('',(6.96,0.157566437944,0.948044934321));
#4312 = CARTESIAN_POINT('',(6.96,0.149421373308,0.942845601948));
#4313 = CARTESIAN_POINT('',(6.96,0.140976264593,0.937909781461));
#4314 = CARTESIAN_POINT('',(6.96,0.124148131162,0.928975627958));
#4315 = CARTESIAN_POINT('',(6.96,0.115814071992,0.924934439518));
#4316 = CARTESIAN_POINT('',(6.96,0.107194037794,0.921149181784));
#4317 = CARTESIAN_POINT('',(6.96,9.826937450524E-02,0.917639774974));
#4318 = CARTESIAN_POINT('',(6.96,8.901696421491E-02,0.914432828225));
#4319 = CARTESIAN_POINT('',(6.96,6.762356037127E-02,0.908046964389));
#4320 = CARTESIAN_POINT('',(6.96,5.540377745077E-02,0.905068595899));
#4321 = CARTESIAN_POINT('',(6.96,4.253681255711E-02,0.902629529668));
#4322 = CARTESIAN_POINT('',(6.96,2.893994360873E-02,0.900849442899));
#4323 = CARTESIAN_POINT('',(6.96,1.46772221458E-02,0.899909046356));
#4324 = CARTESIAN_POINT('',(6.96,0.,0.899909083395));
#4325 = PLANE('',#4326);
#4326 = AXIS2_PLACEMENT_3D('',#4327,#4328,#4329);
#4327 = CARTESIAN_POINT('',(6.96,1.25,1.25));
#4328 = DIRECTION('',(-1.,0.,0.));
#4329 = DIRECTION('',(0.,0.,-1.));
#4330 = ADVANCED_FACE('',(#4331),#4351,.T.);
#4331 = FACE_BOUND('',#4332,.T.);
#4332 = EDGE_LOOP('',(#4333,#4334,#4343,#4350));
#4333 = ORIENTED_EDGE('',*,*,#4154,.F.);
#4334 = ORIENTED_EDGE('',*,*,#4335,.T.);
#4335 = EDGE_CURVE('',#4155,#4336,#4338,.T.);
#4336 = VERTEX_POINT('',#4337);
#4337 = CARTESIAN_POINT('',(7.32,0.,0.35));
#4338 = CIRCLE('',#4339,0.6);
#4339 = AXIS2_PLACEMENT_3D('',#4340,#4341,#4342);
#4340 = CARTESIAN_POINT('',(6.72,1.102182119233E-16,0.35));
#4341 = DIRECTION('',(0.,1.,0.));
#4342 = DIRECTION('',(0.,-0.,1.));
#4343 = ORIENTED_EDGE('',*,*,#4344,.T.);
#4344 = EDGE_CURVE('',#4336,#4336,#4345,.T.);
#4345 = CIRCLE('',#4346,0.3);
#4346 = AXIS2_PLACEMENT_3D('',#4347,#4348,#4349);
#4347 = CARTESIAN_POINT('',(7.62,0.,0.35));
#4348 = DIRECTION('',(3.828568698927E-16,-0.,1.));
#4349 = DIRECTION('',(1.,0.,-3.828568698927E-16));
#4350 = ORIENTED_EDGE('',*,*,#4335,.F.);
#4351 = TOROIDAL_SURFACE('',#4352,0.9,0.3);
#4352 = AXIS2_PLACEMENT_3D('',#4353,#4354,#4355);
#4353 = CARTESIAN_POINT('',(6.72,0.,0.35));
#4354 = DIRECTION('',(0.,1.,0.));
#4355 = DIRECTION('',(0.,-0.,1.));
#4356 = ADVANCED_FACE('',(#4357),#4376,.T.);
#4357 = FACE_BOUND('',#4358,.T.);
#4358 = EDGE_LOOP('',(#4359,#4367,#4374,#4375));
#4359 = ORIENTED_EDGE('',*,*,#4360,.T.);
#4360 = EDGE_CURVE('',#4336,#4361,#4363,.T.);
#4361 = VERTEX_POINT('',#4362);
#4362 = CARTESIAN_POINT('',(7.32,-7.347880794884E-17,-3.));
#4363 = LINE('',#4364,#4365);
#4364 = CARTESIAN_POINT('',(7.32,0.,0.35));
#4365 = VECTOR('',#4366,1.);
#4366 = DIRECTION('',(0.,0.,-1.));
#4367 = ORIENTED_EDGE('',*,*,#4368,.F.);
#4368 = EDGE_CURVE('',#4361,#4361,#4369,.T.);
#4369 = CIRCLE('',#4370,0.3);
#4370 = AXIS2_PLACEMENT_3D('',#4371,#4372,#4373);
#4371 = CARTESIAN_POINT('',(7.62,0.,-3.));
#4372 = DIRECTION('',(0.,0.,-1.));
#4373 = DIRECTION('',(-1.,0.,0.));
#4374 = ORIENTED_EDGE('',*,*,#4360,.F.);
#4375 = ORIENTED_EDGE('',*,*,#4344,.F.);
#4376 = CYLINDRICAL_SURFACE('',#4377,0.3);
#4377 = AXIS2_PLACEMENT_3D('',#4378,#4379,#4380);
#4378 = CARTESIAN_POINT('',(7.62,0.,0.35));
#4379 = DIRECTION('',(0.,0.,-1.));
#4380 = DIRECTION('',(-1.,0.,0.));
#4381 = ADVANCED_FACE('',(#4382),#4385,.F.);
#4382 = FACE_BOUND('',#4383,.T.);
#4383 = EDGE_LOOP('',(#4384));
#4384 = ORIENTED_EDGE('',*,*,#4368,.T.);
#4385 = PLANE('',#4386);
#4386 = AXIS2_PLACEMENT_3D('',#4387,#4388,#4389);
#4387 = CARTESIAN_POINT('',(7.32,0.,-3.));
#4388 = DIRECTION('',(0.,0.,1.));
#4389 = DIRECTION('',(1.,0.,-0.));
#4390 = ( GEOMETRIC_REPRESENTATION_CONTEXT(3) 
GLOBAL_UNCERTAINTY_ASSIGNED_CONTEXT((#4394)) 
GLOBAL_UNIT_ASSIGNED_CONTEXT((#4391,#4392,#4393)) REPRESENTATION_CONTEXT
('Context #1','3D Context with UNIT and UNCERTAINTY') );
#4391 = ( LENGTH_UNIT() NAMED_UNIT(*) SI_UNIT(.MILLI.,.METRE.) );
#4392 = ( NAMED_UNIT(*) PLANE_ANGLE_UNIT() SI_UNIT($,.RADIAN.) );
#4393 = ( NAMED_UNIT(*) SI_UNIT($,.STERADIAN.) SOLID_ANGLE_UNIT() );
#4394 = UNCERTAINTY_MEASURE_WITH_UNIT(LENGTH_MEASURE(1.E-07),#4391,
  'distance_accuracy_value','confusion accuracy');
#4395 = CONTEXT_DEPENDENT_SHAPE_REPRESENTATION(#4396,#4398);
#4396 = ( REPRESENTATION_RELATIONSHIP('','',#3726,#10) 
REPRESENTATION_RELATIONSHIP_WITH_TRANSFORMATION(#4397) 
SHAPE_REPRESENTATION_RELATIONSHIP() );
#4397 = ITEM_DEFINED_TRANSFORMATION('','',#11,#23);
#4398 = PRODUCT_DEFINITION_SHAPE('Placement','Placement of an item',
  #4399);
#4399 = NEXT_ASSEMBLY_USAGE_OCCURRENCE('3','R4','',#5,#3721,$);
#4400 = PRODUCT_RELATED_PRODUCT_CATEGORY('part',$,(#3723));
#4401 = CONTEXT_DEPENDENT_SHAPE_REPRESENTATION(#4402,#4404);
#4402 = ( REPRESENTATION_RELATIONSHIP('','',#3320,#10) 
REPRESENTATION_RELATIONSHIP_WITH_TRANSFORMATION(#4403) 
SHAPE_REPRESENTATION_RELATIONSHIP() );
#4403 = ITEM_DEFINED_TRANSFORMATION('','',#11,#27);
#4404 = PRODUCT_DEFINITION_SHAPE('Placement','Placement of an item',
  #4405);
#4405 = NEXT_ASSEMBLY_USAGE_OCCURRENCE('4','R2','',#5,#3315,$);
#4406 = CONTEXT_DEPENDENT_SHAPE_REPRESENTATION(#4407,#4409);
#4407 = ( REPRESENTATION_RELATIONSHIP('','',#3726,#10) 
REPRESENTATION_RELATIONSHIP_WITH_TRANSFORMATION(#4408) 
SHAPE_REPRESENTATION_RELATIONSHIP() );
#4408 = ITEM_DEFINED_TRANSFORMATION('','',#11,#31);
#4409 = PRODUCT_DEFINITION_SHAPE('Placement','Placement of an item',
  #4410);
#4410 = NEXT_ASSEMBLY_USAGE_OCCURRENCE('5','R5','',#5,#3721,$);
#4411 = CONTEXT_DEPENDENT_SHAPE_REPRESENTATION(#4412,#4414);
#4412 = ( REPRESENTATION_RELATIONSHIP('','',#3320,#10) 
REPRESENTATION_RELATIONSHIP_WITH_TRANSFORMATION(#4413) 
SHAPE_REPRESENTATION_RELATIONSHIP() );
#4413 = ITEM_DEFINED_TRANSFORMATION('','',#11,#35);
#4414 = PRODUCT_DEFINITION_SHAPE('Placement','Placement of an item',
  #4415);
#4415 = NEXT_ASSEMBLY_USAGE_OCCURRENCE('6','R1','',#5,#3315,$);
#4416 = CONTEXT_DEPENDENT_SHAPE_REPRESENTATION(#4417,#4419);
#4417 = ( REPRESENTATION_RELATIONSHIP('','',#72,#10) 
REPRESENTATION_RELATIONSHIP_WITH_TRANSFORMATION(#4418) 
SHAPE_REPRESENTATION_RELATIONSHIP() );
#4418 = ITEM_DEFINED_TRANSFORMATION('','',#11,#39);
#4419 = PRODUCT_DEFINITION_SHAPE('Placement','Placement of an item',
  #4420);
#4420 = NEXT_ASSEMBLY_USAGE_OCCURRENCE('7','Presets','',#5,#67,$);
#4421 = SHAPE_DEFINITION_REPRESENTATION(#4422,#4428);
#4422 = PRODUCT_DEFINITION_SHAPE('','',#4423);
#4423 = PRODUCT_DEFINITION('design','',#4424,#4427);
#4424 = PRODUCT_DEFINITION_FORMATION('','',#4425);
#4425 = PRODUCT('LED_D5.0mm-4_RGB_Wide_Pins',
  'LED_D5.0mm-4_RGB_Wide_Pins','',(#4426));
#4426 = PRODUCT_CONTEXT('',#2,'mechanical');
#4427 = PRODUCT_DEFINITION_CONTEXT('part definition',#2,'design');
#4428 = SHAPE_REPRESENTATION('',(#11,#4429,#4580,#5122,#5664,#6206),
  #6748);
#4429 = MANIFOLD_SOLID_BREP('',#4430);
#4430 = CLOSED_SHELL('',(#4431,#4473,#4495,#4505,#4526,#4560));
#4431 = ADVANCED_FACE('',(#4432),#4468,.T.);
#4432 = FACE_BOUND('',#4433,.T.);
#4433 = EDGE_LOOP('',(#4434,#4445,#4453,#4462));
#4434 = ORIENTED_EDGE('',*,*,#4435,.T.);
#4435 = EDGE_CURVE('',#4436,#4438,#4440,.T.);
#4436 = VERTEX_POINT('',#4437);
#4437 = CARTESIAN_POINT('',(0.74000000001,-1.452549482823,2.2));
#4438 = VERTEX_POINT('',#4439);
#4439 = CARTESIAN_POINT('',(0.74000000001,1.452549482823,2.2));
#4440 = CIRCLE('',#4441,2.9);
#4441 = AXIS2_PLACEMENT_3D('',#4442,#4443,#4444);
#4442 = CARTESIAN_POINT('',(3.25,0.,2.2));
#4443 = DIRECTION('',(0.,0.,1.));
#4444 = DIRECTION('',(1.,0.,-0.));
#4445 = ORIENTED_EDGE('',*,*,#4446,.T.);
#4446 = EDGE_CURVE('',#4438,#4447,#4449,.T.);
#4447 = VERTEX_POINT('',#4448);
#4448 = CARTESIAN_POINT('',(0.74000000001,1.452549482823,3.2));
#4449 = LINE('',#4450,#4451);
#4450 = CARTESIAN_POINT('',(0.74000000001,1.452549482823,2.2));
#4451 = VECTOR('',#4452,1.);
#4452 = DIRECTION('',(0.,0.,1.));
#4453 = ORIENTED_EDGE('',*,*,#4454,.F.);
#4454 = EDGE_CURVE('',#4455,#4447,#4457,.T.);
#4455 = VERTEX_POINT('',#4456);
#4456 = CARTESIAN_POINT('',(0.74000000001,-1.452549482823,3.2));
#4457 = CIRCLE('',#4458,2.9);
#4458 = AXIS2_PLACEMENT_3D('',#4459,#4460,#4461);
#4459 = CARTESIAN_POINT('',(3.25,0.,3.2));
#4460 = DIRECTION('',(0.,0.,1.));
#4461 = DIRECTION('',(1.,0.,-0.));
#4462 = ORIENTED_EDGE('',*,*,#4463,.F.);
#4463 = EDGE_CURVE('',#4436,#4455,#4464,.T.);
#4464 = LINE('',#4465,#4466);
#4465 = CARTESIAN_POINT('',(0.74000000001,-1.452549482823,2.2));
#4466 = VECTOR('',#4467,1.);
#4467 = DIRECTION('',(0.,0.,1.));
#4468 = CYLINDRICAL_SURFACE('',#4469,2.9);
#4469 = AXIS2_PLACEMENT_3D('',#4470,#4471,#4472);
#4470 = CARTESIAN_POINT('',(3.25,0.,2.2));
#4471 = DIRECTION('',(-0.,-0.,-1.));
#4472 = DIRECTION('',(1.,0.,0.));
#4473 = ADVANCED_FACE('',(#4474),#4490,.T.);
#4474 = FACE_BOUND('',#4475,.T.);
#4475 = EDGE_LOOP('',(#4476,#4477,#4483,#4484));
#4476 = ORIENTED_EDGE('',*,*,#4463,.T.);
#4477 = ORIENTED_EDGE('',*,*,#4478,.T.);
#4478 = EDGE_CURVE('',#4455,#4447,#4479,.T.);
#4479 = LINE('',#4480,#4481);
#4480 = CARTESIAN_POINT('',(0.74000000001,-1.452549482823,3.2));
#4481 = VECTOR('',#4482,1.);
#4482 = DIRECTION('',(0.,1.,0.));
#4483 = ORIENTED_EDGE('',*,*,#4446,.F.);
#4484 = ORIENTED_EDGE('',*,*,#4485,.F.);
#4485 = EDGE_CURVE('',#4436,#4438,#4486,.T.);
#4486 = LINE('',#4487,#4488);
#4487 = CARTESIAN_POINT('',(0.74000000001,-1.452549482823,2.2));
#4488 = VECTOR('',#4489,1.);
#4489 = DIRECTION('',(0.,1.,0.));
#4490 = PLANE('',#4491);
#4491 = AXIS2_PLACEMENT_3D('',#4492,#4493,#4494);
#4492 = CARTESIAN_POINT('',(0.74000000001,-1.452549482823,2.2));
#4493 = DIRECTION('',(-1.,0.,0.));
#4494 = DIRECTION('',(0.,1.,0.));
#4495 = ADVANCED_FACE('',(#4496),#4500,.F.);
#4496 = FACE_BOUND('',#4497,.F.);
#4497 = EDGE_LOOP('',(#4498,#4499));
#4498 = ORIENTED_EDGE('',*,*,#4435,.T.);
#4499 = ORIENTED_EDGE('',*,*,#4485,.F.);
#4500 = PLANE('',#4501);
#4501 = AXIS2_PLACEMENT_3D('',#4502,#4503,#4504);
#4502 = CARTESIAN_POINT('',(3.134521906137,2.2E-16,2.2));
#4503 = DIRECTION('',(0.,0.,1.));
#4504 = DIRECTION('',(1.,0.,-0.));
#4505 = ADVANCED_FACE('',(#4506,#4510),#4521,.T.);
#4506 = FACE_BOUND('',#4507,.T.);
#4507 = EDGE_LOOP('',(#4508,#4509));
#4508 = ORIENTED_EDGE('',*,*,#4454,.T.);
#4509 = ORIENTED_EDGE('',*,*,#4478,.F.);
#4510 = FACE_BOUND('',#4511,.T.);
#4511 = EDGE_LOOP('',(#4512));
#4512 = ORIENTED_EDGE('',*,*,#4513,.F.);
#4513 = EDGE_CURVE('',#4514,#4514,#4516,.T.);
#4514 = VERTEX_POINT('',#4515);
#4515 = CARTESIAN_POINT('',(5.75,0.,3.2));
#4516 = CIRCLE('',#4517,2.5);
#4517 = AXIS2_PLACEMENT_3D('',#4518,#4519,#4520);
#4518 = CARTESIAN_POINT('',(3.25,0.,3.2));
#4519 = DIRECTION('',(0.,0.,1.));
#4520 = DIRECTION('',(1.,0.,-0.));
#4521 = PLANE('',#4522);
#4522 = AXIS2_PLACEMENT_3D('',#4523,#4524,#4525);
#4523 = CARTESIAN_POINT('',(3.134521906137,2.2E-16,3.2));
#4524 = DIRECTION('',(0.,0.,1.));
#4525 = DIRECTION('',(1.,0.,-0.));
#4526 = ADVANCED_FACE('',(#4527),#4555,.T.);
#4527 = FACE_BOUND('',#4528,.T.);
#4528 = EDGE_LOOP('',(#4529,#4537,#4546,#4553,#4554));
#4529 = ORIENTED_EDGE('',*,*,#4530,.T.);
#4530 = EDGE_CURVE('',#4514,#4531,#4533,.T.);
#4531 = VERTEX_POINT('',#4532);
#4532 = CARTESIAN_POINT('',(5.75,0.,8.3));
#4533 = LINE('',#4534,#4535);
#4534 = CARTESIAN_POINT('',(5.75,0.,3.2));
#4535 = VECTOR('',#4536,1.);
#4536 = DIRECTION('',(0.,0.,1.));
#4537 = ORIENTED_EDGE('',*,*,#4538,.F.);
#4538 = EDGE_CURVE('',#4539,#4531,#4541,.T.);
#4539 = VERTEX_POINT('',#4540);
#4540 = CARTESIAN_POINT('',(3.25,-2.5,8.3));
#4541 = CIRCLE('',#4542,2.5);
#4542 = AXIS2_PLACEMENT_3D('',#4543,#4544,#4545);
#4543 = CARTESIAN_POINT('',(3.25,0.,8.3));
#4544 = DIRECTION('',(0.,0.,1.));
#4545 = DIRECTION('',(1.,0.,-0.));
#4546 = ORIENTED_EDGE('',*,*,#4547,.F.);
#4547 = EDGE_CURVE('',#4531,#4539,#4548,.T.);
#4548 = CIRCLE('',#4549,2.5);
#4549 = AXIS2_PLACEMENT_3D('',#4550,#4551,#4552);
#4550 = CARTESIAN_POINT('',(3.25,0.,8.3));
#4551 = DIRECTION('',(0.,0.,1.));
#4552 = DIRECTION('',(1.,0.,-0.));
#4553 = ORIENTED_EDGE('',*,*,#4530,.F.);
#4554 = ORIENTED_EDGE('',*,*,#4513,.T.);
#4555 = CYLINDRICAL_SURFACE('',#4556,2.5);
#4556 = AXIS2_PLACEMENT_3D('',#4557,#4558,#4559);
#4557 = CARTESIAN_POINT('',(3.25,0.,3.2));
#4558 = DIRECTION('',(-0.,-0.,-1.));
#4559 = DIRECTION('',(1.,0.,0.));
#4560 = ADVANCED_FACE('',(#4561),#4575,.T.);
#4561 = FACE_BOUND('',#4562,.T.);
#4562 = EDGE_LOOP('',(#4563,#4564,#4565,#4574));
#4563 = ORIENTED_EDGE('',*,*,#4538,.T.);
#4564 = ORIENTED_EDGE('',*,*,#4547,.T.);
#4565 = ORIENTED_EDGE('',*,*,#4566,.F.);
#4566 = EDGE_CURVE('',#4567,#4539,#4569,.T.);
#4567 = VERTEX_POINT('',#4568);
#4568 = CARTESIAN_POINT('',(3.25,2.E-15,10.8));
#4569 = CIRCLE('',#4570,2.5);
#4570 = AXIS2_PLACEMENT_3D('',#4571,#4572,#4573);
#4571 = CARTESIAN_POINT('',(3.25,0.,8.3));
#4572 = DIRECTION('',(1.,0.,0.));
#4573 = DIRECTION('',(-0.,1.,0.));
#4574 = ORIENTED_EDGE('',*,*,#4566,.T.);
#4575 = SPHERICAL_SURFACE('',#4576,2.5);
#4576 = AXIS2_PLACEMENT_3D('',#4577,#4578,#4579);
#4577 = CARTESIAN_POINT('',(3.25,1.35E-15,8.3));
#4578 = DIRECTION('',(2.2E-16,-2.8E-16,-1.));
#4579 = DIRECTION('',(-2.2E-16,-1.,2.8E-16));
#4580 = MANIFOLD_SOLID_BREP('',#4581);
#4581 = CLOSED_SHELL('',(#4582,#4622,#4653,#4677,#4701,#4718,#4751,#4776
    ,#4801,#4818,#4849,#4873,#4897,#4914,#4947,#4972,#4997,#5014,#5045,
    #5076,#5093,#5110));
#4582 = ADVANCED_FACE('',(#4583),#4617,.F.);
#4583 = FACE_BOUND('',#4584,.F.);
#4584 = EDGE_LOOP('',(#4585,#4595,#4603,#4611));
#4585 = ORIENTED_EDGE('',*,*,#4586,.T.);
#4586 = EDGE_CURVE('',#4587,#4589,#4591,.T.);
#4587 = VERTEX_POINT('',#4588);
#4588 = CARTESIAN_POINT('',(4.955,0.2,2.2));
#4589 = VERTEX_POINT('',#4590);
#4590 = CARTESIAN_POINT('',(5.355,0.2,2.2));
#4591 = LINE('',#4592,#4593);
#4592 = CARTESIAN_POINT('',(4.955,0.2,2.2));
#4593 = VECTOR('',#4594,1.);
#4594 = DIRECTION('',(1.,0.,0.));
#4595 = ORIENTED_EDGE('',*,*,#4596,.T.);
#4596 = EDGE_CURVE('',#4589,#4597,#4599,.T.);
#4597 = VERTEX_POINT('',#4598);
#4598 = CARTESIAN_POINT('',(5.355,-0.2,2.2));
#4599 = LINE('',#4600,#4601);
#4600 = CARTESIAN_POINT('',(5.355,0.2,2.2));
#4601 = VECTOR('',#4602,1.);
#4602 = DIRECTION('',(0.,-1.,0.));
#4603 = ORIENTED_EDGE('',*,*,#4604,.T.);
#4604 = EDGE_CURVE('',#4597,#4605,#4607,.T.);
#4605 = VERTEX_POINT('',#4606);
#4606 = CARTESIAN_POINT('',(4.955,-0.2,2.2));
#4607 = LINE('',#4608,#4609);
#4608 = CARTESIAN_POINT('',(5.355,-0.2,2.2));
#4609 = VECTOR('',#4610,1.);
#4610 = DIRECTION('',(-1.,0.,0.));
#4611 = ORIENTED_EDGE('',*,*,#4612,.T.);
#4612 = EDGE_CURVE('',#4605,#4587,#4613,.T.);
#4613 = LINE('',#4614,#4615);
#4614 = CARTESIAN_POINT('',(4.955,-0.2,2.2));
#4615 = VECTOR('',#4616,1.);
#4616 = DIRECTION('',(0.,1.,0.));
#4617 = PLANE('',#4618);
#4618 = AXIS2_PLACEMENT_3D('',#4619,#4620,#4621);
#4619 = CARTESIAN_POINT('',(5.155,0.,2.2));
#4620 = DIRECTION('',(-0.,-0.,-1.));
#4621 = DIRECTION('',(-1.,0.,0.));
#4622 = ADVANCED_FACE('',(#4623),#4648,.T.);
#4623 = FACE_BOUND('',#4624,.T.);
#4624 = EDGE_LOOP('',(#4625,#4633,#4634,#4642));
#4625 = ORIENTED_EDGE('',*,*,#4626,.F.);
#4626 = EDGE_CURVE('',#4587,#4627,#4629,.T.);
#4627 = VERTEX_POINT('',#4628);
#4628 = CARTESIAN_POINT('',(4.955,0.2,1.387514061586));
#4629 = LINE('',#4630,#4631);
#4630 = CARTESIAN_POINT('',(4.955,0.2,2.2));
#4631 = VECTOR('',#4632,1.);
#4632 = DIRECTION('',(0.,2.2E-16,-1.));
#4633 = ORIENTED_EDGE('',*,*,#4586,.T.);
#4634 = ORIENTED_EDGE('',*,*,#4635,.T.);
#4635 = EDGE_CURVE('',#4589,#4636,#4638,.T.);
#4636 = VERTEX_POINT('',#4637);
#4637 = CARTESIAN_POINT('',(5.355,0.2,1.387514061586));
#4638 = LINE('',#4639,#4640);
#4639 = CARTESIAN_POINT('',(5.355,0.2,2.2));
#4640 = VECTOR('',#4641,1.);
#4641 = DIRECTION('',(0.,2.2E-16,-1.));
#4642 = ORIENTED_EDGE('',*,*,#4643,.F.);
#4643 = EDGE_CURVE('',#4627,#4636,#4644,.T.);
#4644 = LINE('',#4645,#4646);
#4645 = CARTESIAN_POINT('',(4.955,0.2,1.387514061586));
#4646 = VECTOR('',#4647,1.);
#4647 = DIRECTION('',(1.,0.,0.));
#4648 = PLANE('',#4649);
#4649 = AXIS2_PLACEMENT_3D('',#4650,#4651,#4652);
#4650 = CARTESIAN_POINT('',(4.955,0.2,2.2));
#4651 = DIRECTION('',(0.,1.,2.2E-16));
#4652 = DIRECTION('',(1.,0.,-0.));
#4653 = ADVANCED_FACE('',(#4654),#4672,.T.);
#4654 = FACE_BOUND('',#4655,.T.);
#4655 = EDGE_LOOP('',(#4656,#4657,#4658,#4666));
#4656 = ORIENTED_EDGE('',*,*,#4635,.F.);
#4657 = ORIENTED_EDGE('',*,*,#4596,.T.);
#4658 = ORIENTED_EDGE('',*,*,#4659,.T.);
#4659 = EDGE_CURVE('',#4597,#4660,#4662,.T.);
#4660 = VERTEX_POINT('',#4661);
#4661 = CARTESIAN_POINT('',(5.355,-0.2,1.387514061586));
#4662 = LINE('',#4663,#4664);
#4663 = CARTESIAN_POINT('',(5.355,-0.2,2.2));
#4664 = VECTOR('',#4665,1.);
#4665 = DIRECTION('',(0.,0.,-1.));
#4666 = ORIENTED_EDGE('',*,*,#4667,.F.);
#4667 = EDGE_CURVE('',#4636,#4660,#4668,.T.);
#4668 = LINE('',#4669,#4670);
#4669 = CARTESIAN_POINT('',(5.355,0.2,1.387514061586));
#4670 = VECTOR('',#4671,1.);
#4671 = DIRECTION('',(0.,-1.,0.));
#4672 = PLANE('',#4673);
#4673 = AXIS2_PLACEMENT_3D('',#4674,#4675,#4676);
#4674 = CARTESIAN_POINT('',(5.355,0.2,2.2));
#4675 = DIRECTION('',(1.,0.,0.));
#4676 = DIRECTION('',(0.,-1.,0.));
#4677 = ADVANCED_FACE('',(#4678),#4696,.T.);
#4678 = FACE_BOUND('',#4679,.T.);
#4679 = EDGE_LOOP('',(#4680,#4681,#4682,#4690));
#4680 = ORIENTED_EDGE('',*,*,#4659,.F.);
#4681 = ORIENTED_EDGE('',*,*,#4604,.T.);
#4682 = ORIENTED_EDGE('',*,*,#4683,.T.);
#4683 = EDGE_CURVE('',#4605,#4684,#4686,.T.);
#4684 = VERTEX_POINT('',#4685);
#4685 = CARTESIAN_POINT('',(4.955,-0.2,1.387514061586));
#4686 = LINE('',#4687,#4688);
#4687 = CARTESIAN_POINT('',(4.955,-0.2,2.2));
#4688 = VECTOR('',#4689,1.);
#4689 = DIRECTION('',(0.,2.2E-16,-1.));
#4690 = ORIENTED_EDGE('',*,*,#4691,.F.);
#4691 = EDGE_CURVE('',#4660,#4684,#4692,.T.);
#4692 = LINE('',#4693,#4694);
#4693 = CARTESIAN_POINT('',(5.355,-0.2,1.387514061586));
#4694 = VECTOR('',#4695,1.);
#4695 = DIRECTION('',(-1.,0.,0.));
#4696 = PLANE('',#4697);
#4697 = AXIS2_PLACEMENT_3D('',#4698,#4699,#4700);
#4698 = CARTESIAN_POINT('',(5.355,-0.2,2.2));
#4699 = DIRECTION('',(-0.,-1.,-2.2E-16));
#4700 = DIRECTION('',(-1.,0.,0.));
#4701 = ADVANCED_FACE('',(#4702),#4713,.T.);
#4702 = FACE_BOUND('',#4703,.T.);
#4703 = EDGE_LOOP('',(#4704,#4705,#4706,#4707));
#4704 = ORIENTED_EDGE('',*,*,#4683,.F.);
#4705 = ORIENTED_EDGE('',*,*,#4612,.T.);
#4706 = ORIENTED_EDGE('',*,*,#4626,.T.);
#4707 = ORIENTED_EDGE('',*,*,#4708,.F.);
#4708 = EDGE_CURVE('',#4684,#4627,#4709,.T.);
#4709 = LINE('',#4710,#4711);
#4710 = CARTESIAN_POINT('',(4.955,-0.2,1.387514061586));
#4711 = VECTOR('',#4712,1.);
#4712 = DIRECTION('',(0.,1.,0.));
#4713 = PLANE('',#4714);
#4714 = AXIS2_PLACEMENT_3D('',#4715,#4716,#4717);
#4715 = CARTESIAN_POINT('',(4.955,-0.2,2.2));
#4716 = DIRECTION('',(-1.,0.,0.));
#4717 = DIRECTION('',(0.,1.,0.));
#4718 = ADVANCED_FACE('',(#4719),#4746,.F.);
#4719 = FACE_BOUND('',#4720,.F.);
#4720 = EDGE_LOOP('',(#4721,#4730,#4738,#4745));
#4721 = ORIENTED_EDGE('',*,*,#4722,.T.);
#4722 = EDGE_CURVE('',#4627,#4723,#4725,.T.);
#4723 = VERTEX_POINT('',#4724);
#4724 = CARTESIAN_POINT('',(5.185027598413,0.2,0.92749336407));
#4725 = CIRCLE('',#4726,0.575);
#4726 = AXIS2_PLACEMENT_3D('',#4727,#4728,#4729);
#4727 = CARTESIAN_POINT('',(5.53,0.2,1.387514061586));
#4728 = DIRECTION('',(0.,-1.,-2.2E-16));
#4729 = DIRECTION('',(1.,2.97E-31,-1.35E-15));
#4730 = ORIENTED_EDGE('',*,*,#4731,.T.);
#4731 = EDGE_CURVE('',#4723,#4732,#4734,.T.);
#4732 = VERTEX_POINT('',#4733);
#4733 = CARTESIAN_POINT('',(5.425008399517,0.2,1.247507762342));
#4734 = LINE('',#4735,#4736);
#4735 = CARTESIAN_POINT('',(5.185027598413,0.2,0.92749336407));
#4736 = VECTOR('',#4737,1.);
#4737 = DIRECTION('',(0.59995200276,-1.800000000001E-16,0.80003599568));
#4738 = ORIENTED_EDGE('',*,*,#4739,.F.);
#4739 = EDGE_CURVE('',#4636,#4732,#4740,.T.);
#4740 = CIRCLE('',#4741,0.175);
#4741 = AXIS2_PLACEMENT_3D('',#4742,#4743,#4744);
#4742 = CARTESIAN_POINT('',(5.53,0.2,1.387514061586));
#4743 = DIRECTION('',(0.,-1.,-2.2E-16));
#4744 = DIRECTION('',(1.,-1.2562E-30,5.71E-15));
#4745 = ORIENTED_EDGE('',*,*,#4643,.F.);
#4746 = PLANE('',#4747);
#4747 = AXIS2_PLACEMENT_3D('',#4748,#4749,#4750);
#4748 = CARTESIAN_POINT('',(5.194594834276,0.2,1.219798901848));
#4749 = DIRECTION('',(0.,-1.,-2.2E-16));
#4750 = DIRECTION('',(0.447240425968,1.967710305578E-16,-0.894413775263)
  );
#4751 = ADVANCED_FACE('',(#4752),#4771,.F.);
#4752 = FACE_BOUND('',#4753,.F.);
#4753 = EDGE_LOOP('',(#4754,#4755,#4763,#4770));
#4754 = ORIENTED_EDGE('',*,*,#4739,.T.);
#4755 = ORIENTED_EDGE('',*,*,#4756,.T.);
#4756 = EDGE_CURVE('',#4732,#4757,#4759,.T.);
#4757 = VERTEX_POINT('',#4758);
#4758 = CARTESIAN_POINT('',(5.425008399517,-0.2,1.247507762342));
#4759 = LINE('',#4760,#4761);
#4760 = CARTESIAN_POINT('',(5.425008399517,0.2,1.247507762342));
#4761 = VECTOR('',#4762,1.);
#4762 = DIRECTION('',(0.,-1.,-2.2E-16));
#4763 = ORIENTED_EDGE('',*,*,#4764,.F.);
#4764 = EDGE_CURVE('',#4660,#4757,#4765,.T.);
#4765 = CIRCLE('',#4766,0.175);
#4766 = AXIS2_PLACEMENT_3D('',#4767,#4768,#4769);
#4767 = CARTESIAN_POINT('',(5.53,-0.2,1.387514061586));
#4768 = DIRECTION('',(0.,-1.,-2.2E-16));
#4769 = DIRECTION('',(1.,-1.2562E-30,5.71E-15));
#4770 = ORIENTED_EDGE('',*,*,#4667,.F.);
#4771 = CYLINDRICAL_SURFACE('',#4772,0.175);
#4772 = AXIS2_PLACEMENT_3D('',#4773,#4774,#4775);
#4773 = CARTESIAN_POINT('',(5.53,0.2,1.387514061586));
#4774 = DIRECTION('',(0.,-1.,-2.2E-16));
#4775 = DIRECTION('',(1.,-1.2562E-30,5.71E-15));
#4776 = ADVANCED_FACE('',(#4777),#4796,.F.);
#4777 = FACE_BOUND('',#4778,.F.);
#4778 = EDGE_LOOP('',(#4779,#4780,#4788,#4795));
#4779 = ORIENTED_EDGE('',*,*,#4764,.T.);
#4780 = ORIENTED_EDGE('',*,*,#4781,.T.);
#4781 = EDGE_CURVE('',#4757,#4782,#4784,.T.);
#4782 = VERTEX_POINT('',#4783);
#4783 = CARTESIAN_POINT('',(5.185027598413,-0.2,0.92749336407));
#4784 = LINE('',#4785,#4786);
#4785 = CARTESIAN_POINT('',(5.425008399517,-0.2,1.247507762342));
#4786 = VECTOR('',#4787,1.);
#4787 = DIRECTION('',(-0.59995200276,1.800000000001E-16,-0.80003599568)
  );
#4788 = ORIENTED_EDGE('',*,*,#4789,.F.);
#4789 = EDGE_CURVE('',#4684,#4782,#4790,.T.);
#4790 = CIRCLE('',#4791,0.575);
#4791 = AXIS2_PLACEMENT_3D('',#4792,#4793,#4794);
#4792 = CARTESIAN_POINT('',(5.53,-0.2,1.387514061586));
#4793 = DIRECTION('',(0.,-1.,-2.2E-16));
#4794 = DIRECTION('',(1.,3.828E-31,-1.74E-15));
#4795 = ORIENTED_EDGE('',*,*,#4691,.F.);
#4796 = PLANE('',#4797);
#4797 = AXIS2_PLACEMENT_3D('',#4798,#4799,#4800);
#4798 = CARTESIAN_POINT('',(5.194594834276,-0.2,1.219798901848));
#4799 = DIRECTION('',(0.,1.,2.2E-16));
#4800 = DIRECTION('',(0.447240425968,1.967710305578E-16,-0.894413775263)
  );
#4801 = ADVANCED_FACE('',(#4802),#4813,.T.);
#4802 = FACE_BOUND('',#4803,.T.);
#4803 = EDGE_LOOP('',(#4804,#4805,#4806,#4812));
#4804 = ORIENTED_EDGE('',*,*,#4708,.T.);
#4805 = ORIENTED_EDGE('',*,*,#4722,.T.);
#4806 = ORIENTED_EDGE('',*,*,#4807,.F.);
#4807 = EDGE_CURVE('',#4782,#4723,#4808,.T.);
#4808 = LINE('',#4809,#4810);
#4809 = CARTESIAN_POINT('',(5.185027598413,-0.2,0.92749336407));
#4810 = VECTOR('',#4811,1.);
#4811 = DIRECTION('',(0.,1.,2.2E-16));
#4812 = ORIENTED_EDGE('',*,*,#4789,.F.);
#4813 = CYLINDRICAL_SURFACE('',#4814,0.575);
#4814 = AXIS2_PLACEMENT_3D('',#4815,#4816,#4817);
#4815 = CARTESIAN_POINT('',(5.53,-0.2,1.387514061586));
#4816 = DIRECTION('',(0.,1.,2.2E-16));
#4817 = DIRECTION('',(1.,3.828E-31,-1.74E-15));
#4818 = ADVANCED_FACE('',(#4819),#4844,.T.);
#4819 = FACE_BOUND('',#4820,.T.);
#4820 = EDGE_LOOP('',(#4821,#4829,#4830,#4838));
#4821 = ORIENTED_EDGE('',*,*,#4822,.F.);
#4822 = EDGE_CURVE('',#4723,#4823,#4825,.T.);
#4823 = VERTEX_POINT('',#4824);
#4824 = CARTESIAN_POINT('',(6.218491600483,0.2,0.152492237658));
#4825 = LINE('',#4826,#4827);
#4826 = CARTESIAN_POINT('',(6.218491600483,0.2,0.152492237658));
#4827 = VECTOR('',#4828,1.);
#4828 = DIRECTION('',(0.80003599568,1.3E-16,-0.59995200276));
#4829 = ORIENTED_EDGE('',*,*,#4731,.T.);
#4830 = ORIENTED_EDGE('',*,*,#4831,.T.);
#4831 = EDGE_CURVE('',#4732,#4832,#4834,.T.);
#4832 = VERTEX_POINT('',#4833);
#4833 = CARTESIAN_POINT('',(6.458472401587,0.2,0.47250663593));
#4834 = LINE('',#4835,#4836);
#4835 = CARTESIAN_POINT('',(6.458472401587,0.2,0.47250663593));
#4836 = VECTOR('',#4837,1.);
#4837 = DIRECTION('',(0.80003599568,1.3E-16,-0.59995200276));
#4838 = ORIENTED_EDGE('',*,*,#4839,.F.);
#4839 = EDGE_CURVE('',#4823,#4832,#4840,.T.);
#4840 = LINE('',#4841,#4842);
#4841 = CARTESIAN_POINT('',(6.218491600483,0.2,0.152492237658));
#4842 = VECTOR('',#4843,1.);
#4843 = DIRECTION('',(0.59995200276,-1.800000000001E-16,0.80003599568));
#4844 = PLANE('',#4845);
#4845 = AXIS2_PLACEMENT_3D('',#4846,#4847,#4848);
#4846 = CARTESIAN_POINT('',(6.218491600483,0.2,0.152492237658));
#4847 = DIRECTION('',(0.,1.,2.2E-16));
#4848 = DIRECTION('',(0.59995200276,-1.760079190497E-16,0.80003599568));
#4849 = ADVANCED_FACE('',(#4850),#4868,.T.);
#4850 = FACE_BOUND('',#4851,.T.);
#4851 = EDGE_LOOP('',(#4852,#4853,#4854,#4862));
#4852 = ORIENTED_EDGE('',*,*,#4831,.F.);
#4853 = ORIENTED_EDGE('',*,*,#4756,.T.);
#4854 = ORIENTED_EDGE('',*,*,#4855,.T.);
#4855 = EDGE_CURVE('',#4757,#4856,#4858,.T.);
#4856 = VERTEX_POINT('',#4857);
#4857 = CARTESIAN_POINT('',(6.458472401587,-0.2,0.47250663593));
#4858 = LINE('',#4859,#4860);
#4859 = CARTESIAN_POINT('',(6.458472401587,-0.2,0.47250663593));
#4860 = VECTOR('',#4861,1.);
#4861 = DIRECTION('',(0.80003599568,-9.000000000003E-17,-0.59995200276)
  );
#4862 = ORIENTED_EDGE('',*,*,#4863,.F.);
#4863 = EDGE_CURVE('',#4832,#4856,#4864,.T.);
#4864 = LINE('',#4865,#4866);
#4865 = CARTESIAN_POINT('',(6.458472401587,0.2,0.47250663593));
#4866 = VECTOR('',#4867,1.);
#4867 = DIRECTION('',(-1.8E-16,-1.,-9.E-17));
#4868 = PLANE('',#4869);
#4869 = AXIS2_PLACEMENT_3D('',#4870,#4871,#4872);
#4870 = CARTESIAN_POINT('',(6.458472401587,0.2,0.47250663593));
#4871 = DIRECTION('',(0.59995200276,-1.800000000001E-16,0.80003599568));
#4872 = DIRECTION('',(-1.80003239676E-16,-1.,-9.000432010797E-17));
#4873 = ADVANCED_FACE('',(#4874),#4892,.T.);
#4874 = FACE_BOUND('',#4875,.T.);
#4875 = EDGE_LOOP('',(#4876,#4877,#4878,#4886));
#4876 = ORIENTED_EDGE('',*,*,#4855,.F.);
#4877 = ORIENTED_EDGE('',*,*,#4781,.T.);
#4878 = ORIENTED_EDGE('',*,*,#4879,.T.);
#4879 = EDGE_CURVE('',#4782,#4880,#4882,.T.);
#4880 = VERTEX_POINT('',#4881);
#4881 = CARTESIAN_POINT('',(6.218491600483,-0.2,0.152492237658));
#4882 = LINE('',#4883,#4884);
#4883 = CARTESIAN_POINT('',(6.218491600483,-0.2,0.152492237658));
#4884 = VECTOR('',#4885,1.);
#4885 = DIRECTION('',(0.80003599568,1.3E-16,-0.59995200276));
#4886 = ORIENTED_EDGE('',*,*,#4887,.F.);
#4887 = EDGE_CURVE('',#4856,#4880,#4888,.T.);
#4888 = LINE('',#4889,#4890);
#4889 = CARTESIAN_POINT('',(6.458472401587,-0.2,0.47250663593));
#4890 = VECTOR('',#4891,1.);
#4891 = DIRECTION('',(-0.59995200276,1.800000000001E-16,-0.80003599568)
  );
#4892 = PLANE('',#4893);
#4893 = AXIS2_PLACEMENT_3D('',#4894,#4895,#4896);
#4894 = CARTESIAN_POINT('',(6.458472401587,-0.2,0.47250663593));
#4895 = DIRECTION('',(0.,-1.,-2.2E-16));
#4896 = DIRECTION('',(-0.59995200276,1.760079190497E-16,-0.80003599568)
  );
#4897 = ADVANCED_FACE('',(#4898),#4909,.T.);
#4898 = FACE_BOUND('',#4899,.T.);
#4899 = EDGE_LOOP('',(#4900,#4901,#4902,#4903));
#4900 = ORIENTED_EDGE('',*,*,#4879,.F.);
#4901 = ORIENTED_EDGE('',*,*,#4807,.T.);
#4902 = ORIENTED_EDGE('',*,*,#4822,.T.);
#4903 = ORIENTED_EDGE('',*,*,#4904,.F.);
#4904 = EDGE_CURVE('',#4880,#4823,#4905,.T.);
#4905 = LINE('',#4906,#4907);
#4906 = CARTESIAN_POINT('',(6.218491600483,-0.2,0.152492237658));
#4907 = VECTOR('',#4908,1.);
#4908 = DIRECTION('',(1.8E-16,1.,9.E-17));
#4909 = PLANE('',#4910);
#4910 = AXIS2_PLACEMENT_3D('',#4911,#4912,#4913);
#4911 = CARTESIAN_POINT('',(6.218491600483,-0.2,0.152492237658));
#4912 = DIRECTION('',(-0.59995200276,1.800000000001E-16,-0.80003599568)
  );
#4913 = DIRECTION('',(1.80003239676E-16,1.,9.000432010797E-17));
#4914 = ADVANCED_FACE('',(#4915),#4942,.F.);
#4915 = FACE_BOUND('',#4916,.F.);
#4916 = EDGE_LOOP('',(#4917,#4926,#4934,#4941));
#4917 = ORIENTED_EDGE('',*,*,#4918,.T.);
#4918 = EDGE_CURVE('',#4823,#4919,#4921,.T.);
#4919 = VERTEX_POINT('',#4920);
#4920 = CARTESIAN_POINT('',(6.2885,0.2,1.248593841364E-02));
#4921 = CIRCLE('',#4922,0.175);
#4922 = AXIS2_PLACEMENT_3D('',#4923,#4924,#4925);
#4923 = CARTESIAN_POINT('',(6.1135,0.2,1.248593841364E-02));
#4924 = DIRECTION('',(0.,1.,2.2E-16));
#4925 = DIRECTION('',(1.,1.1176E-30,-5.08E-15));
#4926 = ORIENTED_EDGE('',*,*,#4927,.T.);
#4927 = EDGE_CURVE('',#4919,#4928,#4930,.T.);
#4928 = VERTEX_POINT('',#4929);
#4929 = CARTESIAN_POINT('',(6.6885,0.2,1.248593841364E-02));
#4930 = LINE('',#4931,#4932);
#4931 = CARTESIAN_POINT('',(6.2885,0.2,1.248593841364E-02));
#4932 = VECTOR('',#4933,1.);
#4933 = DIRECTION('',(1.,0.,-3.47E-15));
#4934 = ORIENTED_EDGE('',*,*,#4935,.F.);
#4935 = EDGE_CURVE('',#4832,#4928,#4936,.T.);
#4936 = CIRCLE('',#4937,0.575);
#4937 = AXIS2_PLACEMENT_3D('',#4938,#4939,#4940);
#4938 = CARTESIAN_POINT('',(6.1135,0.2,1.248593841364E-02));
#4939 = DIRECTION('',(0.,1.,2.2E-16));
#4940 = DIRECTION('',(1.,-1.694E-31,7.7E-16));
#4941 = ORIENTED_EDGE('',*,*,#4839,.F.);
#4942 = PLANE('',#4943);
#4943 = AXIS2_PLACEMENT_3D('',#4944,#4945,#4946);
#4944 = CARTESIAN_POINT('',(6.448905165724,0.2,0.180201098152));
#4945 = DIRECTION('',(0.,-1.,-2.2E-16));
#4946 = DIRECTION('',(0.447240425968,1.967710305578E-16,-0.894413775263)
  );
#4947 = ADVANCED_FACE('',(#4948),#4967,.T.);
#4948 = FACE_BOUND('',#4949,.T.);
#4949 = EDGE_LOOP('',(#4950,#4951,#4960,#4966));
#4950 = ORIENTED_EDGE('',*,*,#4863,.T.);
#4951 = ORIENTED_EDGE('',*,*,#4952,.T.);
#4952 = EDGE_CURVE('',#4856,#4953,#4955,.T.);
#4953 = VERTEX_POINT('',#4954);
#4954 = CARTESIAN_POINT('',(6.6885,-0.2,1.248593841364E-02));
#4955 = CIRCLE('',#4956,0.575);
#4956 = AXIS2_PLACEMENT_3D('',#4957,#4958,#4959);
#4957 = CARTESIAN_POINT('',(6.1135,-0.2,1.248593841364E-02));
#4958 = DIRECTION('',(0.,1.,2.2E-16));
#4959 = DIRECTION('',(1.,-3.388E-31,1.54E-15));
#4960 = ORIENTED_EDGE('',*,*,#4961,.F.);
#4961 = EDGE_CURVE('',#4928,#4953,#4962,.T.);
#4962 = LINE('',#4963,#4964);
#4963 = CARTESIAN_POINT('',(6.6885,0.2,1.248593841364E-02));
#4964 = VECTOR('',#4965,1.);
#4965 = DIRECTION('',(0.,-1.,-2.2E-16));
#4966 = ORIENTED_EDGE('',*,*,#4935,.F.);
#4967 = CYLINDRICAL_SURFACE('',#4968,0.575);
#4968 = AXIS2_PLACEMENT_3D('',#4969,#4970,#4971);
#4969 = CARTESIAN_POINT('',(6.1135,0.2,1.248593841364E-02));
#4970 = DIRECTION('',(0.,-1.,-2.2E-16));
#4971 = DIRECTION('',(1.,-3.388E-31,1.54E-15));
#4972 = ADVANCED_FACE('',(#4973),#4992,.F.);
#4973 = FACE_BOUND('',#4974,.F.);
#4974 = EDGE_LOOP('',(#4975,#4976,#4984,#4991));
#4975 = ORIENTED_EDGE('',*,*,#4952,.T.);
#4976 = ORIENTED_EDGE('',*,*,#4977,.T.);
#4977 = EDGE_CURVE('',#4953,#4978,#4980,.T.);
#4978 = VERTEX_POINT('',#4979);
#4979 = CARTESIAN_POINT('',(6.2885,-0.2,1.248593841364E-02));
#4980 = LINE('',#4981,#4982);
#4981 = CARTESIAN_POINT('',(6.6885,-0.2,1.248593841364E-02));
#4982 = VECTOR('',#4983,1.);
#4983 = DIRECTION('',(-1.,0.,3.47E-15));
#4984 = ORIENTED_EDGE('',*,*,#4985,.F.);
#4985 = EDGE_CURVE('',#4880,#4978,#4986,.T.);
#4986 = CIRCLE('',#4987,0.175);
#4987 = AXIS2_PLACEMENT_3D('',#4988,#4989,#4990);
#4988 = CARTESIAN_POINT('',(6.1135,-0.2,1.248593841364E-02));
#4989 = DIRECTION('',(0.,1.,2.2E-16));
#4990 = DIRECTION('',(1.,5.588E-31,-2.54E-15));
#4991 = ORIENTED_EDGE('',*,*,#4887,.F.);
#4992 = PLANE('',#4993);
#4993 = AXIS2_PLACEMENT_3D('',#4994,#4995,#4996);
#4994 = CARTESIAN_POINT('',(6.448905165724,-0.2,0.180201098152));
#4995 = DIRECTION('',(0.,1.,2.2E-16));
#4996 = DIRECTION('',(0.447240425968,1.967710305578E-16,-0.894413775263)
  );
#4997 = ADVANCED_FACE('',(#4998),#5009,.F.);
#4998 = FACE_BOUND('',#4999,.F.);
#4999 = EDGE_LOOP('',(#5000,#5001,#5007,#5008));
#5000 = ORIENTED_EDGE('',*,*,#4985,.T.);
#5001 = ORIENTED_EDGE('',*,*,#5002,.T.);
#5002 = EDGE_CURVE('',#4978,#4919,#5003,.T.);
#5003 = LINE('',#5004,#5005);
#5004 = CARTESIAN_POINT('',(6.2885,-0.2,1.248593841364E-02));
#5005 = VECTOR('',#5006,1.);
#5006 = DIRECTION('',(0.,1.,2.2E-16));
#5007 = ORIENTED_EDGE('',*,*,#4918,.F.);
#5008 = ORIENTED_EDGE('',*,*,#4904,.F.);
#5009 = CYLINDRICAL_SURFACE('',#5010,0.175);
#5010 = AXIS2_PLACEMENT_3D('',#5011,#5012,#5013);
#5011 = CARTESIAN_POINT('',(6.1135,-0.2,1.248593841364E-02));
#5012 = DIRECTION('',(0.,1.,2.2E-16));
#5013 = DIRECTION('',(1.,1.1176E-30,-5.08E-15));
#5014 = ADVANCED_FACE('',(#5015),#5040,.T.);
#5015 = FACE_BOUND('',#5016,.T.);
#5016 = EDGE_LOOP('',(#5017,#5025,#5026,#5034));
#5017 = ORIENTED_EDGE('',*,*,#5018,.F.);
#5018 = EDGE_CURVE('',#4919,#5019,#5021,.T.);
#5019 = VERTEX_POINT('',#5020);
#5020 = CARTESIAN_POINT('',(6.2885,0.2,-2.8));
#5021 = LINE('',#5022,#5023);
#5022 = CARTESIAN_POINT('',(6.2885,0.2,-2.8));
#5023 = VECTOR('',#5024,1.);
#5024 = DIRECTION('',(0.,2.2E-16,-1.));
#5025 = ORIENTED_EDGE('',*,*,#4927,.T.);
#5026 = ORIENTED_EDGE('',*,*,#5027,.T.);
#5027 = EDGE_CURVE('',#4928,#5028,#5030,.T.);
#5028 = VERTEX_POINT('',#5029);
#5029 = CARTESIAN_POINT('',(6.6885,0.2,-2.8));
#5030 = LINE('',#5031,#5032);
#5031 = CARTESIAN_POINT('',(6.6885,0.2,-2.8));
#5032 = VECTOR('',#5033,1.);
#5033 = DIRECTION('',(0.,2.2E-16,-1.));
#5034 = ORIENTED_EDGE('',*,*,#5035,.F.);
#5035 = EDGE_CURVE('',#5019,#5028,#5036,.T.);
#5036 = LINE('',#5037,#5038);
#5037 = CARTESIAN_POINT('',(6.2885,0.2,-2.8));
#5038 = VECTOR('',#5039,1.);
#5039 = DIRECTION('',(1.,0.,0.));
#5040 = PLANE('',#5041);
#5041 = AXIS2_PLACEMENT_3D('',#5042,#5043,#5044);
#5042 = CARTESIAN_POINT('',(6.2885,0.2,-2.8));
#5043 = DIRECTION('',(0.,1.,2.2E-16));
#5044 = DIRECTION('',(1.,0.,-0.));
#5045 = ADVANCED_FACE('',(#5046),#5071,.T.);
#5046 = FACE_BOUND('',#5047,.T.);
#5047 = EDGE_LOOP('',(#5048,#5049,#5057,#5065));
#5048 = ORIENTED_EDGE('',*,*,#5035,.T.);
#5049 = ORIENTED_EDGE('',*,*,#5050,.T.);
#5050 = EDGE_CURVE('',#5028,#5051,#5053,.T.);
#5051 = VERTEX_POINT('',#5052);
#5052 = CARTESIAN_POINT('',(6.6885,-0.2,-2.8));
#5053 = LINE('',#5054,#5055);
#5054 = CARTESIAN_POINT('',(6.6885,0.2,-2.8));
#5055 = VECTOR('',#5056,1.);
#5056 = DIRECTION('',(0.,-1.,0.));
#5057 = ORIENTED_EDGE('',*,*,#5058,.T.);
#5058 = EDGE_CURVE('',#5051,#5059,#5061,.T.);
#5059 = VERTEX_POINT('',#5060);
#5060 = CARTESIAN_POINT('',(6.2885,-0.2,-2.8));
#5061 = LINE('',#5062,#5063);
#5062 = CARTESIAN_POINT('',(6.6885,-0.2,-2.8));
#5063 = VECTOR('',#5064,1.);
#5064 = DIRECTION('',(-1.,0.,0.));
#5065 = ORIENTED_EDGE('',*,*,#5066,.T.);
#5066 = EDGE_CURVE('',#5059,#5019,#5067,.T.);
#5067 = LINE('',#5068,#5069);
#5068 = CARTESIAN_POINT('',(6.2885,-0.2,-2.8));
#5069 = VECTOR('',#5070,1.);
#5070 = DIRECTION('',(0.,1.,0.));
#5071 = PLANE('',#5072);
#5072 = AXIS2_PLACEMENT_3D('',#5073,#5074,#5075);
#5073 = CARTESIAN_POINT('',(6.4885,1.11E-15,-2.8));
#5074 = DIRECTION('',(-0.,-0.,-1.));
#5075 = DIRECTION('',(-1.,0.,0.));
#5076 = ADVANCED_FACE('',(#5077),#5088,.T.);
#5077 = FACE_BOUND('',#5078,.T.);
#5078 = EDGE_LOOP('',(#5079,#5080,#5081,#5087));
#5079 = ORIENTED_EDGE('',*,*,#5027,.F.);
#5080 = ORIENTED_EDGE('',*,*,#4961,.T.);
#5081 = ORIENTED_EDGE('',*,*,#5082,.T.);
#5082 = EDGE_CURVE('',#4953,#5051,#5083,.T.);
#5083 = LINE('',#5084,#5085);
#5084 = CARTESIAN_POINT('',(6.6885,-0.2,-2.8));
#5085 = VECTOR('',#5086,1.);
#5086 = DIRECTION('',(0.,0.,-1.));
#5087 = ORIENTED_EDGE('',*,*,#5050,.F.);
#5088 = PLANE('',#5089);
#5089 = AXIS2_PLACEMENT_3D('',#5090,#5091,#5092);
#5090 = CARTESIAN_POINT('',(6.6885,0.2,-2.8));
#5091 = DIRECTION('',(1.,0.,0.));
#5092 = DIRECTION('',(0.,-1.,0.));
#5093 = ADVANCED_FACE('',(#5094),#5105,.T.);
#5094 = FACE_BOUND('',#5095,.T.);
#5095 = EDGE_LOOP('',(#5096,#5097,#5098,#5104));
#5096 = ORIENTED_EDGE('',*,*,#5082,.F.);
#5097 = ORIENTED_EDGE('',*,*,#4977,.T.);
#5098 = ORIENTED_EDGE('',*,*,#5099,.T.);
#5099 = EDGE_CURVE('',#4978,#5059,#5100,.T.);
#5100 = LINE('',#5101,#5102);
#5101 = CARTESIAN_POINT('',(6.2885,-0.2,-2.8));
#5102 = VECTOR('',#5103,1.);
#5103 = DIRECTION('',(0.,2.2E-16,-1.));
#5104 = ORIENTED_EDGE('',*,*,#5058,.F.);
#5105 = PLANE('',#5106);
#5106 = AXIS2_PLACEMENT_3D('',#5107,#5108,#5109);
#5107 = CARTESIAN_POINT('',(6.6885,-0.2,-2.8));
#5108 = DIRECTION('',(-0.,-1.,-2.2E-16));
#5109 = DIRECTION('',(-1.,0.,0.));
#5110 = ADVANCED_FACE('',(#5111),#5117,.T.);
#5111 = FACE_BOUND('',#5112,.T.);
#5112 = EDGE_LOOP('',(#5113,#5114,#5115,#5116));
#5113 = ORIENTED_EDGE('',*,*,#5099,.F.);
#5114 = ORIENTED_EDGE('',*,*,#5002,.T.);
#5115 = ORIENTED_EDGE('',*,*,#5018,.T.);
#5116 = ORIENTED_EDGE('',*,*,#5066,.F.);
#5117 = PLANE('',#5118);
#5118 = AXIS2_PLACEMENT_3D('',#5119,#5120,#5121);
#5119 = CARTESIAN_POINT('',(6.2885,-0.2,-2.8));
#5120 = DIRECTION('',(-1.,0.,0.));
#5121 = DIRECTION('',(0.,1.,0.));
#5122 = MANIFOLD_SOLID_BREP('',#5123);
#5123 = CLOSED_SHELL('',(#5124,#5164,#5195,#5219,#5243,#5260,#5293,#5318
    ,#5343,#5360,#5391,#5415,#5439,#5456,#5489,#5514,#5539,#5556,#5587,
    #5618,#5635,#5652));
#5124 = ADVANCED_FACE('',(#5125),#5159,.F.);
#5125 = FACE_BOUND('',#5126,.F.);
#5126 = EDGE_LOOP('',(#5127,#5137,#5145,#5153));
#5127 = ORIENTED_EDGE('',*,*,#5128,.T.);
#5128 = EDGE_CURVE('',#5129,#5131,#5133,.T.);
#5129 = VERTEX_POINT('',#5130);
#5130 = CARTESIAN_POINT('',(3.685,0.2,2.2));
#5131 = VERTEX_POINT('',#5132);
#5132 = CARTESIAN_POINT('',(4.085,0.2,2.2));
#5133 = LINE('',#5134,#5135);
#5134 = CARTESIAN_POINT('',(3.685,0.2,2.2));
#5135 = VECTOR('',#5136,1.);
#5136 = DIRECTION('',(1.,0.,0.));
#5137 = ORIENTED_EDGE('',*,*,#5138,.T.);
#5138 = EDGE_CURVE('',#5131,#5139,#5141,.T.);
#5139 = VERTEX_POINT('',#5140);
#5140 = CARTESIAN_POINT('',(4.085,-0.2,2.2));
#5141 = LINE('',#5142,#5143);
#5142 = CARTESIAN_POINT('',(4.085,0.2,2.2));
#5143 = VECTOR('',#5144,1.);
#5144 = DIRECTION('',(0.,-1.,0.));
#5145 = ORIENTED_EDGE('',*,*,#5146,.T.);
#5146 = EDGE_CURVE('',#5139,#5147,#5149,.T.);
#5147 = VERTEX_POINT('',#5148);
#5148 = CARTESIAN_POINT('',(3.685,-0.2,2.2));
#5149 = LINE('',#5150,#5151);
#5150 = CARTESIAN_POINT('',(4.085,-0.2,2.2));
#5151 = VECTOR('',#5152,1.);
#5152 = DIRECTION('',(-1.,0.,0.));
#5153 = ORIENTED_EDGE('',*,*,#5154,.T.);
#5154 = EDGE_CURVE('',#5147,#5129,#5155,.T.);
#5155 = LINE('',#5156,#5157);
#5156 = CARTESIAN_POINT('',(3.685,-0.2,2.2));
#5157 = VECTOR('',#5158,1.);
#5158 = DIRECTION('',(0.,1.,0.));
#5159 = PLANE('',#5160);
#5160 = AXIS2_PLACEMENT_3D('',#5161,#5162,#5163);
#5161 = CARTESIAN_POINT('',(3.885,0.,2.2));
#5162 = DIRECTION('',(-0.,-0.,-1.));
#5163 = DIRECTION('',(-1.,0.,0.));
#5164 = ADVANCED_FACE('',(#5165),#5190,.T.);
#5165 = FACE_BOUND('',#5166,.T.);
#5166 = EDGE_LOOP('',(#5167,#5175,#5176,#5184));
#5167 = ORIENTED_EDGE('',*,*,#5168,.F.);
#5168 = EDGE_CURVE('',#5129,#5169,#5171,.T.);
#5169 = VERTEX_POINT('',#5170);
#5170 = CARTESIAN_POINT('',(3.685,0.2,1.279589508966));
#5171 = LINE('',#5172,#5173);
#5172 = CARTESIAN_POINT('',(3.685,0.2,2.2));
#5173 = VECTOR('',#5174,1.);
#5174 = DIRECTION('',(0.,2.2E-16,-1.));
#5175 = ORIENTED_EDGE('',*,*,#5128,.T.);
#5176 = ORIENTED_EDGE('',*,*,#5177,.T.);
#5177 = EDGE_CURVE('',#5131,#5178,#5180,.T.);
#5178 = VERTEX_POINT('',#5179);
#5179 = CARTESIAN_POINT('',(4.085,0.2,1.279589508966));
#5180 = LINE('',#5181,#5182);
#5181 = CARTESIAN_POINT('',(4.085,0.2,2.2));
#5182 = VECTOR('',#5183,1.);
#5183 = DIRECTION('',(0.,2.2E-16,-1.));
#5184 = ORIENTED_EDGE('',*,*,#5185,.F.);
#5185 = EDGE_CURVE('',#5169,#5178,#5186,.T.);
#5186 = LINE('',#5187,#5188);
#5187 = CARTESIAN_POINT('',(3.685,0.2,1.279589508966));
#5188 = VECTOR('',#5189,1.);
#5189 = DIRECTION('',(1.,0.,0.));
#5190 = PLANE('',#5191);
#5191 = AXIS2_PLACEMENT_3D('',#5192,#5193,#5194);
#5192 = CARTESIAN_POINT('',(3.685,0.2,2.2));
#5193 = DIRECTION('',(0.,1.,2.2E-16));
#5194 = DIRECTION('',(1.,0.,-0.));
#5195 = ADVANCED_FACE('',(#5196),#5214,.T.);
#5196 = FACE_BOUND('',#5197,.T.);
#5197 = EDGE_LOOP('',(#5198,#5199,#5200,#5208));
#5198 = ORIENTED_EDGE('',*,*,#5177,.F.);
#5199 = ORIENTED_EDGE('',*,*,#5138,.T.);
#5200 = ORIENTED_EDGE('',*,*,#5201,.T.);
#5201 = EDGE_CURVE('',#5139,#5202,#5204,.T.);
#5202 = VERTEX_POINT('',#5203);
#5203 = CARTESIAN_POINT('',(4.085,-0.2,1.279589508966));
#5204 = LINE('',#5205,#5206);
#5205 = CARTESIAN_POINT('',(4.085,-0.2,2.2));
#5206 = VECTOR('',#5207,1.);
#5207 = DIRECTION('',(0.,0.,-1.));
#5208 = ORIENTED_EDGE('',*,*,#5209,.F.);
#5209 = EDGE_CURVE('',#5178,#5202,#5210,.T.);
#5210 = LINE('',#5211,#5212);
#5211 = CARTESIAN_POINT('',(4.085,0.2,1.279589508966));
#5212 = VECTOR('',#5213,1.);
#5213 = DIRECTION('',(0.,-1.,0.));
#5214 = PLANE('',#5215);
#5215 = AXIS2_PLACEMENT_3D('',#5216,#5217,#5218);
#5216 = CARTESIAN_POINT('',(4.085,0.2,2.2));
#5217 = DIRECTION('',(1.,0.,0.));
#5218 = DIRECTION('',(0.,-1.,0.));
#5219 = ADVANCED_FACE('',(#5220),#5238,.T.);
#5220 = FACE_BOUND('',#5221,.T.);
#5221 = EDGE_LOOP('',(#5222,#5223,#5224,#5232));
#5222 = ORIENTED_EDGE('',*,*,#5201,.F.);
#5223 = ORIENTED_EDGE('',*,*,#5146,.T.);
#5224 = ORIENTED_EDGE('',*,*,#5225,.T.);
#5225 = EDGE_CURVE('',#5147,#5226,#5228,.T.);
#5226 = VERTEX_POINT('',#5227);
#5227 = CARTESIAN_POINT('',(3.685,-0.2,1.279589508966));
#5228 = LINE('',#5229,#5230);
#5229 = CARTESIAN_POINT('',(3.685,-0.2,2.2));
#5230 = VECTOR('',#5231,1.);
#5231 = DIRECTION('',(0.,2.2E-16,-1.));
#5232 = ORIENTED_EDGE('',*,*,#5233,.F.);
#5233 = EDGE_CURVE('',#5202,#5226,#5234,.T.);
#5234 = LINE('',#5235,#5236);
#5235 = CARTESIAN_POINT('',(4.085,-0.2,1.279589508966));
#5236 = VECTOR('',#5237,1.);
#5237 = DIRECTION('',(-1.,0.,0.));
#5238 = PLANE('',#5239);
#5239 = AXIS2_PLACEMENT_3D('',#5240,#5241,#5242);
#5240 = CARTESIAN_POINT('',(4.085,-0.2,2.2));
#5241 = DIRECTION('',(-0.,-1.,-2.2E-16));
#5242 = DIRECTION('',(-1.,0.,0.));
#5243 = ADVANCED_FACE('',(#5244),#5255,.T.);
#5244 = FACE_BOUND('',#5245,.T.);
#5245 = EDGE_LOOP('',(#5246,#5247,#5248,#5249));
#5246 = ORIENTED_EDGE('',*,*,#5225,.F.);
#5247 = ORIENTED_EDGE('',*,*,#5154,.T.);
#5248 = ORIENTED_EDGE('',*,*,#5168,.T.);
#5249 = ORIENTED_EDGE('',*,*,#5250,.F.);
#5250 = EDGE_CURVE('',#5226,#5169,#5251,.T.);
#5251 = LINE('',#5252,#5253);
#5252 = CARTESIAN_POINT('',(3.685,-0.2,1.279589508966));
#5253 = VECTOR('',#5254,1.);
#5254 = DIRECTION('',(0.,1.,0.));
#5255 = PLANE('',#5256);
#5256 = AXIS2_PLACEMENT_3D('',#5257,#5258,#5259);
#5257 = CARTESIAN_POINT('',(3.685,-0.2,2.2));
#5258 = DIRECTION('',(-1.,0.,0.));
#5259 = DIRECTION('',(0.,1.,0.));
#5260 = ADVANCED_FACE('',(#5261),#5288,.F.);
#5261 = FACE_BOUND('',#5262,.F.);
#5262 = EDGE_LOOP('',(#5263,#5272,#5280,#5287));
#5263 = ORIENTED_EDGE('',*,*,#5264,.T.);
#5264 = EDGE_CURVE('',#5169,#5265,#5267,.T.);
#5265 = VERTEX_POINT('',#5266);
#5266 = CARTESIAN_POINT('',(3.734569193733,0.2,1.046035515582));
#5267 = CIRCLE('',#5268,0.575);
#5268 = AXIS2_PLACEMENT_3D('',#5269,#5270,#5271);
#5269 = CARTESIAN_POINT('',(4.26,0.2,1.279589508966));
#5270 = DIRECTION('',(0.,-1.,-2.2E-16));
#5271 = DIRECTION('',(1.,-1.1902E-30,5.41E-15));
#5272 = ORIENTED_EDGE('',*,*,#5273,.T.);
#5273 = EDGE_CURVE('',#5265,#5274,#5276,.T.);
#5274 = VERTEX_POINT('',#5275);
#5275 = CARTESIAN_POINT('',(4.100086276353,0.2,1.208507858806));
#5276 = LINE('',#5277,#5278);
#5277 = CARTESIAN_POINT('',(3.734569193733,0.2,1.046035515582));
#5278 = VECTOR('',#5279,1.);
#5279 = DIRECTION('',(0.913792706551,-8.999999999999E-17,0.40618085806)
  );
#5280 = ORIENTED_EDGE('',*,*,#5281,.F.);
#5281 = EDGE_CURVE('',#5178,#5274,#5282,.T.);
#5282 = CIRCLE('',#5283,0.175);
#5283 = AXIS2_PLACEMENT_3D('',#5284,#5285,#5286);
#5284 = CARTESIAN_POINT('',(4.26,0.2,1.279589508966));
#5285 = DIRECTION('',(0.,-1.,-2.2E-16));
#5286 = DIRECTION('',(1.,3.7686E-30,-1.713E-14));
#5287 = ORIENTED_EDGE('',*,*,#5185,.F.);
#5288 = PLANE('',#5289);
#5289 = AXIS2_PLACEMENT_3D('',#5290,#5291,#5292);
#5290 = CARTESIAN_POINT('',(3.893170953059,0.2,1.201734192381));
#5291 = DIRECTION('',(0.,-1.,-2.2E-16));
#5292 = DIRECTION('',(0.207614177562,2.152063742051E-16,-0.978210791842)
  );
#5293 = ADVANCED_FACE('',(#5294),#5313,.F.);
#5294 = FACE_BOUND('',#5295,.F.);
#5295 = EDGE_LOOP('',(#5296,#5297,#5305,#5312));
#5296 = ORIENTED_EDGE('',*,*,#5281,.T.);
#5297 = ORIENTED_EDGE('',*,*,#5298,.T.);
#5298 = EDGE_CURVE('',#5274,#5299,#5301,.T.);
#5299 = VERTEX_POINT('',#5300);
#5300 = CARTESIAN_POINT('',(4.100086276353,-0.2,1.208507858806));
#5301 = LINE('',#5302,#5303);
#5302 = CARTESIAN_POINT('',(4.100086276353,0.2,1.208507858806));
#5303 = VECTOR('',#5304,1.);
#5304 = DIRECTION('',(0.,-1.,-2.2E-16));
#5305 = ORIENTED_EDGE('',*,*,#5306,.F.);
#5306 = EDGE_CURVE('',#5202,#5299,#5307,.T.);
#5307 = CIRCLE('',#5308,0.175);
#5308 = AXIS2_PLACEMENT_3D('',#5309,#5310,#5311);
#5309 = CARTESIAN_POINT('',(4.26,-0.2,1.279589508966));
#5310 = DIRECTION('',(0.,-1.,-2.2E-16));
#5311 = DIRECTION('',(1.,3.7686E-30,-1.713E-14));
#5312 = ORIENTED_EDGE('',*,*,#5209,.F.);
#5313 = CYLINDRICAL_SURFACE('',#5314,0.175);
#5314 = AXIS2_PLACEMENT_3D('',#5315,#5316,#5317);
#5315 = CARTESIAN_POINT('',(4.26,0.2,1.279589508966));
#5316 = DIRECTION('',(0.,-1.,-2.2E-16));
#5317 = DIRECTION('',(1.,3.7686E-30,-1.713E-14));
#5318 = ADVANCED_FACE('',(#5319),#5338,.F.);
#5319 = FACE_BOUND('',#5320,.F.);
#5320 = EDGE_LOOP('',(#5321,#5322,#5330,#5337));
#5321 = ORIENTED_EDGE('',*,*,#5306,.T.);
#5322 = ORIENTED_EDGE('',*,*,#5323,.T.);
#5323 = EDGE_CURVE('',#5299,#5324,#5326,.T.);
#5324 = VERTEX_POINT('',#5325);
#5325 = CARTESIAN_POINT('',(3.734569193733,-0.2,1.046035515582));
#5326 = LINE('',#5327,#5328);
#5327 = CARTESIAN_POINT('',(4.100086276353,-0.2,1.208507858806));
#5328 = VECTOR('',#5329,1.);
#5329 = DIRECTION('',(-0.913792706551,8.999999999999E-17,-0.40618085806)
  );
#5330 = ORIENTED_EDGE('',*,*,#5331,.F.);
#5331 = EDGE_CURVE('',#5226,#5324,#5332,.T.);
#5332 = CIRCLE('',#5333,0.575);
#5333 = AXIS2_PLACEMENT_3D('',#5334,#5335,#5336);
#5334 = CARTESIAN_POINT('',(4.26,-0.2,1.279589508966));
#5335 = DIRECTION('',(0.,-1.,-2.2E-16));
#5336 = DIRECTION('',(1.,-1.1462E-30,5.21E-15));
#5337 = ORIENTED_EDGE('',*,*,#5233,.F.);
#5338 = PLANE('',#5339);
#5339 = AXIS2_PLACEMENT_3D('',#5340,#5341,#5342);
#5340 = CARTESIAN_POINT('',(3.893170953059,-0.2,1.201734192381));
#5341 = DIRECTION('',(0.,1.,2.2E-16));
#5342 = DIRECTION('',(0.207614177562,2.152063742051E-16,-0.978210791842)
  );
#5343 = ADVANCED_FACE('',(#5344),#5355,.T.);
#5344 = FACE_BOUND('',#5345,.T.);
#5345 = EDGE_LOOP('',(#5346,#5347,#5348,#5354));
#5346 = ORIENTED_EDGE('',*,*,#5250,.T.);
#5347 = ORIENTED_EDGE('',*,*,#5264,.T.);
#5348 = ORIENTED_EDGE('',*,*,#5349,.F.);
#5349 = EDGE_CURVE('',#5324,#5265,#5350,.T.);
#5350 = LINE('',#5351,#5352);
#5351 = CARTESIAN_POINT('',(3.734569193733,-0.2,1.046035515582));
#5352 = VECTOR('',#5353,1.);
#5353 = DIRECTION('',(0.,1.,2.2E-16));
#5354 = ORIENTED_EDGE('',*,*,#5331,.F.);
#5355 = CYLINDRICAL_SURFACE('',#5356,0.575);
#5356 = AXIS2_PLACEMENT_3D('',#5357,#5358,#5359);
#5357 = CARTESIAN_POINT('',(4.26,-0.2,1.279589508966));
#5358 = DIRECTION('',(0.,1.,2.2E-16));
#5359 = DIRECTION('',(1.,-1.1462E-30,5.21E-15));
#5360 = ADVANCED_FACE('',(#5361),#5386,.T.);
#5361 = FACE_BOUND('',#5362,.T.);
#5362 = EDGE_LOOP('',(#5363,#5371,#5372,#5380));
#5363 = ORIENTED_EDGE('',*,*,#5364,.F.);
#5364 = EDGE_CURVE('',#5265,#5365,#5367,.T.);
#5365 = VERTEX_POINT('',#5366);
#5366 = CARTESIAN_POINT('',(4.114413723647,0.2,0.191492141193));
#5367 = LINE('',#5368,#5369);
#5368 = CARTESIAN_POINT('',(4.114413723647,0.2,0.191492141193));
#5369 = VECTOR('',#5370,1.);
#5370 = DIRECTION('',(0.40618085806,2.E-16,-0.913792706551));
#5371 = ORIENTED_EDGE('',*,*,#5273,.T.);
#5372 = ORIENTED_EDGE('',*,*,#5373,.T.);
#5373 = EDGE_CURVE('',#5274,#5374,#5376,.T.);
#5374 = VERTEX_POINT('',#5375);
#5375 = CARTESIAN_POINT('',(4.479930806267,0.2,0.353964484417));
#5376 = LINE('',#5377,#5378);
#5377 = CARTESIAN_POINT('',(4.479930806267,0.2,0.353964484417));
#5378 = VECTOR('',#5379,1.);
#5379 = DIRECTION('',(0.40618085806,2.E-16,-0.913792706551));
#5380 = ORIENTED_EDGE('',*,*,#5381,.F.);
#5381 = EDGE_CURVE('',#5365,#5374,#5382,.T.);
#5382 = LINE('',#5383,#5384);
#5383 = CARTESIAN_POINT('',(4.114413723647,0.2,0.191492141193));
#5384 = VECTOR('',#5385,1.);
#5385 = DIRECTION('',(0.913792706551,-8.999999999999E-17,0.40618085806)
  );
#5386 = PLANE('',#5387);
#5387 = AXIS2_PLACEMENT_3D('',#5388,#5389,#5390);
#5388 = CARTESIAN_POINT('',(4.114413723647,0.2,0.191492141193));
#5389 = DIRECTION('',(0.,1.,2.2E-16));
#5390 = DIRECTION('',(0.913792706551,-8.935978877319E-17,0.40618085806)
  );
#5391 = ADVANCED_FACE('',(#5392),#5410,.T.);
#5392 = FACE_BOUND('',#5393,.T.);
#5393 = EDGE_LOOP('',(#5394,#5395,#5396,#5404));
#5394 = ORIENTED_EDGE('',*,*,#5373,.F.);
#5395 = ORIENTED_EDGE('',*,*,#5298,.T.);
#5396 = ORIENTED_EDGE('',*,*,#5397,.T.);
#5397 = EDGE_CURVE('',#5299,#5398,#5400,.T.);
#5398 = VERTEX_POINT('',#5399);
#5399 = CARTESIAN_POINT('',(4.479930806267,-0.2,0.353964484417));
#5400 = LINE('',#5401,#5402);
#5401 = CARTESIAN_POINT('',(4.479930806267,-0.2,0.353964484417));
#5402 = VECTOR('',#5403,1.);
#5403 = DIRECTION('',(0.40618085806,-2.E-17,-0.913792706551));
#5404 = ORIENTED_EDGE('',*,*,#5405,.F.);
#5405 = EDGE_CURVE('',#5374,#5398,#5406,.T.);
#5406 = LINE('',#5407,#5408);
#5407 = CARTESIAN_POINT('',(4.479930806267,0.2,0.353964484417));
#5408 = VECTOR('',#5409,1.);
#5409 = DIRECTION('',(-9.E-17,-1.,-2.E-17));
#5410 = PLANE('',#5411);
#5411 = AXIS2_PLACEMENT_3D('',#5412,#5413,#5414);
#5412 = CARTESIAN_POINT('',(4.479930806267,0.2,0.353964484417));
#5413 = DIRECTION('',(0.913792706551,-8.999999999999E-17,0.40618085806)
  );
#5414 = DIRECTION('',(-8.966650152775E-17,-1.,-1.985175992909E-17));
#5415 = ADVANCED_FACE('',(#5416),#5434,.T.);
#5416 = FACE_BOUND('',#5417,.T.);
#5417 = EDGE_LOOP('',(#5418,#5419,#5420,#5428));
#5418 = ORIENTED_EDGE('',*,*,#5397,.F.);
#5419 = ORIENTED_EDGE('',*,*,#5323,.T.);
#5420 = ORIENTED_EDGE('',*,*,#5421,.T.);
#5421 = EDGE_CURVE('',#5324,#5422,#5424,.T.);
#5422 = VERTEX_POINT('',#5423);
#5423 = CARTESIAN_POINT('',(4.114413723647,-0.2,0.191492141193));
#5424 = LINE('',#5425,#5426);
#5425 = CARTESIAN_POINT('',(4.114413723647,-0.2,0.191492141193));
#5426 = VECTOR('',#5427,1.);
#5427 = DIRECTION('',(0.40618085806,2.E-16,-0.913792706551));
#5428 = ORIENTED_EDGE('',*,*,#5429,.F.);
#5429 = EDGE_CURVE('',#5398,#5422,#5430,.T.);
#5430 = LINE('',#5431,#5432);
#5431 = CARTESIAN_POINT('',(4.479930806267,-0.2,0.353964484417));
#5432 = VECTOR('',#5433,1.);
#5433 = DIRECTION('',(-0.913792706551,8.999999999999E-17,-0.40618085806)
  );
#5434 = PLANE('',#5435);
#5435 = AXIS2_PLACEMENT_3D('',#5436,#5437,#5438);
#5436 = CARTESIAN_POINT('',(4.479930806267,-0.2,0.353964484417));
#5437 = DIRECTION('',(0.,-1.,-2.2E-16));
#5438 = DIRECTION('',(-0.913792706551,8.935978877319E-17,-0.40618085806)
  );
#5439 = ADVANCED_FACE('',(#5440),#5451,.T.);
#5440 = FACE_BOUND('',#5441,.T.);
#5441 = EDGE_LOOP('',(#5442,#5443,#5444,#5445));
#5442 = ORIENTED_EDGE('',*,*,#5421,.F.);
#5443 = ORIENTED_EDGE('',*,*,#5349,.T.);
#5444 = ORIENTED_EDGE('',*,*,#5364,.T.);
#5445 = ORIENTED_EDGE('',*,*,#5446,.F.);
#5446 = EDGE_CURVE('',#5422,#5365,#5447,.T.);
#5447 = LINE('',#5448,#5449);
#5448 = CARTESIAN_POINT('',(4.114413723647,-0.2,0.191492141193));
#5449 = VECTOR('',#5450,1.);
#5450 = DIRECTION('',(9.E-17,1.,2.E-17));
#5451 = PLANE('',#5452);
#5452 = AXIS2_PLACEMENT_3D('',#5453,#5454,#5455);
#5453 = CARTESIAN_POINT('',(4.114413723647,-0.2,0.191492141193));
#5454 = DIRECTION('',(-0.913792706551,8.999999999999E-17,-0.40618085806)
  );
#5455 = DIRECTION('',(8.966650152775E-17,1.,1.985175992909E-17));
#5456 = ADVANCED_FACE('',(#5457),#5484,.F.);
#5457 = FACE_BOUND('',#5458,.F.);
#5458 = EDGE_LOOP('',(#5459,#5468,#5476,#5483));
#5459 = ORIENTED_EDGE('',*,*,#5460,.T.);
#5460 = EDGE_CURVE('',#5365,#5461,#5463,.T.);
#5461 = VERTEX_POINT('',#5462);
#5462 = CARTESIAN_POINT('',(4.1295,0.2,0.120410491032));
#5463 = CIRCLE('',#5464,0.175);
#5464 = AXIS2_PLACEMENT_3D('',#5465,#5466,#5467);
#5465 = CARTESIAN_POINT('',(3.9545,0.2,0.120410491032));
#5466 = DIRECTION('',(0.,1.,2.2E-16));
#5467 = DIRECTION('',(1.,5.5836E-30,-2.538E-14));
#5468 = ORIENTED_EDGE('',*,*,#5469,.T.);
#5469 = EDGE_CURVE('',#5461,#5470,#5472,.T.);
#5470 = VERTEX_POINT('',#5471);
#5471 = CARTESIAN_POINT('',(4.5295,0.2,0.120410491032));
#5472 = LINE('',#5473,#5474);
#5473 = CARTESIAN_POINT('',(4.1295,0.2,0.120410491032));
#5474 = VECTOR('',#5475,1.);
#5475 = DIRECTION('',(1.,0.,-3.E-17));
#5476 = ORIENTED_EDGE('',*,*,#5477,.F.);
#5477 = EDGE_CURVE('',#5374,#5470,#5478,.T.);
#5478 = CIRCLE('',#5479,0.575);
#5479 = AXIS2_PLACEMENT_3D('',#5480,#5481,#5482);
#5480 = CARTESIAN_POINT('',(3.9545,0.2,0.120410491032));
#5481 = DIRECTION('',(0.,1.,2.2E-16));
#5482 = DIRECTION('',(1.,-1.6984E-30,7.72E-15));
#5483 = ORIENTED_EDGE('',*,*,#5381,.F.);
#5484 = PLANE('',#5485);
#5485 = AXIS2_PLACEMENT_3D('',#5486,#5487,#5488);
#5486 = CARTESIAN_POINT('',(4.321329046941,0.2,0.198265807618));
#5487 = DIRECTION('',(0.,-1.,-2.2E-16));
#5488 = DIRECTION('',(0.207614177562,2.152063742051E-16,-0.978210791842)
  );
#5489 = ADVANCED_FACE('',(#5490),#5509,.T.);
#5490 = FACE_BOUND('',#5491,.T.);
#5491 = EDGE_LOOP('',(#5492,#5493,#5502,#5508));
#5492 = ORIENTED_EDGE('',*,*,#5405,.T.);
#5493 = ORIENTED_EDGE('',*,*,#5494,.T.);
#5494 = EDGE_CURVE('',#5398,#5495,#5497,.T.);
#5495 = VERTEX_POINT('',#5496);
#5496 = CARTESIAN_POINT('',(4.5295,-0.2,0.120410491032));
#5497 = CIRCLE('',#5498,0.575);
#5498 = AXIS2_PLACEMENT_3D('',#5499,#5500,#5501);
#5499 = CARTESIAN_POINT('',(3.9545,-0.2,0.120410491032));
#5500 = DIRECTION('',(0.,1.,2.2E-16));
#5501 = DIRECTION('',(1.,-1.6984E-30,7.72E-15));
#5502 = ORIENTED_EDGE('',*,*,#5503,.F.);
#5503 = EDGE_CURVE('',#5470,#5495,#5504,.T.);
#5504 = LINE('',#5505,#5506);
#5505 = CARTESIAN_POINT('',(4.5295,0.2,0.120410491032));
#5506 = VECTOR('',#5507,1.);
#5507 = DIRECTION('',(0.,-1.,-2.2E-16));
#5508 = ORIENTED_EDGE('',*,*,#5477,.F.);
#5509 = CYLINDRICAL_SURFACE('',#5510,0.575);
#5510 = AXIS2_PLACEMENT_3D('',#5511,#5512,#5513);
#5511 = CARTESIAN_POINT('',(3.9545,0.2,0.120410491032));
#5512 = DIRECTION('',(0.,-1.,-2.2E-16));
#5513 = DIRECTION('',(1.,-1.6984E-30,7.72E-15));
#5514 = ADVANCED_FACE('',(#5515),#5534,.F.);
#5515 = FACE_BOUND('',#5516,.F.);
#5516 = EDGE_LOOP('',(#5517,#5518,#5526,#5533));
#5517 = ORIENTED_EDGE('',*,*,#5494,.T.);
#5518 = ORIENTED_EDGE('',*,*,#5519,.T.);
#5519 = EDGE_CURVE('',#5495,#5520,#5522,.T.);
#5520 = VERTEX_POINT('',#5521);
#5521 = CARTESIAN_POINT('',(4.1295,-0.2,0.120410491032));
#5522 = LINE('',#5523,#5524);
#5523 = CARTESIAN_POINT('',(4.5295,-0.2,0.120410491032));
#5524 = VECTOR('',#5525,1.);
#5525 = DIRECTION('',(-1.,0.,3.E-17));
#5526 = ORIENTED_EDGE('',*,*,#5527,.F.);
#5527 = EDGE_CURVE('',#5422,#5520,#5528,.T.);
#5528 = CIRCLE('',#5529,0.175);
#5529 = AXIS2_PLACEMENT_3D('',#5530,#5531,#5532);
#5530 = CARTESIAN_POINT('',(3.9545,-0.2,0.120410491032));
#5531 = DIRECTION('',(0.,1.,2.2E-16));
#5532 = DIRECTION('',(1.,5.5836E-30,-2.538E-14));
#5533 = ORIENTED_EDGE('',*,*,#5429,.F.);
#5534 = PLANE('',#5535);
#5535 = AXIS2_PLACEMENT_3D('',#5536,#5537,#5538);
#5536 = CARTESIAN_POINT('',(4.321329046941,-0.2,0.198265807618));
#5537 = DIRECTION('',(0.,1.,2.2E-16));
#5538 = DIRECTION('',(0.207614177562,2.152063742051E-16,-0.978210791842)
  );
#5539 = ADVANCED_FACE('',(#5540),#5551,.F.);
#5540 = FACE_BOUND('',#5541,.F.);
#5541 = EDGE_LOOP('',(#5542,#5543,#5549,#5550));
#5542 = ORIENTED_EDGE('',*,*,#5527,.T.);
#5543 = ORIENTED_EDGE('',*,*,#5544,.T.);
#5544 = EDGE_CURVE('',#5520,#5461,#5545,.T.);
#5545 = LINE('',#5546,#5547);
#5546 = CARTESIAN_POINT('',(4.1295,-0.2,0.120410491032));
#5547 = VECTOR('',#5548,1.);
#5548 = DIRECTION('',(0.,1.,2.2E-16));
#5549 = ORIENTED_EDGE('',*,*,#5460,.F.);
#5550 = ORIENTED_EDGE('',*,*,#5446,.F.);
#5551 = CYLINDRICAL_SURFACE('',#5552,0.175);
#5552 = AXIS2_PLACEMENT_3D('',#5553,#5554,#5555);
#5553 = CARTESIAN_POINT('',(3.9545,-0.2,0.120410491032));
#5554 = DIRECTION('',(0.,1.,2.2E-16));
#5555 = DIRECTION('',(1.,5.5836E-30,-2.538E-14));
#5556 = ADVANCED_FACE('',(#5557),#5582,.T.);
#5557 = FACE_BOUND('',#5558,.T.);
#5558 = EDGE_LOOP('',(#5559,#5567,#5568,#5576));
#5559 = ORIENTED_EDGE('',*,*,#5560,.F.);
#5560 = EDGE_CURVE('',#5461,#5561,#5563,.T.);
#5561 = VERTEX_POINT('',#5562);
#5562 = CARTESIAN_POINT('',(4.1295,0.2,-2.8));
#5563 = LINE('',#5564,#5565);
#5564 = CARTESIAN_POINT('',(4.1295,0.2,-2.8));
#5565 = VECTOR('',#5566,1.);
#5566 = DIRECTION('',(0.,2.2E-16,-1.));
#5567 = ORIENTED_EDGE('',*,*,#5469,.T.);
#5568 = ORIENTED_EDGE('',*,*,#5569,.T.);
#5569 = EDGE_CURVE('',#5470,#5570,#5572,.T.);
#5570 = VERTEX_POINT('',#5571);
#5571 = CARTESIAN_POINT('',(4.5295,0.2,-2.8));
#5572 = LINE('',#5573,#5574);
#5573 = CARTESIAN_POINT('',(4.5295,0.2,-2.8));
#5574 = VECTOR('',#5575,1.);
#5575 = DIRECTION('',(0.,2.2E-16,-1.));
#5576 = ORIENTED_EDGE('',*,*,#5577,.F.);
#5577 = EDGE_CURVE('',#5561,#5570,#5578,.T.);
#5578 = LINE('',#5579,#5580);
#5579 = CARTESIAN_POINT('',(4.1295,0.2,-2.8));
#5580 = VECTOR('',#5581,1.);
#5581 = DIRECTION('',(1.,0.,0.));
#5582 = PLANE('',#5583);
#5583 = AXIS2_PLACEMENT_3D('',#5584,#5585,#5586);
#5584 = CARTESIAN_POINT('',(4.1295,0.2,-2.8));
#5585 = DIRECTION('',(0.,1.,2.2E-16));
#5586 = DIRECTION('',(1.,0.,-0.));
#5587 = ADVANCED_FACE('',(#5588),#5613,.T.);
#5588 = FACE_BOUND('',#5589,.T.);
#5589 = EDGE_LOOP('',(#5590,#5591,#5599,#5607));
#5590 = ORIENTED_EDGE('',*,*,#5577,.T.);
#5591 = ORIENTED_EDGE('',*,*,#5592,.T.);
#5592 = EDGE_CURVE('',#5570,#5593,#5595,.T.);
#5593 = VERTEX_POINT('',#5594);
#5594 = CARTESIAN_POINT('',(4.5295,-0.2,-2.8));
#5595 = LINE('',#5596,#5597);
#5596 = CARTESIAN_POINT('',(4.5295,0.2,-2.8));
#5597 = VECTOR('',#5598,1.);
#5598 = DIRECTION('',(0.,-1.,0.));
#5599 = ORIENTED_EDGE('',*,*,#5600,.T.);
#5600 = EDGE_CURVE('',#5593,#5601,#5603,.T.);
#5601 = VERTEX_POINT('',#5602);
#5602 = CARTESIAN_POINT('',(4.1295,-0.2,-2.8));
#5603 = LINE('',#5604,#5605);
#5604 = CARTESIAN_POINT('',(4.5295,-0.2,-2.8));
#5605 = VECTOR('',#5606,1.);
#5606 = DIRECTION('',(-1.,0.,0.));
#5607 = ORIENTED_EDGE('',*,*,#5608,.T.);
#5608 = EDGE_CURVE('',#5601,#5561,#5609,.T.);
#5609 = LINE('',#5610,#5611);
#5610 = CARTESIAN_POINT('',(4.1295,-0.2,-2.8));
#5611 = VECTOR('',#5612,1.);
#5612 = DIRECTION('',(0.,1.,0.));
#5613 = PLANE('',#5614);
#5614 = AXIS2_PLACEMENT_3D('',#5615,#5616,#5617);
#5615 = CARTESIAN_POINT('',(4.3295,1.09E-15,-2.8));
#5616 = DIRECTION('',(-0.,-0.,-1.));
#5617 = DIRECTION('',(-1.,0.,0.));
#5618 = ADVANCED_FACE('',(#5619),#5630,.T.);
#5619 = FACE_BOUND('',#5620,.T.);
#5620 = EDGE_LOOP('',(#5621,#5622,#5623,#5629));
#5621 = ORIENTED_EDGE('',*,*,#5569,.F.);
#5622 = ORIENTED_EDGE('',*,*,#5503,.T.);
#5623 = ORIENTED_EDGE('',*,*,#5624,.T.);
#5624 = EDGE_CURVE('',#5495,#5593,#5625,.T.);
#5625 = LINE('',#5626,#5627);
#5626 = CARTESIAN_POINT('',(4.5295,-0.2,-2.8));
#5627 = VECTOR('',#5628,1.);
#5628 = DIRECTION('',(0.,0.,-1.));
#5629 = ORIENTED_EDGE('',*,*,#5592,.F.);
#5630 = PLANE('',#5631);
#5631 = AXIS2_PLACEMENT_3D('',#5632,#5633,#5634);
#5632 = CARTESIAN_POINT('',(4.5295,0.2,-2.8));
#5633 = DIRECTION('',(1.,0.,0.));
#5634 = DIRECTION('',(0.,-1.,0.));
#5635 = ADVANCED_FACE('',(#5636),#5647,.T.);
#5636 = FACE_BOUND('',#5637,.T.);
#5637 = EDGE_LOOP('',(#5638,#5639,#5640,#5646));
#5638 = ORIENTED_EDGE('',*,*,#5624,.F.);
#5639 = ORIENTED_EDGE('',*,*,#5519,.T.);
#5640 = ORIENTED_EDGE('',*,*,#5641,.T.);
#5641 = EDGE_CURVE('',#5520,#5601,#5642,.T.);
#5642 = LINE('',#5643,#5644);
#5643 = CARTESIAN_POINT('',(4.1295,-0.2,-2.8));
#5644 = VECTOR('',#5645,1.);
#5645 = DIRECTION('',(0.,2.2E-16,-1.));
#5646 = ORIENTED_EDGE('',*,*,#5600,.F.);
#5647 = PLANE('',#5648);
#5648 = AXIS2_PLACEMENT_3D('',#5649,#5650,#5651);
#5649 = CARTESIAN_POINT('',(4.5295,-0.2,-2.8));
#5650 = DIRECTION('',(-0.,-1.,-2.2E-16));
#5651 = DIRECTION('',(-1.,0.,0.));
#5652 = ADVANCED_FACE('',(#5653),#5659,.T.);
#5653 = FACE_BOUND('',#5654,.T.);
#5654 = EDGE_LOOP('',(#5655,#5656,#5657,#5658));
#5655 = ORIENTED_EDGE('',*,*,#5641,.F.);
#5656 = ORIENTED_EDGE('',*,*,#5544,.T.);
#5657 = ORIENTED_EDGE('',*,*,#5560,.T.);
#5658 = ORIENTED_EDGE('',*,*,#5608,.F.);
#5659 = PLANE('',#5660);
#5660 = AXIS2_PLACEMENT_3D('',#5661,#5662,#5663);
#5661 = CARTESIAN_POINT('',(4.1295,-0.2,-2.8));
#5662 = DIRECTION('',(-1.,0.,0.));
#5663 = DIRECTION('',(0.,1.,0.));
#5664 = MANIFOLD_SOLID_BREP('',#5665);
#5665 = CLOSED_SHELL('',(#5666,#5706,#5737,#5761,#5785,#5802,#5835,#5860
    ,#5885,#5902,#5933,#5957,#5981,#5998,#6031,#6056,#6081,#6098,#6129,
    #6160,#6177,#6194));
#5666 = ADVANCED_FACE('',(#5667),#5701,.F.);
#5667 = FACE_BOUND('',#5668,.F.);
#5668 = EDGE_LOOP('',(#5669,#5679,#5687,#5695));
#5669 = ORIENTED_EDGE('',*,*,#5670,.T.);
#5670 = EDGE_CURVE('',#5671,#5673,#5675,.T.);
#5671 = VERTEX_POINT('',#5672);
#5672 = CARTESIAN_POINT('',(2.415,0.2,2.2));
#5673 = VERTEX_POINT('',#5674);
#5674 = CARTESIAN_POINT('',(2.815,0.2,2.2));
#5675 = LINE('',#5676,#5677);
#5676 = CARTESIAN_POINT('',(2.415,0.2,2.2));
#5677 = VECTOR('',#5678,1.);
#5678 = DIRECTION('',(1.,0.,0.));
#5679 = ORIENTED_EDGE('',*,*,#5680,.T.);
#5680 = EDGE_CURVE('',#5673,#5681,#5683,.T.);
#5681 = VERTEX_POINT('',#5682);
#5682 = CARTESIAN_POINT('',(2.815,-0.2,2.2));
#5683 = LINE('',#5684,#5685);
#5684 = CARTESIAN_POINT('',(2.815,0.2,2.2));
#5685 = VECTOR('',#5686,1.);
#5686 = DIRECTION('',(0.,-1.,0.));
#5687 = ORIENTED_EDGE('',*,*,#5688,.T.);
#5688 = EDGE_CURVE('',#5681,#5689,#5691,.T.);
#5689 = VERTEX_POINT('',#5690);
#5690 = CARTESIAN_POINT('',(2.415,-0.2,2.2));
#5691 = LINE('',#5692,#5693);
#5692 = CARTESIAN_POINT('',(2.815,-0.2,2.2));
#5693 = VECTOR('',#5694,1.);
#5694 = DIRECTION('',(-1.,0.,0.));
#5695 = ORIENTED_EDGE('',*,*,#5696,.T.);
#5696 = EDGE_CURVE('',#5689,#5671,#5697,.T.);
#5697 = LINE('',#5698,#5699);
#5698 = CARTESIAN_POINT('',(2.415,-0.2,2.2));
#5699 = VECTOR('',#5700,1.);
#5700 = DIRECTION('',(0.,1.,0.));
#5701 = PLANE('',#5702);
#5702 = AXIS2_PLACEMENT_3D('',#5703,#5704,#5705);
#5703 = CARTESIAN_POINT('',(2.615,0.,2.2));
#5704 = DIRECTION('',(-0.,-0.,-1.));
#5705 = DIRECTION('',(-1.,0.,0.));
#5706 = ADVANCED_FACE('',(#5707),#5732,.T.);
#5707 = FACE_BOUND('',#5708,.T.);
#5708 = EDGE_LOOP('',(#5709,#5717,#5718,#5726));
#5709 = ORIENTED_EDGE('',*,*,#5710,.F.);
#5710 = EDGE_CURVE('',#5671,#5711,#5713,.T.);
#5711 = VERTEX_POINT('',#5712);
#5712 = CARTESIAN_POINT('',(2.415,0.2,1.279589508966));
#5713 = LINE('',#5714,#5715);
#5714 = CARTESIAN_POINT('',(2.415,0.2,2.2));
#5715 = VECTOR('',#5716,1.);
#5716 = DIRECTION('',(0.,2.2E-16,-1.));
#5717 = ORIENTED_EDGE('',*,*,#5670,.T.);
#5718 = ORIENTED_EDGE('',*,*,#5719,.T.);
#5719 = EDGE_CURVE('',#5673,#5720,#5722,.T.);
#5720 = VERTEX_POINT('',#5721);
#5721 = CARTESIAN_POINT('',(2.815,0.2,1.279589508966));
#5722 = LINE('',#5723,#5724);
#5723 = CARTESIAN_POINT('',(2.815,0.2,2.2));
#5724 = VECTOR('',#5725,1.);
#5725 = DIRECTION('',(0.,2.2E-16,-1.));
#5726 = ORIENTED_EDGE('',*,*,#5727,.F.);
#5727 = EDGE_CURVE('',#5711,#5720,#5728,.T.);
#5728 = LINE('',#5729,#5730);
#5729 = CARTESIAN_POINT('',(2.415,0.2,1.279589508966));
#5730 = VECTOR('',#5731,1.);
#5731 = DIRECTION('',(1.,0.,0.));
#5732 = PLANE('',#5733);
#5733 = AXIS2_PLACEMENT_3D('',#5734,#5735,#5736);
#5734 = CARTESIAN_POINT('',(2.415,0.2,2.2));
#5735 = DIRECTION('',(0.,1.,2.2E-16));
#5736 = DIRECTION('',(1.,0.,-0.));
#5737 = ADVANCED_FACE('',(#5738),#5756,.T.);
#5738 = FACE_BOUND('',#5739,.T.);
#5739 = EDGE_LOOP('',(#5740,#5741,#5742,#5750));
#5740 = ORIENTED_EDGE('',*,*,#5719,.F.);
#5741 = ORIENTED_EDGE('',*,*,#5680,.T.);
#5742 = ORIENTED_EDGE('',*,*,#5743,.T.);
#5743 = EDGE_CURVE('',#5681,#5744,#5746,.T.);
#5744 = VERTEX_POINT('',#5745);
#5745 = CARTESIAN_POINT('',(2.815,-0.2,1.279589508966));
#5746 = LINE('',#5747,#5748);
#5747 = CARTESIAN_POINT('',(2.815,-0.2,2.2));
#5748 = VECTOR('',#5749,1.);
#5749 = DIRECTION('',(0.,0.,-1.));
#5750 = ORIENTED_EDGE('',*,*,#5751,.F.);
#5751 = EDGE_CURVE('',#5720,#5744,#5752,.T.);
#5752 = LINE('',#5753,#5754);
#5753 = CARTESIAN_POINT('',(2.815,0.2,1.279589508966));
#5754 = VECTOR('',#5755,1.);
#5755 = DIRECTION('',(0.,-1.,0.));
#5756 = PLANE('',#5757);
#5757 = AXIS2_PLACEMENT_3D('',#5758,#5759,#5760);
#5758 = CARTESIAN_POINT('',(2.815,0.2,2.2));
#5759 = DIRECTION('',(1.,0.,0.));
#5760 = DIRECTION('',(0.,-1.,0.));
#5761 = ADVANCED_FACE('',(#5762),#5780,.T.);
#5762 = FACE_BOUND('',#5763,.T.);
#5763 = EDGE_LOOP('',(#5764,#5765,#5766,#5774));
#5764 = ORIENTED_EDGE('',*,*,#5743,.F.);
#5765 = ORIENTED_EDGE('',*,*,#5688,.T.);
#5766 = ORIENTED_EDGE('',*,*,#5767,.T.);
#5767 = EDGE_CURVE('',#5689,#5768,#5770,.T.);
#5768 = VERTEX_POINT('',#5769);
#5769 = CARTESIAN_POINT('',(2.415,-0.2,1.279589508966));
#5770 = LINE('',#5771,#5772);
#5771 = CARTESIAN_POINT('',(2.415,-0.2,2.2));
#5772 = VECTOR('',#5773,1.);
#5773 = DIRECTION('',(0.,2.2E-16,-1.));
#5774 = ORIENTED_EDGE('',*,*,#5775,.F.);
#5775 = EDGE_CURVE('',#5744,#5768,#5776,.T.);
#5776 = LINE('',#5777,#5778);
#5777 = CARTESIAN_POINT('',(2.815,-0.2,1.279589508966));
#5778 = VECTOR('',#5779,1.);
#5779 = DIRECTION('',(-1.,0.,0.));
#5780 = PLANE('',#5781);
#5781 = AXIS2_PLACEMENT_3D('',#5782,#5783,#5784);
#5782 = CARTESIAN_POINT('',(2.815,-0.2,2.2));
#5783 = DIRECTION('',(-0.,-1.,-2.2E-16));
#5784 = DIRECTION('',(-1.,0.,0.));
#5785 = ADVANCED_FACE('',(#5786),#5797,.T.);
#5786 = FACE_BOUND('',#5787,.T.);
#5787 = EDGE_LOOP('',(#5788,#5789,#5790,#5791));
#5788 = ORIENTED_EDGE('',*,*,#5767,.F.);
#5789 = ORIENTED_EDGE('',*,*,#5696,.T.);
#5790 = ORIENTED_EDGE('',*,*,#5710,.T.);
#5791 = ORIENTED_EDGE('',*,*,#5792,.F.);
#5792 = EDGE_CURVE('',#5768,#5711,#5793,.T.);
#5793 = LINE('',#5794,#5795);
#5794 = CARTESIAN_POINT('',(2.415,-0.2,1.279589508966));
#5795 = VECTOR('',#5796,1.);
#5796 = DIRECTION('',(0.,1.,0.));
#5797 = PLANE('',#5798);
#5798 = AXIS2_PLACEMENT_3D('',#5799,#5800,#5801);
#5799 = CARTESIAN_POINT('',(2.415,-0.2,2.2));
#5800 = DIRECTION('',(-1.,0.,0.));
#5801 = DIRECTION('',(0.,1.,0.));
#5802 = ADVANCED_FACE('',(#5803),#5830,.F.);
#5803 = FACE_BOUND('',#5804,.F.);
#5804 = EDGE_LOOP('',(#5805,#5814,#5822,#5829));
#5805 = ORIENTED_EDGE('',*,*,#5806,.T.);
#5806 = EDGE_CURVE('',#5711,#5807,#5809,.T.);
#5807 = VERTEX_POINT('',#5808);
#5808 = CARTESIAN_POINT('',(2.399913723647,0.2,1.208507858806));
#5809 = CIRCLE('',#5810,0.175);
#5810 = AXIS2_PLACEMENT_3D('',#5811,#5812,#5813);
#5811 = CARTESIAN_POINT('',(2.24,0.2,1.279589508966));
#5812 = DIRECTION('',(0.,1.,2.2E-16));
#5813 = DIRECTION('',(1.,-3.7686E-30,1.713E-14));
#5814 = ORIENTED_EDGE('',*,*,#5815,.T.);
#5815 = EDGE_CURVE('',#5807,#5816,#5818,.T.);
#5816 = VERTEX_POINT('',#5817);
#5817 = CARTESIAN_POINT('',(2.765430806267,0.2,1.046035515582));
#5818 = LINE('',#5819,#5820);
#5819 = CARTESIAN_POINT('',(2.399913723647,0.2,1.208507858806));
#5820 = VECTOR('',#5821,1.);
#5821 = DIRECTION('',(0.913792706551,8.999999999999E-17,-0.40618085806)
  );
#5822 = ORIENTED_EDGE('',*,*,#5823,.F.);
#5823 = EDGE_CURVE('',#5720,#5816,#5824,.T.);
#5824 = CIRCLE('',#5825,0.575);
#5825 = AXIS2_PLACEMENT_3D('',#5826,#5827,#5828);
#5826 = CARTESIAN_POINT('',(2.24,0.2,1.279589508966));
#5827 = DIRECTION('',(0.,1.,2.2E-16));
#5828 = DIRECTION('',(1.,1.1462E-30,-5.21E-15));
#5829 = ORIENTED_EDGE('',*,*,#5727,.F.);
#5830 = PLANE('',#5831);
#5831 = AXIS2_PLACEMENT_3D('',#5832,#5833,#5834);
#5832 = CARTESIAN_POINT('',(2.606829046941,0.2,1.201734192381));
#5833 = DIRECTION('',(0.,-1.,-2.2E-16));
#5834 = DIRECTION('',(-0.207614177561,2.152063742052E-16,-0.978210791842
    ));
#5835 = ADVANCED_FACE('',(#5836),#5855,.T.);
#5836 = FACE_BOUND('',#5837,.T.);
#5837 = EDGE_LOOP('',(#5838,#5839,#5848,#5854));
#5838 = ORIENTED_EDGE('',*,*,#5751,.T.);
#5839 = ORIENTED_EDGE('',*,*,#5840,.T.);
#5840 = EDGE_CURVE('',#5744,#5841,#5843,.T.);
#5841 = VERTEX_POINT('',#5842);
#5842 = CARTESIAN_POINT('',(2.765430806267,-0.2,1.046035515582));
#5843 = CIRCLE('',#5844,0.575);
#5844 = AXIS2_PLACEMENT_3D('',#5845,#5846,#5847);
#5845 = CARTESIAN_POINT('',(2.24,-0.2,1.279589508966));
#5846 = DIRECTION('',(0.,1.,2.2E-16));
#5847 = DIRECTION('',(1.,1.1462E-30,-5.21E-15));
#5848 = ORIENTED_EDGE('',*,*,#5849,.F.);
#5849 = EDGE_CURVE('',#5816,#5841,#5850,.T.);
#5850 = LINE('',#5851,#5852);
#5851 = CARTESIAN_POINT('',(2.765430806267,0.2,1.046035515582));
#5852 = VECTOR('',#5853,1.);
#5853 = DIRECTION('',(0.,-1.,-2.2E-16));
#5854 = ORIENTED_EDGE('',*,*,#5823,.F.);
#5855 = CYLINDRICAL_SURFACE('',#5856,0.575);
#5856 = AXIS2_PLACEMENT_3D('',#5857,#5858,#5859);
#5857 = CARTESIAN_POINT('',(2.24,0.2,1.279589508966));
#5858 = DIRECTION('',(0.,-1.,-2.2E-16));
#5859 = DIRECTION('',(1.,1.1462E-30,-5.21E-15));
#5860 = ADVANCED_FACE('',(#5861),#5880,.F.);
#5861 = FACE_BOUND('',#5862,.F.);
#5862 = EDGE_LOOP('',(#5863,#5864,#5872,#5879));
#5863 = ORIENTED_EDGE('',*,*,#5840,.T.);
#5864 = ORIENTED_EDGE('',*,*,#5865,.T.);
#5865 = EDGE_CURVE('',#5841,#5866,#5868,.T.);
#5866 = VERTEX_POINT('',#5867);
#5867 = CARTESIAN_POINT('',(2.399913723647,-0.2,1.208507858806));
#5868 = LINE('',#5869,#5870);
#5869 = CARTESIAN_POINT('',(2.765430806267,-0.2,1.046035515582));
#5870 = VECTOR('',#5871,1.);
#5871 = DIRECTION('',(-0.913792706551,-8.999999999999E-17,0.40618085806)
  );
#5872 = ORIENTED_EDGE('',*,*,#5873,.F.);
#5873 = EDGE_CURVE('',#5768,#5866,#5874,.T.);
#5874 = CIRCLE('',#5875,0.175);
#5875 = AXIS2_PLACEMENT_3D('',#5876,#5877,#5878);
#5876 = CARTESIAN_POINT('',(2.24,-0.2,1.279589508966));
#5877 = DIRECTION('',(0.,1.,2.2E-16));
#5878 = DIRECTION('',(1.,-3.7686E-30,1.713E-14));
#5879 = ORIENTED_EDGE('',*,*,#5775,.F.);
#5880 = PLANE('',#5881);
#5881 = AXIS2_PLACEMENT_3D('',#5882,#5883,#5884);
#5882 = CARTESIAN_POINT('',(2.606829046941,-0.2,1.201734192381));
#5883 = DIRECTION('',(0.,1.,2.2E-16));
#5884 = DIRECTION('',(-0.207614177561,2.152063742052E-16,-0.978210791842
    ));
#5885 = ADVANCED_FACE('',(#5886),#5897,.F.);
#5886 = FACE_BOUND('',#5887,.F.);
#5887 = EDGE_LOOP('',(#5888,#5889,#5895,#5896));
#5888 = ORIENTED_EDGE('',*,*,#5873,.T.);
#5889 = ORIENTED_EDGE('',*,*,#5890,.T.);
#5890 = EDGE_CURVE('',#5866,#5807,#5891,.T.);
#5891 = LINE('',#5892,#5893);
#5892 = CARTESIAN_POINT('',(2.399913723647,-0.2,1.208507858806));
#5893 = VECTOR('',#5894,1.);
#5894 = DIRECTION('',(0.,1.,2.2E-16));
#5895 = ORIENTED_EDGE('',*,*,#5806,.F.);
#5896 = ORIENTED_EDGE('',*,*,#5792,.F.);
#5897 = CYLINDRICAL_SURFACE('',#5898,0.175);
#5898 = AXIS2_PLACEMENT_3D('',#5899,#5900,#5901);
#5899 = CARTESIAN_POINT('',(2.24,-0.2,1.279589508966));
#5900 = DIRECTION('',(0.,1.,2.2E-16));
#5901 = DIRECTION('',(1.,-3.7686E-30,1.713E-14));
#5902 = ADVANCED_FACE('',(#5903),#5928,.T.);
#5903 = FACE_BOUND('',#5904,.T.);
#5904 = EDGE_LOOP('',(#5905,#5913,#5914,#5922));
#5905 = ORIENTED_EDGE('',*,*,#5906,.F.);
#5906 = EDGE_CURVE('',#5807,#5907,#5909,.T.);
#5907 = VERTEX_POINT('',#5908);
#5908 = CARTESIAN_POINT('',(2.020069193733,0.2,0.353964484416));
#5909 = LINE('',#5910,#5911);
#5910 = CARTESIAN_POINT('',(2.020069193732,0.2,0.353964484416));
#5911 = VECTOR('',#5912,1.);
#5912 = DIRECTION('',(-0.40618085806,2.E-16,-0.913792706551));
#5913 = ORIENTED_EDGE('',*,*,#5815,.T.);
#5914 = ORIENTED_EDGE('',*,*,#5915,.T.);
#5915 = EDGE_CURVE('',#5816,#5916,#5918,.T.);
#5916 = VERTEX_POINT('',#5917);
#5917 = CARTESIAN_POINT('',(2.385586276353,0.2,0.191492141192));
#5918 = LINE('',#5919,#5920);
#5919 = CARTESIAN_POINT('',(2.385586276353,0.2,0.191492141192));
#5920 = VECTOR('',#5921,1.);
#5921 = DIRECTION('',(-0.40618085806,2.E-16,-0.913792706551));
#5922 = ORIENTED_EDGE('',*,*,#5923,.F.);
#5923 = EDGE_CURVE('',#5907,#5916,#5924,.T.);
#5924 = LINE('',#5925,#5926);
#5925 = CARTESIAN_POINT('',(2.020069193732,0.2,0.353964484416));
#5926 = VECTOR('',#5927,1.);
#5927 = DIRECTION('',(0.913792706551,8.999999999999E-17,-0.40618085806)
  );
#5928 = PLANE('',#5929);
#5929 = AXIS2_PLACEMENT_3D('',#5930,#5931,#5932);
#5930 = CARTESIAN_POINT('',(2.020069193732,0.2,0.353964484416));
#5931 = DIRECTION('',(0.,1.,2.2E-16));
#5932 = DIRECTION('',(0.913792706551,8.935978877319E-17,-0.40618085806)
  );
#5933 = ADVANCED_FACE('',(#5934),#5952,.T.);
#5934 = FACE_BOUND('',#5935,.T.);
#5935 = EDGE_LOOP('',(#5936,#5937,#5938,#5946));
#5936 = ORIENTED_EDGE('',*,*,#5915,.F.);
#5937 = ORIENTED_EDGE('',*,*,#5849,.T.);
#5938 = ORIENTED_EDGE('',*,*,#5939,.T.);
#5939 = EDGE_CURVE('',#5841,#5940,#5942,.T.);
#5940 = VERTEX_POINT('',#5941);
#5941 = CARTESIAN_POINT('',(2.385586276353,-0.2,0.191492141192));
#5942 = LINE('',#5943,#5944);
#5943 = CARTESIAN_POINT('',(2.385586276353,-0.2,0.191492141192));
#5944 = VECTOR('',#5945,1.);
#5945 = DIRECTION('',(-0.40618085806,-2.E-17,-0.913792706551));
#5946 = ORIENTED_EDGE('',*,*,#5947,.F.);
#5947 = EDGE_CURVE('',#5916,#5940,#5948,.T.);
#5948 = LINE('',#5949,#5950);
#5949 = CARTESIAN_POINT('',(2.385586276353,0.2,0.191492141192));
#5950 = VECTOR('',#5951,1.);
#5951 = DIRECTION('',(9.E-17,-1.,-2.E-17));
#5952 = PLANE('',#5953);
#5953 = AXIS2_PLACEMENT_3D('',#5954,#5955,#5956);
#5954 = CARTESIAN_POINT('',(2.385586276353,0.2,0.191492141192));
#5955 = DIRECTION('',(0.913792706551,8.999999999999E-17,-0.40618085806)
  );
#5956 = DIRECTION('',(8.966650152775E-17,-1.,-1.985175992909E-17));
#5957 = ADVANCED_FACE('',(#5958),#5976,.T.);
#5958 = FACE_BOUND('',#5959,.T.);
#5959 = EDGE_LOOP('',(#5960,#5961,#5962,#5970));
#5960 = ORIENTED_EDGE('',*,*,#5939,.F.);
#5961 = ORIENTED_EDGE('',*,*,#5865,.T.);
#5962 = ORIENTED_EDGE('',*,*,#5963,.T.);
#5963 = EDGE_CURVE('',#5866,#5964,#5966,.T.);
#5964 = VERTEX_POINT('',#5965);
#5965 = CARTESIAN_POINT('',(2.020069193733,-0.2,0.353964484416));
#5966 = LINE('',#5967,#5968);
#5967 = CARTESIAN_POINT('',(2.020069193732,-0.2,0.353964484416));
#5968 = VECTOR('',#5969,1.);
#5969 = DIRECTION('',(-0.40618085806,2.E-16,-0.913792706551));
#5970 = ORIENTED_EDGE('',*,*,#5971,.F.);
#5971 = EDGE_CURVE('',#5940,#5964,#5972,.T.);
#5972 = LINE('',#5973,#5974);
#5973 = CARTESIAN_POINT('',(2.385586276353,-0.2,0.191492141192));
#5974 = VECTOR('',#5975,1.);
#5975 = DIRECTION('',(-0.913792706551,-8.999999999999E-17,0.40618085806)
  );
#5976 = PLANE('',#5977);
#5977 = AXIS2_PLACEMENT_3D('',#5978,#5979,#5980);
#5978 = CARTESIAN_POINT('',(2.385586276353,-0.2,0.191492141192));
#5979 = DIRECTION('',(0.,-1.,-2.2E-16));
#5980 = DIRECTION('',(-0.913792706551,-8.935978877319E-17,0.40618085806)
  );
#5981 = ADVANCED_FACE('',(#5982),#5993,.T.);
#5982 = FACE_BOUND('',#5983,.T.);
#5983 = EDGE_LOOP('',(#5984,#5985,#5986,#5987));
#5984 = ORIENTED_EDGE('',*,*,#5963,.F.);
#5985 = ORIENTED_EDGE('',*,*,#5890,.T.);
#5986 = ORIENTED_EDGE('',*,*,#5906,.T.);
#5987 = ORIENTED_EDGE('',*,*,#5988,.F.);
#5988 = EDGE_CURVE('',#5964,#5907,#5989,.T.);
#5989 = LINE('',#5990,#5991);
#5990 = CARTESIAN_POINT('',(2.020069193732,-0.2,0.353964484416));
#5991 = VECTOR('',#5992,1.);
#5992 = DIRECTION('',(-9.E-17,1.,2.E-17));
#5993 = PLANE('',#5994);
#5994 = AXIS2_PLACEMENT_3D('',#5995,#5996,#5997);
#5995 = CARTESIAN_POINT('',(2.020069193732,-0.2,0.353964484416));
#5996 = DIRECTION('',(-0.913792706551,-8.999999999999E-17,0.40618085806)
  );
#5997 = DIRECTION('',(-8.966650152775E-17,1.,1.985175992909E-17));
#5998 = ADVANCED_FACE('',(#5999),#6026,.F.);
#5999 = FACE_BOUND('',#6000,.F.);
#6000 = EDGE_LOOP('',(#6001,#6010,#6018,#6025));
#6001 = ORIENTED_EDGE('',*,*,#6002,.T.);
#6002 = EDGE_CURVE('',#5907,#6003,#6005,.T.);
#6003 = VERTEX_POINT('',#6004);
#6004 = CARTESIAN_POINT('',(1.9705,0.2,0.120410491031));
#6005 = CIRCLE('',#6006,0.575);
#6006 = AXIS2_PLACEMENT_3D('',#6007,#6008,#6009);
#6007 = CARTESIAN_POINT('',(2.5455,0.2,0.120410491031));
#6008 = DIRECTION('',(0.,-1.,-2.2E-16));
#6009 = DIRECTION('',(1.,2.0394E-30,-9.27E-15));
#6010 = ORIENTED_EDGE('',*,*,#6011,.T.);
#6011 = EDGE_CURVE('',#6003,#6012,#6014,.T.);
#6012 = VERTEX_POINT('',#6013);
#6013 = CARTESIAN_POINT('',(2.3705,0.2,0.120410491031));
#6014 = LINE('',#6015,#6016);
#6015 = CARTESIAN_POINT('',(1.9705,0.2,0.120410491031));
#6016 = VECTOR('',#6017,1.);
#6017 = DIRECTION('',(1.,0.,8.8E-16));
#6018 = ORIENTED_EDGE('',*,*,#6019,.F.);
#6019 = EDGE_CURVE('',#5916,#6012,#6020,.T.);
#6020 = CIRCLE('',#6021,0.175);
#6021 = AXIS2_PLACEMENT_3D('',#6022,#6023,#6024);
#6022 = CARTESIAN_POINT('',(2.5455,0.2,0.120410491031));
#6023 = DIRECTION('',(0.,-1.,-2.2E-16));
#6024 = DIRECTION('',(1.,-7.2578E-30,3.299E-14));
#6025 = ORIENTED_EDGE('',*,*,#5923,.F.);
#6026 = PLANE('',#6027);
#6027 = AXIS2_PLACEMENT_3D('',#6028,#6029,#6030);
#6028 = CARTESIAN_POINT('',(2.178670953059,0.2,0.198265807617));
#6029 = DIRECTION('',(0.,-1.,-2.2E-16));
#6030 = DIRECTION('',(-0.207614177561,2.152063742052E-16,-0.978210791842
    ));
#6031 = ADVANCED_FACE('',(#6032),#6051,.F.);
#6032 = FACE_BOUND('',#6033,.F.);
#6033 = EDGE_LOOP('',(#6034,#6035,#6043,#6050));
#6034 = ORIENTED_EDGE('',*,*,#6019,.T.);
#6035 = ORIENTED_EDGE('',*,*,#6036,.T.);
#6036 = EDGE_CURVE('',#6012,#6037,#6039,.T.);
#6037 = VERTEX_POINT('',#6038);
#6038 = CARTESIAN_POINT('',(2.3705,-0.2,0.120410491031));
#6039 = LINE('',#6040,#6041);
#6040 = CARTESIAN_POINT('',(2.3705,0.2,0.120410491031));
#6041 = VECTOR('',#6042,1.);
#6042 = DIRECTION('',(0.,-1.,-2.2E-16));
#6043 = ORIENTED_EDGE('',*,*,#6044,.F.);
#6044 = EDGE_CURVE('',#5940,#6037,#6045,.T.);
#6045 = CIRCLE('',#6046,0.175);
#6046 = AXIS2_PLACEMENT_3D('',#6047,#6048,#6049);
#6047 = CARTESIAN_POINT('',(2.5455,-0.2,0.120410491031));
#6048 = DIRECTION('',(0.,-1.,-2.2E-16));
#6049 = DIRECTION('',(1.,-7.2578E-30,3.299E-14));
#6050 = ORIENTED_EDGE('',*,*,#5947,.F.);
#6051 = CYLINDRICAL_SURFACE('',#6052,0.175);
#6052 = AXIS2_PLACEMENT_3D('',#6053,#6054,#6055);
#6053 = CARTESIAN_POINT('',(2.5455,0.2,0.120410491031));
#6054 = DIRECTION('',(0.,-1.,-2.2E-16));
#6055 = DIRECTION('',(1.,-7.2578E-30,3.299E-14));
#6056 = ADVANCED_FACE('',(#6057),#6076,.F.);
#6057 = FACE_BOUND('',#6058,.F.);
#6058 = EDGE_LOOP('',(#6059,#6060,#6068,#6075));
#6059 = ORIENTED_EDGE('',*,*,#6044,.T.);
#6060 = ORIENTED_EDGE('',*,*,#6061,.T.);
#6061 = EDGE_CURVE('',#6037,#6062,#6064,.T.);
#6062 = VERTEX_POINT('',#6063);
#6063 = CARTESIAN_POINT('',(1.9705,-0.2,0.120410491031));
#6064 = LINE('',#6065,#6066);
#6065 = CARTESIAN_POINT('',(2.3705,-0.2,0.120410491031));
#6066 = VECTOR('',#6067,1.);
#6067 = DIRECTION('',(-1.,0.,-8.8E-16));
#6068 = ORIENTED_EDGE('',*,*,#6069,.F.);
#6069 = EDGE_CURVE('',#5964,#6062,#6070,.T.);
#6070 = CIRCLE('',#6071,0.575);
#6071 = AXIS2_PLACEMENT_3D('',#6072,#6073,#6074);
#6072 = CARTESIAN_POINT('',(2.5455,-0.2,0.120410491031));
#6073 = DIRECTION('',(0.,-1.,-2.2E-16));
#6074 = DIRECTION('',(1.,2.2088E-30,-1.004E-14));
#6075 = ORIENTED_EDGE('',*,*,#5971,.F.);
#6076 = PLANE('',#6077);
#6077 = AXIS2_PLACEMENT_3D('',#6078,#6079,#6080);
#6078 = CARTESIAN_POINT('',(2.178670953059,-0.2,0.198265807617));
#6079 = DIRECTION('',(0.,1.,2.2E-16));
#6080 = DIRECTION('',(-0.207614177561,2.152063742052E-16,-0.978210791842
    ));
#6081 = ADVANCED_FACE('',(#6082),#6093,.T.);
#6082 = FACE_BOUND('',#6083,.T.);
#6083 = EDGE_LOOP('',(#6084,#6085,#6086,#6092));
#6084 = ORIENTED_EDGE('',*,*,#5988,.T.);
#6085 = ORIENTED_EDGE('',*,*,#6002,.T.);
#6086 = ORIENTED_EDGE('',*,*,#6087,.F.);
#6087 = EDGE_CURVE('',#6062,#6003,#6088,.T.);
#6088 = LINE('',#6089,#6090);
#6089 = CARTESIAN_POINT('',(1.9705,-0.2,0.120410491031));
#6090 = VECTOR('',#6091,1.);
#6091 = DIRECTION('',(0.,1.,2.2E-16));
#6092 = ORIENTED_EDGE('',*,*,#6069,.F.);
#6093 = CYLINDRICAL_SURFACE('',#6094,0.575);
#6094 = AXIS2_PLACEMENT_3D('',#6095,#6096,#6097);
#6095 = CARTESIAN_POINT('',(2.5455,-0.2,0.120410491031));
#6096 = DIRECTION('',(0.,1.,2.2E-16));
#6097 = DIRECTION('',(1.,2.2088E-30,-1.004E-14));
#6098 = ADVANCED_FACE('',(#6099),#6124,.T.);
#6099 = FACE_BOUND('',#6100,.T.);
#6100 = EDGE_LOOP('',(#6101,#6109,#6110,#6118));
#6101 = ORIENTED_EDGE('',*,*,#6102,.F.);
#6102 = EDGE_CURVE('',#6003,#6103,#6105,.T.);
#6103 = VERTEX_POINT('',#6104);
#6104 = CARTESIAN_POINT('',(1.9705,0.2,-2.8));
#6105 = LINE('',#6106,#6107);
#6106 = CARTESIAN_POINT('',(1.9705,0.2,-2.8));
#6107 = VECTOR('',#6108,1.);
#6108 = DIRECTION('',(0.,2.2E-16,-1.));
#6109 = ORIENTED_EDGE('',*,*,#6011,.T.);
#6110 = ORIENTED_EDGE('',*,*,#6111,.T.);
#6111 = EDGE_CURVE('',#6012,#6112,#6114,.T.);
#6112 = VERTEX_POINT('',#6113);
#6113 = CARTESIAN_POINT('',(2.3705,0.2,-2.8));
#6114 = LINE('',#6115,#6116);
#6115 = CARTESIAN_POINT('',(2.3705,0.2,-2.8));
#6116 = VECTOR('',#6117,1.);
#6117 = DIRECTION('',(0.,2.2E-16,-1.));
#6118 = ORIENTED_EDGE('',*,*,#6119,.F.);
#6119 = EDGE_CURVE('',#6103,#6112,#6120,.T.);
#6120 = LINE('',#6121,#6122);
#6121 = CARTESIAN_POINT('',(1.9705,0.2,-2.8));
#6122 = VECTOR('',#6123,1.);
#6123 = DIRECTION('',(1.,0.,0.));
#6124 = PLANE('',#6125);
#6125 = AXIS2_PLACEMENT_3D('',#6126,#6127,#6128);
#6126 = CARTESIAN_POINT('',(1.9705,0.2,-2.8));
#6127 = DIRECTION('',(0.,1.,2.2E-16));
#6128 = DIRECTION('',(1.,0.,-0.));
#6129 = ADVANCED_FACE('',(#6130),#6155,.T.);
#6130 = FACE_BOUND('',#6131,.T.);
#6131 = EDGE_LOOP('',(#6132,#6133,#6141,#6149));
#6132 = ORIENTED_EDGE('',*,*,#6119,.T.);
#6133 = ORIENTED_EDGE('',*,*,#6134,.T.);
#6134 = EDGE_CURVE('',#6112,#6135,#6137,.T.);
#6135 = VERTEX_POINT('',#6136);
#6136 = CARTESIAN_POINT('',(2.3705,-0.2,-2.8));
#6137 = LINE('',#6138,#6139);
#6138 = CARTESIAN_POINT('',(2.3705,0.2,-2.8));
#6139 = VECTOR('',#6140,1.);
#6140 = DIRECTION('',(0.,-1.,0.));
#6141 = ORIENTED_EDGE('',*,*,#6142,.T.);
#6142 = EDGE_CURVE('',#6135,#6143,#6145,.T.);
#6143 = VERTEX_POINT('',#6144);
#6144 = CARTESIAN_POINT('',(1.9705,-0.2,-2.8));
#6145 = LINE('',#6146,#6147);
#6146 = CARTESIAN_POINT('',(2.3705,-0.2,-2.8));
#6147 = VECTOR('',#6148,1.);
#6148 = DIRECTION('',(-1.,0.,0.));
#6149 = ORIENTED_EDGE('',*,*,#6150,.T.);
#6150 = EDGE_CURVE('',#6143,#6103,#6151,.T.);
#6151 = LINE('',#6152,#6153);
#6152 = CARTESIAN_POINT('',(1.9705,-0.2,-2.8));
#6153 = VECTOR('',#6154,1.);
#6154 = DIRECTION('',(0.,1.,0.));
#6155 = PLANE('',#6156);
#6156 = AXIS2_PLACEMENT_3D('',#6157,#6158,#6159);
#6157 = CARTESIAN_POINT('',(2.1705,1.1E-15,-2.8));
#6158 = DIRECTION('',(-0.,-0.,-1.));
#6159 = DIRECTION('',(-1.,0.,0.));
#6160 = ADVANCED_FACE('',(#6161),#6172,.T.);
#6161 = FACE_BOUND('',#6162,.T.);
#6162 = EDGE_LOOP('',(#6163,#6164,#6165,#6171));
#6163 = ORIENTED_EDGE('',*,*,#6111,.F.);
#6164 = ORIENTED_EDGE('',*,*,#6036,.T.);
#6165 = ORIENTED_EDGE('',*,*,#6166,.T.);
#6166 = EDGE_CURVE('',#6037,#6135,#6167,.T.);
#6167 = LINE('',#6168,#6169);
#6168 = CARTESIAN_POINT('',(2.3705,-0.2,-2.8));
#6169 = VECTOR('',#6170,1.);
#6170 = DIRECTION('',(0.,0.,-1.));
#6171 = ORIENTED_EDGE('',*,*,#6134,.F.);
#6172 = PLANE('',#6173);
#6173 = AXIS2_PLACEMENT_3D('',#6174,#6175,#6176);
#6174 = CARTESIAN_POINT('',(2.3705,0.2,-2.8));
#6175 = DIRECTION('',(1.,0.,0.));
#6176 = DIRECTION('',(0.,-1.,0.));
#6177 = ADVANCED_FACE('',(#6178),#6189,.T.);
#6178 = FACE_BOUND('',#6179,.T.);
#6179 = EDGE_LOOP('',(#6180,#6181,#6182,#6188));
#6180 = ORIENTED_EDGE('',*,*,#6166,.F.);
#6181 = ORIENTED_EDGE('',*,*,#6061,.T.);
#6182 = ORIENTED_EDGE('',*,*,#6183,.T.);
#6183 = EDGE_CURVE('',#6062,#6143,#6184,.T.);
#6184 = LINE('',#6185,#6186);
#6185 = CARTESIAN_POINT('',(1.9705,-0.2,-2.8));
#6186 = VECTOR('',#6187,1.);
#6187 = DIRECTION('',(0.,2.2E-16,-1.));
#6188 = ORIENTED_EDGE('',*,*,#6142,.F.);
#6189 = PLANE('',#6190);
#6190 = AXIS2_PLACEMENT_3D('',#6191,#6192,#6193);
#6191 = CARTESIAN_POINT('',(2.3705,-0.2,-2.8));
#6192 = DIRECTION('',(-0.,-1.,-2.2E-16));
#6193 = DIRECTION('',(-1.,0.,0.));
#6194 = ADVANCED_FACE('',(#6195),#6201,.T.);
#6195 = FACE_BOUND('',#6196,.T.);
#6196 = EDGE_LOOP('',(#6197,#6198,#6199,#6200));
#6197 = ORIENTED_EDGE('',*,*,#6183,.F.);
#6198 = ORIENTED_EDGE('',*,*,#6087,.T.);
#6199 = ORIENTED_EDGE('',*,*,#6102,.T.);
#6200 = ORIENTED_EDGE('',*,*,#6150,.F.);
#6201 = PLANE('',#6202);
#6202 = AXIS2_PLACEMENT_3D('',#6203,#6204,#6205);
#6203 = CARTESIAN_POINT('',(1.9705,-0.2,-2.8));
#6204 = DIRECTION('',(-1.,0.,0.));
#6205 = DIRECTION('',(0.,1.,0.));
#6206 = MANIFOLD_SOLID_BREP('',#6207);
#6207 = CLOSED_SHELL('',(#6208,#6248,#6279,#6303,#6327,#6344,#6377,#6402
    ,#6427,#6444,#6475,#6499,#6523,#6540,#6573,#6598,#6623,#6640,#6671,
    #6702,#6719,#6736));
#6208 = ADVANCED_FACE('',(#6209),#6243,.F.);
#6209 = FACE_BOUND('',#6210,.F.);
#6210 = EDGE_LOOP('',(#6211,#6221,#6229,#6237));
#6211 = ORIENTED_EDGE('',*,*,#6212,.T.);
#6212 = EDGE_CURVE('',#6213,#6215,#6217,.T.);
#6213 = VERTEX_POINT('',#6214);
#6214 = CARTESIAN_POINT('',(1.145,0.2,2.2));
#6215 = VERTEX_POINT('',#6216);
#6216 = CARTESIAN_POINT('',(1.545,0.2,2.2));
#6217 = LINE('',#6218,#6219);
#6218 = CARTESIAN_POINT('',(1.145,0.2,2.2));
#6219 = VECTOR('',#6220,1.);
#6220 = DIRECTION('',(1.,0.,0.));
#6221 = ORIENTED_EDGE('',*,*,#6222,.T.);
#6222 = EDGE_CURVE('',#6215,#6223,#6225,.T.);
#6223 = VERTEX_POINT('',#6224);
#6224 = CARTESIAN_POINT('',(1.545,-0.2,2.2));
#6225 = LINE('',#6226,#6227);
#6226 = CARTESIAN_POINT('',(1.545,0.2,2.2));
#6227 = VECTOR('',#6228,1.);
#6228 = DIRECTION('',(0.,-1.,0.));
#6229 = ORIENTED_EDGE('',*,*,#6230,.T.);
#6230 = EDGE_CURVE('',#6223,#6231,#6233,.T.);
#6231 = VERTEX_POINT('',#6232);
#6232 = CARTESIAN_POINT('',(1.145,-0.2,2.2));
#6233 = LINE('',#6234,#6235);
#6234 = CARTESIAN_POINT('',(1.545,-0.2,2.2));
#6235 = VECTOR('',#6236,1.);
#6236 = DIRECTION('',(-1.,0.,0.));
#6237 = ORIENTED_EDGE('',*,*,#6238,.T.);
#6238 = EDGE_CURVE('',#6231,#6213,#6239,.T.);
#6239 = LINE('',#6240,#6241);
#6240 = CARTESIAN_POINT('',(1.145,-0.2,2.2));
#6241 = VECTOR('',#6242,1.);
#6242 = DIRECTION('',(0.,1.,0.));
#6243 = PLANE('',#6244);
#6244 = AXIS2_PLACEMENT_3D('',#6245,#6246,#6247);
#6245 = CARTESIAN_POINT('',(1.345,0.,2.2));
#6246 = DIRECTION('',(-0.,-0.,-1.));
#6247 = DIRECTION('',(-1.,0.,0.));
#6248 = ADVANCED_FACE('',(#6249),#6274,.T.);
#6249 = FACE_BOUND('',#6250,.T.);
#6250 = EDGE_LOOP('',(#6251,#6259,#6260,#6268));
#6251 = ORIENTED_EDGE('',*,*,#6252,.F.);
#6252 = EDGE_CURVE('',#6213,#6253,#6255,.T.);
#6253 = VERTEX_POINT('',#6254);
#6254 = CARTESIAN_POINT('',(1.145,0.2,1.387514061586));
#6255 = LINE('',#6256,#6257);
#6256 = CARTESIAN_POINT('',(1.145,0.2,2.2));
#6257 = VECTOR('',#6258,1.);
#6258 = DIRECTION('',(0.,2.2E-16,-1.));
#6259 = ORIENTED_EDGE('',*,*,#6212,.T.);
#6260 = ORIENTED_EDGE('',*,*,#6261,.T.);
#6261 = EDGE_CURVE('',#6215,#6262,#6264,.T.);
#6262 = VERTEX_POINT('',#6263);
#6263 = CARTESIAN_POINT('',(1.545,0.2,1.387514061586));
#6264 = LINE('',#6265,#6266);
#6265 = CARTESIAN_POINT('',(1.545,0.2,2.2));
#6266 = VECTOR('',#6267,1.);
#6267 = DIRECTION('',(0.,2.2E-16,-1.));
#6268 = ORIENTED_EDGE('',*,*,#6269,.F.);
#6269 = EDGE_CURVE('',#6253,#6262,#6270,.T.);
#6270 = LINE('',#6271,#6272);
#6271 = CARTESIAN_POINT('',(1.145,0.2,1.387514061586));
#6272 = VECTOR('',#6273,1.);
#6273 = DIRECTION('',(1.,0.,0.));
#6274 = PLANE('',#6275);
#6275 = AXIS2_PLACEMENT_3D('',#6276,#6277,#6278);
#6276 = CARTESIAN_POINT('',(1.145,0.2,2.2));
#6277 = DIRECTION('',(0.,1.,2.2E-16));
#6278 = DIRECTION('',(1.,0.,-0.));
#6279 = ADVANCED_FACE('',(#6280),#6298,.T.);
#6280 = FACE_BOUND('',#6281,.T.);
#6281 = EDGE_LOOP('',(#6282,#6283,#6284,#6292));
#6282 = ORIENTED_EDGE('',*,*,#6261,.F.);
#6283 = ORIENTED_EDGE('',*,*,#6222,.T.);
#6284 = ORIENTED_EDGE('',*,*,#6285,.T.);
#6285 = EDGE_CURVE('',#6223,#6286,#6288,.T.);
#6286 = VERTEX_POINT('',#6287);
#6287 = CARTESIAN_POINT('',(1.545,-0.2,1.387514061586));
#6288 = LINE('',#6289,#6290);
#6289 = CARTESIAN_POINT('',(1.545,-0.2,2.2));
#6290 = VECTOR('',#6291,1.);
#6291 = DIRECTION('',(0.,0.,-1.));
#6292 = ORIENTED_EDGE('',*,*,#6293,.F.);
#6293 = EDGE_CURVE('',#6262,#6286,#6294,.T.);
#6294 = LINE('',#6295,#6296);
#6295 = CARTESIAN_POINT('',(1.545,0.2,1.387514061586));
#6296 = VECTOR('',#6297,1.);
#6297 = DIRECTION('',(0.,-1.,0.));
#6298 = PLANE('',#6299);
#6299 = AXIS2_PLACEMENT_3D('',#6300,#6301,#6302);
#6300 = CARTESIAN_POINT('',(1.545,0.2,2.2));
#6301 = DIRECTION('',(1.,0.,0.));
#6302 = DIRECTION('',(0.,-1.,0.));
#6303 = ADVANCED_FACE('',(#6304),#6322,.T.);
#6304 = FACE_BOUND('',#6305,.T.);
#6305 = EDGE_LOOP('',(#6306,#6307,#6308,#6316));
#6306 = ORIENTED_EDGE('',*,*,#6285,.F.);
#6307 = ORIENTED_EDGE('',*,*,#6230,.T.);
#6308 = ORIENTED_EDGE('',*,*,#6309,.T.);
#6309 = EDGE_CURVE('',#6231,#6310,#6312,.T.);
#6310 = VERTEX_POINT('',#6311);
#6311 = CARTESIAN_POINT('',(1.145,-0.2,1.387514061586));
#6312 = LINE('',#6313,#6314);
#6313 = CARTESIAN_POINT('',(1.145,-0.2,2.2));
#6314 = VECTOR('',#6315,1.);
#6315 = DIRECTION('',(0.,2.2E-16,-1.));
#6316 = ORIENTED_EDGE('',*,*,#6317,.F.);
#6317 = EDGE_CURVE('',#6286,#6310,#6318,.T.);
#6318 = LINE('',#6319,#6320);
#6319 = CARTESIAN_POINT('',(1.545,-0.2,1.387514061586));
#6320 = VECTOR('',#6321,1.);
#6321 = DIRECTION('',(-1.,0.,0.));
#6322 = PLANE('',#6323);
#6323 = AXIS2_PLACEMENT_3D('',#6324,#6325,#6326);
#6324 = CARTESIAN_POINT('',(1.545,-0.2,2.2));
#6325 = DIRECTION('',(-0.,-1.,-2.2E-16));
#6326 = DIRECTION('',(-1.,0.,0.));
#6327 = ADVANCED_FACE('',(#6328),#6339,.T.);
#6328 = FACE_BOUND('',#6329,.T.);
#6329 = EDGE_LOOP('',(#6330,#6331,#6332,#6333));
#6330 = ORIENTED_EDGE('',*,*,#6309,.F.);
#6331 = ORIENTED_EDGE('',*,*,#6238,.T.);
#6332 = ORIENTED_EDGE('',*,*,#6252,.T.);
#6333 = ORIENTED_EDGE('',*,*,#6334,.F.);
#6334 = EDGE_CURVE('',#6310,#6253,#6335,.T.);
#6335 = LINE('',#6336,#6337);
#6336 = CARTESIAN_POINT('',(1.145,-0.2,1.387514061586));
#6337 = VECTOR('',#6338,1.);
#6338 = DIRECTION('',(0.,1.,0.));
#6339 = PLANE('',#6340);
#6340 = AXIS2_PLACEMENT_3D('',#6341,#6342,#6343);
#6341 = CARTESIAN_POINT('',(1.145,-0.2,2.2));
#6342 = DIRECTION('',(-1.,0.,0.));
#6343 = DIRECTION('',(0.,1.,0.));
#6344 = ADVANCED_FACE('',(#6345),#6372,.F.);
#6345 = FACE_BOUND('',#6346,.F.);
#6346 = EDGE_LOOP('',(#6347,#6356,#6364,#6371));
#6347 = ORIENTED_EDGE('',*,*,#6348,.T.);
#6348 = EDGE_CURVE('',#6253,#6349,#6351,.T.);
#6349 = VERTEX_POINT('',#6350);
#6350 = CARTESIAN_POINT('',(1.074991600483,0.2,1.247507762342));
#6351 = CIRCLE('',#6352,0.175);
#6352 = AXIS2_PLACEMENT_3D('',#6353,#6354,#6355);
#6353 = CARTESIAN_POINT('',(0.97,0.2,1.387514061586));
#6354 = DIRECTION('',(0.,1.,2.2E-16));
#6355 = DIRECTION('',(1.,1.1176E-30,-5.08E-15));
#6356 = ORIENTED_EDGE('',*,*,#6357,.T.);
#6357 = EDGE_CURVE('',#6349,#6358,#6360,.T.);
#6358 = VERTEX_POINT('',#6359);
#6359 = CARTESIAN_POINT('',(1.314972401587,0.2,0.927493364069));
#6360 = LINE('',#6361,#6362);
#6361 = CARTESIAN_POINT('',(1.074991600483,0.2,1.247507762342));
#6362 = VECTOR('',#6363,1.);
#6363 = DIRECTION('',(0.59995200276,1.800000000001E-16,-0.80003599568));
#6364 = ORIENTED_EDGE('',*,*,#6365,.F.);
#6365 = EDGE_CURVE('',#6262,#6358,#6366,.T.);
#6366 = CIRCLE('',#6367,0.575);
#6367 = AXIS2_PLACEMENT_3D('',#6368,#6369,#6370);
#6368 = CARTESIAN_POINT('',(0.97,0.2,1.387514061586));
#6369 = DIRECTION('',(0.,1.,2.2E-16));
#6370 = DIRECTION('',(1.,-3.388E-31,1.54E-15));
#6371 = ORIENTED_EDGE('',*,*,#6269,.F.);
#6372 = PLANE('',#6373);
#6373 = AXIS2_PLACEMENT_3D('',#6374,#6375,#6376);
#6374 = CARTESIAN_POINT('',(1.305405165724,0.2,1.219798901848));
#6375 = DIRECTION('',(0.,-1.,-2.2E-16));
#6376 = DIRECTION('',(-0.447240425968,1.967710305578E-16,-0.894413775263
    ));
#6377 = ADVANCED_FACE('',(#6378),#6397,.T.);
#6378 = FACE_BOUND('',#6379,.T.);
#6379 = EDGE_LOOP('',(#6380,#6381,#6390,#6396));
#6380 = ORIENTED_EDGE('',*,*,#6293,.T.);
#6381 = ORIENTED_EDGE('',*,*,#6382,.T.);
#6382 = EDGE_CURVE('',#6286,#6383,#6385,.T.);
#6383 = VERTEX_POINT('',#6384);
#6384 = CARTESIAN_POINT('',(1.314972401587,-0.2,0.927493364069));
#6385 = CIRCLE('',#6386,0.575);
#6386 = AXIS2_PLACEMENT_3D('',#6387,#6388,#6389);
#6387 = CARTESIAN_POINT('',(0.97,-0.2,1.387514061586));
#6388 = DIRECTION('',(0.,1.,2.2E-16));
#6389 = DIRECTION('',(1.,-3.388E-31,1.54E-15));
#6390 = ORIENTED_EDGE('',*,*,#6391,.F.);
#6391 = EDGE_CURVE('',#6358,#6383,#6392,.T.);
#6392 = LINE('',#6393,#6394);
#6393 = CARTESIAN_POINT('',(1.314972401587,0.2,0.927493364069));
#6394 = VECTOR('',#6395,1.);
#6395 = DIRECTION('',(0.,-1.,-2.2E-16));
#6396 = ORIENTED_EDGE('',*,*,#6365,.F.);
#6397 = CYLINDRICAL_SURFACE('',#6398,0.575);
#6398 = AXIS2_PLACEMENT_3D('',#6399,#6400,#6401);
#6399 = CARTESIAN_POINT('',(0.97,0.2,1.387514061586));
#6400 = DIRECTION('',(0.,-1.,-2.2E-16));
#6401 = DIRECTION('',(1.,-3.388E-31,1.54E-15));
#6402 = ADVANCED_FACE('',(#6403),#6422,.F.);
#6403 = FACE_BOUND('',#6404,.F.);
#6404 = EDGE_LOOP('',(#6405,#6406,#6414,#6421));
#6405 = ORIENTED_EDGE('',*,*,#6382,.T.);
#6406 = ORIENTED_EDGE('',*,*,#6407,.T.);
#6407 = EDGE_CURVE('',#6383,#6408,#6410,.T.);
#6408 = VERTEX_POINT('',#6409);
#6409 = CARTESIAN_POINT('',(1.074991600483,-0.2,1.247507762342));
#6410 = LINE('',#6411,#6412);
#6411 = CARTESIAN_POINT('',(1.314972401587,-0.2,0.927493364069));
#6412 = VECTOR('',#6413,1.);
#6413 = DIRECTION('',(-0.59995200276,-1.800000000001E-16,0.80003599568)
  );
#6414 = ORIENTED_EDGE('',*,*,#6415,.F.);
#6415 = EDGE_CURVE('',#6310,#6408,#6416,.T.);
#6416 = CIRCLE('',#6417,0.175);
#6417 = AXIS2_PLACEMENT_3D('',#6418,#6419,#6420);
#6418 = CARTESIAN_POINT('',(0.97,-0.2,1.387514061586));
#6419 = DIRECTION('',(0.,1.,2.2E-16));
#6420 = DIRECTION('',(1.,1.1176E-30,-5.08E-15));
#6421 = ORIENTED_EDGE('',*,*,#6317,.F.);
#6422 = PLANE('',#6423);
#6423 = AXIS2_PLACEMENT_3D('',#6424,#6425,#6426);
#6424 = CARTESIAN_POINT('',(1.305405165724,-0.2,1.219798901848));
#6425 = DIRECTION('',(0.,1.,2.2E-16));
#6426 = DIRECTION('',(-0.447240425968,1.967710305578E-16,-0.894413775263
    ));
#6427 = ADVANCED_FACE('',(#6428),#6439,.F.);
#6428 = FACE_BOUND('',#6429,.F.);
#6429 = EDGE_LOOP('',(#6430,#6431,#6437,#6438));
#6430 = ORIENTED_EDGE('',*,*,#6415,.T.);
#6431 = ORIENTED_EDGE('',*,*,#6432,.T.);
#6432 = EDGE_CURVE('',#6408,#6349,#6433,.T.);
#6433 = LINE('',#6434,#6435);
#6434 = CARTESIAN_POINT('',(1.074991600483,-0.2,1.247507762342));
#6435 = VECTOR('',#6436,1.);
#6436 = DIRECTION('',(0.,1.,2.2E-16));
#6437 = ORIENTED_EDGE('',*,*,#6348,.F.);
#6438 = ORIENTED_EDGE('',*,*,#6334,.F.);
#6439 = CYLINDRICAL_SURFACE('',#6440,0.175);
#6440 = AXIS2_PLACEMENT_3D('',#6441,#6442,#6443);
#6441 = CARTESIAN_POINT('',(0.97,-0.2,1.387514061586));
#6442 = DIRECTION('',(0.,1.,2.2E-16));
#6443 = DIRECTION('',(1.,1.1176E-30,-5.08E-15));
#6444 = ADVANCED_FACE('',(#6445),#6470,.T.);
#6445 = FACE_BOUND('',#6446,.T.);
#6446 = EDGE_LOOP('',(#6447,#6455,#6456,#6464));
#6447 = ORIENTED_EDGE('',*,*,#6448,.F.);
#6448 = EDGE_CURVE('',#6349,#6449,#6451,.T.);
#6449 = VERTEX_POINT('',#6450);
#6450 = CARTESIAN_POINT('',(4.152759841297E-02,0.2,0.47250663593));
#6451 = LINE('',#6452,#6453);
#6452 = CARTESIAN_POINT('',(4.152759841297E-02,0.2,0.47250663593));
#6453 = VECTOR('',#6454,1.);
#6454 = DIRECTION('',(-0.80003599568,1.3E-16,-0.59995200276));
#6455 = ORIENTED_EDGE('',*,*,#6357,.T.);
#6456 = ORIENTED_EDGE('',*,*,#6457,.T.);
#6457 = EDGE_CURVE('',#6358,#6458,#6460,.T.);
#6458 = VERTEX_POINT('',#6459);
#6459 = CARTESIAN_POINT('',(0.281508399517,0.2,0.152492237658));
#6460 = LINE('',#6461,#6462);
#6461 = CARTESIAN_POINT('',(0.281508399517,0.2,0.152492237658));
#6462 = VECTOR('',#6463,1.);
#6463 = DIRECTION('',(-0.80003599568,1.3E-16,-0.59995200276));
#6464 = ORIENTED_EDGE('',*,*,#6465,.F.);
#6465 = EDGE_CURVE('',#6449,#6458,#6466,.T.);
#6466 = LINE('',#6467,#6468);
#6467 = CARTESIAN_POINT('',(4.152759841297E-02,0.2,0.47250663593));
#6468 = VECTOR('',#6469,1.);
#6469 = DIRECTION('',(0.59995200276,1.800000000001E-16,-0.80003599568));
#6470 = PLANE('',#6471);
#6471 = AXIS2_PLACEMENT_3D('',#6472,#6473,#6474);
#6472 = CARTESIAN_POINT('',(4.152759841297E-02,0.2,0.47250663593));
#6473 = DIRECTION('',(0.,1.,2.2E-16));
#6474 = DIRECTION('',(0.59995200276,1.760079190497E-16,-0.80003599568));
#6475 = ADVANCED_FACE('',(#6476),#6494,.T.);
#6476 = FACE_BOUND('',#6477,.T.);
#6477 = EDGE_LOOP('',(#6478,#6479,#6480,#6488));
#6478 = ORIENTED_EDGE('',*,*,#6457,.F.);
#6479 = ORIENTED_EDGE('',*,*,#6391,.T.);
#6480 = ORIENTED_EDGE('',*,*,#6481,.T.);
#6481 = EDGE_CURVE('',#6383,#6482,#6484,.T.);
#6482 = VERTEX_POINT('',#6483);
#6483 = CARTESIAN_POINT('',(0.281508399517,-0.2,0.152492237658));
#6484 = LINE('',#6485,#6486);
#6485 = CARTESIAN_POINT('',(0.281508399517,-0.2,0.152492237658));
#6486 = VECTOR('',#6487,1.);
#6487 = DIRECTION('',(-0.80003599568,-9.000000000003E-17,-0.59995200276)
  );
#6488 = ORIENTED_EDGE('',*,*,#6489,.F.);
#6489 = EDGE_CURVE('',#6458,#6482,#6490,.T.);
#6490 = LINE('',#6491,#6492);
#6491 = CARTESIAN_POINT('',(0.281508399517,0.2,0.152492237658));
#6492 = VECTOR('',#6493,1.);
#6493 = DIRECTION('',(1.8E-16,-1.,-9.E-17));
#6494 = PLANE('',#6495);
#6495 = AXIS2_PLACEMENT_3D('',#6496,#6497,#6498);
#6496 = CARTESIAN_POINT('',(0.281508399517,0.2,0.152492237658));
#6497 = DIRECTION('',(0.59995200276,1.800000000001E-16,-0.80003599568));
#6498 = DIRECTION('',(1.80003239676E-16,-1.,-9.000432010797E-17));
#6499 = ADVANCED_FACE('',(#6500),#6518,.T.);
#6500 = FACE_BOUND('',#6501,.T.);
#6501 = EDGE_LOOP('',(#6502,#6503,#6504,#6512));
#6502 = ORIENTED_EDGE('',*,*,#6481,.F.);
#6503 = ORIENTED_EDGE('',*,*,#6407,.T.);
#6504 = ORIENTED_EDGE('',*,*,#6505,.T.);
#6505 = EDGE_CURVE('',#6408,#6506,#6508,.T.);
#6506 = VERTEX_POINT('',#6507);
#6507 = CARTESIAN_POINT('',(4.152759841297E-02,-0.2,0.47250663593));
#6508 = LINE('',#6509,#6510);
#6509 = CARTESIAN_POINT('',(4.152759841297E-02,-0.2,0.47250663593));
#6510 = VECTOR('',#6511,1.);
#6511 = DIRECTION('',(-0.80003599568,1.3E-16,-0.59995200276));
#6512 = ORIENTED_EDGE('',*,*,#6513,.F.);
#6513 = EDGE_CURVE('',#6482,#6506,#6514,.T.);
#6514 = LINE('',#6515,#6516);
#6515 = CARTESIAN_POINT('',(0.281508399517,-0.2,0.152492237658));
#6516 = VECTOR('',#6517,1.);
#6517 = DIRECTION('',(-0.59995200276,-1.800000000001E-16,0.80003599568)
  );
#6518 = PLANE('',#6519);
#6519 = AXIS2_PLACEMENT_3D('',#6520,#6521,#6522);
#6520 = CARTESIAN_POINT('',(0.281508399517,-0.2,0.152492237658));
#6521 = DIRECTION('',(0.,-1.,-2.2E-16));
#6522 = DIRECTION('',(-0.59995200276,-1.760079190497E-16,0.80003599568)
  );
#6523 = ADVANCED_FACE('',(#6524),#6535,.T.);
#6524 = FACE_BOUND('',#6525,.T.);
#6525 = EDGE_LOOP('',(#6526,#6527,#6528,#6529));
#6526 = ORIENTED_EDGE('',*,*,#6505,.F.);
#6527 = ORIENTED_EDGE('',*,*,#6432,.T.);
#6528 = ORIENTED_EDGE('',*,*,#6448,.T.);
#6529 = ORIENTED_EDGE('',*,*,#6530,.F.);
#6530 = EDGE_CURVE('',#6506,#6449,#6531,.T.);
#6531 = LINE('',#6532,#6533);
#6532 = CARTESIAN_POINT('',(4.152759841297E-02,-0.2,0.47250663593));
#6533 = VECTOR('',#6534,1.);
#6534 = DIRECTION('',(-1.8E-16,1.,9.E-17));
#6535 = PLANE('',#6536);
#6536 = AXIS2_PLACEMENT_3D('',#6537,#6538,#6539);
#6537 = CARTESIAN_POINT('',(4.152759841297E-02,-0.2,0.47250663593));
#6538 = DIRECTION('',(-0.59995200276,-1.800000000001E-16,0.80003599568)
  );
#6539 = DIRECTION('',(-1.80003239676E-16,1.,9.000432010797E-17));
#6540 = ADVANCED_FACE('',(#6541),#6568,.F.);
#6541 = FACE_BOUND('',#6542,.F.);
#6542 = EDGE_LOOP('',(#6543,#6552,#6560,#6567));
#6543 = ORIENTED_EDGE('',*,*,#6544,.T.);
#6544 = EDGE_CURVE('',#6449,#6545,#6547,.T.);
#6545 = VERTEX_POINT('',#6546);
#6546 = CARTESIAN_POINT('',(-0.1885,0.2,1.248593841364E-02));
#6547 = CIRCLE('',#6548,0.575);
#6548 = AXIS2_PLACEMENT_3D('',#6549,#6550,#6551);
#6549 = CARTESIAN_POINT('',(0.3865,0.2,1.248593841364E-02));
#6550 = DIRECTION('',(0.,-1.,-2.2E-16));
#6551 = DIRECTION('',(1.,3.388E-31,-1.54E-15));
#6552 = ORIENTED_EDGE('',*,*,#6553,.T.);
#6553 = EDGE_CURVE('',#6545,#6554,#6556,.T.);
#6554 = VERTEX_POINT('',#6555);
#6555 = CARTESIAN_POINT('',(0.2115,0.2,1.248593841364E-02));
#6556 = LINE('',#6557,#6558);
#6557 = CARTESIAN_POINT('',(-0.1885,0.2,1.248593841364E-02));
#6558 = VECTOR('',#6559,1.);
#6559 = DIRECTION('',(1.,0.,4.87E-15));
#6560 = ORIENTED_EDGE('',*,*,#6561,.F.);
#6561 = EDGE_CURVE('',#6458,#6554,#6562,.T.);
#6562 = CIRCLE('',#6563,0.175);
#6563 = AXIS2_PLACEMENT_3D('',#6564,#6565,#6566);
#6564 = CARTESIAN_POINT('',(0.3865,0.2,1.248593841364E-02));
#6565 = DIRECTION('',(0.,-1.,-2.2E-16));
#6566 = DIRECTION('',(1.,-1.1176E-30,5.08E-15));
#6567 = ORIENTED_EDGE('',*,*,#6465,.F.);
#6568 = PLANE('',#6569);
#6569 = AXIS2_PLACEMENT_3D('',#6570,#6571,#6572);
#6570 = CARTESIAN_POINT('',(5.10948342764E-02,0.2,0.180201098152));
#6571 = DIRECTION('',(0.,-1.,-2.2E-16));
#6572 = DIRECTION('',(-0.447240425968,1.967710305578E-16,-0.894413775263
    ));
#6573 = ADVANCED_FACE('',(#6574),#6593,.F.);
#6574 = FACE_BOUND('',#6575,.F.);
#6575 = EDGE_LOOP('',(#6576,#6577,#6585,#6592));
#6576 = ORIENTED_EDGE('',*,*,#6561,.T.);
#6577 = ORIENTED_EDGE('',*,*,#6578,.T.);
#6578 = EDGE_CURVE('',#6554,#6579,#6581,.T.);
#6579 = VERTEX_POINT('',#6580);
#6580 = CARTESIAN_POINT('',(0.2115,-0.2,1.248593841364E-02));
#6581 = LINE('',#6582,#6583);
#6582 = CARTESIAN_POINT('',(0.2115,0.2,1.248593841364E-02));
#6583 = VECTOR('',#6584,1.);
#6584 = DIRECTION('',(0.,-1.,-2.2E-16));
#6585 = ORIENTED_EDGE('',*,*,#6586,.F.);
#6586 = EDGE_CURVE('',#6482,#6579,#6587,.T.);
#6587 = CIRCLE('',#6588,0.175);
#6588 = AXIS2_PLACEMENT_3D('',#6589,#6590,#6591);
#6589 = CARTESIAN_POINT('',(0.3865,-0.2,1.248593841364E-02));
#6590 = DIRECTION('',(0.,-1.,-2.2E-16));
#6591 = DIRECTION('',(1.,-1.1176E-30,5.08E-15));
#6592 = ORIENTED_EDGE('',*,*,#6489,.F.);
#6593 = CYLINDRICAL_SURFACE('',#6594,0.175);
#6594 = AXIS2_PLACEMENT_3D('',#6595,#6596,#6597);
#6595 = CARTESIAN_POINT('',(0.3865,0.2,1.248593841364E-02));
#6596 = DIRECTION('',(0.,-1.,-2.2E-16));
#6597 = DIRECTION('',(1.,-1.1176E-30,5.08E-15));
#6598 = ADVANCED_FACE('',(#6599),#6618,.F.);
#6599 = FACE_BOUND('',#6600,.F.);
#6600 = EDGE_LOOP('',(#6601,#6602,#6610,#6617));
#6601 = ORIENTED_EDGE('',*,*,#6586,.T.);
#6602 = ORIENTED_EDGE('',*,*,#6603,.T.);
#6603 = EDGE_CURVE('',#6579,#6604,#6606,.T.);
#6604 = VERTEX_POINT('',#6605);
#6605 = CARTESIAN_POINT('',(-0.1885,-0.2,1.248593841364E-02));
#6606 = LINE('',#6607,#6608);
#6607 = CARTESIAN_POINT('',(0.2115,-0.2,1.248593841364E-02));
#6608 = VECTOR('',#6609,1.);
#6609 = DIRECTION('',(-1.,0.,-4.87E-15));
#6610 = ORIENTED_EDGE('',*,*,#6611,.F.);
#6611 = EDGE_CURVE('',#6506,#6604,#6612,.T.);
#6612 = CIRCLE('',#6613,0.575);
#6613 = AXIS2_PLACEMENT_3D('',#6614,#6615,#6616);
#6614 = CARTESIAN_POINT('',(0.3865,-0.2,1.248593841364E-02));
#6615 = DIRECTION('',(0.,-1.,-2.2E-16));
#6616 = DIRECTION('',(1.,3.388E-31,-1.54E-15));
#6617 = ORIENTED_EDGE('',*,*,#6513,.F.);
#6618 = PLANE('',#6619);
#6619 = AXIS2_PLACEMENT_3D('',#6620,#6621,#6622);
#6620 = CARTESIAN_POINT('',(5.10948342764E-02,-0.2,0.180201098152));
#6621 = DIRECTION('',(0.,1.,2.2E-16));
#6622 = DIRECTION('',(-0.447240425968,1.967710305578E-16,-0.894413775263
    ));
#6623 = ADVANCED_FACE('',(#6624),#6635,.T.);
#6624 = FACE_BOUND('',#6625,.T.);
#6625 = EDGE_LOOP('',(#6626,#6627,#6628,#6634));
#6626 = ORIENTED_EDGE('',*,*,#6530,.T.);
#6627 = ORIENTED_EDGE('',*,*,#6544,.T.);
#6628 = ORIENTED_EDGE('',*,*,#6629,.F.);
#6629 = EDGE_CURVE('',#6604,#6545,#6630,.T.);
#6630 = LINE('',#6631,#6632);
#6631 = CARTESIAN_POINT('',(-0.1885,-0.2,1.248593841364E-02));
#6632 = VECTOR('',#6633,1.);
#6633 = DIRECTION('',(0.,1.,2.2E-16));
#6634 = ORIENTED_EDGE('',*,*,#6611,.F.);
#6635 = CYLINDRICAL_SURFACE('',#6636,0.575);
#6636 = AXIS2_PLACEMENT_3D('',#6637,#6638,#6639);
#6637 = CARTESIAN_POINT('',(0.3865,-0.2,1.248593841364E-02));
#6638 = DIRECTION('',(0.,1.,2.2E-16));
#6639 = DIRECTION('',(1.,3.388E-31,-1.54E-15));
#6640 = ADVANCED_FACE('',(#6641),#6666,.T.);
#6641 = FACE_BOUND('',#6642,.T.);
#6642 = EDGE_LOOP('',(#6643,#6651,#6652,#6660));
#6643 = ORIENTED_EDGE('',*,*,#6644,.F.);
#6644 = EDGE_CURVE('',#6545,#6645,#6647,.T.);
#6645 = VERTEX_POINT('',#6646);
#6646 = CARTESIAN_POINT('',(-0.1885,0.2,-2.8));
#6647 = LINE('',#6648,#6649);
#6648 = CARTESIAN_POINT('',(-0.1885,0.2,-2.8));
#6649 = VECTOR('',#6650,1.);
#6650 = DIRECTION('',(0.,2.2E-16,-1.));
#6651 = ORIENTED_EDGE('',*,*,#6553,.T.);
#6652 = ORIENTED_EDGE('',*,*,#6653,.T.);
#6653 = EDGE_CURVE('',#6554,#6654,#6656,.T.);
#6654 = VERTEX_POINT('',#6655);
#6655 = CARTESIAN_POINT('',(0.2115,0.2,-2.8));
#6656 = LINE('',#6657,#6658);
#6657 = CARTESIAN_POINT('',(0.2115,0.2,-2.8));
#6658 = VECTOR('',#6659,1.);
#6659 = DIRECTION('',(0.,2.2E-16,-1.));
#6660 = ORIENTED_EDGE('',*,*,#6661,.F.);
#6661 = EDGE_CURVE('',#6645,#6654,#6662,.T.);
#6662 = LINE('',#6663,#6664);
#6663 = CARTESIAN_POINT('',(-0.1885,0.2,-2.8));
#6664 = VECTOR('',#6665,1.);
#6665 = DIRECTION('',(1.,0.,0.));
#6666 = PLANE('',#6667);
#6667 = AXIS2_PLACEMENT_3D('',#6668,#6669,#6670);
#6668 = CARTESIAN_POINT('',(-0.1885,0.2,-2.8));
#6669 = DIRECTION('',(0.,1.,2.2E-16));
#6670 = DIRECTION('',(1.,0.,-0.));
#6671 = ADVANCED_FACE('',(#6672),#6697,.T.);
#6672 = FACE_BOUND('',#6673,.T.);
#6673 = EDGE_LOOP('',(#6674,#6675,#6683,#6691));
#6674 = ORIENTED_EDGE('',*,*,#6661,.T.);
#6675 = ORIENTED_EDGE('',*,*,#6676,.T.);
#6676 = EDGE_CURVE('',#6654,#6677,#6679,.T.);
#6677 = VERTEX_POINT('',#6678);
#6678 = CARTESIAN_POINT('',(0.2115,-0.2,-2.8));
#6679 = LINE('',#6680,#6681);
#6680 = CARTESIAN_POINT('',(0.2115,0.2,-2.8));
#6681 = VECTOR('',#6682,1.);
#6682 = DIRECTION('',(0.,-1.,0.));
#6683 = ORIENTED_EDGE('',*,*,#6684,.T.);
#6684 = EDGE_CURVE('',#6677,#6685,#6687,.T.);
#6685 = VERTEX_POINT('',#6686);
#6686 = CARTESIAN_POINT('',(-0.1885,-0.2,-2.8));
#6687 = LINE('',#6688,#6689);
#6688 = CARTESIAN_POINT('',(0.2115,-0.2,-2.8));
#6689 = VECTOR('',#6690,1.);
#6690 = DIRECTION('',(-1.,0.,0.));
#6691 = ORIENTED_EDGE('',*,*,#6692,.T.);
#6692 = EDGE_CURVE('',#6685,#6645,#6693,.T.);
#6693 = LINE('',#6694,#6695);
#6694 = CARTESIAN_POINT('',(-0.1885,-0.2,-2.8));
#6695 = VECTOR('',#6696,1.);
#6696 = DIRECTION('',(0.,1.,0.));
#6697 = PLANE('',#6698);
#6698 = AXIS2_PLACEMENT_3D('',#6699,#6700,#6701);
#6699 = CARTESIAN_POINT('',(1.150000000002E-02,1.16E-15,-2.8));
#6700 = DIRECTION('',(-0.,-0.,-1.));
#6701 = DIRECTION('',(-1.,0.,0.));
#6702 = ADVANCED_FACE('',(#6703),#6714,.T.);
#6703 = FACE_BOUND('',#6704,.T.);
#6704 = EDGE_LOOP('',(#6705,#6706,#6707,#6713));
#6705 = ORIENTED_EDGE('',*,*,#6653,.F.);
#6706 = ORIENTED_EDGE('',*,*,#6578,.T.);
#6707 = ORIENTED_EDGE('',*,*,#6708,.T.);
#6708 = EDGE_CURVE('',#6579,#6677,#6709,.T.);
#6709 = LINE('',#6710,#6711);
#6710 = CARTESIAN_POINT('',(0.2115,-0.2,-2.8));
#6711 = VECTOR('',#6712,1.);
#6712 = DIRECTION('',(0.,0.,-1.));
#6713 = ORIENTED_EDGE('',*,*,#6676,.F.);
#6714 = PLANE('',#6715);
#6715 = AXIS2_PLACEMENT_3D('',#6716,#6717,#6718);
#6716 = CARTESIAN_POINT('',(0.2115,0.2,-2.8));
#6717 = DIRECTION('',(1.,0.,0.));
#6718 = DIRECTION('',(0.,-1.,0.));
#6719 = ADVANCED_FACE('',(#6720),#6731,.T.);
#6720 = FACE_BOUND('',#6721,.T.);
#6721 = EDGE_LOOP('',(#6722,#6723,#6724,#6730));
#6722 = ORIENTED_EDGE('',*,*,#6708,.F.);
#6723 = ORIENTED_EDGE('',*,*,#6603,.T.);
#6724 = ORIENTED_EDGE('',*,*,#6725,.T.);
#6725 = EDGE_CURVE('',#6604,#6685,#6726,.T.);
#6726 = LINE('',#6727,#6728);
#6727 = CARTESIAN_POINT('',(-0.1885,-0.2,-2.8));
#6728 = VECTOR('',#6729,1.);
#6729 = DIRECTION('',(0.,2.2E-16,-1.));
#6730 = ORIENTED_EDGE('',*,*,#6684,.F.);
#6731 = PLANE('',#6732);
#6732 = AXIS2_PLACEMENT_3D('',#6733,#6734,#6735);
#6733 = CARTESIAN_POINT('',(0.2115,-0.2,-2.8));
#6734 = DIRECTION('',(-0.,-1.,-2.2E-16));
#6735 = DIRECTION('',(-1.,0.,0.));
#6736 = ADVANCED_FACE('',(#6737),#6743,.T.);
#6737 = FACE_BOUND('',#6738,.T.);
#6738 = EDGE_LOOP('',(#6739,#6740,#6741,#6742));
#6739 = ORIENTED_EDGE('',*,*,#6725,.F.);
#6740 = ORIENTED_EDGE('',*,*,#6629,.T.);
#6741 = ORIENTED_EDGE('',*,*,#6644,.T.);
#6742 = ORIENTED_EDGE('',*,*,#6692,.F.);
#6743 = PLANE('',#6744);
#6744 = AXIS2_PLACEMENT_3D('',#6745,#6746,#6747);
#6745 = CARTESIAN_POINT('',(-0.1885,-0.2,-2.8));
#6746 = DIRECTION('',(-1.,0.,0.));
#6747 = DIRECTION('',(0.,1.,0.));
#6748 = ( GEOMETRIC_REPRESENTATION_CONTEXT(3) 
GLOBAL_UNCERTAINTY_ASSIGNED_CONTEXT((#6752)) 
GLOBAL_UNIT_ASSIGNED_CONTEXT((#6749,#6750,#6751)) REPRESENTATION_CONTEXT
('Context #1','3D Context with UNIT and UNCERTAINTY') );
#6749 = ( LENGTH_UNIT() NAMED_UNIT(*) SI_UNIT(.MILLI.,.METRE.) );
#6750 = ( NAMED_UNIT(*) PLANE_ANGLE_UNIT() SI_UNIT($,.RADIAN.) );
#6751 = ( NAMED_UNIT(*) SI_UNIT($,.STERADIAN.) SOLID_ANGLE_UNIT() );
#6752 = UNCERTAINTY_MEASURE_WITH_UNIT(LENGTH_MEASURE(1.E-07),#6749,
  'distance_accuracy_value','confusion accuracy');
#6753 = CONTEXT_DEPENDENT_SHAPE_REPRESENTATION(#6754,#6756);
#6754 = ( REPRESENTATION_RELATIONSHIP('','',#4428,#10) 
REPRESENTATION_RELATIONSHIP_WITH_TRANSFORMATION(#6755) 
SHAPE_REPRESENTATION_RELATIONSHIP() );
#6755 = ITEM_DEFINED_TRANSFORMATION('','',#11,#43);
#6756 = PRODUCT_DEFINITION_SHAPE('Placement','Placement of an item',
  #6757);
#6757 = NEXT_ASSEMBLY_USAGE_OCCURRENCE('8','D1','',#5,#4423,$);
#6758 = PRODUCT_RELATED_PRODUCT_CATEGORY('part',$,(#4425));
#6759 = SHAPE_DEFINITION_REPRESENTATION(#6760,#6766);
#6760 = PRODUCT_DEFINITION_SHAPE('','',#6761);
#6761 = PRODUCT_DEFINITION('design','',#6762,#6765);
#6762 = PRODUCT_DEFINITION_FORMATION('','',#6763);
#6763 = PRODUCT('PinHeader_1x05_P2.54mm_Vertical',
  'PinHeader_1x05_P2.54mm_Vertical','',(#6764));
#6764 = PRODUCT_CONTEXT('',#2,'mechanical');
#6765 = PRODUCT_DEFINITION_CONTEXT('part definition',#2,'design');
#6766 = ADVANCED_BREP_SHAPE_REPRESENTATION('',(#11,#6767),#10221);
#6767 = MANIFOLD_SOLID_BREP('',#6768);
#6768 = CLOSED_SHELL('',(#6769,#6809,#6840,#6871,#7282,#7693,#7710,#7727
    ,#7744,#7761,#7778,#7795,#7812,#7829,#7846,#7863,#7880,#7897,#7914,
    #7931,#7948,#7965,#7982,#7999,#8016,#8033,#8050,#8067,#8084,#8101,
    #8118,#8135,#8152,#8169,#8181,#8212,#8236,#8260,#8277,#8308,#8332,
    #8356,#8373,#8404,#8428,#8452,#8469,#8500,#8524,#8548,#8565,#8596,
    #8620,#8644,#8661,#8692,#8716,#8740,#8757,#8788,#8812,#8836,#8853,
    #8884,#8908,#8932,#8949,#8980,#9004,#9028,#9045,#9076,#9100,#9124,
    #9141,#9172,#9196,#9220,#9237,#9268,#9292,#9316,#9333,#9364,#9388,
    #9412,#9429,#9460,#9484,#9508,#9525,#9556,#9580,#9604,#9621,#9652,
    #9676,#9700,#9717,#9748,#9772,#9796,#9813,#9844,#9868,#9892,#9909,
    #9940,#9964,#9988,#10005,#10036,#10060,#10084,#10101,#10113,#10125,
    #10137,#10149,#10161,#10173,#10185,#10197,#10209));
#6769 = ADVANCED_FACE('',(#6770),#6804,.F.);
#6770 = FACE_BOUND('',#6771,.F.);
#6771 = EDGE_LOOP('',(#6772,#6782,#6790,#6798));
#6772 = ORIENTED_EDGE('',*,*,#6773,.T.);
#6773 = EDGE_CURVE('',#6774,#6776,#6778,.T.);
#6774 = VERTEX_POINT('',#6775);
#6775 = CARTESIAN_POINT('',(-1.016,1.27,0.));
#6776 = VERTEX_POINT('',#6777);
#6777 = CARTESIAN_POINT('',(-1.016,1.27,2.54));
#6778 = LINE('',#6779,#6780);
#6779 = CARTESIAN_POINT('',(-1.016,1.27,0.));
#6780 = VECTOR('',#6781,1.);
#6781 = DIRECTION('',(0.,0.,1.));
#6782 = ORIENTED_EDGE('',*,*,#6783,.T.);
#6783 = EDGE_CURVE('',#6776,#6784,#6786,.T.);
#6784 = VERTEX_POINT('',#6785);
#6785 = CARTESIAN_POINT('',(-1.27,1.016,2.54));
#6786 = LINE('',#6787,#6788);
#6787 = CARTESIAN_POINT('',(-1.016,1.27,2.54));
#6788 = VECTOR('',#6789,1.);
#6789 = DIRECTION('',(-0.707106781187,-0.707106781187,0.));
#6790 = ORIENTED_EDGE('',*,*,#6791,.F.);
#6791 = EDGE_CURVE('',#6792,#6784,#6794,.T.);
#6792 = VERTEX_POINT('',#6793);
#6793 = CARTESIAN_POINT('',(-1.27,1.016,0.));
#6794 = LINE('',#6795,#6796);
#6795 = CARTESIAN_POINT('',(-1.27,1.016,0.));
#6796 = VECTOR('',#6797,1.);
#6797 = DIRECTION('',(0.,0.,1.));
#6798 = ORIENTED_EDGE('',*,*,#6799,.F.);
#6799 = EDGE_CURVE('',#6774,#6792,#6800,.T.);
#6800 = LINE('',#6801,#6802);
#6801 = CARTESIAN_POINT('',(-1.016,1.27,0.));
#6802 = VECTOR('',#6803,1.);
#6803 = DIRECTION('',(-0.707106781187,-0.707106781187,0.));
#6804 = PLANE('',#6805);
#6805 = AXIS2_PLACEMENT_3D('',#6806,#6807,#6808);
#6806 = CARTESIAN_POINT('',(-1.016,1.27,0.));
#6807 = DIRECTION('',(0.707106781187,-0.707106781187,0.));
#6808 = DIRECTION('',(-0.707106781187,-0.707106781187,0.));
#6809 = ADVANCED_FACE('',(#6810),#6835,.F.);
#6810 = FACE_BOUND('',#6811,.F.);
#6811 = EDGE_LOOP('',(#6812,#6822,#6828,#6829));
#6812 = ORIENTED_EDGE('',*,*,#6813,.T.);
#6813 = EDGE_CURVE('',#6814,#6816,#6818,.T.);
#6814 = VERTEX_POINT('',#6815);
#6815 = CARTESIAN_POINT('',(1.016,1.27,0.));
#6816 = VERTEX_POINT('',#6817);
#6817 = CARTESIAN_POINT('',(1.016,1.27,2.54));
#6818 = LINE('',#6819,#6820);
#6819 = CARTESIAN_POINT('',(1.016,1.27,0.));
#6820 = VECTOR('',#6821,1.);
#6821 = DIRECTION('',(0.,0.,1.));
#6822 = ORIENTED_EDGE('',*,*,#6823,.T.);
#6823 = EDGE_CURVE('',#6816,#6776,#6824,.T.);
#6824 = LINE('',#6825,#6826);
#6825 = CARTESIAN_POINT('',(1.016,1.27,2.54));
#6826 = VECTOR('',#6827,1.);
#6827 = DIRECTION('',(-1.,0.,0.));
#6828 = ORIENTED_EDGE('',*,*,#6773,.F.);
#6829 = ORIENTED_EDGE('',*,*,#6830,.F.);
#6830 = EDGE_CURVE('',#6814,#6774,#6831,.T.);
#6831 = LINE('',#6832,#6833);
#6832 = CARTESIAN_POINT('',(1.016,1.27,0.));
#6833 = VECTOR('',#6834,1.);
#6834 = DIRECTION('',(-1.,0.,0.));
#6835 = PLANE('',#6836);
#6836 = AXIS2_PLACEMENT_3D('',#6837,#6838,#6839);
#6837 = CARTESIAN_POINT('',(1.016,1.27,0.));
#6838 = DIRECTION('',(0.,-1.,0.));
#6839 = DIRECTION('',(-1.,0.,0.));
#6840 = ADVANCED_FACE('',(#6841),#6866,.F.);
#6841 = FACE_BOUND('',#6842,.F.);
#6842 = EDGE_LOOP('',(#6843,#6844,#6852,#6860));
#6843 = ORIENTED_EDGE('',*,*,#6791,.T.);
#6844 = ORIENTED_EDGE('',*,*,#6845,.T.);
#6845 = EDGE_CURVE('',#6784,#6846,#6848,.T.);
#6846 = VERTEX_POINT('',#6847);
#6847 = CARTESIAN_POINT('',(-1.27,-1.016,2.54));
#6848 = LINE('',#6849,#6850);
#6849 = CARTESIAN_POINT('',(-1.27,1.016,2.54));
#6850 = VECTOR('',#6851,1.);
#6851 = DIRECTION('',(0.,-1.,0.));
#6852 = ORIENTED_EDGE('',*,*,#6853,.F.);
#6853 = EDGE_CURVE('',#6854,#6846,#6856,.T.);
#6854 = VERTEX_POINT('',#6855);
#6855 = CARTESIAN_POINT('',(-1.27,-1.016,0.));
#6856 = LINE('',#6857,#6858);
#6857 = CARTESIAN_POINT('',(-1.27,-1.016,0.));
#6858 = VECTOR('',#6859,1.);
#6859 = DIRECTION('',(0.,0.,1.));
#6860 = ORIENTED_EDGE('',*,*,#6861,.F.);
#6861 = EDGE_CURVE('',#6792,#6854,#6862,.T.);
#6862 = LINE('',#6863,#6864);
#6863 = CARTESIAN_POINT('',(-1.27,1.016,0.));
#6864 = VECTOR('',#6865,1.);
#6865 = DIRECTION('',(0.,-1.,0.));
#6866 = PLANE('',#6867);
#6867 = AXIS2_PLACEMENT_3D('',#6868,#6869,#6870);
#6868 = CARTESIAN_POINT('',(-1.27,1.016,0.));
#6869 = DIRECTION('',(1.,0.,0.));
#6870 = DIRECTION('',(0.,-1.,0.));
#6871 = ADVANCED_FACE('',(#6872,#7107,#7141,#7175,#7209,#7243),#7277,.F.
  );
#6872 = FACE_BOUND('',#6873,.F.);
#6873 = EDGE_LOOP('',(#6874,#6875,#6876,#6884,#6892,#6900,#6908,#6916,
    #6924,#6932,#6940,#6948,#6956,#6964,#6972,#6980,#6988,#6996,#7004,
    #7012,#7020,#7028,#7036,#7044,#7052,#7060,#7068,#7076,#7084,#7092,
    #7100,#7106));
#6874 = ORIENTED_EDGE('',*,*,#6799,.T.);
#6875 = ORIENTED_EDGE('',*,*,#6861,.T.);
#6876 = ORIENTED_EDGE('',*,*,#6877,.T.);
#6877 = EDGE_CURVE('',#6854,#6878,#6880,.T.);
#6878 = VERTEX_POINT('',#6879);
#6879 = CARTESIAN_POINT('',(-1.016,-1.27,0.));
#6880 = LINE('',#6881,#6882);
#6881 = CARTESIAN_POINT('',(-1.27,-1.016,0.));
#6882 = VECTOR('',#6883,1.);
#6883 = DIRECTION('',(0.707106781187,-0.707106781187,0.));
#6884 = ORIENTED_EDGE('',*,*,#6885,.T.);
#6885 = EDGE_CURVE('',#6878,#6886,#6888,.T.);
#6886 = VERTEX_POINT('',#6887);
#6887 = CARTESIAN_POINT('',(-1.27,-1.524,0.));
#6888 = LINE('',#6889,#6890);
#6889 = CARTESIAN_POINT('',(-1.016,-1.27,0.));
#6890 = VECTOR('',#6891,1.);
#6891 = DIRECTION('',(-0.707106781187,-0.707106781187,0.));
#6892 = ORIENTED_EDGE('',*,*,#6893,.T.);
#6893 = EDGE_CURVE('',#6886,#6894,#6896,.T.);
#6894 = VERTEX_POINT('',#6895);
#6895 = CARTESIAN_POINT('',(-1.27,-3.556,0.));
#6896 = LINE('',#6897,#6898);
#6897 = CARTESIAN_POINT('',(-1.27,-1.524,0.));
#6898 = VECTOR('',#6899,1.);
#6899 = DIRECTION('',(0.,-1.,0.));
#6900 = ORIENTED_EDGE('',*,*,#6901,.T.);
#6901 = EDGE_CURVE('',#6894,#6902,#6904,.T.);
#6902 = VERTEX_POINT('',#6903);
#6903 = CARTESIAN_POINT('',(-1.016,-3.81,0.));
#6904 = LINE('',#6905,#6906);
#6905 = CARTESIAN_POINT('',(-1.27,-3.556,0.));
#6906 = VECTOR('',#6907,1.);
#6907 = DIRECTION('',(0.707106781187,-0.707106781187,0.));
#6908 = ORIENTED_EDGE('',*,*,#6909,.T.);
#6909 = EDGE_CURVE('',#6902,#6910,#6912,.T.);
#6910 = VERTEX_POINT('',#6911);
#6911 = CARTESIAN_POINT('',(-1.27,-4.064,0.));
#6912 = LINE('',#6913,#6914);
#6913 = CARTESIAN_POINT('',(-1.016,-3.81,0.));
#6914 = VECTOR('',#6915,1.);
#6915 = DIRECTION('',(-0.707106781187,-0.707106781187,0.));
#6916 = ORIENTED_EDGE('',*,*,#6917,.T.);
#6917 = EDGE_CURVE('',#6910,#6918,#6920,.T.);
#6918 = VERTEX_POINT('',#6919);
#6919 = CARTESIAN_POINT('',(-1.27,-6.096,0.));
#6920 = LINE('',#6921,#6922);
#6921 = CARTESIAN_POINT('',(-1.27,-4.064,0.));
#6922 = VECTOR('',#6923,1.);
#6923 = DIRECTION('',(0.,-1.,0.));
#6924 = ORIENTED_EDGE('',*,*,#6925,.T.);
#6925 = EDGE_CURVE('',#6918,#6926,#6928,.T.);
#6926 = VERTEX_POINT('',#6927);
#6927 = CARTESIAN_POINT('',(-1.016,-6.35,0.));
#6928 = LINE('',#6929,#6930);
#6929 = CARTESIAN_POINT('',(-1.27,-6.096,0.));
#6930 = VECTOR('',#6931,1.);
#6931 = DIRECTION('',(0.707106781187,-0.707106781187,0.));
#6932 = ORIENTED_EDGE('',*,*,#6933,.T.);
#6933 = EDGE_CURVE('',#6926,#6934,#6936,.T.);
#6934 = VERTEX_POINT('',#6935);
#6935 = CARTESIAN_POINT('',(-1.27,-6.604,0.));
#6936 = LINE('',#6937,#6938);
#6937 = CARTESIAN_POINT('',(-1.016,-6.35,0.));
#6938 = VECTOR('',#6939,1.);
#6939 = DIRECTION('',(-0.707106781187,-0.707106781187,0.));
#6940 = ORIENTED_EDGE('',*,*,#6941,.T.);
#6941 = EDGE_CURVE('',#6934,#6942,#6944,.T.);
#6942 = VERTEX_POINT('',#6943);
#6943 = CARTESIAN_POINT('',(-1.27,-8.636,0.));
#6944 = LINE('',#6945,#6946);
#6945 = CARTESIAN_POINT('',(-1.27,-6.604,0.));
#6946 = VECTOR('',#6947,1.);
#6947 = DIRECTION('',(0.,-1.,0.));
#6948 = ORIENTED_EDGE('',*,*,#6949,.T.);
#6949 = EDGE_CURVE('',#6942,#6950,#6952,.T.);
#6950 = VERTEX_POINT('',#6951);
#6951 = CARTESIAN_POINT('',(-1.016,-8.89,0.));
#6952 = LINE('',#6953,#6954);
#6953 = CARTESIAN_POINT('',(-1.27,-8.636,0.));
#6954 = VECTOR('',#6955,1.);
#6955 = DIRECTION('',(0.707106781187,-0.707106781187,0.));
#6956 = ORIENTED_EDGE('',*,*,#6957,.T.);
#6957 = EDGE_CURVE('',#6950,#6958,#6960,.T.);
#6958 = VERTEX_POINT('',#6959);
#6959 = CARTESIAN_POINT('',(-1.27,-9.144,0.));
#6960 = LINE('',#6961,#6962);
#6961 = CARTESIAN_POINT('',(-1.016,-8.89,0.));
#6962 = VECTOR('',#6963,1.);
#6963 = DIRECTION('',(-0.707106781187,-0.707106781187,0.));
#6964 = ORIENTED_EDGE('',*,*,#6965,.T.);
#6965 = EDGE_CURVE('',#6958,#6966,#6968,.T.);
#6966 = VERTEX_POINT('',#6967);
#6967 = CARTESIAN_POINT('',(-1.27,-11.176,0.));
#6968 = LINE('',#6969,#6970);
#6969 = CARTESIAN_POINT('',(-1.27,-9.144,0.));
#6970 = VECTOR('',#6971,1.);
#6971 = DIRECTION('',(0.,-1.,0.));
#6972 = ORIENTED_EDGE('',*,*,#6973,.T.);
#6973 = EDGE_CURVE('',#6966,#6974,#6976,.T.);
#6974 = VERTEX_POINT('',#6975);
#6975 = CARTESIAN_POINT('',(-1.016,-11.43,0.));
#6976 = LINE('',#6977,#6978);
#6977 = CARTESIAN_POINT('',(-1.27,-11.176,0.));
#6978 = VECTOR('',#6979,1.);
#6979 = DIRECTION('',(0.707106781187,-0.707106781187,0.));
#6980 = ORIENTED_EDGE('',*,*,#6981,.T.);
#6981 = EDGE_CURVE('',#6974,#6982,#6984,.T.);
#6982 = VERTEX_POINT('',#6983);
#6983 = CARTESIAN_POINT('',(1.016,-11.43,0.));
#6984 = LINE('',#6985,#6986);
#6985 = CARTESIAN_POINT('',(-1.016,-11.43,0.));
#6986 = VECTOR('',#6987,1.);
#6987 = DIRECTION('',(1.,0.,0.));
#6988 = ORIENTED_EDGE('',*,*,#6989,.T.);
#6989 = EDGE_CURVE('',#6982,#6990,#6992,.T.);
#6990 = VERTEX_POINT('',#6991);
#6991 = CARTESIAN_POINT('',(1.27,-11.176,0.));
#6992 = LINE('',#6993,#6994);
#6993 = CARTESIAN_POINT('',(1.016,-11.43,0.));
#6994 = VECTOR('',#6995,1.);
#6995 = DIRECTION('',(0.707106781187,0.707106781187,0.));
#6996 = ORIENTED_EDGE('',*,*,#6997,.T.);
#6997 = EDGE_CURVE('',#6990,#6998,#7000,.T.);
#6998 = VERTEX_POINT('',#6999);
#6999 = CARTESIAN_POINT('',(1.27,-9.144,0.));
#7000 = LINE('',#7001,#7002);
#7001 = CARTESIAN_POINT('',(1.27,-11.176,0.));
#7002 = VECTOR('',#7003,1.);
#7003 = DIRECTION('',(0.,1.,0.));
#7004 = ORIENTED_EDGE('',*,*,#7005,.T.);
#7005 = EDGE_CURVE('',#6998,#7006,#7008,.T.);
#7006 = VERTEX_POINT('',#7007);
#7007 = CARTESIAN_POINT('',(1.016,-8.89,0.));
#7008 = LINE('',#7009,#7010);
#7009 = CARTESIAN_POINT('',(1.27,-9.144,0.));
#7010 = VECTOR('',#7011,1.);
#7011 = DIRECTION('',(-0.707106781187,0.707106781187,0.));
#7012 = ORIENTED_EDGE('',*,*,#7013,.T.);
#7013 = EDGE_CURVE('',#7006,#7014,#7016,.T.);
#7014 = VERTEX_POINT('',#7015);
#7015 = CARTESIAN_POINT('',(1.27,-8.636,0.));
#7016 = LINE('',#7017,#7018);
#7017 = CARTESIAN_POINT('',(1.016,-8.89,0.));
#7018 = VECTOR('',#7019,1.);
#7019 = DIRECTION('',(0.707106781187,0.707106781187,0.));
#7020 = ORIENTED_EDGE('',*,*,#7021,.T.);
#7021 = EDGE_CURVE('',#7014,#7022,#7024,.T.);
#7022 = VERTEX_POINT('',#7023);
#7023 = CARTESIAN_POINT('',(1.27,-6.604,0.));
#7024 = LINE('',#7025,#7026);
#7025 = CARTESIAN_POINT('',(1.27,-8.636,0.));
#7026 = VECTOR('',#7027,1.);
#7027 = DIRECTION('',(0.,1.,0.));
#7028 = ORIENTED_EDGE('',*,*,#7029,.T.);
#7029 = EDGE_CURVE('',#7022,#7030,#7032,.T.);
#7030 = VERTEX_POINT('',#7031);
#7031 = CARTESIAN_POINT('',(1.016,-6.35,0.));
#7032 = LINE('',#7033,#7034);
#7033 = CARTESIAN_POINT('',(1.27,-6.604,0.));
#7034 = VECTOR('',#7035,1.);
#7035 = DIRECTION('',(-0.707106781187,0.707106781187,0.));
#7036 = ORIENTED_EDGE('',*,*,#7037,.T.);
#7037 = EDGE_CURVE('',#7030,#7038,#7040,.T.);
#7038 = VERTEX_POINT('',#7039);
#7039 = CARTESIAN_POINT('',(1.27,-6.096,0.));
#7040 = LINE('',#7041,#7042);
#7041 = CARTESIAN_POINT('',(1.016,-6.35,0.));
#7042 = VECTOR('',#7043,1.);
#7043 = DIRECTION('',(0.707106781187,0.707106781187,0.));
#7044 = ORIENTED_EDGE('',*,*,#7045,.T.);
#7045 = EDGE_CURVE('',#7038,#7046,#7048,.T.);
#7046 = VERTEX_POINT('',#7047);
#7047 = CARTESIAN_POINT('',(1.27,-4.064,0.));
#7048 = LINE('',#7049,#7050);
#7049 = CARTESIAN_POINT('',(1.27,-6.096,0.));
#7050 = VECTOR('',#7051,1.);
#7051 = DIRECTION('',(0.,1.,0.));
#7052 = ORIENTED_EDGE('',*,*,#7053,.T.);
#7053 = EDGE_CURVE('',#7046,#7054,#7056,.T.);
#7054 = VERTEX_POINT('',#7055);
#7055 = CARTESIAN_POINT('',(1.016,-3.81,0.));
#7056 = LINE('',#7057,#7058);
#7057 = CARTESIAN_POINT('',(1.27,-4.064,0.));
#7058 = VECTOR('',#7059,1.);
#7059 = DIRECTION('',(-0.707106781187,0.707106781187,0.));
#7060 = ORIENTED_EDGE('',*,*,#7061,.T.);
#7061 = EDGE_CURVE('',#7054,#7062,#7064,.T.);
#7062 = VERTEX_POINT('',#7063);
#7063 = CARTESIAN_POINT('',(1.27,-3.556,0.));
#7064 = LINE('',#7065,#7066);
#7065 = CARTESIAN_POINT('',(1.016,-3.81,0.));
#7066 = VECTOR('',#7067,1.);
#7067 = DIRECTION('',(0.707106781187,0.707106781187,0.));
#7068 = ORIENTED_EDGE('',*,*,#7069,.T.);
#7069 = EDGE_CURVE('',#7062,#7070,#7072,.T.);
#7070 = VERTEX_POINT('',#7071);
#7071 = CARTESIAN_POINT('',(1.27,-1.524,0.));
#7072 = LINE('',#7073,#7074);
#7073 = CARTESIAN_POINT('',(1.27,-3.556,0.));
#7074 = VECTOR('',#7075,1.);
#7075 = DIRECTION('',(0.,1.,0.));
#7076 = ORIENTED_EDGE('',*,*,#7077,.T.);
#7077 = EDGE_CURVE('',#7070,#7078,#7080,.T.);
#7078 = VERTEX_POINT('',#7079);
#7079 = CARTESIAN_POINT('',(1.016,-1.27,0.));
#7080 = LINE('',#7081,#7082);
#7081 = CARTESIAN_POINT('',(1.27,-1.524,0.));
#7082 = VECTOR('',#7083,1.);
#7083 = DIRECTION('',(-0.707106781187,0.707106781187,0.));
#7084 = ORIENTED_EDGE('',*,*,#7085,.T.);
#7085 = EDGE_CURVE('',#7078,#7086,#7088,.T.);
#7086 = VERTEX_POINT('',#7087);
#7087 = CARTESIAN_POINT('',(1.27,-1.016,0.));
#7088 = LINE('',#7089,#7090);
#7089 = CARTESIAN_POINT('',(1.016,-1.27,0.));
#7090 = VECTOR('',#7091,1.);
#7091 = DIRECTION('',(0.707106781187,0.707106781187,0.));
#7092 = ORIENTED_EDGE('',*,*,#7093,.T.);
#7093 = EDGE_CURVE('',#7086,#7094,#7096,.T.);
#7094 = VERTEX_POINT('',#7095);
#7095 = CARTESIAN_POINT('',(1.27,1.016,0.));
#7096 = LINE('',#7097,#7098);
#7097 = CARTESIAN_POINT('',(1.27,-1.016,0.));
#7098 = VECTOR('',#7099,1.);
#7099 = DIRECTION('',(0.,1.,0.));
#7100 = ORIENTED_EDGE('',*,*,#7101,.T.);
#7101 = EDGE_CURVE('',#7094,#6814,#7102,.T.);
#7102 = LINE('',#7103,#7104);
#7103 = CARTESIAN_POINT('',(1.27,1.016,0.));
#7104 = VECTOR('',#7105,1.);
#7105 = DIRECTION('',(-0.707106781187,0.707106781187,0.));
#7106 = ORIENTED_EDGE('',*,*,#6830,.T.);
#7107 = FACE_BOUND('',#7108,.F.);
#7108 = EDGE_LOOP('',(#7109,#7119,#7127,#7135));
#7109 = ORIENTED_EDGE('',*,*,#7110,.F.);
#7110 = EDGE_CURVE('',#7111,#7113,#7115,.T.);
#7111 = VERTEX_POINT('',#7112);
#7112 = CARTESIAN_POINT('',(0.32,-0.32,0.));
#7113 = VERTEX_POINT('',#7114);
#7114 = CARTESIAN_POINT('',(0.32,0.32,0.));
#7115 = LINE('',#7116,#7117);
#7116 = CARTESIAN_POINT('',(0.32,-2.7,0.));
#7117 = VECTOR('',#7118,1.);
#7118 = DIRECTION('',(0.,1.,0.));
#7119 = ORIENTED_EDGE('',*,*,#7120,.T.);
#7120 = EDGE_CURVE('',#7111,#7121,#7123,.T.);
#7121 = VERTEX_POINT('',#7122);
#7122 = CARTESIAN_POINT('',(-0.32,-0.32,0.));
#7123 = LINE('',#7124,#7125);
#7124 = CARTESIAN_POINT('',(-0.16,-0.32,0.));
#7125 = VECTOR('',#7126,1.);
#7126 = DIRECTION('',(-1.,0.,0.));
#7127 = ORIENTED_EDGE('',*,*,#7128,.T.);
#7128 = EDGE_CURVE('',#7121,#7129,#7131,.T.);
#7129 = VERTEX_POINT('',#7130);
#7130 = CARTESIAN_POINT('',(-0.32,0.32,0.));
#7131 = LINE('',#7132,#7133);
#7132 = CARTESIAN_POINT('',(-0.32,-2.7,0.));
#7133 = VECTOR('',#7134,1.);
#7134 = DIRECTION('',(0.,1.,0.));
#7135 = ORIENTED_EDGE('',*,*,#7136,.F.);
#7136 = EDGE_CURVE('',#7113,#7129,#7137,.T.);
#7137 = LINE('',#7138,#7139);
#7138 = CARTESIAN_POINT('',(-0.16,0.32,0.));
#7139 = VECTOR('',#7140,1.);
#7140 = DIRECTION('',(-1.,0.,0.));
#7141 = FACE_BOUND('',#7142,.F.);
#7142 = EDGE_LOOP('',(#7143,#7153,#7161,#7169));
#7143 = ORIENTED_EDGE('',*,*,#7144,.F.);
#7144 = EDGE_CURVE('',#7145,#7147,#7149,.T.);
#7145 = VERTEX_POINT('',#7146);
#7146 = CARTESIAN_POINT('',(0.32,-2.22,0.));
#7147 = VERTEX_POINT('',#7148);
#7148 = CARTESIAN_POINT('',(-0.32,-2.22,0.));
#7149 = LINE('',#7150,#7151);
#7150 = CARTESIAN_POINT('',(-0.16,-2.22,0.));
#7151 = VECTOR('',#7152,1.);
#7152 = DIRECTION('',(-1.,0.,0.));
#7153 = ORIENTED_EDGE('',*,*,#7154,.F.);
#7154 = EDGE_CURVE('',#7155,#7145,#7157,.T.);
#7155 = VERTEX_POINT('',#7156);
#7156 = CARTESIAN_POINT('',(0.32,-2.86,0.));
#7157 = LINE('',#7158,#7159);
#7158 = CARTESIAN_POINT('',(0.32,-3.97,0.));
#7159 = VECTOR('',#7160,1.);
#7160 = DIRECTION('',(0.,1.,0.));
#7161 = ORIENTED_EDGE('',*,*,#7162,.T.);
#7162 = EDGE_CURVE('',#7155,#7163,#7165,.T.);
#7163 = VERTEX_POINT('',#7164);
#7164 = CARTESIAN_POINT('',(-0.32,-2.86,0.));
#7165 = LINE('',#7166,#7167);
#7166 = CARTESIAN_POINT('',(-0.16,-2.86,0.));
#7167 = VECTOR('',#7168,1.);
#7168 = DIRECTION('',(-1.,0.,0.));
#7169 = ORIENTED_EDGE('',*,*,#7170,.T.);
#7170 = EDGE_CURVE('',#7163,#7147,#7171,.T.);
#7171 = LINE('',#7172,#7173);
#7172 = CARTESIAN_POINT('',(-0.32,-3.97,0.));
#7173 = VECTOR('',#7174,1.);
#7174 = DIRECTION('',(0.,1.,0.));
#7175 = FACE_BOUND('',#7176,.F.);
#7176 = EDGE_LOOP('',(#7177,#7187,#7195,#7203));
#7177 = ORIENTED_EDGE('',*,*,#7178,.F.);
#7178 = EDGE_CURVE('',#7179,#7181,#7183,.T.);
#7179 = VERTEX_POINT('',#7180);
#7180 = CARTESIAN_POINT('',(0.32,-4.76,0.));
#7181 = VERTEX_POINT('',#7182);
#7182 = CARTESIAN_POINT('',(-0.32,-4.76,0.));
#7183 = LINE('',#7184,#7185);
#7184 = CARTESIAN_POINT('',(-0.16,-4.76,0.));
#7185 = VECTOR('',#7186,1.);
#7186 = DIRECTION('',(-1.,0.,0.));
#7187 = ORIENTED_EDGE('',*,*,#7188,.F.);
#7188 = EDGE_CURVE('',#7189,#7179,#7191,.T.);
#7189 = VERTEX_POINT('',#7190);
#7190 = CARTESIAN_POINT('',(0.32,-5.4,0.));
#7191 = LINE('',#7192,#7193);
#7192 = CARTESIAN_POINT('',(0.32,-5.24,0.));
#7193 = VECTOR('',#7194,1.);
#7194 = DIRECTION('',(0.,1.,0.));
#7195 = ORIENTED_EDGE('',*,*,#7196,.T.);
#7196 = EDGE_CURVE('',#7189,#7197,#7199,.T.);
#7197 = VERTEX_POINT('',#7198);
#7198 = CARTESIAN_POINT('',(-0.32,-5.4,0.));
#7199 = LINE('',#7200,#7201);
#7200 = CARTESIAN_POINT('',(-0.16,-5.4,0.));
#7201 = VECTOR('',#7202,1.);
#7202 = DIRECTION('',(-1.,0.,0.));
#7203 = ORIENTED_EDGE('',*,*,#7204,.T.);
#7204 = EDGE_CURVE('',#7197,#7181,#7205,.T.);
#7205 = LINE('',#7206,#7207);
#7206 = CARTESIAN_POINT('',(-0.32,-5.24,0.));
#7207 = VECTOR('',#7208,1.);
#7208 = DIRECTION('',(0.,1.,0.));
#7209 = FACE_BOUND('',#7210,.F.);
#7210 = EDGE_LOOP('',(#7211,#7221,#7229,#7237));
#7211 = ORIENTED_EDGE('',*,*,#7212,.F.);
#7212 = EDGE_CURVE('',#7213,#7215,#7217,.T.);
#7213 = VERTEX_POINT('',#7214);
#7214 = CARTESIAN_POINT('',(0.32,-9.84,0.));
#7215 = VERTEX_POINT('',#7216);
#7216 = CARTESIAN_POINT('',(-0.32,-9.84,0.));
#7217 = LINE('',#7218,#7219);
#7218 = CARTESIAN_POINT('',(-0.16,-9.84,0.));
#7219 = VECTOR('',#7220,1.);
#7220 = DIRECTION('',(-1.,0.,0.));
#7221 = ORIENTED_EDGE('',*,*,#7222,.F.);
#7222 = EDGE_CURVE('',#7223,#7213,#7225,.T.);
#7223 = VERTEX_POINT('',#7224);
#7224 = CARTESIAN_POINT('',(0.32,-10.48,0.));
#7225 = LINE('',#7226,#7227);
#7226 = CARTESIAN_POINT('',(0.32,-7.78,0.));
#7227 = VECTOR('',#7228,1.);
#7228 = DIRECTION('',(0.,1.,0.));
#7229 = ORIENTED_EDGE('',*,*,#7230,.T.);
#7230 = EDGE_CURVE('',#7223,#7231,#7233,.T.);
#7231 = VERTEX_POINT('',#7232);
#7232 = CARTESIAN_POINT('',(-0.32,-10.48,0.));
#7233 = LINE('',#7234,#7235);
#7234 = CARTESIAN_POINT('',(-0.16,-10.48,0.));
#7235 = VECTOR('',#7236,1.);
#7236 = DIRECTION('',(-1.,0.,0.));
#7237 = ORIENTED_EDGE('',*,*,#7238,.T.);
#7238 = EDGE_CURVE('',#7231,#7215,#7239,.T.);
#7239 = LINE('',#7240,#7241);
#7240 = CARTESIAN_POINT('',(-0.32,-7.78,0.));
#7241 = VECTOR('',#7242,1.);
#7242 = DIRECTION('',(0.,1.,0.));
#7243 = FACE_BOUND('',#7244,.F.);
#7244 = EDGE_LOOP('',(#7245,#7255,#7263,#7271));
#7245 = ORIENTED_EDGE('',*,*,#7246,.T.);
#7246 = EDGE_CURVE('',#7247,#7249,#7251,.T.);
#7247 = VERTEX_POINT('',#7248);
#7248 = CARTESIAN_POINT('',(0.32,-7.94,0.));
#7249 = VERTEX_POINT('',#7250);
#7250 = CARTESIAN_POINT('',(-0.32,-7.94,0.));
#7251 = LINE('',#7252,#7253);
#7252 = CARTESIAN_POINT('',(-0.16,-7.94,0.));
#7253 = VECTOR('',#7254,1.);
#7254 = DIRECTION('',(-1.,0.,0.));
#7255 = ORIENTED_EDGE('',*,*,#7256,.T.);
#7256 = EDGE_CURVE('',#7249,#7257,#7259,.T.);
#7257 = VERTEX_POINT('',#7258);
#7258 = CARTESIAN_POINT('',(-0.32,-7.3,0.));
#7259 = LINE('',#7260,#7261);
#7260 = CARTESIAN_POINT('',(-0.32,-6.51,0.));
#7261 = VECTOR('',#7262,1.);
#7262 = DIRECTION('',(0.,1.,0.));
#7263 = ORIENTED_EDGE('',*,*,#7264,.F.);
#7264 = EDGE_CURVE('',#7265,#7257,#7267,.T.);
#7265 = VERTEX_POINT('',#7266);
#7266 = CARTESIAN_POINT('',(0.32,-7.3,0.));
#7267 = LINE('',#7268,#7269);
#7268 = CARTESIAN_POINT('',(-0.16,-7.3,0.));
#7269 = VECTOR('',#7270,1.);
#7270 = DIRECTION('',(-1.,0.,0.));
#7271 = ORIENTED_EDGE('',*,*,#7272,.F.);
#7272 = EDGE_CURVE('',#7247,#7265,#7273,.T.);
#7273 = LINE('',#7274,#7275);
#7274 = CARTESIAN_POINT('',(0.32,-6.51,0.));
#7275 = VECTOR('',#7276,1.);
#7276 = DIRECTION('',(0.,1.,0.));
#7277 = PLANE('',#7278);
#7278 = AXIS2_PLACEMENT_3D('',#7279,#7280,#7281);
#7279 = CARTESIAN_POINT('',(-2.110141571089E-17,-5.08,0.));
#7280 = DIRECTION('',(0.,0.,1.));
#7281 = DIRECTION('',(1.,0.,-0.));
#7282 = ADVANCED_FACE('',(#7283,#7518,#7552,#7586,#7620,#7654),#7688,.T.
  );
#7283 = FACE_BOUND('',#7284,.T.);
#7284 = EDGE_LOOP('',(#7285,#7286,#7287,#7295,#7303,#7311,#7319,#7327,
    #7335,#7343,#7351,#7359,#7367,#7375,#7383,#7391,#7399,#7407,#7415,
    #7423,#7431,#7439,#7447,#7455,#7463,#7471,#7479,#7487,#7495,#7503,
    #7511,#7517));
#7285 = ORIENTED_EDGE('',*,*,#6783,.T.);
#7286 = ORIENTED_EDGE('',*,*,#6845,.T.);
#7287 = ORIENTED_EDGE('',*,*,#7288,.T.);
#7288 = EDGE_CURVE('',#6846,#7289,#7291,.T.);
#7289 = VERTEX_POINT('',#7290);
#7290 = CARTESIAN_POINT('',(-1.016,-1.27,2.54));
#7291 = LINE('',#7292,#7293);
#7292 = CARTESIAN_POINT('',(-1.27,-1.016,2.54));
#7293 = VECTOR('',#7294,1.);
#7294 = DIRECTION('',(0.707106781187,-0.707106781187,0.));
#7295 = ORIENTED_EDGE('',*,*,#7296,.T.);
#7296 = EDGE_CURVE('',#7289,#7297,#7299,.T.);
#7297 = VERTEX_POINT('',#7298);
#7298 = CARTESIAN_POINT('',(-1.27,-1.524,2.54));
#7299 = LINE('',#7300,#7301);
#7300 = CARTESIAN_POINT('',(-1.016,-1.27,2.54));
#7301 = VECTOR('',#7302,1.);
#7302 = DIRECTION('',(-0.707106781187,-0.707106781187,0.));
#7303 = ORIENTED_EDGE('',*,*,#7304,.T.);
#7304 = EDGE_CURVE('',#7297,#7305,#7307,.T.);
#7305 = VERTEX_POINT('',#7306);
#7306 = CARTESIAN_POINT('',(-1.27,-3.556,2.54));
#7307 = LINE('',#7308,#7309);
#7308 = CARTESIAN_POINT('',(-1.27,-1.524,2.54));
#7309 = VECTOR('',#7310,1.);
#7310 = DIRECTION('',(0.,-1.,0.));
#7311 = ORIENTED_EDGE('',*,*,#7312,.T.);
#7312 = EDGE_CURVE('',#7305,#7313,#7315,.T.);
#7313 = VERTEX_POINT('',#7314);
#7314 = CARTESIAN_POINT('',(-1.016,-3.81,2.54));
#7315 = LINE('',#7316,#7317);
#7316 = CARTESIAN_POINT('',(-1.27,-3.556,2.54));
#7317 = VECTOR('',#7318,1.);
#7318 = DIRECTION('',(0.707106781187,-0.707106781187,0.));
#7319 = ORIENTED_EDGE('',*,*,#7320,.T.);
#7320 = EDGE_CURVE('',#7313,#7321,#7323,.T.);
#7321 = VERTEX_POINT('',#7322);
#7322 = CARTESIAN_POINT('',(-1.27,-4.064,2.54));
#7323 = LINE('',#7324,#7325);
#7324 = CARTESIAN_POINT('',(-1.016,-3.81,2.54));
#7325 = VECTOR('',#7326,1.);
#7326 = DIRECTION('',(-0.707106781187,-0.707106781187,0.));
#7327 = ORIENTED_EDGE('',*,*,#7328,.T.);
#7328 = EDGE_CURVE('',#7321,#7329,#7331,.T.);
#7329 = VERTEX_POINT('',#7330);
#7330 = CARTESIAN_POINT('',(-1.27,-6.096,2.54));
#7331 = LINE('',#7332,#7333);
#7332 = CARTESIAN_POINT('',(-1.27,-4.064,2.54));
#7333 = VECTOR('',#7334,1.);
#7334 = DIRECTION('',(0.,-1.,0.));
#7335 = ORIENTED_EDGE('',*,*,#7336,.T.);
#7336 = EDGE_CURVE('',#7329,#7337,#7339,.T.);
#7337 = VERTEX_POINT('',#7338);
#7338 = CARTESIAN_POINT('',(-1.016,-6.35,2.54));
#7339 = LINE('',#7340,#7341);
#7340 = CARTESIAN_POINT('',(-1.27,-6.096,2.54));
#7341 = VECTOR('',#7342,1.);
#7342 = DIRECTION('',(0.707106781187,-0.707106781187,0.));
#7343 = ORIENTED_EDGE('',*,*,#7344,.T.);
#7344 = EDGE_CURVE('',#7337,#7345,#7347,.T.);
#7345 = VERTEX_POINT('',#7346);
#7346 = CARTESIAN_POINT('',(-1.27,-6.604,2.54));
#7347 = LINE('',#7348,#7349);
#7348 = CARTESIAN_POINT('',(-1.016,-6.35,2.54));
#7349 = VECTOR('',#7350,1.);
#7350 = DIRECTION('',(-0.707106781187,-0.707106781187,0.));
#7351 = ORIENTED_EDGE('',*,*,#7352,.T.);
#7352 = EDGE_CURVE('',#7345,#7353,#7355,.T.);
#7353 = VERTEX_POINT('',#7354);
#7354 = CARTESIAN_POINT('',(-1.27,-8.636,2.54));
#7355 = LINE('',#7356,#7357);
#7356 = CARTESIAN_POINT('',(-1.27,-6.604,2.54));
#7357 = VECTOR('',#7358,1.);
#7358 = DIRECTION('',(0.,-1.,0.));
#7359 = ORIENTED_EDGE('',*,*,#7360,.T.);
#7360 = EDGE_CURVE('',#7353,#7361,#7363,.T.);
#7361 = VERTEX_POINT('',#7362);
#7362 = CARTESIAN_POINT('',(-1.016,-8.89,2.54));
#7363 = LINE('',#7364,#7365);
#7364 = CARTESIAN_POINT('',(-1.27,-8.636,2.54));
#7365 = VECTOR('',#7366,1.);
#7366 = DIRECTION('',(0.707106781187,-0.707106781187,0.));
#7367 = ORIENTED_EDGE('',*,*,#7368,.T.);
#7368 = EDGE_CURVE('',#7361,#7369,#7371,.T.);
#7369 = VERTEX_POINT('',#7370);
#7370 = CARTESIAN_POINT('',(-1.27,-9.144,2.54));
#7371 = LINE('',#7372,#7373);
#7372 = CARTESIAN_POINT('',(-1.016,-8.89,2.54));
#7373 = VECTOR('',#7374,1.);
#7374 = DIRECTION('',(-0.707106781187,-0.707106781187,0.));
#7375 = ORIENTED_EDGE('',*,*,#7376,.T.);
#7376 = EDGE_CURVE('',#7369,#7377,#7379,.T.);
#7377 = VERTEX_POINT('',#7378);
#7378 = CARTESIAN_POINT('',(-1.27,-11.176,2.54));
#7379 = LINE('',#7380,#7381);
#7380 = CARTESIAN_POINT('',(-1.27,-9.144,2.54));
#7381 = VECTOR('',#7382,1.);
#7382 = DIRECTION('',(0.,-1.,0.));
#7383 = ORIENTED_EDGE('',*,*,#7384,.T.);
#7384 = EDGE_CURVE('',#7377,#7385,#7387,.T.);
#7385 = VERTEX_POINT('',#7386);
#7386 = CARTESIAN_POINT('',(-1.016,-11.43,2.54));
#7387 = LINE('',#7388,#7389);
#7388 = CARTESIAN_POINT('',(-1.27,-11.176,2.54));
#7389 = VECTOR('',#7390,1.);
#7390 = DIRECTION('',(0.707106781187,-0.707106781187,0.));
#7391 = ORIENTED_EDGE('',*,*,#7392,.T.);
#7392 = EDGE_CURVE('',#7385,#7393,#7395,.T.);
#7393 = VERTEX_POINT('',#7394);
#7394 = CARTESIAN_POINT('',(1.016,-11.43,2.54));
#7395 = LINE('',#7396,#7397);
#7396 = CARTESIAN_POINT('',(-1.016,-11.43,2.54));
#7397 = VECTOR('',#7398,1.);
#7398 = DIRECTION('',(1.,0.,0.));
#7399 = ORIENTED_EDGE('',*,*,#7400,.T.);
#7400 = EDGE_CURVE('',#7393,#7401,#7403,.T.);
#7401 = VERTEX_POINT('',#7402);
#7402 = CARTESIAN_POINT('',(1.27,-11.176,2.54));
#7403 = LINE('',#7404,#7405);
#7404 = CARTESIAN_POINT('',(1.016,-11.43,2.54));
#7405 = VECTOR('',#7406,1.);
#7406 = DIRECTION('',(0.707106781187,0.707106781187,0.));
#7407 = ORIENTED_EDGE('',*,*,#7408,.T.);
#7408 = EDGE_CURVE('',#7401,#7409,#7411,.T.);
#7409 = VERTEX_POINT('',#7410);
#7410 = CARTESIAN_POINT('',(1.27,-9.144,2.54));
#7411 = LINE('',#7412,#7413);
#7412 = CARTESIAN_POINT('',(1.27,-11.176,2.54));
#7413 = VECTOR('',#7414,1.);
#7414 = DIRECTION('',(0.,1.,0.));
#7415 = ORIENTED_EDGE('',*,*,#7416,.T.);
#7416 = EDGE_CURVE('',#7409,#7417,#7419,.T.);
#7417 = VERTEX_POINT('',#7418);
#7418 = CARTESIAN_POINT('',(1.016,-8.89,2.54));
#7419 = LINE('',#7420,#7421);
#7420 = CARTESIAN_POINT('',(1.27,-9.144,2.54));
#7421 = VECTOR('',#7422,1.);
#7422 = DIRECTION('',(-0.707106781187,0.707106781187,0.));
#7423 = ORIENTED_EDGE('',*,*,#7424,.T.);
#7424 = EDGE_CURVE('',#7417,#7425,#7427,.T.);
#7425 = VERTEX_POINT('',#7426);
#7426 = CARTESIAN_POINT('',(1.27,-8.636,2.54));
#7427 = LINE('',#7428,#7429);
#7428 = CARTESIAN_POINT('',(1.016,-8.89,2.54));
#7429 = VECTOR('',#7430,1.);
#7430 = DIRECTION('',(0.707106781187,0.707106781187,0.));
#7431 = ORIENTED_EDGE('',*,*,#7432,.T.);
#7432 = EDGE_CURVE('',#7425,#7433,#7435,.T.);
#7433 = VERTEX_POINT('',#7434);
#7434 = CARTESIAN_POINT('',(1.27,-6.604,2.54));
#7435 = LINE('',#7436,#7437);
#7436 = CARTESIAN_POINT('',(1.27,-8.636,2.54));
#7437 = VECTOR('',#7438,1.);
#7438 = DIRECTION('',(0.,1.,0.));
#7439 = ORIENTED_EDGE('',*,*,#7440,.T.);
#7440 = EDGE_CURVE('',#7433,#7441,#7443,.T.);
#7441 = VERTEX_POINT('',#7442);
#7442 = CARTESIAN_POINT('',(1.016,-6.35,2.54));
#7443 = LINE('',#7444,#7445);
#7444 = CARTESIAN_POINT('',(1.27,-6.604,2.54));
#7445 = VECTOR('',#7446,1.);
#7446 = DIRECTION('',(-0.707106781187,0.707106781187,0.));
#7447 = ORIENTED_EDGE('',*,*,#7448,.T.);
#7448 = EDGE_CURVE('',#7441,#7449,#7451,.T.);
#7449 = VERTEX_POINT('',#7450);
#7450 = CARTESIAN_POINT('',(1.27,-6.096,2.54));
#7451 = LINE('',#7452,#7453);
#7452 = CARTESIAN_POINT('',(1.016,-6.35,2.54));
#7453 = VECTOR('',#7454,1.);
#7454 = DIRECTION('',(0.707106781187,0.707106781187,0.));
#7455 = ORIENTED_EDGE('',*,*,#7456,.T.);
#7456 = EDGE_CURVE('',#7449,#7457,#7459,.T.);
#7457 = VERTEX_POINT('',#7458);
#7458 = CARTESIAN_POINT('',(1.27,-4.064,2.54));
#7459 = LINE('',#7460,#7461);
#7460 = CARTESIAN_POINT('',(1.27,-6.096,2.54));
#7461 = VECTOR('',#7462,1.);
#7462 = DIRECTION('',(0.,1.,0.));
#7463 = ORIENTED_EDGE('',*,*,#7464,.T.);
#7464 = EDGE_CURVE('',#7457,#7465,#7467,.T.);
#7465 = VERTEX_POINT('',#7466);
#7466 = CARTESIAN_POINT('',(1.016,-3.81,2.54));
#7467 = LINE('',#7468,#7469);
#7468 = CARTESIAN_POINT('',(1.27,-4.064,2.54));
#7469 = VECTOR('',#7470,1.);
#7470 = DIRECTION('',(-0.707106781187,0.707106781187,0.));
#7471 = ORIENTED_EDGE('',*,*,#7472,.T.);
#7472 = EDGE_CURVE('',#7465,#7473,#7475,.T.);
#7473 = VERTEX_POINT('',#7474);
#7474 = CARTESIAN_POINT('',(1.27,-3.556,2.54));
#7475 = LINE('',#7476,#7477);
#7476 = CARTESIAN_POINT('',(1.016,-3.81,2.54));
#7477 = VECTOR('',#7478,1.);
#7478 = DIRECTION('',(0.707106781187,0.707106781187,0.));
#7479 = ORIENTED_EDGE('',*,*,#7480,.T.);
#7480 = EDGE_CURVE('',#7473,#7481,#7483,.T.);
#7481 = VERTEX_POINT('',#7482);
#7482 = CARTESIAN_POINT('',(1.27,-1.524,2.54));
#7483 = LINE('',#7484,#7485);
#7484 = CARTESIAN_POINT('',(1.27,-3.556,2.54));
#7485 = VECTOR('',#7486,1.);
#7486 = DIRECTION('',(0.,1.,0.));
#7487 = ORIENTED_EDGE('',*,*,#7488,.T.);
#7488 = EDGE_CURVE('',#7481,#7489,#7491,.T.);
#7489 = VERTEX_POINT('',#7490);
#7490 = CARTESIAN_POINT('',(1.016,-1.27,2.54));
#7491 = LINE('',#7492,#7493);
#7492 = CARTESIAN_POINT('',(1.27,-1.524,2.54));
#7493 = VECTOR('',#7494,1.);
#7494 = DIRECTION('',(-0.707106781187,0.707106781187,0.));
#7495 = ORIENTED_EDGE('',*,*,#7496,.T.);
#7496 = EDGE_CURVE('',#7489,#7497,#7499,.T.);
#7497 = VERTEX_POINT('',#7498);
#7498 = CARTESIAN_POINT('',(1.27,-1.016,2.54));
#7499 = LINE('',#7500,#7501);
#7500 = CARTESIAN_POINT('',(1.016,-1.27,2.54));
#7501 = VECTOR('',#7502,1.);
#7502 = DIRECTION('',(0.707106781187,0.707106781187,0.));
#7503 = ORIENTED_EDGE('',*,*,#7504,.T.);
#7504 = EDGE_CURVE('',#7497,#7505,#7507,.T.);
#7505 = VERTEX_POINT('',#7506);
#7506 = CARTESIAN_POINT('',(1.27,1.016,2.54));
#7507 = LINE('',#7508,#7509);
#7508 = CARTESIAN_POINT('',(1.27,-1.016,2.54));
#7509 = VECTOR('',#7510,1.);
#7510 = DIRECTION('',(0.,1.,0.));
#7511 = ORIENTED_EDGE('',*,*,#7512,.T.);
#7512 = EDGE_CURVE('',#7505,#6816,#7513,.T.);
#7513 = LINE('',#7514,#7515);
#7514 = CARTESIAN_POINT('',(1.27,1.016,2.54));
#7515 = VECTOR('',#7516,1.);
#7516 = DIRECTION('',(-0.707106781187,0.707106781187,0.));
#7517 = ORIENTED_EDGE('',*,*,#6823,.T.);
#7518 = FACE_BOUND('',#7519,.T.);
#7519 = EDGE_LOOP('',(#7520,#7530,#7538,#7546));
#7520 = ORIENTED_EDGE('',*,*,#7521,.F.);
#7521 = EDGE_CURVE('',#7522,#7524,#7526,.T.);
#7522 = VERTEX_POINT('',#7523);
#7523 = CARTESIAN_POINT('',(0.32,-0.32,2.54));
#7524 = VERTEX_POINT('',#7525);
#7525 = CARTESIAN_POINT('',(0.32,0.32,2.54));
#7526 = LINE('',#7527,#7528);
#7527 = CARTESIAN_POINT('',(0.32,-2.7,2.54));
#7528 = VECTOR('',#7529,1.);
#7529 = DIRECTION('',(0.,1.,0.));
#7530 = ORIENTED_EDGE('',*,*,#7531,.T.);
#7531 = EDGE_CURVE('',#7522,#7532,#7534,.T.);
#7532 = VERTEX_POINT('',#7533);
#7533 = CARTESIAN_POINT('',(-0.32,-0.32,2.54));
#7534 = LINE('',#7535,#7536);
#7535 = CARTESIAN_POINT('',(-0.16,-0.32,2.54));
#7536 = VECTOR('',#7537,1.);
#7537 = DIRECTION('',(-1.,0.,0.));
#7538 = ORIENTED_EDGE('',*,*,#7539,.T.);
#7539 = EDGE_CURVE('',#7532,#7540,#7542,.T.);
#7540 = VERTEX_POINT('',#7541);
#7541 = CARTESIAN_POINT('',(-0.32,0.32,2.54));
#7542 = LINE('',#7543,#7544);
#7543 = CARTESIAN_POINT('',(-0.32,-2.7,2.54));
#7544 = VECTOR('',#7545,1.);
#7545 = DIRECTION('',(0.,1.,0.));
#7546 = ORIENTED_EDGE('',*,*,#7547,.F.);
#7547 = EDGE_CURVE('',#7524,#7540,#7548,.T.);
#7548 = LINE('',#7549,#7550);
#7549 = CARTESIAN_POINT('',(-0.16,0.32,2.54));
#7550 = VECTOR('',#7551,1.);
#7551 = DIRECTION('',(-1.,0.,0.));
#7552 = FACE_BOUND('',#7553,.T.);
#7553 = EDGE_LOOP('',(#7554,#7564,#7572,#7580));
#7554 = ORIENTED_EDGE('',*,*,#7555,.F.);
#7555 = EDGE_CURVE('',#7556,#7558,#7560,.T.);
#7556 = VERTEX_POINT('',#7557);
#7557 = CARTESIAN_POINT('',(0.32,-2.22,2.54));
#7558 = VERTEX_POINT('',#7559);
#7559 = CARTESIAN_POINT('',(-0.32,-2.22,2.54));
#7560 = LINE('',#7561,#7562);
#7561 = CARTESIAN_POINT('',(-0.16,-2.22,2.54));
#7562 = VECTOR('',#7563,1.);
#7563 = DIRECTION('',(-1.,0.,0.));
#7564 = ORIENTED_EDGE('',*,*,#7565,.F.);
#7565 = EDGE_CURVE('',#7566,#7556,#7568,.T.);
#7566 = VERTEX_POINT('',#7567);
#7567 = CARTESIAN_POINT('',(0.32,-2.86,2.54));
#7568 = LINE('',#7569,#7570);
#7569 = CARTESIAN_POINT('',(0.32,-3.97,2.54));
#7570 = VECTOR('',#7571,1.);
#7571 = DIRECTION('',(0.,1.,0.));
#7572 = ORIENTED_EDGE('',*,*,#7573,.T.);
#7573 = EDGE_CURVE('',#7566,#7574,#7576,.T.);
#7574 = VERTEX_POINT('',#7575);
#7575 = CARTESIAN_POINT('',(-0.32,-2.86,2.54));
#7576 = LINE('',#7577,#7578);
#7577 = CARTESIAN_POINT('',(-0.16,-2.86,2.54));
#7578 = VECTOR('',#7579,1.);
#7579 = DIRECTION('',(-1.,0.,0.));
#7580 = ORIENTED_EDGE('',*,*,#7581,.T.);
#7581 = EDGE_CURVE('',#7574,#7558,#7582,.T.);
#7582 = LINE('',#7583,#7584);
#7583 = CARTESIAN_POINT('',(-0.32,-3.97,2.54));
#7584 = VECTOR('',#7585,1.);
#7585 = DIRECTION('',(0.,1.,0.));
#7586 = FACE_BOUND('',#7587,.T.);
#7587 = EDGE_LOOP('',(#7588,#7598,#7606,#7614));
#7588 = ORIENTED_EDGE('',*,*,#7589,.F.);
#7589 = EDGE_CURVE('',#7590,#7592,#7594,.T.);
#7590 = VERTEX_POINT('',#7591);
#7591 = CARTESIAN_POINT('',(0.32,-4.76,2.54));
#7592 = VERTEX_POINT('',#7593);
#7593 = CARTESIAN_POINT('',(-0.32,-4.76,2.54));
#7594 = LINE('',#7595,#7596);
#7595 = CARTESIAN_POINT('',(-0.16,-4.76,2.54));
#7596 = VECTOR('',#7597,1.);
#7597 = DIRECTION('',(-1.,0.,0.));
#7598 = ORIENTED_EDGE('',*,*,#7599,.F.);
#7599 = EDGE_CURVE('',#7600,#7590,#7602,.T.);
#7600 = VERTEX_POINT('',#7601);
#7601 = CARTESIAN_POINT('',(0.32,-5.4,2.54));
#7602 = LINE('',#7603,#7604);
#7603 = CARTESIAN_POINT('',(0.32,-5.24,2.54));
#7604 = VECTOR('',#7605,1.);
#7605 = DIRECTION('',(0.,1.,0.));
#7606 = ORIENTED_EDGE('',*,*,#7607,.T.);
#7607 = EDGE_CURVE('',#7600,#7608,#7610,.T.);
#7608 = VERTEX_POINT('',#7609);
#7609 = CARTESIAN_POINT('',(-0.32,-5.4,2.54));
#7610 = LINE('',#7611,#7612);
#7611 = CARTESIAN_POINT('',(-0.16,-5.4,2.54));
#7612 = VECTOR('',#7613,1.);
#7613 = DIRECTION('',(-1.,0.,0.));
#7614 = ORIENTED_EDGE('',*,*,#7615,.T.);
#7615 = EDGE_CURVE('',#7608,#7592,#7616,.T.);
#7616 = LINE('',#7617,#7618);
#7617 = CARTESIAN_POINT('',(-0.32,-5.24,2.54));
#7618 = VECTOR('',#7619,1.);
#7619 = DIRECTION('',(0.,1.,0.));
#7620 = FACE_BOUND('',#7621,.T.);
#7621 = EDGE_LOOP('',(#7622,#7632,#7640,#7648));
#7622 = ORIENTED_EDGE('',*,*,#7623,.F.);
#7623 = EDGE_CURVE('',#7624,#7626,#7628,.T.);
#7624 = VERTEX_POINT('',#7625);
#7625 = CARTESIAN_POINT('',(0.32,-9.84,2.54));
#7626 = VERTEX_POINT('',#7627);
#7627 = CARTESIAN_POINT('',(-0.32,-9.84,2.54));
#7628 = LINE('',#7629,#7630);
#7629 = CARTESIAN_POINT('',(-0.16,-9.84,2.54));
#7630 = VECTOR('',#7631,1.);
#7631 = DIRECTION('',(-1.,0.,0.));
#7632 = ORIENTED_EDGE('',*,*,#7633,.F.);
#7633 = EDGE_CURVE('',#7634,#7624,#7636,.T.);
#7634 = VERTEX_POINT('',#7635);
#7635 = CARTESIAN_POINT('',(0.32,-10.48,2.54));
#7636 = LINE('',#7637,#7638);
#7637 = CARTESIAN_POINT('',(0.32,-7.78,2.54));
#7638 = VECTOR('',#7639,1.);
#7639 = DIRECTION('',(0.,1.,0.));
#7640 = ORIENTED_EDGE('',*,*,#7641,.T.);
#7641 = EDGE_CURVE('',#7634,#7642,#7644,.T.);
#7642 = VERTEX_POINT('',#7643);
#7643 = CARTESIAN_POINT('',(-0.32,-10.48,2.54));
#7644 = LINE('',#7645,#7646);
#7645 = CARTESIAN_POINT('',(-0.16,-10.48,2.54));
#7646 = VECTOR('',#7647,1.);
#7647 = DIRECTION('',(-1.,0.,0.));
#7648 = ORIENTED_EDGE('',*,*,#7649,.T.);
#7649 = EDGE_CURVE('',#7642,#7626,#7650,.T.);
#7650 = LINE('',#7651,#7652);
#7651 = CARTESIAN_POINT('',(-0.32,-7.78,2.54));
#7652 = VECTOR('',#7653,1.);
#7653 = DIRECTION('',(0.,1.,0.));
#7654 = FACE_BOUND('',#7655,.T.);
#7655 = EDGE_LOOP('',(#7656,#7666,#7674,#7682));
#7656 = ORIENTED_EDGE('',*,*,#7657,.T.);
#7657 = EDGE_CURVE('',#7658,#7660,#7662,.T.);
#7658 = VERTEX_POINT('',#7659);
#7659 = CARTESIAN_POINT('',(0.32,-7.94,2.54));
#7660 = VERTEX_POINT('',#7661);
#7661 = CARTESIAN_POINT('',(-0.32,-7.94,2.54));
#7662 = LINE('',#7663,#7664);
#7663 = CARTESIAN_POINT('',(-0.16,-7.94,2.54));
#7664 = VECTOR('',#7665,1.);
#7665 = DIRECTION('',(-1.,0.,0.));
#7666 = ORIENTED_EDGE('',*,*,#7667,.T.);
#7667 = EDGE_CURVE('',#7660,#7668,#7670,.T.);
#7668 = VERTEX_POINT('',#7669);
#7669 = CARTESIAN_POINT('',(-0.32,-7.3,2.54));
#7670 = LINE('',#7671,#7672);
#7671 = CARTESIAN_POINT('',(-0.32,-6.51,2.54));
#7672 = VECTOR('',#7673,1.);
#7673 = DIRECTION('',(0.,1.,0.));
#7674 = ORIENTED_EDGE('',*,*,#7675,.F.);
#7675 = EDGE_CURVE('',#7676,#7668,#7678,.T.);
#7676 = VERTEX_POINT('',#7677);
#7677 = CARTESIAN_POINT('',(0.32,-7.3,2.54));
#7678 = LINE('',#7679,#7680);
#7679 = CARTESIAN_POINT('',(-0.16,-7.3,2.54));
#7680 = VECTOR('',#7681,1.);
#7681 = DIRECTION('',(-1.,0.,0.));
#7682 = ORIENTED_EDGE('',*,*,#7683,.F.);
#7683 = EDGE_CURVE('',#7658,#7676,#7684,.T.);
#7684 = LINE('',#7685,#7686);
#7685 = CARTESIAN_POINT('',(0.32,-6.51,2.54));
#7686 = VECTOR('',#7687,1.);
#7687 = DIRECTION('',(0.,1.,0.));
#7688 = PLANE('',#7689);
#7689 = AXIS2_PLACEMENT_3D('',#7690,#7691,#7692);
#7690 = CARTESIAN_POINT('',(-2.110141571089E-17,-5.08,2.54));
#7691 = DIRECTION('',(0.,0.,1.));
#7692 = DIRECTION('',(1.,0.,-0.));
#7693 = ADVANCED_FACE('',(#7694),#7705,.F.);
#7694 = FACE_BOUND('',#7695,.F.);
#7695 = EDGE_LOOP('',(#7696,#7702,#7703,#7704));
#7696 = ORIENTED_EDGE('',*,*,#7697,.T.);
#7697 = EDGE_CURVE('',#7094,#7505,#7698,.T.);
#7698 = LINE('',#7699,#7700);
#7699 = CARTESIAN_POINT('',(1.27,1.016,0.));
#7700 = VECTOR('',#7701,1.);
#7701 = DIRECTION('',(0.,0.,1.));
#7702 = ORIENTED_EDGE('',*,*,#7512,.T.);
#7703 = ORIENTED_EDGE('',*,*,#6813,.F.);
#7704 = ORIENTED_EDGE('',*,*,#7101,.F.);
#7705 = PLANE('',#7706);
#7706 = AXIS2_PLACEMENT_3D('',#7707,#7708,#7709);
#7707 = CARTESIAN_POINT('',(1.27,1.016,0.));
#7708 = DIRECTION('',(-0.707106781187,-0.707106781187,0.));
#7709 = DIRECTION('',(-0.707106781187,0.707106781187,0.));
#7710 = ADVANCED_FACE('',(#7711),#7722,.F.);
#7711 = FACE_BOUND('',#7712,.F.);
#7712 = EDGE_LOOP('',(#7713,#7714,#7715,#7721));
#7713 = ORIENTED_EDGE('',*,*,#6853,.T.);
#7714 = ORIENTED_EDGE('',*,*,#7288,.T.);
#7715 = ORIENTED_EDGE('',*,*,#7716,.F.);
#7716 = EDGE_CURVE('',#6878,#7289,#7717,.T.);
#7717 = LINE('',#7718,#7719);
#7718 = CARTESIAN_POINT('',(-1.016,-1.27,0.));
#7719 = VECTOR('',#7720,1.);
#7720 = DIRECTION('',(0.,0.,1.));
#7721 = ORIENTED_EDGE('',*,*,#6877,.F.);
#7722 = PLANE('',#7723);
#7723 = AXIS2_PLACEMENT_3D('',#7724,#7725,#7726);
#7724 = CARTESIAN_POINT('',(-1.27,-1.016,0.));
#7725 = DIRECTION('',(0.707106781187,0.707106781187,0.));
#7726 = DIRECTION('',(0.707106781187,-0.707106781187,0.));
#7727 = ADVANCED_FACE('',(#7728),#7739,.F.);
#7728 = FACE_BOUND('',#7729,.F.);
#7729 = EDGE_LOOP('',(#7730,#7736,#7737,#7738));
#7730 = ORIENTED_EDGE('',*,*,#7731,.T.);
#7731 = EDGE_CURVE('',#7086,#7497,#7732,.T.);
#7732 = LINE('',#7733,#7734);
#7733 = CARTESIAN_POINT('',(1.27,-1.016,0.));
#7734 = VECTOR('',#7735,1.);
#7735 = DIRECTION('',(0.,0.,1.));
#7736 = ORIENTED_EDGE('',*,*,#7504,.T.);
#7737 = ORIENTED_EDGE('',*,*,#7697,.F.);
#7738 = ORIENTED_EDGE('',*,*,#7093,.F.);
#7739 = PLANE('',#7740);
#7740 = AXIS2_PLACEMENT_3D('',#7741,#7742,#7743);
#7741 = CARTESIAN_POINT('',(1.27,-1.016,0.));
#7742 = DIRECTION('',(-1.,0.,0.));
#7743 = DIRECTION('',(0.,1.,0.));
#7744 = ADVANCED_FACE('',(#7745),#7756,.F.);
#7745 = FACE_BOUND('',#7746,.F.);
#7746 = EDGE_LOOP('',(#7747,#7748,#7749,#7755));
#7747 = ORIENTED_EDGE('',*,*,#7716,.T.);
#7748 = ORIENTED_EDGE('',*,*,#7296,.T.);
#7749 = ORIENTED_EDGE('',*,*,#7750,.F.);
#7750 = EDGE_CURVE('',#6886,#7297,#7751,.T.);
#7751 = LINE('',#7752,#7753);
#7752 = CARTESIAN_POINT('',(-1.27,-1.524,0.));
#7753 = VECTOR('',#7754,1.);
#7754 = DIRECTION('',(0.,0.,1.));
#7755 = ORIENTED_EDGE('',*,*,#6885,.F.);
#7756 = PLANE('',#7757);
#7757 = AXIS2_PLACEMENT_3D('',#7758,#7759,#7760);
#7758 = CARTESIAN_POINT('',(-1.016,-1.27,0.));
#7759 = DIRECTION('',(0.707106781187,-0.707106781187,0.));
#7760 = DIRECTION('',(-0.707106781187,-0.707106781187,0.));
#7761 = ADVANCED_FACE('',(#7762),#7773,.F.);
#7762 = FACE_BOUND('',#7763,.F.);
#7763 = EDGE_LOOP('',(#7764,#7770,#7771,#7772));
#7764 = ORIENTED_EDGE('',*,*,#7765,.T.);
#7765 = EDGE_CURVE('',#7078,#7489,#7766,.T.);
#7766 = LINE('',#7767,#7768);
#7767 = CARTESIAN_POINT('',(1.016,-1.27,0.));
#7768 = VECTOR('',#7769,1.);
#7769 = DIRECTION('',(0.,0.,1.));
#7770 = ORIENTED_EDGE('',*,*,#7496,.T.);
#7771 = ORIENTED_EDGE('',*,*,#7731,.F.);
#7772 = ORIENTED_EDGE('',*,*,#7085,.F.);
#7773 = PLANE('',#7774);
#7774 = AXIS2_PLACEMENT_3D('',#7775,#7776,#7777);
#7775 = CARTESIAN_POINT('',(1.016,-1.27,0.));
#7776 = DIRECTION('',(-0.707106781187,0.707106781187,0.));
#7777 = DIRECTION('',(0.707106781187,0.707106781187,0.));
#7778 = ADVANCED_FACE('',(#7779),#7790,.F.);
#7779 = FACE_BOUND('',#7780,.F.);
#7780 = EDGE_LOOP('',(#7781,#7782,#7783,#7789));
#7781 = ORIENTED_EDGE('',*,*,#7750,.T.);
#7782 = ORIENTED_EDGE('',*,*,#7304,.T.);
#7783 = ORIENTED_EDGE('',*,*,#7784,.F.);
#7784 = EDGE_CURVE('',#6894,#7305,#7785,.T.);
#7785 = LINE('',#7786,#7787);
#7786 = CARTESIAN_POINT('',(-1.27,-3.556,0.));
#7787 = VECTOR('',#7788,1.);
#7788 = DIRECTION('',(0.,0.,1.));
#7789 = ORIENTED_EDGE('',*,*,#6893,.F.);
#7790 = PLANE('',#7791);
#7791 = AXIS2_PLACEMENT_3D('',#7792,#7793,#7794);
#7792 = CARTESIAN_POINT('',(-1.27,-1.524,0.));
#7793 = DIRECTION('',(1.,0.,0.));
#7794 = DIRECTION('',(0.,-1.,0.));
#7795 = ADVANCED_FACE('',(#7796),#7807,.F.);
#7796 = FACE_BOUND('',#7797,.F.);
#7797 = EDGE_LOOP('',(#7798,#7804,#7805,#7806));
#7798 = ORIENTED_EDGE('',*,*,#7799,.T.);
#7799 = EDGE_CURVE('',#7070,#7481,#7800,.T.);
#7800 = LINE('',#7801,#7802);
#7801 = CARTESIAN_POINT('',(1.27,-1.524,0.));
#7802 = VECTOR('',#7803,1.);
#7803 = DIRECTION('',(0.,0.,1.));
#7804 = ORIENTED_EDGE('',*,*,#7488,.T.);
#7805 = ORIENTED_EDGE('',*,*,#7765,.F.);
#7806 = ORIENTED_EDGE('',*,*,#7077,.F.);
#7807 = PLANE('',#7808);
#7808 = AXIS2_PLACEMENT_3D('',#7809,#7810,#7811);
#7809 = CARTESIAN_POINT('',(1.27,-1.524,0.));
#7810 = DIRECTION('',(-0.707106781187,-0.707106781187,0.));
#7811 = DIRECTION('',(-0.707106781187,0.707106781187,0.));
#7812 = ADVANCED_FACE('',(#7813),#7824,.F.);
#7813 = FACE_BOUND('',#7814,.F.);
#7814 = EDGE_LOOP('',(#7815,#7816,#7817,#7823));
#7815 = ORIENTED_EDGE('',*,*,#7784,.T.);
#7816 = ORIENTED_EDGE('',*,*,#7312,.T.);
#7817 = ORIENTED_EDGE('',*,*,#7818,.F.);
#7818 = EDGE_CURVE('',#6902,#7313,#7819,.T.);
#7819 = LINE('',#7820,#7821);
#7820 = CARTESIAN_POINT('',(-1.016,-3.81,0.));
#7821 = VECTOR('',#7822,1.);
#7822 = DIRECTION('',(0.,0.,1.));
#7823 = ORIENTED_EDGE('',*,*,#6901,.F.);
#7824 = PLANE('',#7825);
#7825 = AXIS2_PLACEMENT_3D('',#7826,#7827,#7828);
#7826 = CARTESIAN_POINT('',(-1.27,-3.556,0.));
#7827 = DIRECTION('',(0.707106781187,0.707106781187,0.));
#7828 = DIRECTION('',(0.707106781187,-0.707106781187,0.));
#7829 = ADVANCED_FACE('',(#7830),#7841,.F.);
#7830 = FACE_BOUND('',#7831,.F.);
#7831 = EDGE_LOOP('',(#7832,#7838,#7839,#7840));
#7832 = ORIENTED_EDGE('',*,*,#7833,.T.);
#7833 = EDGE_CURVE('',#7062,#7473,#7834,.T.);
#7834 = LINE('',#7835,#7836);
#7835 = CARTESIAN_POINT('',(1.27,-3.556,0.));
#7836 = VECTOR('',#7837,1.);
#7837 = DIRECTION('',(0.,0.,1.));
#7838 = ORIENTED_EDGE('',*,*,#7480,.T.);
#7839 = ORIENTED_EDGE('',*,*,#7799,.F.);
#7840 = ORIENTED_EDGE('',*,*,#7069,.F.);
#7841 = PLANE('',#7842);
#7842 = AXIS2_PLACEMENT_3D('',#7843,#7844,#7845);
#7843 = CARTESIAN_POINT('',(1.27,-3.556,0.));
#7844 = DIRECTION('',(-1.,0.,0.));
#7845 = DIRECTION('',(0.,1.,0.));
#7846 = ADVANCED_FACE('',(#7847),#7858,.F.);
#7847 = FACE_BOUND('',#7848,.F.);
#7848 = EDGE_LOOP('',(#7849,#7850,#7851,#7857));
#7849 = ORIENTED_EDGE('',*,*,#7818,.T.);
#7850 = ORIENTED_EDGE('',*,*,#7320,.T.);
#7851 = ORIENTED_EDGE('',*,*,#7852,.F.);
#7852 = EDGE_CURVE('',#6910,#7321,#7853,.T.);
#7853 = LINE('',#7854,#7855);
#7854 = CARTESIAN_POINT('',(-1.27,-4.064,0.));
#7855 = VECTOR('',#7856,1.);
#7856 = DIRECTION('',(0.,0.,1.));
#7857 = ORIENTED_EDGE('',*,*,#6909,.F.);
#7858 = PLANE('',#7859);
#7859 = AXIS2_PLACEMENT_3D('',#7860,#7861,#7862);
#7860 = CARTESIAN_POINT('',(-1.016,-3.81,0.));
#7861 = DIRECTION('',(0.707106781187,-0.707106781187,0.));
#7862 = DIRECTION('',(-0.707106781187,-0.707106781187,0.));
#7863 = ADVANCED_FACE('',(#7864),#7875,.F.);
#7864 = FACE_BOUND('',#7865,.F.);
#7865 = EDGE_LOOP('',(#7866,#7872,#7873,#7874));
#7866 = ORIENTED_EDGE('',*,*,#7867,.T.);
#7867 = EDGE_CURVE('',#7054,#7465,#7868,.T.);
#7868 = LINE('',#7869,#7870);
#7869 = CARTESIAN_POINT('',(1.016,-3.81,0.));
#7870 = VECTOR('',#7871,1.);
#7871 = DIRECTION('',(0.,0.,1.));
#7872 = ORIENTED_EDGE('',*,*,#7472,.T.);
#7873 = ORIENTED_EDGE('',*,*,#7833,.F.);
#7874 = ORIENTED_EDGE('',*,*,#7061,.F.);
#7875 = PLANE('',#7876);
#7876 = AXIS2_PLACEMENT_3D('',#7877,#7878,#7879);
#7877 = CARTESIAN_POINT('',(1.016,-3.81,0.));
#7878 = DIRECTION('',(-0.707106781187,0.707106781187,0.));
#7879 = DIRECTION('',(0.707106781187,0.707106781187,0.));
#7880 = ADVANCED_FACE('',(#7881),#7892,.F.);
#7881 = FACE_BOUND('',#7882,.F.);
#7882 = EDGE_LOOP('',(#7883,#7884,#7885,#7891));
#7883 = ORIENTED_EDGE('',*,*,#7852,.T.);
#7884 = ORIENTED_EDGE('',*,*,#7328,.T.);
#7885 = ORIENTED_EDGE('',*,*,#7886,.F.);
#7886 = EDGE_CURVE('',#6918,#7329,#7887,.T.);
#7887 = LINE('',#7888,#7889);
#7888 = CARTESIAN_POINT('',(-1.27,-6.096,0.));
#7889 = VECTOR('',#7890,1.);
#7890 = DIRECTION('',(0.,0.,1.));
#7891 = ORIENTED_EDGE('',*,*,#6917,.F.);
#7892 = PLANE('',#7893);
#7893 = AXIS2_PLACEMENT_3D('',#7894,#7895,#7896);
#7894 = CARTESIAN_POINT('',(-1.27,-4.064,0.));
#7895 = DIRECTION('',(1.,0.,0.));
#7896 = DIRECTION('',(0.,-1.,0.));
#7897 = ADVANCED_FACE('',(#7898),#7909,.F.);
#7898 = FACE_BOUND('',#7899,.F.);
#7899 = EDGE_LOOP('',(#7900,#7906,#7907,#7908));
#7900 = ORIENTED_EDGE('',*,*,#7901,.T.);
#7901 = EDGE_CURVE('',#7046,#7457,#7902,.T.);
#7902 = LINE('',#7903,#7904);
#7903 = CARTESIAN_POINT('',(1.27,-4.064,0.));
#7904 = VECTOR('',#7905,1.);
#7905 = DIRECTION('',(0.,0.,1.));
#7906 = ORIENTED_EDGE('',*,*,#7464,.T.);
#7907 = ORIENTED_EDGE('',*,*,#7867,.F.);
#7908 = ORIENTED_EDGE('',*,*,#7053,.F.);
#7909 = PLANE('',#7910);
#7910 = AXIS2_PLACEMENT_3D('',#7911,#7912,#7913);
#7911 = CARTESIAN_POINT('',(1.27,-4.064,0.));
#7912 = DIRECTION('',(-0.707106781187,-0.707106781187,0.));
#7913 = DIRECTION('',(-0.707106781187,0.707106781187,0.));
#7914 = ADVANCED_FACE('',(#7915),#7926,.F.);
#7915 = FACE_BOUND('',#7916,.F.);
#7916 = EDGE_LOOP('',(#7917,#7918,#7919,#7925));
#7917 = ORIENTED_EDGE('',*,*,#7886,.T.);
#7918 = ORIENTED_EDGE('',*,*,#7336,.T.);
#7919 = ORIENTED_EDGE('',*,*,#7920,.F.);
#7920 = EDGE_CURVE('',#6926,#7337,#7921,.T.);
#7921 = LINE('',#7922,#7923);
#7922 = CARTESIAN_POINT('',(-1.016,-6.35,0.));
#7923 = VECTOR('',#7924,1.);
#7924 = DIRECTION('',(0.,0.,1.));
#7925 = ORIENTED_EDGE('',*,*,#6925,.F.);
#7926 = PLANE('',#7927);
#7927 = AXIS2_PLACEMENT_3D('',#7928,#7929,#7930);
#7928 = CARTESIAN_POINT('',(-1.27,-6.096,0.));
#7929 = DIRECTION('',(0.707106781187,0.707106781187,0.));
#7930 = DIRECTION('',(0.707106781187,-0.707106781187,0.));
#7931 = ADVANCED_FACE('',(#7932),#7943,.F.);
#7932 = FACE_BOUND('',#7933,.F.);
#7933 = EDGE_LOOP('',(#7934,#7940,#7941,#7942));
#7934 = ORIENTED_EDGE('',*,*,#7935,.T.);
#7935 = EDGE_CURVE('',#7038,#7449,#7936,.T.);
#7936 = LINE('',#7937,#7938);
#7937 = CARTESIAN_POINT('',(1.27,-6.096,0.));
#7938 = VECTOR('',#7939,1.);
#7939 = DIRECTION('',(0.,0.,1.));
#7940 = ORIENTED_EDGE('',*,*,#7456,.T.);
#7941 = ORIENTED_EDGE('',*,*,#7901,.F.);
#7942 = ORIENTED_EDGE('',*,*,#7045,.F.);
#7943 = PLANE('',#7944);
#7944 = AXIS2_PLACEMENT_3D('',#7945,#7946,#7947);
#7945 = CARTESIAN_POINT('',(1.27,-6.096,0.));
#7946 = DIRECTION('',(-1.,0.,0.));
#7947 = DIRECTION('',(0.,1.,0.));
#7948 = ADVANCED_FACE('',(#7949),#7960,.F.);
#7949 = FACE_BOUND('',#7950,.F.);
#7950 = EDGE_LOOP('',(#7951,#7952,#7953,#7959));
#7951 = ORIENTED_EDGE('',*,*,#7920,.T.);
#7952 = ORIENTED_EDGE('',*,*,#7344,.T.);
#7953 = ORIENTED_EDGE('',*,*,#7954,.F.);
#7954 = EDGE_CURVE('',#6934,#7345,#7955,.T.);
#7955 = LINE('',#7956,#7957);
#7956 = CARTESIAN_POINT('',(-1.27,-6.604,0.));
#7957 = VECTOR('',#7958,1.);
#7958 = DIRECTION('',(0.,0.,1.));
#7959 = ORIENTED_EDGE('',*,*,#6933,.F.);
#7960 = PLANE('',#7961);
#7961 = AXIS2_PLACEMENT_3D('',#7962,#7963,#7964);
#7962 = CARTESIAN_POINT('',(-1.016,-6.35,0.));
#7963 = DIRECTION('',(0.707106781187,-0.707106781187,0.));
#7964 = DIRECTION('',(-0.707106781187,-0.707106781187,0.));
#7965 = ADVANCED_FACE('',(#7966),#7977,.F.);
#7966 = FACE_BOUND('',#7967,.F.);
#7967 = EDGE_LOOP('',(#7968,#7974,#7975,#7976));
#7968 = ORIENTED_EDGE('',*,*,#7969,.T.);
#7969 = EDGE_CURVE('',#7030,#7441,#7970,.T.);
#7970 = LINE('',#7971,#7972);
#7971 = CARTESIAN_POINT('',(1.016,-6.35,0.));
#7972 = VECTOR('',#7973,1.);
#7973 = DIRECTION('',(0.,0.,1.));
#7974 = ORIENTED_EDGE('',*,*,#7448,.T.);
#7975 = ORIENTED_EDGE('',*,*,#7935,.F.);
#7976 = ORIENTED_EDGE('',*,*,#7037,.F.);
#7977 = PLANE('',#7978);
#7978 = AXIS2_PLACEMENT_3D('',#7979,#7980,#7981);
#7979 = CARTESIAN_POINT('',(1.016,-6.35,0.));
#7980 = DIRECTION('',(-0.707106781187,0.707106781187,0.));
#7981 = DIRECTION('',(0.707106781187,0.707106781187,0.));
#7982 = ADVANCED_FACE('',(#7983),#7994,.F.);
#7983 = FACE_BOUND('',#7984,.F.);
#7984 = EDGE_LOOP('',(#7985,#7986,#7987,#7993));
#7985 = ORIENTED_EDGE('',*,*,#7954,.T.);
#7986 = ORIENTED_EDGE('',*,*,#7352,.T.);
#7987 = ORIENTED_EDGE('',*,*,#7988,.F.);
#7988 = EDGE_CURVE('',#6942,#7353,#7989,.T.);
#7989 = LINE('',#7990,#7991);
#7990 = CARTESIAN_POINT('',(-1.27,-8.636,0.));
#7991 = VECTOR('',#7992,1.);
#7992 = DIRECTION('',(0.,0.,1.));
#7993 = ORIENTED_EDGE('',*,*,#6941,.F.);
#7994 = PLANE('',#7995);
#7995 = AXIS2_PLACEMENT_3D('',#7996,#7997,#7998);
#7996 = CARTESIAN_POINT('',(-1.27,-6.604,0.));
#7997 = DIRECTION('',(1.,0.,0.));
#7998 = DIRECTION('',(0.,-1.,0.));
#7999 = ADVANCED_FACE('',(#8000),#8011,.F.);
#8000 = FACE_BOUND('',#8001,.F.);
#8001 = EDGE_LOOP('',(#8002,#8008,#8009,#8010));
#8002 = ORIENTED_EDGE('',*,*,#8003,.T.);
#8003 = EDGE_CURVE('',#7022,#7433,#8004,.T.);
#8004 = LINE('',#8005,#8006);
#8005 = CARTESIAN_POINT('',(1.27,-6.604,0.));
#8006 = VECTOR('',#8007,1.);
#8007 = DIRECTION('',(0.,0.,1.));
#8008 = ORIENTED_EDGE('',*,*,#7440,.T.);
#8009 = ORIENTED_EDGE('',*,*,#7969,.F.);
#8010 = ORIENTED_EDGE('',*,*,#7029,.F.);
#8011 = PLANE('',#8012);
#8012 = AXIS2_PLACEMENT_3D('',#8013,#8014,#8015);
#8013 = CARTESIAN_POINT('',(1.27,-6.604,0.));
#8014 = DIRECTION('',(-0.707106781187,-0.707106781187,0.));
#8015 = DIRECTION('',(-0.707106781187,0.707106781187,0.));
#8016 = ADVANCED_FACE('',(#8017),#8028,.F.);
#8017 = FACE_BOUND('',#8018,.F.);
#8018 = EDGE_LOOP('',(#8019,#8020,#8021,#8027));
#8019 = ORIENTED_EDGE('',*,*,#7988,.T.);
#8020 = ORIENTED_EDGE('',*,*,#7360,.T.);
#8021 = ORIENTED_EDGE('',*,*,#8022,.F.);
#8022 = EDGE_CURVE('',#6950,#7361,#8023,.T.);
#8023 = LINE('',#8024,#8025);
#8024 = CARTESIAN_POINT('',(-1.016,-8.89,0.));
#8025 = VECTOR('',#8026,1.);
#8026 = DIRECTION('',(0.,0.,1.));
#8027 = ORIENTED_EDGE('',*,*,#6949,.F.);
#8028 = PLANE('',#8029);
#8029 = AXIS2_PLACEMENT_3D('',#8030,#8031,#8032);
#8030 = CARTESIAN_POINT('',(-1.27,-8.636,0.));
#8031 = DIRECTION('',(0.707106781187,0.707106781187,0.));
#8032 = DIRECTION('',(0.707106781187,-0.707106781187,0.));
#8033 = ADVANCED_FACE('',(#8034),#8045,.F.);
#8034 = FACE_BOUND('',#8035,.F.);
#8035 = EDGE_LOOP('',(#8036,#8042,#8043,#8044));
#8036 = ORIENTED_EDGE('',*,*,#8037,.T.);
#8037 = EDGE_CURVE('',#7014,#7425,#8038,.T.);
#8038 = LINE('',#8039,#8040);
#8039 = CARTESIAN_POINT('',(1.27,-8.636,0.));
#8040 = VECTOR('',#8041,1.);
#8041 = DIRECTION('',(0.,0.,1.));
#8042 = ORIENTED_EDGE('',*,*,#7432,.T.);
#8043 = ORIENTED_EDGE('',*,*,#8003,.F.);
#8044 = ORIENTED_EDGE('',*,*,#7021,.F.);
#8045 = PLANE('',#8046);
#8046 = AXIS2_PLACEMENT_3D('',#8047,#8048,#8049);
#8047 = CARTESIAN_POINT('',(1.27,-8.636,0.));
#8048 = DIRECTION('',(-1.,0.,0.));
#8049 = DIRECTION('',(0.,1.,0.));
#8050 = ADVANCED_FACE('',(#8051),#8062,.F.);
#8051 = FACE_BOUND('',#8052,.F.);
#8052 = EDGE_LOOP('',(#8053,#8054,#8055,#8061));
#8053 = ORIENTED_EDGE('',*,*,#8022,.T.);
#8054 = ORIENTED_EDGE('',*,*,#7368,.T.);
#8055 = ORIENTED_EDGE('',*,*,#8056,.F.);
#8056 = EDGE_CURVE('',#6958,#7369,#8057,.T.);
#8057 = LINE('',#8058,#8059);
#8058 = CARTESIAN_POINT('',(-1.27,-9.144,0.));
#8059 = VECTOR('',#8060,1.);
#8060 = DIRECTION('',(0.,0.,1.));
#8061 = ORIENTED_EDGE('',*,*,#6957,.F.);
#8062 = PLANE('',#8063);
#8063 = AXIS2_PLACEMENT_3D('',#8064,#8065,#8066);
#8064 = CARTESIAN_POINT('',(-1.016,-8.89,0.));
#8065 = DIRECTION('',(0.707106781187,-0.707106781187,0.));
#8066 = DIRECTION('',(-0.707106781187,-0.707106781187,0.));
#8067 = ADVANCED_FACE('',(#8068),#8079,.F.);
#8068 = FACE_BOUND('',#8069,.F.);
#8069 = EDGE_LOOP('',(#8070,#8076,#8077,#8078));
#8070 = ORIENTED_EDGE('',*,*,#8071,.T.);
#8071 = EDGE_CURVE('',#7006,#7417,#8072,.T.);
#8072 = LINE('',#8073,#8074);
#8073 = CARTESIAN_POINT('',(1.016,-8.89,0.));
#8074 = VECTOR('',#8075,1.);
#8075 = DIRECTION('',(0.,0.,1.));
#8076 = ORIENTED_EDGE('',*,*,#7424,.T.);
#8077 = ORIENTED_EDGE('',*,*,#8037,.F.);
#8078 = ORIENTED_EDGE('',*,*,#7013,.F.);
#8079 = PLANE('',#8080);
#8080 = AXIS2_PLACEMENT_3D('',#8081,#8082,#8083);
#8081 = CARTESIAN_POINT('',(1.016,-8.89,0.));
#8082 = DIRECTION('',(-0.707106781187,0.707106781187,0.));
#8083 = DIRECTION('',(0.707106781187,0.707106781187,0.));
#8084 = ADVANCED_FACE('',(#8085),#8096,.F.);
#8085 = FACE_BOUND('',#8086,.F.);
#8086 = EDGE_LOOP('',(#8087,#8088,#8089,#8095));
#8087 = ORIENTED_EDGE('',*,*,#8056,.T.);
#8088 = ORIENTED_EDGE('',*,*,#7376,.T.);
#8089 = ORIENTED_EDGE('',*,*,#8090,.F.);
#8090 = EDGE_CURVE('',#6966,#7377,#8091,.T.);
#8091 = LINE('',#8092,#8093);
#8092 = CARTESIAN_POINT('',(-1.27,-11.176,0.));
#8093 = VECTOR('',#8094,1.);
#8094 = DIRECTION('',(0.,0.,1.));
#8095 = ORIENTED_EDGE('',*,*,#6965,.F.);
#8096 = PLANE('',#8097);
#8097 = AXIS2_PLACEMENT_3D('',#8098,#8099,#8100);
#8098 = CARTESIAN_POINT('',(-1.27,-9.144,0.));
#8099 = DIRECTION('',(1.,0.,0.));
#8100 = DIRECTION('',(0.,-1.,0.));
#8101 = ADVANCED_FACE('',(#8102),#8113,.F.);
#8102 = FACE_BOUND('',#8103,.F.);
#8103 = EDGE_LOOP('',(#8104,#8110,#8111,#8112));
#8104 = ORIENTED_EDGE('',*,*,#8105,.T.);
#8105 = EDGE_CURVE('',#6998,#7409,#8106,.T.);
#8106 = LINE('',#8107,#8108);
#8107 = CARTESIAN_POINT('',(1.27,-9.144,0.));
#8108 = VECTOR('',#8109,1.);
#8109 = DIRECTION('',(0.,0.,1.));
#8110 = ORIENTED_EDGE('',*,*,#7416,.T.);
#8111 = ORIENTED_EDGE('',*,*,#8071,.F.);
#8112 = ORIENTED_EDGE('',*,*,#7005,.F.);
#8113 = PLANE('',#8114);
#8114 = AXIS2_PLACEMENT_3D('',#8115,#8116,#8117);
#8115 = CARTESIAN_POINT('',(1.27,-9.144,0.));
#8116 = DIRECTION('',(-0.707106781187,-0.707106781187,0.));
#8117 = DIRECTION('',(-0.707106781187,0.707106781187,0.));
#8118 = ADVANCED_FACE('',(#8119),#8130,.F.);
#8119 = FACE_BOUND('',#8120,.F.);
#8120 = EDGE_LOOP('',(#8121,#8122,#8123,#8129));
#8121 = ORIENTED_EDGE('',*,*,#8090,.T.);
#8122 = ORIENTED_EDGE('',*,*,#7384,.T.);
#8123 = ORIENTED_EDGE('',*,*,#8124,.F.);
#8124 = EDGE_CURVE('',#6974,#7385,#8125,.T.);
#8125 = LINE('',#8126,#8127);
#8126 = CARTESIAN_POINT('',(-1.016,-11.43,0.));
#8127 = VECTOR('',#8128,1.);
#8128 = DIRECTION('',(0.,0.,1.));
#8129 = ORIENTED_EDGE('',*,*,#6973,.F.);
#8130 = PLANE('',#8131);
#8131 = AXIS2_PLACEMENT_3D('',#8132,#8133,#8134);
#8132 = CARTESIAN_POINT('',(-1.27,-11.176,0.));
#8133 = DIRECTION('',(0.707106781187,0.707106781187,0.));
#8134 = DIRECTION('',(0.707106781187,-0.707106781187,0.));
#8135 = ADVANCED_FACE('',(#8136),#8147,.F.);
#8136 = FACE_BOUND('',#8137,.F.);
#8137 = EDGE_LOOP('',(#8138,#8144,#8145,#8146));
#8138 = ORIENTED_EDGE('',*,*,#8139,.T.);
#8139 = EDGE_CURVE('',#6990,#7401,#8140,.T.);
#8140 = LINE('',#8141,#8142);
#8141 = CARTESIAN_POINT('',(1.27,-11.176,0.));
#8142 = VECTOR('',#8143,1.);
#8143 = DIRECTION('',(0.,0.,1.));
#8144 = ORIENTED_EDGE('',*,*,#7408,.T.);
#8145 = ORIENTED_EDGE('',*,*,#8105,.F.);
#8146 = ORIENTED_EDGE('',*,*,#6997,.F.);
#8147 = PLANE('',#8148);
#8148 = AXIS2_PLACEMENT_3D('',#8149,#8150,#8151);
#8149 = CARTESIAN_POINT('',(1.27,-11.176,0.));
#8150 = DIRECTION('',(-1.,0.,0.));
#8151 = DIRECTION('',(0.,1.,0.));
#8152 = ADVANCED_FACE('',(#8153),#8164,.F.);
#8153 = FACE_BOUND('',#8154,.F.);
#8154 = EDGE_LOOP('',(#8155,#8156,#8157,#8163));
#8155 = ORIENTED_EDGE('',*,*,#8124,.T.);
#8156 = ORIENTED_EDGE('',*,*,#7392,.T.);
#8157 = ORIENTED_EDGE('',*,*,#8158,.F.);
#8158 = EDGE_CURVE('',#6982,#7393,#8159,.T.);
#8159 = LINE('',#8160,#8161);
#8160 = CARTESIAN_POINT('',(1.016,-11.43,0.));
#8161 = VECTOR('',#8162,1.);
#8162 = DIRECTION('',(0.,0.,1.));
#8163 = ORIENTED_EDGE('',*,*,#6981,.F.);
#8164 = PLANE('',#8165);
#8165 = AXIS2_PLACEMENT_3D('',#8166,#8167,#8168);
#8166 = CARTESIAN_POINT('',(-1.016,-11.43,0.));
#8167 = DIRECTION('',(0.,1.,0.));
#8168 = DIRECTION('',(1.,0.,0.));
#8169 = ADVANCED_FACE('',(#8170),#8176,.F.);
#8170 = FACE_BOUND('',#8171,.F.);
#8171 = EDGE_LOOP('',(#8172,#8173,#8174,#8175));
#8172 = ORIENTED_EDGE('',*,*,#8158,.T.);
#8173 = ORIENTED_EDGE('',*,*,#7400,.T.);
#8174 = ORIENTED_EDGE('',*,*,#8139,.F.);
#8175 = ORIENTED_EDGE('',*,*,#6989,.F.);
#8176 = PLANE('',#8177);
#8177 = AXIS2_PLACEMENT_3D('',#8178,#8179,#8180);
#8178 = CARTESIAN_POINT('',(1.016,-11.43,0.));
#8179 = DIRECTION('',(-0.707106781187,0.707106781187,0.));
#8180 = DIRECTION('',(0.707106781187,0.707106781187,0.));
#8181 = ADVANCED_FACE('',(#8182),#8207,.T.);
#8182 = FACE_BOUND('',#8183,.T.);
#8183 = EDGE_LOOP('',(#8184,#8192,#8200,#8206));
#8184 = ORIENTED_EDGE('',*,*,#8185,.F.);
#8185 = EDGE_CURVE('',#8186,#7111,#8188,.T.);
#8186 = VERTEX_POINT('',#8187);
#8187 = CARTESIAN_POINT('',(0.32,-0.32,-2.84));
#8188 = LINE('',#8189,#8190);
#8189 = CARTESIAN_POINT('',(0.32,-0.32,-3.));
#8190 = VECTOR('',#8191,1.);
#8191 = DIRECTION('',(0.,0.,1.));
#8192 = ORIENTED_EDGE('',*,*,#8193,.T.);
#8193 = EDGE_CURVE('',#8186,#8194,#8196,.T.);
#8194 = VERTEX_POINT('',#8195);
#8195 = CARTESIAN_POINT('',(0.32,0.32,-2.84));
#8196 = LINE('',#8197,#8198);
#8197 = CARTESIAN_POINT('',(0.32,-0.32,-2.84));
#8198 = VECTOR('',#8199,1.);
#8199 = DIRECTION('',(0.,1.,0.));
#8200 = ORIENTED_EDGE('',*,*,#8201,.T.);
#8201 = EDGE_CURVE('',#8194,#7113,#8202,.T.);
#8202 = LINE('',#8203,#8204);
#8203 = CARTESIAN_POINT('',(0.32,0.32,-3.));
#8204 = VECTOR('',#8205,1.);
#8205 = DIRECTION('',(0.,0.,1.));
#8206 = ORIENTED_EDGE('',*,*,#7110,.F.);
#8207 = PLANE('',#8208);
#8208 = AXIS2_PLACEMENT_3D('',#8209,#8210,#8211);
#8209 = CARTESIAN_POINT('',(0.32,-0.32,-3.));
#8210 = DIRECTION('',(1.,0.,0.));
#8211 = DIRECTION('',(0.,0.,1.));
#8212 = ADVANCED_FACE('',(#8213),#8231,.T.);
#8213 = FACE_BOUND('',#8214,.T.);
#8214 = EDGE_LOOP('',(#8215,#8216,#8224,#8230));
#8215 = ORIENTED_EDGE('',*,*,#8201,.F.);
#8216 = ORIENTED_EDGE('',*,*,#8217,.F.);
#8217 = EDGE_CURVE('',#8218,#8194,#8220,.T.);
#8218 = VERTEX_POINT('',#8219);
#8219 = CARTESIAN_POINT('',(-0.32,0.32,-2.84));
#8220 = LINE('',#8221,#8222);
#8221 = CARTESIAN_POINT('',(-0.32,0.32,-2.84));
#8222 = VECTOR('',#8223,1.);
#8223 = DIRECTION('',(1.,0.,0.));
#8224 = ORIENTED_EDGE('',*,*,#8225,.T.);
#8225 = EDGE_CURVE('',#8218,#7129,#8226,.T.);
#8226 = LINE('',#8227,#8228);
#8227 = CARTESIAN_POINT('',(-0.32,0.32,-3.));
#8228 = VECTOR('',#8229,1.);
#8229 = DIRECTION('',(0.,0.,1.));
#8230 = ORIENTED_EDGE('',*,*,#7136,.F.);
#8231 = PLANE('',#8232);
#8232 = AXIS2_PLACEMENT_3D('',#8233,#8234,#8235);
#8233 = CARTESIAN_POINT('',(-0.32,0.32,-3.));
#8234 = DIRECTION('',(0.,1.,0.));
#8235 = DIRECTION('',(0.,-0.,1.));
#8236 = ADVANCED_FACE('',(#8237),#8255,.F.);
#8237 = FACE_BOUND('',#8238,.F.);
#8238 = EDGE_LOOP('',(#8239,#8247,#8253,#8254));
#8239 = ORIENTED_EDGE('',*,*,#8240,.F.);
#8240 = EDGE_CURVE('',#8241,#7121,#8243,.T.);
#8241 = VERTEX_POINT('',#8242);
#8242 = CARTESIAN_POINT('',(-0.32,-0.32,-2.84));
#8243 = LINE('',#8244,#8245);
#8244 = CARTESIAN_POINT('',(-0.32,-0.32,-3.));
#8245 = VECTOR('',#8246,1.);
#8246 = DIRECTION('',(0.,0.,1.));
#8247 = ORIENTED_EDGE('',*,*,#8248,.T.);
#8248 = EDGE_CURVE('',#8241,#8218,#8249,.T.);
#8249 = LINE('',#8250,#8251);
#8250 = CARTESIAN_POINT('',(-0.32,-0.32,-2.84));
#8251 = VECTOR('',#8252,1.);
#8252 = DIRECTION('',(0.,1.,0.));
#8253 = ORIENTED_EDGE('',*,*,#8225,.T.);
#8254 = ORIENTED_EDGE('',*,*,#7128,.F.);
#8255 = PLANE('',#8256);
#8256 = AXIS2_PLACEMENT_3D('',#8257,#8258,#8259);
#8257 = CARTESIAN_POINT('',(-0.32,-0.32,-3.));
#8258 = DIRECTION('',(1.,0.,0.));
#8259 = DIRECTION('',(0.,0.,1.));
#8260 = ADVANCED_FACE('',(#8261),#8272,.F.);
#8261 = FACE_BOUND('',#8262,.F.);
#8262 = EDGE_LOOP('',(#8263,#8264,#8270,#8271));
#8263 = ORIENTED_EDGE('',*,*,#8185,.F.);
#8264 = ORIENTED_EDGE('',*,*,#8265,.F.);
#8265 = EDGE_CURVE('',#8241,#8186,#8266,.T.);
#8266 = LINE('',#8267,#8268);
#8267 = CARTESIAN_POINT('',(-0.32,-0.32,-2.84));
#8268 = VECTOR('',#8269,1.);
#8269 = DIRECTION('',(1.,0.,0.));
#8270 = ORIENTED_EDGE('',*,*,#8240,.T.);
#8271 = ORIENTED_EDGE('',*,*,#7120,.F.);
#8272 = PLANE('',#8273);
#8273 = AXIS2_PLACEMENT_3D('',#8274,#8275,#8276);
#8274 = CARTESIAN_POINT('',(-0.32,-0.32,-3.));
#8275 = DIRECTION('',(0.,1.,0.));
#8276 = DIRECTION('',(0.,-0.,1.));
#8277 = ADVANCED_FACE('',(#8278),#8303,.T.);
#8278 = FACE_BOUND('',#8279,.T.);
#8279 = EDGE_LOOP('',(#8280,#8288,#8296,#8302));
#8280 = ORIENTED_EDGE('',*,*,#8281,.F.);
#8281 = EDGE_CURVE('',#8282,#7145,#8284,.T.);
#8282 = VERTEX_POINT('',#8283);
#8283 = CARTESIAN_POINT('',(0.32,-2.22,-2.84));
#8284 = LINE('',#8285,#8286);
#8285 = CARTESIAN_POINT('',(0.32,-2.22,-3.));
#8286 = VECTOR('',#8287,1.);
#8287 = DIRECTION('',(0.,0.,1.));
#8288 = ORIENTED_EDGE('',*,*,#8289,.F.);
#8289 = EDGE_CURVE('',#8290,#8282,#8292,.T.);
#8290 = VERTEX_POINT('',#8291);
#8291 = CARTESIAN_POINT('',(-0.32,-2.22,-2.84));
#8292 = LINE('',#8293,#8294);
#8293 = CARTESIAN_POINT('',(-0.32,-2.22,-2.84));
#8294 = VECTOR('',#8295,1.);
#8295 = DIRECTION('',(1.,0.,0.));
#8296 = ORIENTED_EDGE('',*,*,#8297,.T.);
#8297 = EDGE_CURVE('',#8290,#7147,#8298,.T.);
#8298 = LINE('',#8299,#8300);
#8299 = CARTESIAN_POINT('',(-0.32,-2.22,-3.));
#8300 = VECTOR('',#8301,1.);
#8301 = DIRECTION('',(0.,0.,1.));
#8302 = ORIENTED_EDGE('',*,*,#7144,.F.);
#8303 = PLANE('',#8304);
#8304 = AXIS2_PLACEMENT_3D('',#8305,#8306,#8307);
#8305 = CARTESIAN_POINT('',(-0.32,-2.22,-3.));
#8306 = DIRECTION('',(0.,1.,0.));
#8307 = DIRECTION('',(0.,-0.,1.));
#8308 = ADVANCED_FACE('',(#8309),#8327,.F.);
#8309 = FACE_BOUND('',#8310,.F.);
#8310 = EDGE_LOOP('',(#8311,#8319,#8325,#8326));
#8311 = ORIENTED_EDGE('',*,*,#8312,.F.);
#8312 = EDGE_CURVE('',#8313,#7163,#8315,.T.);
#8313 = VERTEX_POINT('',#8314);
#8314 = CARTESIAN_POINT('',(-0.32,-2.86,-2.84));
#8315 = LINE('',#8316,#8317);
#8316 = CARTESIAN_POINT('',(-0.32,-2.86,-3.));
#8317 = VECTOR('',#8318,1.);
#8318 = DIRECTION('',(0.,0.,1.));
#8319 = ORIENTED_EDGE('',*,*,#8320,.T.);
#8320 = EDGE_CURVE('',#8313,#8290,#8321,.T.);
#8321 = LINE('',#8322,#8323);
#8322 = CARTESIAN_POINT('',(-0.32,-2.86,-2.84));
#8323 = VECTOR('',#8324,1.);
#8324 = DIRECTION('',(0.,1.,0.));
#8325 = ORIENTED_EDGE('',*,*,#8297,.T.);
#8326 = ORIENTED_EDGE('',*,*,#7170,.F.);
#8327 = PLANE('',#8328);
#8328 = AXIS2_PLACEMENT_3D('',#8329,#8330,#8331);
#8329 = CARTESIAN_POINT('',(-0.32,-2.86,-3.));
#8330 = DIRECTION('',(1.,0.,0.));
#8331 = DIRECTION('',(0.,0.,1.));
#8332 = ADVANCED_FACE('',(#8333),#8351,.F.);
#8333 = FACE_BOUND('',#8334,.F.);
#8334 = EDGE_LOOP('',(#8335,#8343,#8349,#8350));
#8335 = ORIENTED_EDGE('',*,*,#8336,.F.);
#8336 = EDGE_CURVE('',#8337,#7155,#8339,.T.);
#8337 = VERTEX_POINT('',#8338);
#8338 = CARTESIAN_POINT('',(0.32,-2.86,-2.84));
#8339 = LINE('',#8340,#8341);
#8340 = CARTESIAN_POINT('',(0.32,-2.86,-3.));
#8341 = VECTOR('',#8342,1.);
#8342 = DIRECTION('',(0.,0.,1.));
#8343 = ORIENTED_EDGE('',*,*,#8344,.F.);
#8344 = EDGE_CURVE('',#8313,#8337,#8345,.T.);
#8345 = LINE('',#8346,#8347);
#8346 = CARTESIAN_POINT('',(-0.32,-2.86,-2.84));
#8347 = VECTOR('',#8348,1.);
#8348 = DIRECTION('',(1.,0.,0.));
#8349 = ORIENTED_EDGE('',*,*,#8312,.T.);
#8350 = ORIENTED_EDGE('',*,*,#7162,.F.);
#8351 = PLANE('',#8352);
#8352 = AXIS2_PLACEMENT_3D('',#8353,#8354,#8355);
#8353 = CARTESIAN_POINT('',(-0.32,-2.86,-3.));
#8354 = DIRECTION('',(0.,1.,0.));
#8355 = DIRECTION('',(0.,-0.,1.));
#8356 = ADVANCED_FACE('',(#8357),#8368,.T.);
#8357 = FACE_BOUND('',#8358,.T.);
#8358 = EDGE_LOOP('',(#8359,#8360,#8366,#8367));
#8359 = ORIENTED_EDGE('',*,*,#8336,.F.);
#8360 = ORIENTED_EDGE('',*,*,#8361,.T.);
#8361 = EDGE_CURVE('',#8337,#8282,#8362,.T.);
#8362 = LINE('',#8363,#8364);
#8363 = CARTESIAN_POINT('',(0.32,-2.86,-2.84));
#8364 = VECTOR('',#8365,1.);
#8365 = DIRECTION('',(0.,1.,0.));
#8366 = ORIENTED_EDGE('',*,*,#8281,.T.);
#8367 = ORIENTED_EDGE('',*,*,#7154,.F.);
#8368 = PLANE('',#8369);
#8369 = AXIS2_PLACEMENT_3D('',#8370,#8371,#8372);
#8370 = CARTESIAN_POINT('',(0.32,-2.86,-3.));
#8371 = DIRECTION('',(1.,0.,0.));
#8372 = DIRECTION('',(0.,0.,1.));
#8373 = ADVANCED_FACE('',(#8374),#8399,.T.);
#8374 = FACE_BOUND('',#8375,.T.);
#8375 = EDGE_LOOP('',(#8376,#8384,#8392,#8398));
#8376 = ORIENTED_EDGE('',*,*,#8377,.F.);
#8377 = EDGE_CURVE('',#8378,#7179,#8380,.T.);
#8378 = VERTEX_POINT('',#8379);
#8379 = CARTESIAN_POINT('',(0.32,-4.76,-2.84));
#8380 = LINE('',#8381,#8382);
#8381 = CARTESIAN_POINT('',(0.32,-4.76,-3.));
#8382 = VECTOR('',#8383,1.);
#8383 = DIRECTION('',(0.,0.,1.));
#8384 = ORIENTED_EDGE('',*,*,#8385,.F.);
#8385 = EDGE_CURVE('',#8386,#8378,#8388,.T.);
#8386 = VERTEX_POINT('',#8387);
#8387 = CARTESIAN_POINT('',(-0.32,-4.76,-2.84));
#8388 = LINE('',#8389,#8390);
#8389 = CARTESIAN_POINT('',(-0.32,-4.76,-2.84));
#8390 = VECTOR('',#8391,1.);
#8391 = DIRECTION('',(1.,0.,0.));
#8392 = ORIENTED_EDGE('',*,*,#8393,.T.);
#8393 = EDGE_CURVE('',#8386,#7181,#8394,.T.);
#8394 = LINE('',#8395,#8396);
#8395 = CARTESIAN_POINT('',(-0.32,-4.76,-3.));
#8396 = VECTOR('',#8397,1.);
#8397 = DIRECTION('',(0.,0.,1.));
#8398 = ORIENTED_EDGE('',*,*,#7178,.F.);
#8399 = PLANE('',#8400);
#8400 = AXIS2_PLACEMENT_3D('',#8401,#8402,#8403);
#8401 = CARTESIAN_POINT('',(-0.32,-4.76,-3.));
#8402 = DIRECTION('',(0.,1.,0.));
#8403 = DIRECTION('',(0.,-0.,1.));
#8404 = ADVANCED_FACE('',(#8405),#8423,.F.);
#8405 = FACE_BOUND('',#8406,.F.);
#8406 = EDGE_LOOP('',(#8407,#8415,#8421,#8422));
#8407 = ORIENTED_EDGE('',*,*,#8408,.F.);
#8408 = EDGE_CURVE('',#8409,#7197,#8411,.T.);
#8409 = VERTEX_POINT('',#8410);
#8410 = CARTESIAN_POINT('',(-0.32,-5.4,-2.84));
#8411 = LINE('',#8412,#8413);
#8412 = CARTESIAN_POINT('',(-0.32,-5.4,-3.));
#8413 = VECTOR('',#8414,1.);
#8414 = DIRECTION('',(0.,0.,1.));
#8415 = ORIENTED_EDGE('',*,*,#8416,.T.);
#8416 = EDGE_CURVE('',#8409,#8386,#8417,.T.);
#8417 = LINE('',#8418,#8419);
#8418 = CARTESIAN_POINT('',(-0.32,-5.4,-2.84));
#8419 = VECTOR('',#8420,1.);
#8420 = DIRECTION('',(0.,1.,0.));
#8421 = ORIENTED_EDGE('',*,*,#8393,.T.);
#8422 = ORIENTED_EDGE('',*,*,#7204,.F.);
#8423 = PLANE('',#8424);
#8424 = AXIS2_PLACEMENT_3D('',#8425,#8426,#8427);
#8425 = CARTESIAN_POINT('',(-0.32,-5.4,-3.));
#8426 = DIRECTION('',(1.,0.,0.));
#8427 = DIRECTION('',(0.,0.,1.));
#8428 = ADVANCED_FACE('',(#8429),#8447,.F.);
#8429 = FACE_BOUND('',#8430,.F.);
#8430 = EDGE_LOOP('',(#8431,#8439,#8445,#8446));
#8431 = ORIENTED_EDGE('',*,*,#8432,.F.);
#8432 = EDGE_CURVE('',#8433,#7189,#8435,.T.);
#8433 = VERTEX_POINT('',#8434);
#8434 = CARTESIAN_POINT('',(0.32,-5.4,-2.84));
#8435 = LINE('',#8436,#8437);
#8436 = CARTESIAN_POINT('',(0.32,-5.4,-3.));
#8437 = VECTOR('',#8438,1.);
#8438 = DIRECTION('',(0.,0.,1.));
#8439 = ORIENTED_EDGE('',*,*,#8440,.F.);
#8440 = EDGE_CURVE('',#8409,#8433,#8441,.T.);
#8441 = LINE('',#8442,#8443);
#8442 = CARTESIAN_POINT('',(-0.32,-5.4,-2.84));
#8443 = VECTOR('',#8444,1.);
#8444 = DIRECTION('',(1.,0.,0.));
#8445 = ORIENTED_EDGE('',*,*,#8408,.T.);
#8446 = ORIENTED_EDGE('',*,*,#7196,.F.);
#8447 = PLANE('',#8448);
#8448 = AXIS2_PLACEMENT_3D('',#8449,#8450,#8451);
#8449 = CARTESIAN_POINT('',(-0.32,-5.4,-3.));
#8450 = DIRECTION('',(0.,1.,0.));
#8451 = DIRECTION('',(0.,-0.,1.));
#8452 = ADVANCED_FACE('',(#8453),#8464,.T.);
#8453 = FACE_BOUND('',#8454,.T.);
#8454 = EDGE_LOOP('',(#8455,#8456,#8462,#8463));
#8455 = ORIENTED_EDGE('',*,*,#8432,.F.);
#8456 = ORIENTED_EDGE('',*,*,#8457,.T.);
#8457 = EDGE_CURVE('',#8433,#8378,#8458,.T.);
#8458 = LINE('',#8459,#8460);
#8459 = CARTESIAN_POINT('',(0.32,-5.4,-2.84));
#8460 = VECTOR('',#8461,1.);
#8461 = DIRECTION('',(0.,1.,0.));
#8462 = ORIENTED_EDGE('',*,*,#8377,.T.);
#8463 = ORIENTED_EDGE('',*,*,#7188,.F.);
#8464 = PLANE('',#8465);
#8465 = AXIS2_PLACEMENT_3D('',#8466,#8467,#8468);
#8466 = CARTESIAN_POINT('',(0.32,-5.4,-3.));
#8467 = DIRECTION('',(1.,0.,0.));
#8468 = DIRECTION('',(0.,0.,1.));
#8469 = ADVANCED_FACE('',(#8470),#8495,.T.);
#8470 = FACE_BOUND('',#8471,.T.);
#8471 = EDGE_LOOP('',(#8472,#8480,#8488,#8494));
#8472 = ORIENTED_EDGE('',*,*,#8473,.F.);
#8473 = EDGE_CURVE('',#8474,#7213,#8476,.T.);
#8474 = VERTEX_POINT('',#8475);
#8475 = CARTESIAN_POINT('',(0.32,-9.84,-2.84));
#8476 = LINE('',#8477,#8478);
#8477 = CARTESIAN_POINT('',(0.32,-9.84,-3.));
#8478 = VECTOR('',#8479,1.);
#8479 = DIRECTION('',(0.,0.,1.));
#8480 = ORIENTED_EDGE('',*,*,#8481,.F.);
#8481 = EDGE_CURVE('',#8482,#8474,#8484,.T.);
#8482 = VERTEX_POINT('',#8483);
#8483 = CARTESIAN_POINT('',(-0.32,-9.84,-2.84));
#8484 = LINE('',#8485,#8486);
#8485 = CARTESIAN_POINT('',(-0.32,-9.84,-2.84));
#8486 = VECTOR('',#8487,1.);
#8487 = DIRECTION('',(1.,0.,0.));
#8488 = ORIENTED_EDGE('',*,*,#8489,.T.);
#8489 = EDGE_CURVE('',#8482,#7215,#8490,.T.);
#8490 = LINE('',#8491,#8492);
#8491 = CARTESIAN_POINT('',(-0.32,-9.84,-3.));
#8492 = VECTOR('',#8493,1.);
#8493 = DIRECTION('',(0.,0.,1.));
#8494 = ORIENTED_EDGE('',*,*,#7212,.F.);
#8495 = PLANE('',#8496);
#8496 = AXIS2_PLACEMENT_3D('',#8497,#8498,#8499);
#8497 = CARTESIAN_POINT('',(-0.32,-9.84,-3.));
#8498 = DIRECTION('',(0.,1.,0.));
#8499 = DIRECTION('',(0.,-0.,1.));
#8500 = ADVANCED_FACE('',(#8501),#8519,.F.);
#8501 = FACE_BOUND('',#8502,.F.);
#8502 = EDGE_LOOP('',(#8503,#8511,#8517,#8518));
#8503 = ORIENTED_EDGE('',*,*,#8504,.F.);
#8504 = EDGE_CURVE('',#8505,#7231,#8507,.T.);
#8505 = VERTEX_POINT('',#8506);
#8506 = CARTESIAN_POINT('',(-0.32,-10.48,-2.84));
#8507 = LINE('',#8508,#8509);
#8508 = CARTESIAN_POINT('',(-0.32,-10.48,-3.));
#8509 = VECTOR('',#8510,1.);
#8510 = DIRECTION('',(0.,0.,1.));
#8511 = ORIENTED_EDGE('',*,*,#8512,.T.);
#8512 = EDGE_CURVE('',#8505,#8482,#8513,.T.);
#8513 = LINE('',#8514,#8515);
#8514 = CARTESIAN_POINT('',(-0.32,-10.48,-2.84));
#8515 = VECTOR('',#8516,1.);
#8516 = DIRECTION('',(0.,1.,0.));
#8517 = ORIENTED_EDGE('',*,*,#8489,.T.);
#8518 = ORIENTED_EDGE('',*,*,#7238,.F.);
#8519 = PLANE('',#8520);
#8520 = AXIS2_PLACEMENT_3D('',#8521,#8522,#8523);
#8521 = CARTESIAN_POINT('',(-0.32,-10.48,-3.));
#8522 = DIRECTION('',(1.,0.,0.));
#8523 = DIRECTION('',(0.,0.,1.));
#8524 = ADVANCED_FACE('',(#8525),#8543,.F.);
#8525 = FACE_BOUND('',#8526,.F.);
#8526 = EDGE_LOOP('',(#8527,#8535,#8541,#8542));
#8527 = ORIENTED_EDGE('',*,*,#8528,.F.);
#8528 = EDGE_CURVE('',#8529,#7223,#8531,.T.);
#8529 = VERTEX_POINT('',#8530);
#8530 = CARTESIAN_POINT('',(0.32,-10.48,-2.84));
#8531 = LINE('',#8532,#8533);
#8532 = CARTESIAN_POINT('',(0.32,-10.48,-3.));
#8533 = VECTOR('',#8534,1.);
#8534 = DIRECTION('',(0.,0.,1.));
#8535 = ORIENTED_EDGE('',*,*,#8536,.F.);
#8536 = EDGE_CURVE('',#8505,#8529,#8537,.T.);
#8537 = LINE('',#8538,#8539);
#8538 = CARTESIAN_POINT('',(-0.32,-10.48,-2.84));
#8539 = VECTOR('',#8540,1.);
#8540 = DIRECTION('',(1.,0.,0.));
#8541 = ORIENTED_EDGE('',*,*,#8504,.T.);
#8542 = ORIENTED_EDGE('',*,*,#7230,.F.);
#8543 = PLANE('',#8544);
#8544 = AXIS2_PLACEMENT_3D('',#8545,#8546,#8547);
#8545 = CARTESIAN_POINT('',(-0.32,-10.48,-3.));
#8546 = DIRECTION('',(0.,1.,0.));
#8547 = DIRECTION('',(0.,-0.,1.));
#8548 = ADVANCED_FACE('',(#8549),#8560,.T.);
#8549 = FACE_BOUND('',#8550,.T.);
#8550 = EDGE_LOOP('',(#8551,#8552,#8558,#8559));
#8551 = ORIENTED_EDGE('',*,*,#8528,.F.);
#8552 = ORIENTED_EDGE('',*,*,#8553,.T.);
#8553 = EDGE_CURVE('',#8529,#8474,#8554,.T.);
#8554 = LINE('',#8555,#8556);
#8555 = CARTESIAN_POINT('',(0.32,-10.48,-2.84));
#8556 = VECTOR('',#8557,1.);
#8557 = DIRECTION('',(0.,1.,0.));
#8558 = ORIENTED_EDGE('',*,*,#8473,.T.);
#8559 = ORIENTED_EDGE('',*,*,#7222,.F.);
#8560 = PLANE('',#8561);
#8561 = AXIS2_PLACEMENT_3D('',#8562,#8563,#8564);
#8562 = CARTESIAN_POINT('',(0.32,-10.48,-3.));
#8563 = DIRECTION('',(1.,0.,0.));
#8564 = DIRECTION('',(0.,0.,1.));
#8565 = ADVANCED_FACE('',(#8566),#8591,.F.);
#8566 = FACE_BOUND('',#8567,.F.);
#8567 = EDGE_LOOP('',(#8568,#8576,#8584,#8590));
#8568 = ORIENTED_EDGE('',*,*,#8569,.F.);
#8569 = EDGE_CURVE('',#8570,#7247,#8572,.T.);
#8570 = VERTEX_POINT('',#8571);
#8571 = CARTESIAN_POINT('',(0.32,-7.94,-2.84));
#8572 = LINE('',#8573,#8574);
#8573 = CARTESIAN_POINT('',(0.32,-7.94,-3.));
#8574 = VECTOR('',#8575,1.);
#8575 = DIRECTION('',(0.,0.,1.));
#8576 = ORIENTED_EDGE('',*,*,#8577,.F.);
#8577 = EDGE_CURVE('',#8578,#8570,#8580,.T.);
#8578 = VERTEX_POINT('',#8579);
#8579 = CARTESIAN_POINT('',(-0.32,-7.94,-2.84));
#8580 = LINE('',#8581,#8582);
#8581 = CARTESIAN_POINT('',(-0.32,-7.94,-2.84));
#8582 = VECTOR('',#8583,1.);
#8583 = DIRECTION('',(1.,0.,0.));
#8584 = ORIENTED_EDGE('',*,*,#8585,.T.);
#8585 = EDGE_CURVE('',#8578,#7249,#8586,.T.);
#8586 = LINE('',#8587,#8588);
#8587 = CARTESIAN_POINT('',(-0.32,-7.94,-3.));
#8588 = VECTOR('',#8589,1.);
#8589 = DIRECTION('',(0.,0.,1.));
#8590 = ORIENTED_EDGE('',*,*,#7246,.F.);
#8591 = PLANE('',#8592);
#8592 = AXIS2_PLACEMENT_3D('',#8593,#8594,#8595);
#8593 = CARTESIAN_POINT('',(-0.32,-7.94,-3.));
#8594 = DIRECTION('',(0.,1.,0.));
#8595 = DIRECTION('',(0.,-0.,1.));
#8596 = ADVANCED_FACE('',(#8597),#8615,.T.);
#8597 = FACE_BOUND('',#8598,.T.);
#8598 = EDGE_LOOP('',(#8599,#8600,#8608,#8614));
#8599 = ORIENTED_EDGE('',*,*,#8569,.F.);
#8600 = ORIENTED_EDGE('',*,*,#8601,.T.);
#8601 = EDGE_CURVE('',#8570,#8602,#8604,.T.);
#8602 = VERTEX_POINT('',#8603);
#8603 = CARTESIAN_POINT('',(0.32,-7.3,-2.84));
#8604 = LINE('',#8605,#8606);
#8605 = CARTESIAN_POINT('',(0.32,-7.94,-2.84));
#8606 = VECTOR('',#8607,1.);
#8607 = DIRECTION('',(0.,1.,0.));
#8608 = ORIENTED_EDGE('',*,*,#8609,.T.);
#8609 = EDGE_CURVE('',#8602,#7265,#8610,.T.);
#8610 = LINE('',#8611,#8612);
#8611 = CARTESIAN_POINT('',(0.32,-7.3,-3.));
#8612 = VECTOR('',#8613,1.);
#8613 = DIRECTION('',(0.,0.,1.));
#8614 = ORIENTED_EDGE('',*,*,#7272,.F.);
#8615 = PLANE('',#8616);
#8616 = AXIS2_PLACEMENT_3D('',#8617,#8618,#8619);
#8617 = CARTESIAN_POINT('',(0.32,-7.94,-3.));
#8618 = DIRECTION('',(1.,0.,0.));
#8619 = DIRECTION('',(0.,0.,1.));
#8620 = ADVANCED_FACE('',(#8621),#8639,.T.);
#8621 = FACE_BOUND('',#8622,.T.);
#8622 = EDGE_LOOP('',(#8623,#8624,#8632,#8638));
#8623 = ORIENTED_EDGE('',*,*,#8609,.F.);
#8624 = ORIENTED_EDGE('',*,*,#8625,.F.);
#8625 = EDGE_CURVE('',#8626,#8602,#8628,.T.);
#8626 = VERTEX_POINT('',#8627);
#8627 = CARTESIAN_POINT('',(-0.32,-7.3,-2.84));
#8628 = LINE('',#8629,#8630);
#8629 = CARTESIAN_POINT('',(-0.32,-7.3,-2.84));
#8630 = VECTOR('',#8631,1.);
#8631 = DIRECTION('',(1.,0.,0.));
#8632 = ORIENTED_EDGE('',*,*,#8633,.T.);
#8633 = EDGE_CURVE('',#8626,#7257,#8634,.T.);
#8634 = LINE('',#8635,#8636);
#8635 = CARTESIAN_POINT('',(-0.32,-7.3,-3.));
#8636 = VECTOR('',#8637,1.);
#8637 = DIRECTION('',(0.,0.,1.));
#8638 = ORIENTED_EDGE('',*,*,#7264,.F.);
#8639 = PLANE('',#8640);
#8640 = AXIS2_PLACEMENT_3D('',#8641,#8642,#8643);
#8641 = CARTESIAN_POINT('',(-0.32,-7.3,-3.));
#8642 = DIRECTION('',(0.,1.,0.));
#8643 = DIRECTION('',(0.,-0.,1.));
#8644 = ADVANCED_FACE('',(#8645),#8656,.F.);
#8645 = FACE_BOUND('',#8646,.F.);
#8646 = EDGE_LOOP('',(#8647,#8648,#8654,#8655));
#8647 = ORIENTED_EDGE('',*,*,#8585,.F.);
#8648 = ORIENTED_EDGE('',*,*,#8649,.T.);
#8649 = EDGE_CURVE('',#8578,#8626,#8650,.T.);
#8650 = LINE('',#8651,#8652);
#8651 = CARTESIAN_POINT('',(-0.32,-7.94,-2.84));
#8652 = VECTOR('',#8653,1.);
#8653 = DIRECTION('',(0.,1.,0.));
#8654 = ORIENTED_EDGE('',*,*,#8633,.T.);
#8655 = ORIENTED_EDGE('',*,*,#7256,.F.);
#8656 = PLANE('',#8657);
#8657 = AXIS2_PLACEMENT_3D('',#8658,#8659,#8660);
#8658 = CARTESIAN_POINT('',(-0.32,-7.94,-3.));
#8659 = DIRECTION('',(1.,0.,0.));
#8660 = DIRECTION('',(0.,0.,1.));
#8661 = ADVANCED_FACE('',(#8662),#8687,.T.);
#8662 = FACE_BOUND('',#8663,.T.);
#8663 = EDGE_LOOP('',(#8664,#8672,#8673,#8681));
#8664 = ORIENTED_EDGE('',*,*,#8665,.F.);
#8665 = EDGE_CURVE('',#7522,#8666,#8668,.T.);
#8666 = VERTEX_POINT('',#8667);
#8667 = CARTESIAN_POINT('',(0.32,-0.32,8.38));
#8668 = LINE('',#8669,#8670);
#8669 = CARTESIAN_POINT('',(0.32,-0.32,-3.));
#8670 = VECTOR('',#8671,1.);
#8671 = DIRECTION('',(0.,0.,1.));
#8672 = ORIENTED_EDGE('',*,*,#7521,.T.);
#8673 = ORIENTED_EDGE('',*,*,#8674,.T.);
#8674 = EDGE_CURVE('',#7524,#8675,#8677,.T.);
#8675 = VERTEX_POINT('',#8676);
#8676 = CARTESIAN_POINT('',(0.32,0.32,8.38));
#8677 = LINE('',#8678,#8679);
#8678 = CARTESIAN_POINT('',(0.32,0.32,-3.));
#8679 = VECTOR('',#8680,1.);
#8680 = DIRECTION('',(0.,0.,1.));
#8681 = ORIENTED_EDGE('',*,*,#8682,.F.);
#8682 = EDGE_CURVE('',#8666,#8675,#8683,.T.);
#8683 = LINE('',#8684,#8685);
#8684 = CARTESIAN_POINT('',(0.32,-0.32,8.38));
#8685 = VECTOR('',#8686,1.);
#8686 = DIRECTION('',(0.,1.,0.));
#8687 = PLANE('',#8688);
#8688 = AXIS2_PLACEMENT_3D('',#8689,#8690,#8691);
#8689 = CARTESIAN_POINT('',(0.32,-0.32,-3.));
#8690 = DIRECTION('',(1.,0.,0.));
#8691 = DIRECTION('',(0.,0.,1.));
#8692 = ADVANCED_FACE('',(#8693),#8711,.T.);
#8693 = FACE_BOUND('',#8694,.T.);
#8694 = EDGE_LOOP('',(#8695,#8696,#8697,#8705));
#8695 = ORIENTED_EDGE('',*,*,#8674,.F.);
#8696 = ORIENTED_EDGE('',*,*,#7547,.T.);
#8697 = ORIENTED_EDGE('',*,*,#8698,.T.);
#8698 = EDGE_CURVE('',#7540,#8699,#8701,.T.);
#8699 = VERTEX_POINT('',#8700);
#8700 = CARTESIAN_POINT('',(-0.32,0.32,8.38));
#8701 = LINE('',#8702,#8703);
#8702 = CARTESIAN_POINT('',(-0.32,0.32,-3.));
#8703 = VECTOR('',#8704,1.);
#8704 = DIRECTION('',(0.,0.,1.));
#8705 = ORIENTED_EDGE('',*,*,#8706,.T.);
#8706 = EDGE_CURVE('',#8699,#8675,#8707,.T.);
#8707 = LINE('',#8708,#8709);
#8708 = CARTESIAN_POINT('',(-0.32,0.32,8.38));
#8709 = VECTOR('',#8710,1.);
#8710 = DIRECTION('',(1.,0.,0.));
#8711 = PLANE('',#8712);
#8712 = AXIS2_PLACEMENT_3D('',#8713,#8714,#8715);
#8713 = CARTESIAN_POINT('',(-0.32,0.32,-3.));
#8714 = DIRECTION('',(0.,1.,0.));
#8715 = DIRECTION('',(0.,-0.,1.));
#8716 = ADVANCED_FACE('',(#8717),#8735,.F.);
#8717 = FACE_BOUND('',#8718,.F.);
#8718 = EDGE_LOOP('',(#8719,#8727,#8728,#8729));
#8719 = ORIENTED_EDGE('',*,*,#8720,.F.);
#8720 = EDGE_CURVE('',#7532,#8721,#8723,.T.);
#8721 = VERTEX_POINT('',#8722);
#8722 = CARTESIAN_POINT('',(-0.32,-0.32,8.38));
#8723 = LINE('',#8724,#8725);
#8724 = CARTESIAN_POINT('',(-0.32,-0.32,-3.));
#8725 = VECTOR('',#8726,1.);
#8726 = DIRECTION('',(0.,0.,1.));
#8727 = ORIENTED_EDGE('',*,*,#7539,.T.);
#8728 = ORIENTED_EDGE('',*,*,#8698,.T.);
#8729 = ORIENTED_EDGE('',*,*,#8730,.F.);
#8730 = EDGE_CURVE('',#8721,#8699,#8731,.T.);
#8731 = LINE('',#8732,#8733);
#8732 = CARTESIAN_POINT('',(-0.32,-0.32,8.38));
#8733 = VECTOR('',#8734,1.);
#8734 = DIRECTION('',(0.,1.,0.));
#8735 = PLANE('',#8736);
#8736 = AXIS2_PLACEMENT_3D('',#8737,#8738,#8739);
#8737 = CARTESIAN_POINT('',(-0.32,-0.32,-3.));
#8738 = DIRECTION('',(1.,0.,0.));
#8739 = DIRECTION('',(0.,0.,1.));
#8740 = ADVANCED_FACE('',(#8741),#8752,.F.);
#8741 = FACE_BOUND('',#8742,.F.);
#8742 = EDGE_LOOP('',(#8743,#8744,#8745,#8746));
#8743 = ORIENTED_EDGE('',*,*,#8665,.F.);
#8744 = ORIENTED_EDGE('',*,*,#7531,.T.);
#8745 = ORIENTED_EDGE('',*,*,#8720,.T.);
#8746 = ORIENTED_EDGE('',*,*,#8747,.T.);
#8747 = EDGE_CURVE('',#8721,#8666,#8748,.T.);
#8748 = LINE('',#8749,#8750);
#8749 = CARTESIAN_POINT('',(-0.32,-0.32,8.38));
#8750 = VECTOR('',#8751,1.);
#8751 = DIRECTION('',(1.,0.,0.));
#8752 = PLANE('',#8753);
#8753 = AXIS2_PLACEMENT_3D('',#8754,#8755,#8756);
#8754 = CARTESIAN_POINT('',(-0.32,-0.32,-3.));
#8755 = DIRECTION('',(0.,1.,0.));
#8756 = DIRECTION('',(0.,-0.,1.));
#8757 = ADVANCED_FACE('',(#8758),#8783,.T.);
#8758 = FACE_BOUND('',#8759,.T.);
#8759 = EDGE_LOOP('',(#8760,#8768,#8769,#8777));
#8760 = ORIENTED_EDGE('',*,*,#8761,.F.);
#8761 = EDGE_CURVE('',#7556,#8762,#8764,.T.);
#8762 = VERTEX_POINT('',#8763);
#8763 = CARTESIAN_POINT('',(0.32,-2.22,8.38));
#8764 = LINE('',#8765,#8766);
#8765 = CARTESIAN_POINT('',(0.32,-2.22,-3.));
#8766 = VECTOR('',#8767,1.);
#8767 = DIRECTION('',(0.,0.,1.));
#8768 = ORIENTED_EDGE('',*,*,#7555,.T.);
#8769 = ORIENTED_EDGE('',*,*,#8770,.T.);
#8770 = EDGE_CURVE('',#7558,#8771,#8773,.T.);
#8771 = VERTEX_POINT('',#8772);
#8772 = CARTESIAN_POINT('',(-0.32,-2.22,8.38));
#8773 = LINE('',#8774,#8775);
#8774 = CARTESIAN_POINT('',(-0.32,-2.22,-3.));
#8775 = VECTOR('',#8776,1.);
#8776 = DIRECTION('',(0.,0.,1.));
#8777 = ORIENTED_EDGE('',*,*,#8778,.T.);
#8778 = EDGE_CURVE('',#8771,#8762,#8779,.T.);
#8779 = LINE('',#8780,#8781);
#8780 = CARTESIAN_POINT('',(-0.32,-2.22,8.38));
#8781 = VECTOR('',#8782,1.);
#8782 = DIRECTION('',(1.,0.,0.));
#8783 = PLANE('',#8784);
#8784 = AXIS2_PLACEMENT_3D('',#8785,#8786,#8787);
#8785 = CARTESIAN_POINT('',(-0.32,-2.22,-3.));
#8786 = DIRECTION('',(0.,1.,0.));
#8787 = DIRECTION('',(0.,-0.,1.));
#8788 = ADVANCED_FACE('',(#8789),#8807,.F.);
#8789 = FACE_BOUND('',#8790,.F.);
#8790 = EDGE_LOOP('',(#8791,#8799,#8800,#8801));
#8791 = ORIENTED_EDGE('',*,*,#8792,.F.);
#8792 = EDGE_CURVE('',#7574,#8793,#8795,.T.);
#8793 = VERTEX_POINT('',#8794);
#8794 = CARTESIAN_POINT('',(-0.32,-2.86,8.38));
#8795 = LINE('',#8796,#8797);
#8796 = CARTESIAN_POINT('',(-0.32,-2.86,-3.));
#8797 = VECTOR('',#8798,1.);
#8798 = DIRECTION('',(0.,0.,1.));
#8799 = ORIENTED_EDGE('',*,*,#7581,.T.);
#8800 = ORIENTED_EDGE('',*,*,#8770,.T.);
#8801 = ORIENTED_EDGE('',*,*,#8802,.F.);
#8802 = EDGE_CURVE('',#8793,#8771,#8803,.T.);
#8803 = LINE('',#8804,#8805);
#8804 = CARTESIAN_POINT('',(-0.32,-2.86,8.38));
#8805 = VECTOR('',#8806,1.);
#8806 = DIRECTION('',(0.,1.,0.));
#8807 = PLANE('',#8808);
#8808 = AXIS2_PLACEMENT_3D('',#8809,#8810,#8811);
#8809 = CARTESIAN_POINT('',(-0.32,-2.86,-3.));
#8810 = DIRECTION('',(1.,0.,0.));
#8811 = DIRECTION('',(0.,0.,1.));
#8812 = ADVANCED_FACE('',(#8813),#8831,.F.);
#8813 = FACE_BOUND('',#8814,.F.);
#8814 = EDGE_LOOP('',(#8815,#8823,#8824,#8825));
#8815 = ORIENTED_EDGE('',*,*,#8816,.F.);
#8816 = EDGE_CURVE('',#7566,#8817,#8819,.T.);
#8817 = VERTEX_POINT('',#8818);
#8818 = CARTESIAN_POINT('',(0.32,-2.86,8.38));
#8819 = LINE('',#8820,#8821);
#8820 = CARTESIAN_POINT('',(0.32,-2.86,-3.));
#8821 = VECTOR('',#8822,1.);
#8822 = DIRECTION('',(0.,0.,1.));
#8823 = ORIENTED_EDGE('',*,*,#7573,.T.);
#8824 = ORIENTED_EDGE('',*,*,#8792,.T.);
#8825 = ORIENTED_EDGE('',*,*,#8826,.T.);
#8826 = EDGE_CURVE('',#8793,#8817,#8827,.T.);
#8827 = LINE('',#8828,#8829);
#8828 = CARTESIAN_POINT('',(-0.32,-2.86,8.38));
#8829 = VECTOR('',#8830,1.);
#8830 = DIRECTION('',(1.,0.,0.));
#8831 = PLANE('',#8832);
#8832 = AXIS2_PLACEMENT_3D('',#8833,#8834,#8835);
#8833 = CARTESIAN_POINT('',(-0.32,-2.86,-3.));
#8834 = DIRECTION('',(0.,1.,0.));
#8835 = DIRECTION('',(0.,-0.,1.));
#8836 = ADVANCED_FACE('',(#8837),#8848,.T.);
#8837 = FACE_BOUND('',#8838,.T.);
#8838 = EDGE_LOOP('',(#8839,#8840,#8841,#8842));
#8839 = ORIENTED_EDGE('',*,*,#8816,.F.);
#8840 = ORIENTED_EDGE('',*,*,#7565,.T.);
#8841 = ORIENTED_EDGE('',*,*,#8761,.T.);
#8842 = ORIENTED_EDGE('',*,*,#8843,.F.);
#8843 = EDGE_CURVE('',#8817,#8762,#8844,.T.);
#8844 = LINE('',#8845,#8846);
#8845 = CARTESIAN_POINT('',(0.32,-2.86,8.38));
#8846 = VECTOR('',#8847,1.);
#8847 = DIRECTION('',(0.,1.,0.));
#8848 = PLANE('',#8849);
#8849 = AXIS2_PLACEMENT_3D('',#8850,#8851,#8852);
#8850 = CARTESIAN_POINT('',(0.32,-2.86,-3.));
#8851 = DIRECTION('',(1.,0.,0.));
#8852 = DIRECTION('',(0.,0.,1.));
#8853 = ADVANCED_FACE('',(#8854),#8879,.T.);
#8854 = FACE_BOUND('',#8855,.T.);
#8855 = EDGE_LOOP('',(#8856,#8864,#8865,#8873));
#8856 = ORIENTED_EDGE('',*,*,#8857,.F.);
#8857 = EDGE_CURVE('',#7590,#8858,#8860,.T.);
#8858 = VERTEX_POINT('',#8859);
#8859 = CARTESIAN_POINT('',(0.32,-4.76,8.38));
#8860 = LINE('',#8861,#8862);
#8861 = CARTESIAN_POINT('',(0.32,-4.76,-3.));
#8862 = VECTOR('',#8863,1.);
#8863 = DIRECTION('',(0.,0.,1.));
#8864 = ORIENTED_EDGE('',*,*,#7589,.T.);
#8865 = ORIENTED_EDGE('',*,*,#8866,.T.);
#8866 = EDGE_CURVE('',#7592,#8867,#8869,.T.);
#8867 = VERTEX_POINT('',#8868);
#8868 = CARTESIAN_POINT('',(-0.32,-4.76,8.38));
#8869 = LINE('',#8870,#8871);
#8870 = CARTESIAN_POINT('',(-0.32,-4.76,-3.));
#8871 = VECTOR('',#8872,1.);
#8872 = DIRECTION('',(0.,0.,1.));
#8873 = ORIENTED_EDGE('',*,*,#8874,.T.);
#8874 = EDGE_CURVE('',#8867,#8858,#8875,.T.);
#8875 = LINE('',#8876,#8877);
#8876 = CARTESIAN_POINT('',(-0.32,-4.76,8.38));
#8877 = VECTOR('',#8878,1.);
#8878 = DIRECTION('',(1.,0.,0.));
#8879 = PLANE('',#8880);
#8880 = AXIS2_PLACEMENT_3D('',#8881,#8882,#8883);
#8881 = CARTESIAN_POINT('',(-0.32,-4.76,-3.));
#8882 = DIRECTION('',(0.,1.,0.));
#8883 = DIRECTION('',(0.,-0.,1.));
#8884 = ADVANCED_FACE('',(#8885),#8903,.F.);
#8885 = FACE_BOUND('',#8886,.F.);
#8886 = EDGE_LOOP('',(#8887,#8895,#8896,#8897));
#8887 = ORIENTED_EDGE('',*,*,#8888,.F.);
#8888 = EDGE_CURVE('',#7608,#8889,#8891,.T.);
#8889 = VERTEX_POINT('',#8890);
#8890 = CARTESIAN_POINT('',(-0.32,-5.4,8.38));
#8891 = LINE('',#8892,#8893);
#8892 = CARTESIAN_POINT('',(-0.32,-5.4,-3.));
#8893 = VECTOR('',#8894,1.);
#8894 = DIRECTION('',(0.,0.,1.));
#8895 = ORIENTED_EDGE('',*,*,#7615,.T.);
#8896 = ORIENTED_EDGE('',*,*,#8866,.T.);
#8897 = ORIENTED_EDGE('',*,*,#8898,.F.);
#8898 = EDGE_CURVE('',#8889,#8867,#8899,.T.);
#8899 = LINE('',#8900,#8901);
#8900 = CARTESIAN_POINT('',(-0.32,-5.4,8.38));
#8901 = VECTOR('',#8902,1.);
#8902 = DIRECTION('',(0.,1.,0.));
#8903 = PLANE('',#8904);
#8904 = AXIS2_PLACEMENT_3D('',#8905,#8906,#8907);
#8905 = CARTESIAN_POINT('',(-0.32,-5.4,-3.));
#8906 = DIRECTION('',(1.,0.,0.));
#8907 = DIRECTION('',(0.,0.,1.));
#8908 = ADVANCED_FACE('',(#8909),#8927,.F.);
#8909 = FACE_BOUND('',#8910,.F.);
#8910 = EDGE_LOOP('',(#8911,#8919,#8920,#8921));
#8911 = ORIENTED_EDGE('',*,*,#8912,.F.);
#8912 = EDGE_CURVE('',#7600,#8913,#8915,.T.);
#8913 = VERTEX_POINT('',#8914);
#8914 = CARTESIAN_POINT('',(0.32,-5.4,8.38));
#8915 = LINE('',#8916,#8917);
#8916 = CARTESIAN_POINT('',(0.32,-5.4,-3.));
#8917 = VECTOR('',#8918,1.);
#8918 = DIRECTION('',(0.,0.,1.));
#8919 = ORIENTED_EDGE('',*,*,#7607,.T.);
#8920 = ORIENTED_EDGE('',*,*,#8888,.T.);
#8921 = ORIENTED_EDGE('',*,*,#8922,.T.);
#8922 = EDGE_CURVE('',#8889,#8913,#8923,.T.);
#8923 = LINE('',#8924,#8925);
#8924 = CARTESIAN_POINT('',(-0.32,-5.4,8.38));
#8925 = VECTOR('',#8926,1.);
#8926 = DIRECTION('',(1.,0.,0.));
#8927 = PLANE('',#8928);
#8928 = AXIS2_PLACEMENT_3D('',#8929,#8930,#8931);
#8929 = CARTESIAN_POINT('',(-0.32,-5.4,-3.));
#8930 = DIRECTION('',(0.,1.,0.));
#8931 = DIRECTION('',(0.,-0.,1.));
#8932 = ADVANCED_FACE('',(#8933),#8944,.T.);
#8933 = FACE_BOUND('',#8934,.T.);
#8934 = EDGE_LOOP('',(#8935,#8936,#8937,#8938));
#8935 = ORIENTED_EDGE('',*,*,#8912,.F.);
#8936 = ORIENTED_EDGE('',*,*,#7599,.T.);
#8937 = ORIENTED_EDGE('',*,*,#8857,.T.);
#8938 = ORIENTED_EDGE('',*,*,#8939,.F.);
#8939 = EDGE_CURVE('',#8913,#8858,#8940,.T.);
#8940 = LINE('',#8941,#8942);
#8941 = CARTESIAN_POINT('',(0.32,-5.4,8.38));
#8942 = VECTOR('',#8943,1.);
#8943 = DIRECTION('',(0.,1.,0.));
#8944 = PLANE('',#8945);
#8945 = AXIS2_PLACEMENT_3D('',#8946,#8947,#8948);
#8946 = CARTESIAN_POINT('',(0.32,-5.4,-3.));
#8947 = DIRECTION('',(1.,0.,0.));
#8948 = DIRECTION('',(0.,0.,1.));
#8949 = ADVANCED_FACE('',(#8950),#8975,.T.);
#8950 = FACE_BOUND('',#8951,.T.);
#8951 = EDGE_LOOP('',(#8952,#8960,#8961,#8969));
#8952 = ORIENTED_EDGE('',*,*,#8953,.F.);
#8953 = EDGE_CURVE('',#7624,#8954,#8956,.T.);
#8954 = VERTEX_POINT('',#8955);
#8955 = CARTESIAN_POINT('',(0.32,-9.84,8.38));
#8956 = LINE('',#8957,#8958);
#8957 = CARTESIAN_POINT('',(0.32,-9.84,-3.));
#8958 = VECTOR('',#8959,1.);
#8959 = DIRECTION('',(0.,0.,1.));
#8960 = ORIENTED_EDGE('',*,*,#7623,.T.);
#8961 = ORIENTED_EDGE('',*,*,#8962,.T.);
#8962 = EDGE_CURVE('',#7626,#8963,#8965,.T.);
#8963 = VERTEX_POINT('',#8964);
#8964 = CARTESIAN_POINT('',(-0.32,-9.84,8.38));
#8965 = LINE('',#8966,#8967);
#8966 = CARTESIAN_POINT('',(-0.32,-9.84,-3.));
#8967 = VECTOR('',#8968,1.);
#8968 = DIRECTION('',(0.,0.,1.));
#8969 = ORIENTED_EDGE('',*,*,#8970,.T.);
#8970 = EDGE_CURVE('',#8963,#8954,#8971,.T.);
#8971 = LINE('',#8972,#8973);
#8972 = CARTESIAN_POINT('',(-0.32,-9.84,8.38));
#8973 = VECTOR('',#8974,1.);
#8974 = DIRECTION('',(1.,0.,0.));
#8975 = PLANE('',#8976);
#8976 = AXIS2_PLACEMENT_3D('',#8977,#8978,#8979);
#8977 = CARTESIAN_POINT('',(-0.32,-9.84,-3.));
#8978 = DIRECTION('',(0.,1.,0.));
#8979 = DIRECTION('',(0.,-0.,1.));
#8980 = ADVANCED_FACE('',(#8981),#8999,.F.);
#8981 = FACE_BOUND('',#8982,.F.);
#8982 = EDGE_LOOP('',(#8983,#8991,#8992,#8993));
#8983 = ORIENTED_EDGE('',*,*,#8984,.F.);
#8984 = EDGE_CURVE('',#7642,#8985,#8987,.T.);
#8985 = VERTEX_POINT('',#8986);
#8986 = CARTESIAN_POINT('',(-0.32,-10.48,8.38));
#8987 = LINE('',#8988,#8989);
#8988 = CARTESIAN_POINT('',(-0.32,-10.48,-3.));
#8989 = VECTOR('',#8990,1.);
#8990 = DIRECTION('',(0.,0.,1.));
#8991 = ORIENTED_EDGE('',*,*,#7649,.T.);
#8992 = ORIENTED_EDGE('',*,*,#8962,.T.);
#8993 = ORIENTED_EDGE('',*,*,#8994,.F.);
#8994 = EDGE_CURVE('',#8985,#8963,#8995,.T.);
#8995 = LINE('',#8996,#8997);
#8996 = CARTESIAN_POINT('',(-0.32,-10.48,8.38));
#8997 = VECTOR('',#8998,1.);
#8998 = DIRECTION('',(0.,1.,0.));
#8999 = PLANE('',#9000);
#9000 = AXIS2_PLACEMENT_3D('',#9001,#9002,#9003);
#9001 = CARTESIAN_POINT('',(-0.32,-10.48,-3.));
#9002 = DIRECTION('',(1.,0.,0.));
#9003 = DIRECTION('',(0.,0.,1.));
#9004 = ADVANCED_FACE('',(#9005),#9023,.F.);
#9005 = FACE_BOUND('',#9006,.F.);
#9006 = EDGE_LOOP('',(#9007,#9015,#9016,#9017));
#9007 = ORIENTED_EDGE('',*,*,#9008,.F.);
#9008 = EDGE_CURVE('',#7634,#9009,#9011,.T.);
#9009 = VERTEX_POINT('',#9010);
#9010 = CARTESIAN_POINT('',(0.32,-10.48,8.38));
#9011 = LINE('',#9012,#9013);
#9012 = CARTESIAN_POINT('',(0.32,-10.48,-3.));
#9013 = VECTOR('',#9014,1.);
#9014 = DIRECTION('',(0.,0.,1.));
#9015 = ORIENTED_EDGE('',*,*,#7641,.T.);
#9016 = ORIENTED_EDGE('',*,*,#8984,.T.);
#9017 = ORIENTED_EDGE('',*,*,#9018,.T.);
#9018 = EDGE_CURVE('',#8985,#9009,#9019,.T.);
#9019 = LINE('',#9020,#9021);
#9020 = CARTESIAN_POINT('',(-0.32,-10.48,8.38));
#9021 = VECTOR('',#9022,1.);
#9022 = DIRECTION('',(1.,0.,0.));
#9023 = PLANE('',#9024);
#9024 = AXIS2_PLACEMENT_3D('',#9025,#9026,#9027);
#9025 = CARTESIAN_POINT('',(-0.32,-10.48,-3.));
#9026 = DIRECTION('',(0.,1.,0.));
#9027 = DIRECTION('',(0.,-0.,1.));
#9028 = ADVANCED_FACE('',(#9029),#9040,.T.);
#9029 = FACE_BOUND('',#9030,.T.);
#9030 = EDGE_LOOP('',(#9031,#9032,#9033,#9034));
#9031 = ORIENTED_EDGE('',*,*,#9008,.F.);
#9032 = ORIENTED_EDGE('',*,*,#7633,.T.);
#9033 = ORIENTED_EDGE('',*,*,#8953,.T.);
#9034 = ORIENTED_EDGE('',*,*,#9035,.F.);
#9035 = EDGE_CURVE('',#9009,#8954,#9036,.T.);
#9036 = LINE('',#9037,#9038);
#9037 = CARTESIAN_POINT('',(0.32,-10.48,8.38));
#9038 = VECTOR('',#9039,1.);
#9039 = DIRECTION('',(0.,1.,0.));
#9040 = PLANE('',#9041);
#9041 = AXIS2_PLACEMENT_3D('',#9042,#9043,#9044);
#9042 = CARTESIAN_POINT('',(0.32,-10.48,-3.));
#9043 = DIRECTION('',(1.,0.,0.));
#9044 = DIRECTION('',(0.,0.,1.));
#9045 = ADVANCED_FACE('',(#9046),#9071,.F.);
#9046 = FACE_BOUND('',#9047,.F.);
#9047 = EDGE_LOOP('',(#9048,#9056,#9057,#9065));
#9048 = ORIENTED_EDGE('',*,*,#9049,.F.);
#9049 = EDGE_CURVE('',#7658,#9050,#9052,.T.);
#9050 = VERTEX_POINT('',#9051);
#9051 = CARTESIAN_POINT('',(0.32,-7.94,8.38));
#9052 = LINE('',#9053,#9054);
#9053 = CARTESIAN_POINT('',(0.32,-7.94,-3.));
#9054 = VECTOR('',#9055,1.);
#9055 = DIRECTION('',(0.,0.,1.));
#9056 = ORIENTED_EDGE('',*,*,#7657,.T.);
#9057 = ORIENTED_EDGE('',*,*,#9058,.T.);
#9058 = EDGE_CURVE('',#7660,#9059,#9061,.T.);
#9059 = VERTEX_POINT('',#9060);
#9060 = CARTESIAN_POINT('',(-0.32,-7.94,8.38));
#9061 = LINE('',#9062,#9063);
#9062 = CARTESIAN_POINT('',(-0.32,-7.94,-3.));
#9063 = VECTOR('',#9064,1.);
#9064 = DIRECTION('',(0.,0.,1.));
#9065 = ORIENTED_EDGE('',*,*,#9066,.T.);
#9066 = EDGE_CURVE('',#9059,#9050,#9067,.T.);
#9067 = LINE('',#9068,#9069);
#9068 = CARTESIAN_POINT('',(-0.32,-7.94,8.38));
#9069 = VECTOR('',#9070,1.);
#9070 = DIRECTION('',(1.,0.,0.));
#9071 = PLANE('',#9072);
#9072 = AXIS2_PLACEMENT_3D('',#9073,#9074,#9075);
#9073 = CARTESIAN_POINT('',(-0.32,-7.94,-3.));
#9074 = DIRECTION('',(0.,1.,0.));
#9075 = DIRECTION('',(0.,-0.,1.));
#9076 = ADVANCED_FACE('',(#9077),#9095,.T.);
#9077 = FACE_BOUND('',#9078,.T.);
#9078 = EDGE_LOOP('',(#9079,#9080,#9081,#9089));
#9079 = ORIENTED_EDGE('',*,*,#9049,.F.);
#9080 = ORIENTED_EDGE('',*,*,#7683,.T.);
#9081 = ORIENTED_EDGE('',*,*,#9082,.T.);
#9082 = EDGE_CURVE('',#7676,#9083,#9085,.T.);
#9083 = VERTEX_POINT('',#9084);
#9084 = CARTESIAN_POINT('',(0.32,-7.3,8.38));
#9085 = LINE('',#9086,#9087);
#9086 = CARTESIAN_POINT('',(0.32,-7.3,-3.));
#9087 = VECTOR('',#9088,1.);
#9088 = DIRECTION('',(0.,0.,1.));
#9089 = ORIENTED_EDGE('',*,*,#9090,.F.);
#9090 = EDGE_CURVE('',#9050,#9083,#9091,.T.);
#9091 = LINE('',#9092,#9093);
#9092 = CARTESIAN_POINT('',(0.32,-7.94,8.38));
#9093 = VECTOR('',#9094,1.);
#9094 = DIRECTION('',(0.,1.,0.));
#9095 = PLANE('',#9096);
#9096 = AXIS2_PLACEMENT_3D('',#9097,#9098,#9099);
#9097 = CARTESIAN_POINT('',(0.32,-7.94,-3.));
#9098 = DIRECTION('',(1.,0.,0.));
#9099 = DIRECTION('',(0.,0.,1.));
#9100 = ADVANCED_FACE('',(#9101),#9119,.T.);
#9101 = FACE_BOUND('',#9102,.T.);
#9102 = EDGE_LOOP('',(#9103,#9104,#9105,#9113));
#9103 = ORIENTED_EDGE('',*,*,#9082,.F.);
#9104 = ORIENTED_EDGE('',*,*,#7675,.T.);
#9105 = ORIENTED_EDGE('',*,*,#9106,.T.);
#9106 = EDGE_CURVE('',#7668,#9107,#9109,.T.);
#9107 = VERTEX_POINT('',#9108);
#9108 = CARTESIAN_POINT('',(-0.32,-7.3,8.38));
#9109 = LINE('',#9110,#9111);
#9110 = CARTESIAN_POINT('',(-0.32,-7.3,-3.));
#9111 = VECTOR('',#9112,1.);
#9112 = DIRECTION('',(0.,0.,1.));
#9113 = ORIENTED_EDGE('',*,*,#9114,.T.);
#9114 = EDGE_CURVE('',#9107,#9083,#9115,.T.);
#9115 = LINE('',#9116,#9117);
#9116 = CARTESIAN_POINT('',(-0.32,-7.3,8.38));
#9117 = VECTOR('',#9118,1.);
#9118 = DIRECTION('',(1.,0.,0.));
#9119 = PLANE('',#9120);
#9120 = AXIS2_PLACEMENT_3D('',#9121,#9122,#9123);
#9121 = CARTESIAN_POINT('',(-0.32,-7.3,-3.));
#9122 = DIRECTION('',(0.,1.,0.));
#9123 = DIRECTION('',(0.,-0.,1.));
#9124 = ADVANCED_FACE('',(#9125),#9136,.F.);
#9125 = FACE_BOUND('',#9126,.F.);
#9126 = EDGE_LOOP('',(#9127,#9128,#9129,#9130));
#9127 = ORIENTED_EDGE('',*,*,#9058,.F.);
#9128 = ORIENTED_EDGE('',*,*,#7667,.T.);
#9129 = ORIENTED_EDGE('',*,*,#9106,.T.);
#9130 = ORIENTED_EDGE('',*,*,#9131,.F.);
#9131 = EDGE_CURVE('',#9059,#9107,#9132,.T.);
#9132 = LINE('',#9133,#9134);
#9133 = CARTESIAN_POINT('',(-0.32,-7.94,8.38));
#9134 = VECTOR('',#9135,1.);
#9135 = DIRECTION('',(0.,1.,0.));
#9136 = PLANE('',#9137);
#9137 = AXIS2_PLACEMENT_3D('',#9138,#9139,#9140);
#9138 = CARTESIAN_POINT('',(-0.32,-7.94,-3.));
#9139 = DIRECTION('',(1.,0.,0.));
#9140 = DIRECTION('',(0.,0.,1.));
#9141 = ADVANCED_FACE('',(#9142),#9167,.F.);
#9142 = FACE_BOUND('',#9143,.F.);
#9143 = EDGE_LOOP('',(#9144,#9152,#9153,#9161));
#9144 = ORIENTED_EDGE('',*,*,#9145,.F.);
#9145 = EDGE_CURVE('',#8186,#9146,#9148,.T.);
#9146 = VERTEX_POINT('',#9147);
#9147 = CARTESIAN_POINT('',(0.16,-0.16,-3.));
#9148 = LINE('',#9149,#9150);
#9149 = CARTESIAN_POINT('',(0.16,-0.16,-3.));
#9150 = VECTOR('',#9151,1.);
#9151 = DIRECTION('',(-0.57735026919,0.57735026919,-0.57735026919));
#9152 = ORIENTED_EDGE('',*,*,#8193,.T.);
#9153 = ORIENTED_EDGE('',*,*,#9154,.T.);
#9154 = EDGE_CURVE('',#8194,#9155,#9157,.T.);
#9155 = VERTEX_POINT('',#9156);
#9156 = CARTESIAN_POINT('',(0.16,0.16,-3.));
#9157 = LINE('',#9158,#9159);
#9158 = CARTESIAN_POINT('',(5.333333333333E-02,5.333333333333E-02,
    -3.106666666667));
#9159 = VECTOR('',#9160,1.);
#9160 = DIRECTION('',(-0.57735026919,-0.57735026919,-0.57735026919));
#9161 = ORIENTED_EDGE('',*,*,#9162,.F.);
#9162 = EDGE_CURVE('',#9146,#9155,#9163,.T.);
#9163 = LINE('',#9164,#9165);
#9164 = CARTESIAN_POINT('',(0.16,-0.32,-3.));
#9165 = VECTOR('',#9166,1.);
#9166 = DIRECTION('',(0.,1.,0.));
#9167 = PLANE('',#9168);
#9168 = AXIS2_PLACEMENT_3D('',#9169,#9170,#9171);
#9169 = CARTESIAN_POINT('',(0.24,-0.32,-2.92));
#9170 = DIRECTION('',(-0.707106781187,1.735167508357E-18,0.707106781187)
  );
#9171 = DIRECTION('',(1.226948711654E-18,1.,-1.226948711654E-18));
#9172 = ADVANCED_FACE('',(#9173),#9191,.F.);
#9173 = FACE_BOUND('',#9174,.T.);
#9174 = EDGE_LOOP('',(#9175,#9183,#9184,#9185));
#9175 = ORIENTED_EDGE('',*,*,#9176,.F.);
#9176 = EDGE_CURVE('',#8218,#9177,#9179,.T.);
#9177 = VERTEX_POINT('',#9178);
#9178 = CARTESIAN_POINT('',(-0.16,0.16,-3.));
#9179 = LINE('',#9180,#9181);
#9180 = CARTESIAN_POINT('',(-0.16,0.16,-3.));
#9181 = VECTOR('',#9182,1.);
#9182 = DIRECTION('',(0.57735026919,-0.57735026919,-0.57735026919));
#9183 = ORIENTED_EDGE('',*,*,#8217,.T.);
#9184 = ORIENTED_EDGE('',*,*,#9154,.T.);
#9185 = ORIENTED_EDGE('',*,*,#9186,.F.);
#9186 = EDGE_CURVE('',#9177,#9155,#9187,.T.);
#9187 = LINE('',#9188,#9189);
#9188 = CARTESIAN_POINT('',(-0.32,0.16,-3.));
#9189 = VECTOR('',#9190,1.);
#9190 = DIRECTION('',(1.,0.,0.));
#9191 = PLANE('',#9192);
#9192 = AXIS2_PLACEMENT_3D('',#9193,#9194,#9195);
#9193 = CARTESIAN_POINT('',(-0.32,0.24,-2.92));
#9194 = DIRECTION('',(-1.735167508357E-18,-0.707106781187,0.707106781187
    ));
#9195 = DIRECTION('',(-1.,1.226948711654E-18,-1.226948711654E-18));
#9196 = ADVANCED_FACE('',(#9197),#9215,.T.);
#9197 = FACE_BOUND('',#9198,.T.);
#9198 = EDGE_LOOP('',(#9199,#9207,#9208,#9209));
#9199 = ORIENTED_EDGE('',*,*,#9200,.F.);
#9200 = EDGE_CURVE('',#8241,#9201,#9203,.T.);
#9201 = VERTEX_POINT('',#9202);
#9202 = CARTESIAN_POINT('',(-0.16,-0.16,-3.));
#9203 = LINE('',#9204,#9205);
#9204 = CARTESIAN_POINT('',(-0.266666666667,-0.266666666667,
    -2.893333333333));
#9205 = VECTOR('',#9206,1.);
#9206 = DIRECTION('',(0.57735026919,0.57735026919,-0.57735026919));
#9207 = ORIENTED_EDGE('',*,*,#8248,.T.);
#9208 = ORIENTED_EDGE('',*,*,#9176,.T.);
#9209 = ORIENTED_EDGE('',*,*,#9210,.F.);
#9210 = EDGE_CURVE('',#9201,#9177,#9211,.T.);
#9211 = LINE('',#9212,#9213);
#9212 = CARTESIAN_POINT('',(-0.16,-0.32,-3.));
#9213 = VECTOR('',#9214,1.);
#9214 = DIRECTION('',(0.,1.,0.));
#9215 = PLANE('',#9216);
#9216 = AXIS2_PLACEMENT_3D('',#9217,#9218,#9219);
#9217 = CARTESIAN_POINT('',(-0.24,-0.32,-2.92));
#9218 = DIRECTION('',(-0.707106781187,-1.735167508357E-18,
    -0.707106781187));
#9219 = DIRECTION('',(-1.226948711654E-18,1.,-1.226948711654E-18));
#9220 = ADVANCED_FACE('',(#9221),#9232,.T.);
#9221 = FACE_BOUND('',#9222,.F.);
#9222 = EDGE_LOOP('',(#9223,#9224,#9225,#9226));
#9223 = ORIENTED_EDGE('',*,*,#9200,.F.);
#9224 = ORIENTED_EDGE('',*,*,#8265,.T.);
#9225 = ORIENTED_EDGE('',*,*,#9145,.T.);
#9226 = ORIENTED_EDGE('',*,*,#9227,.F.);
#9227 = EDGE_CURVE('',#9201,#9146,#9228,.T.);
#9228 = LINE('',#9229,#9230);
#9229 = CARTESIAN_POINT('',(-0.32,-0.16,-3.));
#9230 = VECTOR('',#9231,1.);
#9231 = DIRECTION('',(1.,0.,0.));
#9232 = PLANE('',#9233);
#9233 = AXIS2_PLACEMENT_3D('',#9234,#9235,#9236);
#9234 = CARTESIAN_POINT('',(-0.32,-0.24,-2.92));
#9235 = DIRECTION('',(1.735167508357E-18,-0.707106781187,-0.707106781187
    ));
#9236 = DIRECTION('',(-1.,-1.226948711654E-18,-1.226948711654E-18));
#9237 = ADVANCED_FACE('',(#9238),#9263,.F.);
#9238 = FACE_BOUND('',#9239,.T.);
#9239 = EDGE_LOOP('',(#9240,#9248,#9249,#9257));
#9240 = ORIENTED_EDGE('',*,*,#9241,.F.);
#9241 = EDGE_CURVE('',#8290,#9242,#9244,.T.);
#9242 = VERTEX_POINT('',#9243);
#9243 = CARTESIAN_POINT('',(-0.16,-2.38,-3.));
#9244 = LINE('',#9245,#9246);
#9245 = CARTESIAN_POINT('',(-0.16,-2.38,-3.));
#9246 = VECTOR('',#9247,1.);
#9247 = DIRECTION('',(0.57735026919,-0.57735026919,-0.57735026919));
#9248 = ORIENTED_EDGE('',*,*,#8289,.T.);
#9249 = ORIENTED_EDGE('',*,*,#9250,.T.);
#9250 = EDGE_CURVE('',#8282,#9251,#9253,.T.);
#9251 = VERTEX_POINT('',#9252);
#9252 = CARTESIAN_POINT('',(0.16,-2.38,-3.));
#9253 = LINE('',#9254,#9255);
#9254 = CARTESIAN_POINT('',(5.333333333333E-02,-2.486666666667,
    -3.106666666667));
#9255 = VECTOR('',#9256,1.);
#9256 = DIRECTION('',(-0.57735026919,-0.57735026919,-0.57735026919));
#9257 = ORIENTED_EDGE('',*,*,#9258,.F.);
#9258 = EDGE_CURVE('',#9242,#9251,#9259,.T.);
#9259 = LINE('',#9260,#9261);
#9260 = CARTESIAN_POINT('',(-0.32,-2.38,-3.));
#9261 = VECTOR('',#9262,1.);
#9262 = DIRECTION('',(1.,0.,0.));
#9263 = PLANE('',#9264);
#9264 = AXIS2_PLACEMENT_3D('',#9265,#9266,#9267);
#9265 = CARTESIAN_POINT('',(-0.32,-2.3,-2.92));
#9266 = DIRECTION('',(-1.735167508357E-18,-0.707106781187,0.707106781187
    ));
#9267 = DIRECTION('',(-1.,1.226948711654E-18,-1.226948711654E-18));
#9268 = ADVANCED_FACE('',(#9269),#9287,.T.);
#9269 = FACE_BOUND('',#9270,.T.);
#9270 = EDGE_LOOP('',(#9271,#9279,#9280,#9281));
#9271 = ORIENTED_EDGE('',*,*,#9272,.F.);
#9272 = EDGE_CURVE('',#8313,#9273,#9275,.T.);
#9273 = VERTEX_POINT('',#9274);
#9274 = CARTESIAN_POINT('',(-0.16,-2.7,-3.));
#9275 = LINE('',#9276,#9277);
#9276 = CARTESIAN_POINT('',(-0.266666666667,-2.806666666667,
    -2.893333333333));
#9277 = VECTOR('',#9278,1.);
#9278 = DIRECTION('',(0.57735026919,0.57735026919,-0.57735026919));
#9279 = ORIENTED_EDGE('',*,*,#8320,.T.);
#9280 = ORIENTED_EDGE('',*,*,#9241,.T.);
#9281 = ORIENTED_EDGE('',*,*,#9282,.F.);
#9282 = EDGE_CURVE('',#9273,#9242,#9283,.T.);
#9283 = LINE('',#9284,#9285);
#9284 = CARTESIAN_POINT('',(-0.16,-2.86,-3.));
#9285 = VECTOR('',#9286,1.);
#9286 = DIRECTION('',(0.,1.,0.));
#9287 = PLANE('',#9288);
#9288 = AXIS2_PLACEMENT_3D('',#9289,#9290,#9291);
#9289 = CARTESIAN_POINT('',(-0.24,-2.86,-2.92));
#9290 = DIRECTION('',(-0.707106781187,-1.735167508357E-18,
    -0.707106781187));
#9291 = DIRECTION('',(-1.226948711654E-18,1.,-1.226948711654E-18));
#9292 = ADVANCED_FACE('',(#9293),#9311,.T.);
#9293 = FACE_BOUND('',#9294,.F.);
#9294 = EDGE_LOOP('',(#9295,#9296,#9297,#9305));
#9295 = ORIENTED_EDGE('',*,*,#9272,.F.);
#9296 = ORIENTED_EDGE('',*,*,#8344,.T.);
#9297 = ORIENTED_EDGE('',*,*,#9298,.T.);
#9298 = EDGE_CURVE('',#8337,#9299,#9301,.T.);
#9299 = VERTEX_POINT('',#9300);
#9300 = CARTESIAN_POINT('',(0.16,-2.7,-3.));
#9301 = LINE('',#9302,#9303);
#9302 = CARTESIAN_POINT('',(0.16,-2.7,-3.));
#9303 = VECTOR('',#9304,1.);
#9304 = DIRECTION('',(-0.57735026919,0.57735026919,-0.57735026919));
#9305 = ORIENTED_EDGE('',*,*,#9306,.F.);
#9306 = EDGE_CURVE('',#9273,#9299,#9307,.T.);
#9307 = LINE('',#9308,#9309);
#9308 = CARTESIAN_POINT('',(-0.32,-2.7,-3.));
#9309 = VECTOR('',#9310,1.);
#9310 = DIRECTION('',(1.,0.,0.));
#9311 = PLANE('',#9312);
#9312 = AXIS2_PLACEMENT_3D('',#9313,#9314,#9315);
#9313 = CARTESIAN_POINT('',(-0.32,-2.78,-2.92));
#9314 = DIRECTION('',(1.735167508357E-18,-0.707106781187,-0.707106781187
    ));
#9315 = DIRECTION('',(-1.,-1.226948711654E-18,-1.226948711654E-18));
#9316 = ADVANCED_FACE('',(#9317),#9328,.F.);
#9317 = FACE_BOUND('',#9318,.F.);
#9318 = EDGE_LOOP('',(#9319,#9320,#9321,#9322));
#9319 = ORIENTED_EDGE('',*,*,#9298,.F.);
#9320 = ORIENTED_EDGE('',*,*,#8361,.T.);
#9321 = ORIENTED_EDGE('',*,*,#9250,.T.);
#9322 = ORIENTED_EDGE('',*,*,#9323,.F.);
#9323 = EDGE_CURVE('',#9299,#9251,#9324,.T.);
#9324 = LINE('',#9325,#9326);
#9325 = CARTESIAN_POINT('',(0.16,-2.86,-3.));
#9326 = VECTOR('',#9327,1.);
#9327 = DIRECTION('',(0.,1.,0.));
#9328 = PLANE('',#9329);
#9329 = AXIS2_PLACEMENT_3D('',#9330,#9331,#9332);
#9330 = CARTESIAN_POINT('',(0.24,-2.86,-2.92));
#9331 = DIRECTION('',(-0.707106781187,1.735167508357E-18,0.707106781187)
  );
#9332 = DIRECTION('',(1.226948711654E-18,1.,-1.226948711654E-18));
#9333 = ADVANCED_FACE('',(#9334),#9359,.F.);
#9334 = FACE_BOUND('',#9335,.T.);
#9335 = EDGE_LOOP('',(#9336,#9344,#9345,#9353));
#9336 = ORIENTED_EDGE('',*,*,#9337,.F.);
#9337 = EDGE_CURVE('',#8386,#9338,#9340,.T.);
#9338 = VERTEX_POINT('',#9339);
#9339 = CARTESIAN_POINT('',(-0.16,-4.92,-3.));
#9340 = LINE('',#9341,#9342);
#9341 = CARTESIAN_POINT('',(-0.16,-4.92,-3.));
#9342 = VECTOR('',#9343,1.);
#9343 = DIRECTION('',(0.57735026919,-0.57735026919,-0.57735026919));
#9344 = ORIENTED_EDGE('',*,*,#8385,.T.);
#9345 = ORIENTED_EDGE('',*,*,#9346,.T.);
#9346 = EDGE_CURVE('',#8378,#9347,#9349,.T.);
#9347 = VERTEX_POINT('',#9348);
#9348 = CARTESIAN_POINT('',(0.16,-4.92,-3.));
#9349 = LINE('',#9350,#9351);
#9350 = CARTESIAN_POINT('',(5.333333333333E-02,-5.026666666667,
    -3.106666666667));
#9351 = VECTOR('',#9352,1.);
#9352 = DIRECTION('',(-0.57735026919,-0.57735026919,-0.57735026919));
#9353 = ORIENTED_EDGE('',*,*,#9354,.F.);
#9354 = EDGE_CURVE('',#9338,#9347,#9355,.T.);
#9355 = LINE('',#9356,#9357);
#9356 = CARTESIAN_POINT('',(-0.32,-4.92,-3.));
#9357 = VECTOR('',#9358,1.);
#9358 = DIRECTION('',(1.,0.,0.));
#9359 = PLANE('',#9360);
#9360 = AXIS2_PLACEMENT_3D('',#9361,#9362,#9363);
#9361 = CARTESIAN_POINT('',(-0.32,-4.84,-2.92));
#9362 = DIRECTION('',(-1.735167508357E-18,-0.707106781187,0.707106781187
    ));
#9363 = DIRECTION('',(-1.,1.226948711654E-18,-1.226948711654E-18));
#9364 = ADVANCED_FACE('',(#9365),#9383,.T.);
#9365 = FACE_BOUND('',#9366,.T.);
#9366 = EDGE_LOOP('',(#9367,#9375,#9376,#9377));
#9367 = ORIENTED_EDGE('',*,*,#9368,.F.);
#9368 = EDGE_CURVE('',#8409,#9369,#9371,.T.);
#9369 = VERTEX_POINT('',#9370);
#9370 = CARTESIAN_POINT('',(-0.16,-5.24,-3.));
#9371 = LINE('',#9372,#9373);
#9372 = CARTESIAN_POINT('',(-0.266666666667,-5.346666666667,
    -2.893333333333));
#9373 = VECTOR('',#9374,1.);
#9374 = DIRECTION('',(0.57735026919,0.57735026919,-0.57735026919));
#9375 = ORIENTED_EDGE('',*,*,#8416,.T.);
#9376 = ORIENTED_EDGE('',*,*,#9337,.T.);
#9377 = ORIENTED_EDGE('',*,*,#9378,.F.);
#9378 = EDGE_CURVE('',#9369,#9338,#9379,.T.);
#9379 = LINE('',#9380,#9381);
#9380 = CARTESIAN_POINT('',(-0.16,-5.4,-3.));
#9381 = VECTOR('',#9382,1.);
#9382 = DIRECTION('',(0.,1.,0.));
#9383 = PLANE('',#9384);
#9384 = AXIS2_PLACEMENT_3D('',#9385,#9386,#9387);
#9385 = CARTESIAN_POINT('',(-0.24,-5.4,-2.92));
#9386 = DIRECTION('',(-0.707106781187,-1.735167508357E-18,
    -0.707106781187));
#9387 = DIRECTION('',(-1.226948711654E-18,1.,-1.226948711654E-18));
#9388 = ADVANCED_FACE('',(#9389),#9407,.T.);
#9389 = FACE_BOUND('',#9390,.F.);
#9390 = EDGE_LOOP('',(#9391,#9392,#9393,#9401));
#9391 = ORIENTED_EDGE('',*,*,#9368,.F.);
#9392 = ORIENTED_EDGE('',*,*,#8440,.T.);
#9393 = ORIENTED_EDGE('',*,*,#9394,.T.);
#9394 = EDGE_CURVE('',#8433,#9395,#9397,.T.);
#9395 = VERTEX_POINT('',#9396);
#9396 = CARTESIAN_POINT('',(0.16,-5.24,-3.));
#9397 = LINE('',#9398,#9399);
#9398 = CARTESIAN_POINT('',(0.16,-5.24,-3.));
#9399 = VECTOR('',#9400,1.);
#9400 = DIRECTION('',(-0.57735026919,0.57735026919,-0.57735026919));
#9401 = ORIENTED_EDGE('',*,*,#9402,.F.);
#9402 = EDGE_CURVE('',#9369,#9395,#9403,.T.);
#9403 = LINE('',#9404,#9405);
#9404 = CARTESIAN_POINT('',(-0.32,-5.24,-3.));
#9405 = VECTOR('',#9406,1.);
#9406 = DIRECTION('',(1.,0.,0.));
#9407 = PLANE('',#9408);
#9408 = AXIS2_PLACEMENT_3D('',#9409,#9410,#9411);
#9409 = CARTESIAN_POINT('',(-0.32,-5.32,-2.92));
#9410 = DIRECTION('',(1.735167508357E-18,-0.707106781187,-0.707106781187
    ));
#9411 = DIRECTION('',(-1.,-1.226948711654E-18,-1.226948711654E-18));
#9412 = ADVANCED_FACE('',(#9413),#9424,.F.);
#9413 = FACE_BOUND('',#9414,.F.);
#9414 = EDGE_LOOP('',(#9415,#9416,#9417,#9418));
#9415 = ORIENTED_EDGE('',*,*,#9394,.F.);
#9416 = ORIENTED_EDGE('',*,*,#8457,.T.);
#9417 = ORIENTED_EDGE('',*,*,#9346,.T.);
#9418 = ORIENTED_EDGE('',*,*,#9419,.F.);
#9419 = EDGE_CURVE('',#9395,#9347,#9420,.T.);
#9420 = LINE('',#9421,#9422);
#9421 = CARTESIAN_POINT('',(0.16,-5.4,-3.));
#9422 = VECTOR('',#9423,1.);
#9423 = DIRECTION('',(0.,1.,0.));
#9424 = PLANE('',#9425);
#9425 = AXIS2_PLACEMENT_3D('',#9426,#9427,#9428);
#9426 = CARTESIAN_POINT('',(0.24,-5.4,-2.92));
#9427 = DIRECTION('',(-0.707106781187,1.735167508357E-18,0.707106781187)
  );
#9428 = DIRECTION('',(1.226948711654E-18,1.,-1.226948711654E-18));
#9429 = ADVANCED_FACE('',(#9430),#9455,.F.);
#9430 = FACE_BOUND('',#9431,.T.);
#9431 = EDGE_LOOP('',(#9432,#9440,#9441,#9449));
#9432 = ORIENTED_EDGE('',*,*,#9433,.F.);
#9433 = EDGE_CURVE('',#8482,#9434,#9436,.T.);
#9434 = VERTEX_POINT('',#9435);
#9435 = CARTESIAN_POINT('',(-0.16,-10.,-3.));
#9436 = LINE('',#9437,#9438);
#9437 = CARTESIAN_POINT('',(-0.16,-10.,-3.));
#9438 = VECTOR('',#9439,1.);
#9439 = DIRECTION('',(0.57735026919,-0.57735026919,-0.57735026919));
#9440 = ORIENTED_EDGE('',*,*,#8481,.T.);
#9441 = ORIENTED_EDGE('',*,*,#9442,.T.);
#9442 = EDGE_CURVE('',#8474,#9443,#9445,.T.);
#9443 = VERTEX_POINT('',#9444);
#9444 = CARTESIAN_POINT('',(0.16,-10.,-3.));
#9445 = LINE('',#9446,#9447);
#9446 = CARTESIAN_POINT('',(5.333333333333E-02,-10.10666666666,
    -3.106666666667));
#9447 = VECTOR('',#9448,1.);
#9448 = DIRECTION('',(-0.57735026919,-0.57735026919,-0.57735026919));
#9449 = ORIENTED_EDGE('',*,*,#9450,.F.);
#9450 = EDGE_CURVE('',#9434,#9443,#9451,.T.);
#9451 = LINE('',#9452,#9453);
#9452 = CARTESIAN_POINT('',(-0.32,-10.,-3.));
#9453 = VECTOR('',#9454,1.);
#9454 = DIRECTION('',(1.,0.,0.));
#9455 = PLANE('',#9456);
#9456 = AXIS2_PLACEMENT_3D('',#9457,#9458,#9459);
#9457 = CARTESIAN_POINT('',(-0.32,-9.92,-2.92));
#9458 = DIRECTION('',(-1.735167508357E-18,-0.707106781187,0.707106781187
    ));
#9459 = DIRECTION('',(-1.,1.226948711654E-18,-1.226948711654E-18));
#9460 = ADVANCED_FACE('',(#9461),#9479,.T.);
#9461 = FACE_BOUND('',#9462,.T.);
#9462 = EDGE_LOOP('',(#9463,#9471,#9472,#9473));
#9463 = ORIENTED_EDGE('',*,*,#9464,.F.);
#9464 = EDGE_CURVE('',#8505,#9465,#9467,.T.);
#9465 = VERTEX_POINT('',#9466);
#9466 = CARTESIAN_POINT('',(-0.16,-10.32,-3.));
#9467 = LINE('',#9468,#9469);
#9468 = CARTESIAN_POINT('',(-0.266666666667,-10.42666666666,
    -2.893333333333));
#9469 = VECTOR('',#9470,1.);
#9470 = DIRECTION('',(0.57735026919,0.57735026919,-0.57735026919));
#9471 = ORIENTED_EDGE('',*,*,#8512,.T.);
#9472 = ORIENTED_EDGE('',*,*,#9433,.T.);
#9473 = ORIENTED_EDGE('',*,*,#9474,.F.);
#9474 = EDGE_CURVE('',#9465,#9434,#9475,.T.);
#9475 = LINE('',#9476,#9477);
#9476 = CARTESIAN_POINT('',(-0.16,-10.48,-3.));
#9477 = VECTOR('',#9478,1.);
#9478 = DIRECTION('',(0.,1.,0.));
#9479 = PLANE('',#9480);
#9480 = AXIS2_PLACEMENT_3D('',#9481,#9482,#9483);
#9481 = CARTESIAN_POINT('',(-0.24,-10.48,-2.92));
#9482 = DIRECTION('',(-0.707106781187,-1.735167508357E-18,
    -0.707106781187));
#9483 = DIRECTION('',(-1.226948711654E-18,1.,-1.226948711654E-18));
#9484 = ADVANCED_FACE('',(#9485),#9503,.T.);
#9485 = FACE_BOUND('',#9486,.F.);
#9486 = EDGE_LOOP('',(#9487,#9488,#9489,#9497));
#9487 = ORIENTED_EDGE('',*,*,#9464,.F.);
#9488 = ORIENTED_EDGE('',*,*,#8536,.T.);
#9489 = ORIENTED_EDGE('',*,*,#9490,.T.);
#9490 = EDGE_CURVE('',#8529,#9491,#9493,.T.);
#9491 = VERTEX_POINT('',#9492);
#9492 = CARTESIAN_POINT('',(0.16,-10.32,-3.));
#9493 = LINE('',#9494,#9495);
#9494 = CARTESIAN_POINT('',(0.16,-10.32,-3.));
#9495 = VECTOR('',#9496,1.);
#9496 = DIRECTION('',(-0.57735026919,0.57735026919,-0.57735026919));
#9497 = ORIENTED_EDGE('',*,*,#9498,.F.);
#9498 = EDGE_CURVE('',#9465,#9491,#9499,.T.);
#9499 = LINE('',#9500,#9501);
#9500 = CARTESIAN_POINT('',(-0.32,-10.32,-3.));
#9501 = VECTOR('',#9502,1.);
#9502 = DIRECTION('',(1.,0.,0.));
#9503 = PLANE('',#9504);
#9504 = AXIS2_PLACEMENT_3D('',#9505,#9506,#9507);
#9505 = CARTESIAN_POINT('',(-0.32,-10.4,-2.92));
#9506 = DIRECTION('',(1.735167508357E-18,-0.707106781187,-0.707106781187
    ));
#9507 = DIRECTION('',(-1.,-1.226948711654E-18,-1.226948711654E-18));
#9508 = ADVANCED_FACE('',(#9509),#9520,.F.);
#9509 = FACE_BOUND('',#9510,.F.);
#9510 = EDGE_LOOP('',(#9511,#9512,#9513,#9514));
#9511 = ORIENTED_EDGE('',*,*,#9490,.F.);
#9512 = ORIENTED_EDGE('',*,*,#8553,.T.);
#9513 = ORIENTED_EDGE('',*,*,#9442,.T.);
#9514 = ORIENTED_EDGE('',*,*,#9515,.F.);
#9515 = EDGE_CURVE('',#9491,#9443,#9516,.T.);
#9516 = LINE('',#9517,#9518);
#9517 = CARTESIAN_POINT('',(0.16,-10.48,-3.));
#9518 = VECTOR('',#9519,1.);
#9519 = DIRECTION('',(0.,1.,0.));
#9520 = PLANE('',#9521);
#9521 = AXIS2_PLACEMENT_3D('',#9522,#9523,#9524);
#9522 = CARTESIAN_POINT('',(0.24,-10.48,-2.92));
#9523 = DIRECTION('',(-0.707106781187,1.735167508357E-18,0.707106781187)
  );
#9524 = DIRECTION('',(1.226948711654E-18,1.,-1.226948711654E-18));
#9525 = ADVANCED_FACE('',(#9526),#9551,.T.);
#9526 = FACE_BOUND('',#9527,.F.);
#9527 = EDGE_LOOP('',(#9528,#9536,#9537,#9545));
#9528 = ORIENTED_EDGE('',*,*,#9529,.F.);
#9529 = EDGE_CURVE('',#8578,#9530,#9532,.T.);
#9530 = VERTEX_POINT('',#9531);
#9531 = CARTESIAN_POINT('',(-0.16,-7.78,-3.));
#9532 = LINE('',#9533,#9534);
#9533 = CARTESIAN_POINT('',(-0.266666666667,-7.886666666667,
    -2.893333333333));
#9534 = VECTOR('',#9535,1.);
#9535 = DIRECTION('',(0.57735026919,0.57735026919,-0.57735026919));
#9536 = ORIENTED_EDGE('',*,*,#8577,.T.);
#9537 = ORIENTED_EDGE('',*,*,#9538,.T.);
#9538 = EDGE_CURVE('',#8570,#9539,#9541,.T.);
#9539 = VERTEX_POINT('',#9540);
#9540 = CARTESIAN_POINT('',(0.16,-7.78,-3.));
#9541 = LINE('',#9542,#9543);
#9542 = CARTESIAN_POINT('',(0.16,-7.78,-3.));
#9543 = VECTOR('',#9544,1.);
#9544 = DIRECTION('',(-0.57735026919,0.57735026919,-0.57735026919));
#9545 = ORIENTED_EDGE('',*,*,#9546,.F.);
#9546 = EDGE_CURVE('',#9530,#9539,#9547,.T.);
#9547 = LINE('',#9548,#9549);
#9548 = CARTESIAN_POINT('',(-0.32,-7.78,-3.));
#9549 = VECTOR('',#9550,1.);
#9550 = DIRECTION('',(1.,0.,0.));
#9551 = PLANE('',#9552);
#9552 = AXIS2_PLACEMENT_3D('',#9553,#9554,#9555);
#9553 = CARTESIAN_POINT('',(-0.32,-7.86,-2.92));
#9554 = DIRECTION('',(1.735167508357E-18,-0.707106781187,-0.707106781187
    ));
#9555 = DIRECTION('',(-1.,-1.226948711654E-18,-1.226948711654E-18));
#9556 = ADVANCED_FACE('',(#9557),#9575,.F.);
#9557 = FACE_BOUND('',#9558,.F.);
#9558 = EDGE_LOOP('',(#9559,#9560,#9561,#9569));
#9559 = ORIENTED_EDGE('',*,*,#9538,.F.);
#9560 = ORIENTED_EDGE('',*,*,#8601,.T.);
#9561 = ORIENTED_EDGE('',*,*,#9562,.T.);
#9562 = EDGE_CURVE('',#8602,#9563,#9565,.T.);
#9563 = VERTEX_POINT('',#9564);
#9564 = CARTESIAN_POINT('',(0.16,-7.46,-3.));
#9565 = LINE('',#9566,#9567);
#9566 = CARTESIAN_POINT('',(5.333333333333E-02,-7.566666666667,
    -3.106666666667));
#9567 = VECTOR('',#9568,1.);
#9568 = DIRECTION('',(-0.57735026919,-0.57735026919,-0.57735026919));
#9569 = ORIENTED_EDGE('',*,*,#9570,.F.);
#9570 = EDGE_CURVE('',#9539,#9563,#9571,.T.);
#9571 = LINE('',#9572,#9573);
#9572 = CARTESIAN_POINT('',(0.16,-7.94,-3.));
#9573 = VECTOR('',#9574,1.);
#9574 = DIRECTION('',(0.,1.,0.));
#9575 = PLANE('',#9576);
#9576 = AXIS2_PLACEMENT_3D('',#9577,#9578,#9579);
#9577 = CARTESIAN_POINT('',(0.24,-7.94,-2.92));
#9578 = DIRECTION('',(-0.707106781187,1.735167508357E-18,0.707106781187)
  );
#9579 = DIRECTION('',(1.226948711654E-18,1.,-1.226948711654E-18));
#9580 = ADVANCED_FACE('',(#9581),#9599,.F.);
#9581 = FACE_BOUND('',#9582,.T.);
#9582 = EDGE_LOOP('',(#9583,#9591,#9592,#9593));
#9583 = ORIENTED_EDGE('',*,*,#9584,.F.);
#9584 = EDGE_CURVE('',#8626,#9585,#9587,.T.);
#9585 = VERTEX_POINT('',#9586);
#9586 = CARTESIAN_POINT('',(-0.16,-7.46,-3.));
#9587 = LINE('',#9588,#9589);
#9588 = CARTESIAN_POINT('',(-0.16,-7.46,-3.));
#9589 = VECTOR('',#9590,1.);
#9590 = DIRECTION('',(0.57735026919,-0.57735026919,-0.57735026919));
#9591 = ORIENTED_EDGE('',*,*,#8625,.T.);
#9592 = ORIENTED_EDGE('',*,*,#9562,.T.);
#9593 = ORIENTED_EDGE('',*,*,#9594,.F.);
#9594 = EDGE_CURVE('',#9585,#9563,#9595,.T.);
#9595 = LINE('',#9596,#9597);
#9596 = CARTESIAN_POINT('',(-0.32,-7.46,-3.));
#9597 = VECTOR('',#9598,1.);
#9598 = DIRECTION('',(1.,0.,0.));
#9599 = PLANE('',#9600);
#9600 = AXIS2_PLACEMENT_3D('',#9601,#9602,#9603);
#9601 = CARTESIAN_POINT('',(-0.32,-7.38,-2.92));
#9602 = DIRECTION('',(-1.735167508357E-18,-0.707106781187,0.707106781187
    ));
#9603 = DIRECTION('',(-1.,1.226948711654E-18,-1.226948711654E-18));
#9604 = ADVANCED_FACE('',(#9605),#9616,.T.);
#9605 = FACE_BOUND('',#9606,.T.);
#9606 = EDGE_LOOP('',(#9607,#9608,#9609,#9610));
#9607 = ORIENTED_EDGE('',*,*,#9529,.F.);
#9608 = ORIENTED_EDGE('',*,*,#8649,.T.);
#9609 = ORIENTED_EDGE('',*,*,#9584,.T.);
#9610 = ORIENTED_EDGE('',*,*,#9611,.F.);
#9611 = EDGE_CURVE('',#9530,#9585,#9612,.T.);
#9612 = LINE('',#9613,#9614);
#9613 = CARTESIAN_POINT('',(-0.16,-7.94,-3.));
#9614 = VECTOR('',#9615,1.);
#9615 = DIRECTION('',(0.,1.,0.));
#9616 = PLANE('',#9617);
#9617 = AXIS2_PLACEMENT_3D('',#9618,#9619,#9620);
#9618 = CARTESIAN_POINT('',(-0.24,-7.94,-2.92));
#9619 = DIRECTION('',(-0.707106781187,-1.735167508357E-18,
    -0.707106781187));
#9620 = DIRECTION('',(-1.226948711654E-18,1.,-1.226948711654E-18));
#9621 = ADVANCED_FACE('',(#9622),#9647,.T.);
#9622 = FACE_BOUND('',#9623,.T.);
#9623 = EDGE_LOOP('',(#9624,#9632,#9633,#9641));
#9624 = ORIENTED_EDGE('',*,*,#9625,.F.);
#9625 = EDGE_CURVE('',#8666,#9626,#9628,.T.);
#9626 = VERTEX_POINT('',#9627);
#9627 = CARTESIAN_POINT('',(0.16,-0.16,8.54));
#9628 = LINE('',#9629,#9630);
#9629 = CARTESIAN_POINT('',(0.16,-0.16,8.54));
#9630 = VECTOR('',#9631,1.);
#9631 = DIRECTION('',(-0.57735026919,0.57735026919,0.57735026919));
#9632 = ORIENTED_EDGE('',*,*,#8682,.T.);
#9633 = ORIENTED_EDGE('',*,*,#9634,.T.);
#9634 = EDGE_CURVE('',#8675,#9635,#9637,.T.);
#9635 = VERTEX_POINT('',#9636);
#9636 = CARTESIAN_POINT('',(0.16,0.16,8.54));
#9637 = LINE('',#9638,#9639);
#9638 = CARTESIAN_POINT('',(5.333333333333E-02,5.333333333333E-02,
    8.646666666667));
#9639 = VECTOR('',#9640,1.);
#9640 = DIRECTION('',(-0.57735026919,-0.57735026919,0.57735026919));
#9641 = ORIENTED_EDGE('',*,*,#9642,.F.);
#9642 = EDGE_CURVE('',#9626,#9635,#9643,.T.);
#9643 = LINE('',#9644,#9645);
#9644 = CARTESIAN_POINT('',(0.16,-0.32,8.54));
#9645 = VECTOR('',#9646,1.);
#9646 = DIRECTION('',(0.,1.,0.));
#9647 = PLANE('',#9648);
#9648 = AXIS2_PLACEMENT_3D('',#9649,#9650,#9651);
#9649 = CARTESIAN_POINT('',(0.24,-0.32,8.46));
#9650 = DIRECTION('',(0.707106781187,-1.735167508357E-18,0.707106781187)
  );
#9651 = DIRECTION('',(1.226948711654E-18,1.,1.226948711654E-18));
#9652 = ADVANCED_FACE('',(#9653),#9671,.T.);
#9653 = FACE_BOUND('',#9654,.F.);
#9654 = EDGE_LOOP('',(#9655,#9663,#9664,#9665));
#9655 = ORIENTED_EDGE('',*,*,#9656,.F.);
#9656 = EDGE_CURVE('',#8699,#9657,#9659,.T.);
#9657 = VERTEX_POINT('',#9658);
#9658 = CARTESIAN_POINT('',(-0.16,0.16,8.54));
#9659 = LINE('',#9660,#9661);
#9660 = CARTESIAN_POINT('',(-0.16,0.16,8.54));
#9661 = VECTOR('',#9662,1.);
#9662 = DIRECTION('',(0.57735026919,-0.57735026919,0.57735026919));
#9663 = ORIENTED_EDGE('',*,*,#8706,.T.);
#9664 = ORIENTED_EDGE('',*,*,#9634,.T.);
#9665 = ORIENTED_EDGE('',*,*,#9666,.F.);
#9666 = EDGE_CURVE('',#9657,#9635,#9667,.T.);
#9667 = LINE('',#9668,#9669);
#9668 = CARTESIAN_POINT('',(-0.32,0.16,8.54));
#9669 = VECTOR('',#9670,1.);
#9670 = DIRECTION('',(1.,0.,0.));
#9671 = PLANE('',#9672);
#9672 = AXIS2_PLACEMENT_3D('',#9673,#9674,#9675);
#9673 = CARTESIAN_POINT('',(-0.32,0.24,8.46));
#9674 = DIRECTION('',(1.735167508357E-18,0.707106781187,0.707106781187)
  );
#9675 = DIRECTION('',(-1.,1.226948711654E-18,1.226948711654E-18));
#9676 = ADVANCED_FACE('',(#9677),#9695,.F.);
#9677 = FACE_BOUND('',#9678,.F.);
#9678 = EDGE_LOOP('',(#9679,#9687,#9688,#9689));
#9679 = ORIENTED_EDGE('',*,*,#9680,.F.);
#9680 = EDGE_CURVE('',#8721,#9681,#9683,.T.);
#9681 = VERTEX_POINT('',#9682);
#9682 = CARTESIAN_POINT('',(-0.16,-0.16,8.54));
#9683 = LINE('',#9684,#9685);
#9684 = CARTESIAN_POINT('',(-0.266666666667,-0.266666666667,
    8.433333333333));
#9685 = VECTOR('',#9686,1.);
#9686 = DIRECTION('',(0.57735026919,0.57735026919,0.57735026919));
#9687 = ORIENTED_EDGE('',*,*,#8730,.T.);
#9688 = ORIENTED_EDGE('',*,*,#9656,.T.);
#9689 = ORIENTED_EDGE('',*,*,#9690,.F.);
#9690 = EDGE_CURVE('',#9681,#9657,#9691,.T.);
#9691 = LINE('',#9692,#9693);
#9692 = CARTESIAN_POINT('',(-0.16,-0.32,8.54));
#9693 = VECTOR('',#9694,1.);
#9694 = DIRECTION('',(0.,1.,0.));
#9695 = PLANE('',#9696);
#9696 = AXIS2_PLACEMENT_3D('',#9697,#9698,#9699);
#9697 = CARTESIAN_POINT('',(-0.24,-0.32,8.46));
#9698 = DIRECTION('',(0.707106781187,1.735167508357E-18,-0.707106781187)
  );
#9699 = DIRECTION('',(-1.226948711654E-18,1.,1.226948711654E-18));
#9700 = ADVANCED_FACE('',(#9701),#9712,.F.);
#9701 = FACE_BOUND('',#9702,.T.);
#9702 = EDGE_LOOP('',(#9703,#9704,#9705,#9706));
#9703 = ORIENTED_EDGE('',*,*,#9680,.F.);
#9704 = ORIENTED_EDGE('',*,*,#8747,.T.);
#9705 = ORIENTED_EDGE('',*,*,#9625,.T.);
#9706 = ORIENTED_EDGE('',*,*,#9707,.F.);
#9707 = EDGE_CURVE('',#9681,#9626,#9708,.T.);
#9708 = LINE('',#9709,#9710);
#9709 = CARTESIAN_POINT('',(-0.32,-0.16,8.54));
#9710 = VECTOR('',#9711,1.);
#9711 = DIRECTION('',(1.,0.,0.));
#9712 = PLANE('',#9713);
#9713 = AXIS2_PLACEMENT_3D('',#9714,#9715,#9716);
#9714 = CARTESIAN_POINT('',(-0.32,-0.24,8.46));
#9715 = DIRECTION('',(-1.735167508357E-18,0.707106781187,-0.707106781187
    ));
#9716 = DIRECTION('',(-1.,-1.226948711654E-18,1.226948711654E-18));
#9717 = ADVANCED_FACE('',(#9718),#9743,.T.);
#9718 = FACE_BOUND('',#9719,.F.);
#9719 = EDGE_LOOP('',(#9720,#9728,#9729,#9737));
#9720 = ORIENTED_EDGE('',*,*,#9721,.F.);
#9721 = EDGE_CURVE('',#8771,#9722,#9724,.T.);
#9722 = VERTEX_POINT('',#9723);
#9723 = CARTESIAN_POINT('',(-0.16,-2.38,8.54));
#9724 = LINE('',#9725,#9726);
#9725 = CARTESIAN_POINT('',(-0.16,-2.38,8.54));
#9726 = VECTOR('',#9727,1.);
#9727 = DIRECTION('',(0.57735026919,-0.57735026919,0.57735026919));
#9728 = ORIENTED_EDGE('',*,*,#8778,.T.);
#9729 = ORIENTED_EDGE('',*,*,#9730,.T.);
#9730 = EDGE_CURVE('',#8762,#9731,#9733,.T.);
#9731 = VERTEX_POINT('',#9732);
#9732 = CARTESIAN_POINT('',(0.16,-2.38,8.54));
#9733 = LINE('',#9734,#9735);
#9734 = CARTESIAN_POINT('',(5.333333333333E-02,-2.486666666667,
    8.646666666667));
#9735 = VECTOR('',#9736,1.);
#9736 = DIRECTION('',(-0.57735026919,-0.57735026919,0.57735026919));
#9737 = ORIENTED_EDGE('',*,*,#9738,.F.);
#9738 = EDGE_CURVE('',#9722,#9731,#9739,.T.);
#9739 = LINE('',#9740,#9741);
#9740 = CARTESIAN_POINT('',(-0.32,-2.38,8.54));
#9741 = VECTOR('',#9742,1.);
#9742 = DIRECTION('',(1.,0.,0.));
#9743 = PLANE('',#9744);
#9744 = AXIS2_PLACEMENT_3D('',#9745,#9746,#9747);
#9745 = CARTESIAN_POINT('',(-0.32,-2.3,8.46));
#9746 = DIRECTION('',(1.735167508357E-18,0.707106781187,0.707106781187)
  );
#9747 = DIRECTION('',(-1.,1.226948711654E-18,1.226948711654E-18));
#9748 = ADVANCED_FACE('',(#9749),#9767,.F.);
#9749 = FACE_BOUND('',#9750,.F.);
#9750 = EDGE_LOOP('',(#9751,#9759,#9760,#9761));
#9751 = ORIENTED_EDGE('',*,*,#9752,.F.);
#9752 = EDGE_CURVE('',#8793,#9753,#9755,.T.);
#9753 = VERTEX_POINT('',#9754);
#9754 = CARTESIAN_POINT('',(-0.16,-2.7,8.54));
#9755 = LINE('',#9756,#9757);
#9756 = CARTESIAN_POINT('',(-0.266666666667,-2.806666666667,
    8.433333333333));
#9757 = VECTOR('',#9758,1.);
#9758 = DIRECTION('',(0.57735026919,0.57735026919,0.57735026919));
#9759 = ORIENTED_EDGE('',*,*,#8802,.T.);
#9760 = ORIENTED_EDGE('',*,*,#9721,.T.);
#9761 = ORIENTED_EDGE('',*,*,#9762,.F.);
#9762 = EDGE_CURVE('',#9753,#9722,#9763,.T.);
#9763 = LINE('',#9764,#9765);
#9764 = CARTESIAN_POINT('',(-0.16,-2.86,8.54));
#9765 = VECTOR('',#9766,1.);
#9766 = DIRECTION('',(0.,1.,0.));
#9767 = PLANE('',#9768);
#9768 = AXIS2_PLACEMENT_3D('',#9769,#9770,#9771);
#9769 = CARTESIAN_POINT('',(-0.24,-2.86,8.46));
#9770 = DIRECTION('',(0.707106781187,1.735167508357E-18,-0.707106781187)
  );
#9771 = DIRECTION('',(-1.226948711654E-18,1.,1.226948711654E-18));
#9772 = ADVANCED_FACE('',(#9773),#9791,.F.);
#9773 = FACE_BOUND('',#9774,.T.);
#9774 = EDGE_LOOP('',(#9775,#9776,#9777,#9785));
#9775 = ORIENTED_EDGE('',*,*,#9752,.F.);
#9776 = ORIENTED_EDGE('',*,*,#8826,.T.);
#9777 = ORIENTED_EDGE('',*,*,#9778,.T.);
#9778 = EDGE_CURVE('',#8817,#9779,#9781,.T.);
#9779 = VERTEX_POINT('',#9780);
#9780 = CARTESIAN_POINT('',(0.16,-2.7,8.54));
#9781 = LINE('',#9782,#9783);
#9782 = CARTESIAN_POINT('',(0.16,-2.7,8.54));
#9783 = VECTOR('',#9784,1.);
#9784 = DIRECTION('',(-0.57735026919,0.57735026919,0.57735026919));
#9785 = ORIENTED_EDGE('',*,*,#9786,.F.);
#9786 = EDGE_CURVE('',#9753,#9779,#9787,.T.);
#9787 = LINE('',#9788,#9789);
#9788 = CARTESIAN_POINT('',(-0.32,-2.7,8.54));
#9789 = VECTOR('',#9790,1.);
#9790 = DIRECTION('',(1.,0.,0.));
#9791 = PLANE('',#9792);
#9792 = AXIS2_PLACEMENT_3D('',#9793,#9794,#9795);
#9793 = CARTESIAN_POINT('',(-0.32,-2.78,8.46));
#9794 = DIRECTION('',(-1.735167508357E-18,0.707106781187,-0.707106781187
    ));
#9795 = DIRECTION('',(-1.,-1.226948711654E-18,1.226948711654E-18));
#9796 = ADVANCED_FACE('',(#9797),#9808,.T.);
#9797 = FACE_BOUND('',#9798,.T.);
#9798 = EDGE_LOOP('',(#9799,#9800,#9801,#9802));
#9799 = ORIENTED_EDGE('',*,*,#9778,.F.);
#9800 = ORIENTED_EDGE('',*,*,#8843,.T.);
#9801 = ORIENTED_EDGE('',*,*,#9730,.T.);
#9802 = ORIENTED_EDGE('',*,*,#9803,.F.);
#9803 = EDGE_CURVE('',#9779,#9731,#9804,.T.);
#9804 = LINE('',#9805,#9806);
#9805 = CARTESIAN_POINT('',(0.16,-2.86,8.54));
#9806 = VECTOR('',#9807,1.);
#9807 = DIRECTION('',(0.,1.,0.));
#9808 = PLANE('',#9809);
#9809 = AXIS2_PLACEMENT_3D('',#9810,#9811,#9812);
#9810 = CARTESIAN_POINT('',(0.24,-2.86,8.46));
#9811 = DIRECTION('',(0.707106781187,-1.735167508357E-18,0.707106781187)
  );
#9812 = DIRECTION('',(1.226948711654E-18,1.,1.226948711654E-18));
#9813 = ADVANCED_FACE('',(#9814),#9839,.T.);
#9814 = FACE_BOUND('',#9815,.F.);
#9815 = EDGE_LOOP('',(#9816,#9824,#9825,#9833));
#9816 = ORIENTED_EDGE('',*,*,#9817,.F.);
#9817 = EDGE_CURVE('',#8867,#9818,#9820,.T.);
#9818 = VERTEX_POINT('',#9819);
#9819 = CARTESIAN_POINT('',(-0.16,-4.92,8.54));
#9820 = LINE('',#9821,#9822);
#9821 = CARTESIAN_POINT('',(-0.16,-4.92,8.54));
#9822 = VECTOR('',#9823,1.);
#9823 = DIRECTION('',(0.57735026919,-0.57735026919,0.57735026919));
#9824 = ORIENTED_EDGE('',*,*,#8874,.T.);
#9825 = ORIENTED_EDGE('',*,*,#9826,.T.);
#9826 = EDGE_CURVE('',#8858,#9827,#9829,.T.);
#9827 = VERTEX_POINT('',#9828);
#9828 = CARTESIAN_POINT('',(0.16,-4.92,8.54));
#9829 = LINE('',#9830,#9831);
#9830 = CARTESIAN_POINT('',(5.333333333333E-02,-5.026666666667,
    8.646666666667));
#9831 = VECTOR('',#9832,1.);
#9832 = DIRECTION('',(-0.57735026919,-0.57735026919,0.57735026919));
#9833 = ORIENTED_EDGE('',*,*,#9834,.F.);
#9834 = EDGE_CURVE('',#9818,#9827,#9835,.T.);
#9835 = LINE('',#9836,#9837);
#9836 = CARTESIAN_POINT('',(-0.32,-4.92,8.54));
#9837 = VECTOR('',#9838,1.);
#9838 = DIRECTION('',(1.,0.,0.));
#9839 = PLANE('',#9840);
#9840 = AXIS2_PLACEMENT_3D('',#9841,#9842,#9843);
#9841 = CARTESIAN_POINT('',(-0.32,-4.84,8.46));
#9842 = DIRECTION('',(1.735167508357E-18,0.707106781187,0.707106781187)
  );
#9843 = DIRECTION('',(-1.,1.226948711654E-18,1.226948711654E-18));
#9844 = ADVANCED_FACE('',(#9845),#9863,.F.);
#9845 = FACE_BOUND('',#9846,.F.);
#9846 = EDGE_LOOP('',(#9847,#9855,#9856,#9857));
#9847 = ORIENTED_EDGE('',*,*,#9848,.F.);
#9848 = EDGE_CURVE('',#8889,#9849,#9851,.T.);
#9849 = VERTEX_POINT('',#9850);
#9850 = CARTESIAN_POINT('',(-0.16,-5.24,8.54));
#9851 = LINE('',#9852,#9853);
#9852 = CARTESIAN_POINT('',(-0.266666666667,-5.346666666667,
    8.433333333333));
#9853 = VECTOR('',#9854,1.);
#9854 = DIRECTION('',(0.57735026919,0.57735026919,0.57735026919));
#9855 = ORIENTED_EDGE('',*,*,#8898,.T.);
#9856 = ORIENTED_EDGE('',*,*,#9817,.T.);
#9857 = ORIENTED_EDGE('',*,*,#9858,.F.);
#9858 = EDGE_CURVE('',#9849,#9818,#9859,.T.);
#9859 = LINE('',#9860,#9861);
#9860 = CARTESIAN_POINT('',(-0.16,-5.4,8.54));
#9861 = VECTOR('',#9862,1.);
#9862 = DIRECTION('',(0.,1.,0.));
#9863 = PLANE('',#9864);
#9864 = AXIS2_PLACEMENT_3D('',#9865,#9866,#9867);
#9865 = CARTESIAN_POINT('',(-0.24,-5.4,8.46));
#9866 = DIRECTION('',(0.707106781187,1.735167508357E-18,-0.707106781187)
  );
#9867 = DIRECTION('',(-1.226948711654E-18,1.,1.226948711654E-18));
#9868 = ADVANCED_FACE('',(#9869),#9887,.F.);
#9869 = FACE_BOUND('',#9870,.T.);
#9870 = EDGE_LOOP('',(#9871,#9872,#9873,#9881));
#9871 = ORIENTED_EDGE('',*,*,#9848,.F.);
#9872 = ORIENTED_EDGE('',*,*,#8922,.T.);
#9873 = ORIENTED_EDGE('',*,*,#9874,.T.);
#9874 = EDGE_CURVE('',#8913,#9875,#9877,.T.);
#9875 = VERTEX_POINT('',#9876);
#9876 = CARTESIAN_POINT('',(0.16,-5.24,8.54));
#9877 = LINE('',#9878,#9879);
#9878 = CARTESIAN_POINT('',(0.16,-5.24,8.54));
#9879 = VECTOR('',#9880,1.);
#9880 = DIRECTION('',(-0.57735026919,0.57735026919,0.57735026919));
#9881 = ORIENTED_EDGE('',*,*,#9882,.F.);
#9882 = EDGE_CURVE('',#9849,#9875,#9883,.T.);
#9883 = LINE('',#9884,#9885);
#9884 = CARTESIAN_POINT('',(-0.32,-5.24,8.54));
#9885 = VECTOR('',#9886,1.);
#9886 = DIRECTION('',(1.,0.,0.));
#9887 = PLANE('',#9888);
#9888 = AXIS2_PLACEMENT_3D('',#9889,#9890,#9891);
#9889 = CARTESIAN_POINT('',(-0.32,-5.32,8.46));
#9890 = DIRECTION('',(-1.735167508357E-18,0.707106781187,-0.707106781187
    ));
#9891 = DIRECTION('',(-1.,-1.226948711654E-18,1.226948711654E-18));
#9892 = ADVANCED_FACE('',(#9893),#9904,.T.);
#9893 = FACE_BOUND('',#9894,.T.);
#9894 = EDGE_LOOP('',(#9895,#9896,#9897,#9898));
#9895 = ORIENTED_EDGE('',*,*,#9874,.F.);
#9896 = ORIENTED_EDGE('',*,*,#8939,.T.);
#9897 = ORIENTED_EDGE('',*,*,#9826,.T.);
#9898 = ORIENTED_EDGE('',*,*,#9899,.F.);
#9899 = EDGE_CURVE('',#9875,#9827,#9900,.T.);
#9900 = LINE('',#9901,#9902);
#9901 = CARTESIAN_POINT('',(0.16,-5.4,8.54));
#9902 = VECTOR('',#9903,1.);
#9903 = DIRECTION('',(0.,1.,0.));
#9904 = PLANE('',#9905);
#9905 = AXIS2_PLACEMENT_3D('',#9906,#9907,#9908);
#9906 = CARTESIAN_POINT('',(0.24,-5.4,8.46));
#9907 = DIRECTION('',(0.707106781187,-1.735167508357E-18,0.707106781187)
  );
#9908 = DIRECTION('',(1.226948711654E-18,1.,1.226948711654E-18));
#9909 = ADVANCED_FACE('',(#9910),#9935,.T.);
#9910 = FACE_BOUND('',#9911,.F.);
#9911 = EDGE_LOOP('',(#9912,#9920,#9921,#9929));
#9912 = ORIENTED_EDGE('',*,*,#9913,.F.);
#9913 = EDGE_CURVE('',#8963,#9914,#9916,.T.);
#9914 = VERTEX_POINT('',#9915);
#9915 = CARTESIAN_POINT('',(-0.16,-10.,8.54));
#9916 = LINE('',#9917,#9918);
#9917 = CARTESIAN_POINT('',(-0.16,-10.,8.54));
#9918 = VECTOR('',#9919,1.);
#9919 = DIRECTION('',(0.57735026919,-0.57735026919,0.57735026919));
#9920 = ORIENTED_EDGE('',*,*,#8970,.T.);
#9921 = ORIENTED_EDGE('',*,*,#9922,.T.);
#9922 = EDGE_CURVE('',#8954,#9923,#9925,.T.);
#9923 = VERTEX_POINT('',#9924);
#9924 = CARTESIAN_POINT('',(0.16,-10.,8.54));
#9925 = LINE('',#9926,#9927);
#9926 = CARTESIAN_POINT('',(5.333333333333E-02,-10.10666666666,
    8.646666666667));
#9927 = VECTOR('',#9928,1.);
#9928 = DIRECTION('',(-0.57735026919,-0.57735026919,0.57735026919));
#9929 = ORIENTED_EDGE('',*,*,#9930,.F.);
#9930 = EDGE_CURVE('',#9914,#9923,#9931,.T.);
#9931 = LINE('',#9932,#9933);
#9932 = CARTESIAN_POINT('',(-0.32,-10.,8.54));
#9933 = VECTOR('',#9934,1.);
#9934 = DIRECTION('',(1.,0.,0.));
#9935 = PLANE('',#9936);
#9936 = AXIS2_PLACEMENT_3D('',#9937,#9938,#9939);
#9937 = CARTESIAN_POINT('',(-0.32,-9.92,8.46));
#9938 = DIRECTION('',(1.735167508357E-18,0.707106781187,0.707106781187)
  );
#9939 = DIRECTION('',(-1.,1.226948711654E-18,1.226948711654E-18));
#9940 = ADVANCED_FACE('',(#9941),#9959,.F.);
#9941 = FACE_BOUND('',#9942,.F.);
#9942 = EDGE_LOOP('',(#9943,#9951,#9952,#9953));
#9943 = ORIENTED_EDGE('',*,*,#9944,.F.);
#9944 = EDGE_CURVE('',#8985,#9945,#9947,.T.);
#9945 = VERTEX_POINT('',#9946);
#9946 = CARTESIAN_POINT('',(-0.16,-10.32,8.54));
#9947 = LINE('',#9948,#9949);
#9948 = CARTESIAN_POINT('',(-0.266666666667,-10.42666666666,
    8.433333333333));
#9949 = VECTOR('',#9950,1.);
#9950 = DIRECTION('',(0.57735026919,0.57735026919,0.57735026919));
#9951 = ORIENTED_EDGE('',*,*,#8994,.T.);
#9952 = ORIENTED_EDGE('',*,*,#9913,.T.);
#9953 = ORIENTED_EDGE('',*,*,#9954,.F.);
#9954 = EDGE_CURVE('',#9945,#9914,#9955,.T.);
#9955 = LINE('',#9956,#9957);
#9956 = CARTESIAN_POINT('',(-0.16,-10.48,8.54));
#9957 = VECTOR('',#9958,1.);
#9958 = DIRECTION('',(0.,1.,0.));
#9959 = PLANE('',#9960);
#9960 = AXIS2_PLACEMENT_3D('',#9961,#9962,#9963);
#9961 = CARTESIAN_POINT('',(-0.24,-10.48,8.46));
#9962 = DIRECTION('',(0.707106781187,1.735167508357E-18,-0.707106781187)
  );
#9963 = DIRECTION('',(-1.226948711654E-18,1.,1.226948711654E-18));
#9964 = ADVANCED_FACE('',(#9965),#9983,.F.);
#9965 = FACE_BOUND('',#9966,.T.);
#9966 = EDGE_LOOP('',(#9967,#9968,#9969,#9977));
#9967 = ORIENTED_EDGE('',*,*,#9944,.F.);
#9968 = ORIENTED_EDGE('',*,*,#9018,.T.);
#9969 = ORIENTED_EDGE('',*,*,#9970,.T.);
#9970 = EDGE_CURVE('',#9009,#9971,#9973,.T.);
#9971 = VERTEX_POINT('',#9972);
#9972 = CARTESIAN_POINT('',(0.16,-10.32,8.54));
#9973 = LINE('',#9974,#9975);
#9974 = CARTESIAN_POINT('',(0.16,-10.32,8.54));
#9975 = VECTOR('',#9976,1.);
#9976 = DIRECTION('',(-0.57735026919,0.57735026919,0.57735026919));
#9977 = ORIENTED_EDGE('',*,*,#9978,.F.);
#9978 = EDGE_CURVE('',#9945,#9971,#9979,.T.);
#9979 = LINE('',#9980,#9981);
#9980 = CARTESIAN_POINT('',(-0.32,-10.32,8.54));
#9981 = VECTOR('',#9982,1.);
#9982 = DIRECTION('',(1.,0.,0.));
#9983 = PLANE('',#9984);
#9984 = AXIS2_PLACEMENT_3D('',#9985,#9986,#9987);
#9985 = CARTESIAN_POINT('',(-0.32,-10.4,8.46));
#9986 = DIRECTION('',(-1.735167508357E-18,0.707106781187,-0.707106781187
    ));
#9987 = DIRECTION('',(-1.,-1.226948711654E-18,1.226948711654E-18));
#9988 = ADVANCED_FACE('',(#9989),#10000,.T.);
#9989 = FACE_BOUND('',#9990,.T.);
#9990 = EDGE_LOOP('',(#9991,#9992,#9993,#9994));
#9991 = ORIENTED_EDGE('',*,*,#9970,.F.);
#9992 = ORIENTED_EDGE('',*,*,#9035,.T.);
#9993 = ORIENTED_EDGE('',*,*,#9922,.T.);
#9994 = ORIENTED_EDGE('',*,*,#9995,.F.);
#9995 = EDGE_CURVE('',#9971,#9923,#9996,.T.);
#9996 = LINE('',#9997,#9998);
#9997 = CARTESIAN_POINT('',(0.16,-10.48,8.54));
#9998 = VECTOR('',#9999,1.);
#9999 = DIRECTION('',(0.,1.,0.));
#10000 = PLANE('',#10001);
#10001 = AXIS2_PLACEMENT_3D('',#10002,#10003,#10004);
#10002 = CARTESIAN_POINT('',(0.24,-10.48,8.46));
#10003 = DIRECTION('',(0.707106781187,-1.735167508357E-18,0.707106781187
    ));
#10004 = DIRECTION('',(1.226948711654E-18,1.,1.226948711654E-18));
#10005 = ADVANCED_FACE('',(#10006),#10031,.F.);
#10006 = FACE_BOUND('',#10007,.T.);
#10007 = EDGE_LOOP('',(#10008,#10016,#10017,#10025));
#10008 = ORIENTED_EDGE('',*,*,#10009,.F.);
#10009 = EDGE_CURVE('',#9059,#10010,#10012,.T.);
#10010 = VERTEX_POINT('',#10011);
#10011 = CARTESIAN_POINT('',(-0.16,-7.78,8.54));
#10012 = LINE('',#10013,#10014);
#10013 = CARTESIAN_POINT('',(-0.266666666667,-7.886666666667,
    8.433333333333));
#10014 = VECTOR('',#10015,1.);
#10015 = DIRECTION('',(0.57735026919,0.57735026919,0.57735026919));
#10016 = ORIENTED_EDGE('',*,*,#9066,.T.);
#10017 = ORIENTED_EDGE('',*,*,#10018,.T.);
#10018 = EDGE_CURVE('',#9050,#10019,#10021,.T.);
#10019 = VERTEX_POINT('',#10020);
#10020 = CARTESIAN_POINT('',(0.16,-7.78,8.54));
#10021 = LINE('',#10022,#10023);
#10022 = CARTESIAN_POINT('',(0.16,-7.78,8.54));
#10023 = VECTOR('',#10024,1.);
#10024 = DIRECTION('',(-0.57735026919,0.57735026919,0.57735026919));
#10025 = ORIENTED_EDGE('',*,*,#10026,.F.);
#10026 = EDGE_CURVE('',#10010,#10019,#10027,.T.);
#10027 = LINE('',#10028,#10029);
#10028 = CARTESIAN_POINT('',(-0.32,-7.78,8.54));
#10029 = VECTOR('',#10030,1.);
#10030 = DIRECTION('',(1.,0.,0.));
#10031 = PLANE('',#10032);
#10032 = AXIS2_PLACEMENT_3D('',#10033,#10034,#10035);
#10033 = CARTESIAN_POINT('',(-0.32,-7.86,8.46));
#10034 = DIRECTION('',(-1.735167508357E-18,0.707106781187,
    -0.707106781187));
#10035 = DIRECTION('',(-1.,-1.226948711654E-18,1.226948711654E-18));
#10036 = ADVANCED_FACE('',(#10037),#10055,.T.);
#10037 = FACE_BOUND('',#10038,.T.);
#10038 = EDGE_LOOP('',(#10039,#10040,#10041,#10049));
#10039 = ORIENTED_EDGE('',*,*,#10018,.F.);
#10040 = ORIENTED_EDGE('',*,*,#9090,.T.);
#10041 = ORIENTED_EDGE('',*,*,#10042,.T.);
#10042 = EDGE_CURVE('',#9083,#10043,#10045,.T.);
#10043 = VERTEX_POINT('',#10044);
#10044 = CARTESIAN_POINT('',(0.16,-7.46,8.54));
#10045 = LINE('',#10046,#10047);
#10046 = CARTESIAN_POINT('',(5.333333333333E-02,-7.566666666667,
    8.646666666667));
#10047 = VECTOR('',#10048,1.);
#10048 = DIRECTION('',(-0.57735026919,-0.57735026919,0.57735026919));
#10049 = ORIENTED_EDGE('',*,*,#10050,.F.);
#10050 = EDGE_CURVE('',#10019,#10043,#10051,.T.);
#10051 = LINE('',#10052,#10053);
#10052 = CARTESIAN_POINT('',(0.16,-7.94,8.54));
#10053 = VECTOR('',#10054,1.);
#10054 = DIRECTION('',(0.,1.,0.));
#10055 = PLANE('',#10056);
#10056 = AXIS2_PLACEMENT_3D('',#10057,#10058,#10059);
#10057 = CARTESIAN_POINT('',(0.24,-7.94,8.46));
#10058 = DIRECTION('',(0.707106781187,-1.735167508357E-18,0.707106781187
    ));
#10059 = DIRECTION('',(1.226948711654E-18,1.,1.226948711654E-18));
#10060 = ADVANCED_FACE('',(#10061),#10079,.T.);
#10061 = FACE_BOUND('',#10062,.F.);
#10062 = EDGE_LOOP('',(#10063,#10071,#10072,#10073));
#10063 = ORIENTED_EDGE('',*,*,#10064,.F.);
#10064 = EDGE_CURVE('',#9107,#10065,#10067,.T.);
#10065 = VERTEX_POINT('',#10066);
#10066 = CARTESIAN_POINT('',(-0.16,-7.46,8.54));
#10067 = LINE('',#10068,#10069);
#10068 = CARTESIAN_POINT('',(-0.16,-7.46,8.54));
#10069 = VECTOR('',#10070,1.);
#10070 = DIRECTION('',(0.57735026919,-0.57735026919,0.57735026919));
#10071 = ORIENTED_EDGE('',*,*,#9114,.T.);
#10072 = ORIENTED_EDGE('',*,*,#10042,.T.);
#10073 = ORIENTED_EDGE('',*,*,#10074,.F.);
#10074 = EDGE_CURVE('',#10065,#10043,#10075,.T.);
#10075 = LINE('',#10076,#10077);
#10076 = CARTESIAN_POINT('',(-0.32,-7.46,8.54));
#10077 = VECTOR('',#10078,1.);
#10078 = DIRECTION('',(1.,0.,0.));
#10079 = PLANE('',#10080);
#10080 = AXIS2_PLACEMENT_3D('',#10081,#10082,#10083);
#10081 = CARTESIAN_POINT('',(-0.32,-7.38,8.46));
#10082 = DIRECTION('',(1.735167508357E-18,0.707106781187,0.707106781187)
  );
#10083 = DIRECTION('',(-1.,1.226948711654E-18,1.226948711654E-18));
#10084 = ADVANCED_FACE('',(#10085),#10096,.F.);
#10085 = FACE_BOUND('',#10086,.F.);
#10086 = EDGE_LOOP('',(#10087,#10088,#10089,#10090));
#10087 = ORIENTED_EDGE('',*,*,#10009,.F.);
#10088 = ORIENTED_EDGE('',*,*,#9131,.T.);
#10089 = ORIENTED_EDGE('',*,*,#10064,.T.);
#10090 = ORIENTED_EDGE('',*,*,#10091,.F.);
#10091 = EDGE_CURVE('',#10010,#10065,#10092,.T.);
#10092 = LINE('',#10093,#10094);
#10093 = CARTESIAN_POINT('',(-0.16,-7.94,8.54));
#10094 = VECTOR('',#10095,1.);
#10095 = DIRECTION('',(0.,1.,0.));
#10096 = PLANE('',#10097);
#10097 = AXIS2_PLACEMENT_3D('',#10098,#10099,#10100);
#10098 = CARTESIAN_POINT('',(-0.24,-7.94,8.46));
#10099 = DIRECTION('',(0.707106781187,1.735167508357E-18,-0.707106781187
    ));
#10100 = DIRECTION('',(-1.226948711654E-18,1.,1.226948711654E-18));
#10101 = ADVANCED_FACE('',(#10102),#10108,.F.);
#10102 = FACE_BOUND('',#10103,.F.);
#10103 = EDGE_LOOP('',(#10104,#10105,#10106,#10107));
#10104 = ORIENTED_EDGE('',*,*,#9227,.T.);
#10105 = ORIENTED_EDGE('',*,*,#9162,.T.);
#10106 = ORIENTED_EDGE('',*,*,#9186,.F.);
#10107 = ORIENTED_EDGE('',*,*,#9210,.F.);
#10108 = PLANE('',#10109);
#10109 = AXIS2_PLACEMENT_3D('',#10110,#10111,#10112);
#10110 = CARTESIAN_POINT('',(-0.32,-0.32,-3.));
#10111 = DIRECTION('',(0.,0.,1.));
#10112 = DIRECTION('',(1.,0.,-0.));
#10113 = ADVANCED_FACE('',(#10114),#10120,.F.);
#10114 = FACE_BOUND('',#10115,.F.);
#10115 = EDGE_LOOP('',(#10116,#10117,#10118,#10119));
#10116 = ORIENTED_EDGE('',*,*,#9306,.T.);
#10117 = ORIENTED_EDGE('',*,*,#9323,.T.);
#10118 = ORIENTED_EDGE('',*,*,#9258,.F.);
#10119 = ORIENTED_EDGE('',*,*,#9282,.F.);
#10120 = PLANE('',#10121);
#10121 = AXIS2_PLACEMENT_3D('',#10122,#10123,#10124);
#10122 = CARTESIAN_POINT('',(-0.32,-2.86,-3.));
#10123 = DIRECTION('',(0.,0.,1.));
#10124 = DIRECTION('',(1.,0.,-0.));
#10125 = ADVANCED_FACE('',(#10126),#10132,.F.);
#10126 = FACE_BOUND('',#10127,.F.);
#10127 = EDGE_LOOP('',(#10128,#10129,#10130,#10131));
#10128 = ORIENTED_EDGE('',*,*,#9402,.T.);
#10129 = ORIENTED_EDGE('',*,*,#9419,.T.);
#10130 = ORIENTED_EDGE('',*,*,#9354,.F.);
#10131 = ORIENTED_EDGE('',*,*,#9378,.F.);
#10132 = PLANE('',#10133);
#10133 = AXIS2_PLACEMENT_3D('',#10134,#10135,#10136);
#10134 = CARTESIAN_POINT('',(-0.32,-5.4,-3.));
#10135 = DIRECTION('',(0.,0.,1.));
#10136 = DIRECTION('',(1.,0.,-0.));
#10137 = ADVANCED_FACE('',(#10138),#10144,.F.);
#10138 = FACE_BOUND('',#10139,.F.);
#10139 = EDGE_LOOP('',(#10140,#10141,#10142,#10143));
#10140 = ORIENTED_EDGE('',*,*,#9498,.T.);
#10141 = ORIENTED_EDGE('',*,*,#9515,.T.);
#10142 = ORIENTED_EDGE('',*,*,#9450,.F.);
#10143 = ORIENTED_EDGE('',*,*,#9474,.F.);
#10144 = PLANE('',#10145);
#10145 = AXIS2_PLACEMENT_3D('',#10146,#10147,#10148);
#10146 = CARTESIAN_POINT('',(-0.32,-10.48,-3.));
#10147 = DIRECTION('',(0.,0.,1.));
#10148 = DIRECTION('',(1.,0.,-0.));
#10149 = ADVANCED_FACE('',(#10150),#10156,.F.);
#10150 = FACE_BOUND('',#10151,.F.);
#10151 = EDGE_LOOP('',(#10152,#10153,#10154,#10155));
#10152 = ORIENTED_EDGE('',*,*,#9546,.T.);
#10153 = ORIENTED_EDGE('',*,*,#9570,.T.);
#10154 = ORIENTED_EDGE('',*,*,#9594,.F.);
#10155 = ORIENTED_EDGE('',*,*,#9611,.F.);
#10156 = PLANE('',#10157);
#10157 = AXIS2_PLACEMENT_3D('',#10158,#10159,#10160);
#10158 = CARTESIAN_POINT('',(-0.32,-7.94,-3.));
#10159 = DIRECTION('',(0.,0.,1.));
#10160 = DIRECTION('',(1.,0.,-0.));
#10161 = ADVANCED_FACE('',(#10162),#10168,.T.);
#10162 = FACE_BOUND('',#10163,.T.);
#10163 = EDGE_LOOP('',(#10164,#10165,#10166,#10167));
#10164 = ORIENTED_EDGE('',*,*,#9642,.T.);
#10165 = ORIENTED_EDGE('',*,*,#9666,.F.);
#10166 = ORIENTED_EDGE('',*,*,#9690,.F.);
#10167 = ORIENTED_EDGE('',*,*,#9707,.T.);
#10168 = PLANE('',#10169);
#10169 = AXIS2_PLACEMENT_3D('',#10170,#10171,#10172);
#10170 = CARTESIAN_POINT('',(-0.32,-0.32,8.54));
#10171 = DIRECTION('',(0.,0.,1.));
#10172 = DIRECTION('',(1.,0.,-0.));
#10173 = ADVANCED_FACE('',(#10174),#10180,.T.);
#10174 = FACE_BOUND('',#10175,.T.);
#10175 = EDGE_LOOP('',(#10176,#10177,#10178,#10179));
#10176 = ORIENTED_EDGE('',*,*,#9803,.T.);
#10177 = ORIENTED_EDGE('',*,*,#9738,.F.);
#10178 = ORIENTED_EDGE('',*,*,#9762,.F.);
#10179 = ORIENTED_EDGE('',*,*,#9786,.T.);
#10180 = PLANE('',#10181);
#10181 = AXIS2_PLACEMENT_3D('',#10182,#10183,#10184);
#10182 = CARTESIAN_POINT('',(-0.32,-2.86,8.54));
#10183 = DIRECTION('',(0.,0.,1.));
#10184 = DIRECTION('',(1.,0.,-0.));
#10185 = ADVANCED_FACE('',(#10186),#10192,.T.);
#10186 = FACE_BOUND('',#10187,.T.);
#10187 = EDGE_LOOP('',(#10188,#10189,#10190,#10191));
#10188 = ORIENTED_EDGE('',*,*,#9899,.T.);
#10189 = ORIENTED_EDGE('',*,*,#9834,.F.);
#10190 = ORIENTED_EDGE('',*,*,#9858,.F.);
#10191 = ORIENTED_EDGE('',*,*,#9882,.T.);
#10192 = PLANE('',#10193);
#10193 = AXIS2_PLACEMENT_3D('',#10194,#10195,#10196);
#10194 = CARTESIAN_POINT('',(-0.32,-5.4,8.54));
#10195 = DIRECTION('',(0.,0.,1.));
#10196 = DIRECTION('',(1.,0.,-0.));
#10197 = ADVANCED_FACE('',(#10198),#10204,.T.);
#10198 = FACE_BOUND('',#10199,.T.);
#10199 = EDGE_LOOP('',(#10200,#10201,#10202,#10203));
#10200 = ORIENTED_EDGE('',*,*,#9995,.T.);
#10201 = ORIENTED_EDGE('',*,*,#9930,.F.);
#10202 = ORIENTED_EDGE('',*,*,#9954,.F.);
#10203 = ORIENTED_EDGE('',*,*,#9978,.T.);
#10204 = PLANE('',#10205);
#10205 = AXIS2_PLACEMENT_3D('',#10206,#10207,#10208);
#10206 = CARTESIAN_POINT('',(-0.32,-10.48,8.54));
#10207 = DIRECTION('',(0.,0.,1.));
#10208 = DIRECTION('',(1.,0.,-0.));
#10209 = ADVANCED_FACE('',(#10210),#10216,.T.);
#10210 = FACE_BOUND('',#10211,.T.);
#10211 = EDGE_LOOP('',(#10212,#10213,#10214,#10215));
#10212 = ORIENTED_EDGE('',*,*,#10050,.T.);
#10213 = ORIENTED_EDGE('',*,*,#10074,.F.);
#10214 = ORIENTED_EDGE('',*,*,#10091,.F.);
#10215 = ORIENTED_EDGE('',*,*,#10026,.T.);
#10216 = PLANE('',#10217);
#10217 = AXIS2_PLACEMENT_3D('',#10218,#10219,#10220);
#10218 = CARTESIAN_POINT('',(-0.32,-7.94,8.54));
#10219 = DIRECTION('',(0.,0.,1.));
#10220 = DIRECTION('',(1.,0.,-0.));
#10221 = ( GEOMETRIC_REPRESENTATION_CONTEXT(3) 
GLOBAL_UNCERTAINTY_ASSIGNED_CONTEXT((#10225)) 
GLOBAL_UNIT_ASSIGNED_CONTEXT((#10222,#10223,#10224)) 
REPRESENTATION_CONTEXT('Context #1',
  '3D Context with UNIT and UNCERTAINTY') );
#10222 = ( LENGTH_UNIT() NAMED_UNIT(*) SI_UNIT(.MILLI.,.METRE.) );
#10223 = ( NAMED_UNIT(*) PLANE_ANGLE_UNIT() SI_UNIT($,.RADIAN.) );
#10224 = ( NAMED_UNIT(*) SI_UNIT($,.STERADIAN.) SOLID_ANGLE_UNIT() );
#10225 = UNCERTAINTY_MEASURE_WITH_UNIT(LENGTH_MEASURE(1.E-07),#10222,
  'distance_accuracy_value','confusion accuracy');
#10226 = CONTEXT_DEPENDENT_SHAPE_REPRESENTATION(#10227,#10229);
#10227 = ( REPRESENTATION_RELATIONSHIP('','',#6766,#10) 
REPRESENTATION_RELATIONSHIP_WITH_TRANSFORMATION(#10228) 
SHAPE_REPRESENTATION_RELATIONSHIP() );
#10228 = ITEM_DEFINED_TRANSFORMATION('','',#11,#47);
#10229 = PRODUCT_DEFINITION_SHAPE('Placement','Placement of an item',
  #10230);
#10230 = NEXT_ASSEMBLY_USAGE_OCCURRENCE('9','J2','',#5,#6761,$);
#10231 = PRODUCT_RELATED_PRODUCT_CATEGORY('part',$,(#6763));
#10232 = SHAPE_DEFINITION_REPRESENTATION(#10233,#10239);
#10233 = PRODUCT_DEFINITION_SHAPE('','',#10234);
#10234 = PRODUCT_DEFINITION('design','',#10235,#10238);
#10235 = PRODUCT_DEFINITION_FORMATION('','',#10236);
#10236 = PRODUCT('PinHeader_1x04_P2.54mm_Vertical',
  'PinHeader_1x04_P2.54mm_Vertical','',(#10237));
#10237 = PRODUCT_CONTEXT('',#2,'mechanical');
#10238 = PRODUCT_DEFINITION_CONTEXT('part definition',#2,'design');
#10239 = ADVANCED_BREP_SHAPE_REPRESENTATION('',(#11,#10240),#13020);
#10240 = MANIFOLD_SOLID_BREP('',#10241);
#10241 = CLOSED_SHELL('',(#10242,#10282,#10313,#10344,#10673,#11002,
    #11019,#11036,#11053,#11070,#11087,#11104,#11121,#11138,#11155,
    #11172,#11189,#11206,#11223,#11240,#11257,#11274,#11291,#11308,
    #11325,#11342,#11359,#11376,#11388,#11419,#11443,#11467,#11484,
    #11515,#11539,#11563,#11580,#11611,#11635,#11659,#11676,#11707,
    #11731,#11755,#11772,#11803,#11827,#11851,#11868,#11899,#11923,
    #11947,#11964,#11995,#12019,#12043,#12060,#12091,#12115,#12139,
    #12156,#12187,#12211,#12235,#12252,#12283,#12307,#12331,#12348,
    #12379,#12403,#12427,#12444,#12475,#12499,#12523,#12540,#12571,
    #12595,#12619,#12636,#12667,#12691,#12715,#12732,#12763,#12787,
    #12811,#12828,#12859,#12883,#12907,#12924,#12936,#12948,#12960,
    #12972,#12984,#12996,#13008));
#10242 = ADVANCED_FACE('',(#10243),#10277,.F.);
#10243 = FACE_BOUND('',#10244,.F.);
#10244 = EDGE_LOOP('',(#10245,#10255,#10263,#10271));
#10245 = ORIENTED_EDGE('',*,*,#10246,.T.);
#10246 = EDGE_CURVE('',#10247,#10249,#10251,.T.);
#10247 = VERTEX_POINT('',#10248);
#10248 = CARTESIAN_POINT('',(-1.016,1.27,0.));
#10249 = VERTEX_POINT('',#10250);
#10250 = CARTESIAN_POINT('',(-1.016,1.27,2.54));
#10251 = LINE('',#10252,#10253);
#10252 = CARTESIAN_POINT('',(-1.016,1.27,0.));
#10253 = VECTOR('',#10254,1.);
#10254 = DIRECTION('',(0.,0.,1.));
#10255 = ORIENTED_EDGE('',*,*,#10256,.T.);
#10256 = EDGE_CURVE('',#10249,#10257,#10259,.T.);
#10257 = VERTEX_POINT('',#10258);
#10258 = CARTESIAN_POINT('',(-1.27,1.016,2.54));
#10259 = LINE('',#10260,#10261);
#10260 = CARTESIAN_POINT('',(-1.016,1.27,2.54));
#10261 = VECTOR('',#10262,1.);
#10262 = DIRECTION('',(-0.707106781187,-0.707106781187,0.));
#10263 = ORIENTED_EDGE('',*,*,#10264,.F.);
#10264 = EDGE_CURVE('',#10265,#10257,#10267,.T.);
#10265 = VERTEX_POINT('',#10266);
#10266 = CARTESIAN_POINT('',(-1.27,1.016,0.));
#10267 = LINE('',#10268,#10269);
#10268 = CARTESIAN_POINT('',(-1.27,1.016,0.));
#10269 = VECTOR('',#10270,1.);
#10270 = DIRECTION('',(0.,0.,1.));
#10271 = ORIENTED_EDGE('',*,*,#10272,.F.);
#10272 = EDGE_CURVE('',#10247,#10265,#10273,.T.);
#10273 = LINE('',#10274,#10275);
#10274 = CARTESIAN_POINT('',(-1.016,1.27,0.));
#10275 = VECTOR('',#10276,1.);
#10276 = DIRECTION('',(-0.707106781187,-0.707106781187,0.));
#10277 = PLANE('',#10278);
#10278 = AXIS2_PLACEMENT_3D('',#10279,#10280,#10281);
#10279 = CARTESIAN_POINT('',(-1.016,1.27,0.));
#10280 = DIRECTION('',(0.707106781187,-0.707106781187,0.));
#10281 = DIRECTION('',(-0.707106781187,-0.707106781187,0.));
#10282 = ADVANCED_FACE('',(#10283),#10308,.F.);
#10283 = FACE_BOUND('',#10284,.F.);
#10284 = EDGE_LOOP('',(#10285,#10295,#10301,#10302));
#10285 = ORIENTED_EDGE('',*,*,#10286,.T.);
#10286 = EDGE_CURVE('',#10287,#10289,#10291,.T.);
#10287 = VERTEX_POINT('',#10288);
#10288 = CARTESIAN_POINT('',(1.016,1.27,0.));
#10289 = VERTEX_POINT('',#10290);
#10290 = CARTESIAN_POINT('',(1.016,1.27,2.54));
#10291 = LINE('',#10292,#10293);
#10292 = CARTESIAN_POINT('',(1.016,1.27,0.));
#10293 = VECTOR('',#10294,1.);
#10294 = DIRECTION('',(0.,0.,1.));
#10295 = ORIENTED_EDGE('',*,*,#10296,.T.);
#10296 = EDGE_CURVE('',#10289,#10249,#10297,.T.);
#10297 = LINE('',#10298,#10299);
#10298 = CARTESIAN_POINT('',(1.016,1.27,2.54));
#10299 = VECTOR('',#10300,1.);
#10300 = DIRECTION('',(-1.,0.,0.));
#10301 = ORIENTED_EDGE('',*,*,#10246,.F.);
#10302 = ORIENTED_EDGE('',*,*,#10303,.F.);
#10303 = EDGE_CURVE('',#10287,#10247,#10304,.T.);
#10304 = LINE('',#10305,#10306);
#10305 = CARTESIAN_POINT('',(1.016,1.27,0.));
#10306 = VECTOR('',#10307,1.);
#10307 = DIRECTION('',(-1.,0.,0.));
#10308 = PLANE('',#10309);
#10309 = AXIS2_PLACEMENT_3D('',#10310,#10311,#10312);
#10310 = CARTESIAN_POINT('',(1.016,1.27,0.));
#10311 = DIRECTION('',(0.,-1.,0.));
#10312 = DIRECTION('',(-1.,0.,0.));
#10313 = ADVANCED_FACE('',(#10314),#10339,.F.);
#10314 = FACE_BOUND('',#10315,.F.);
#10315 = EDGE_LOOP('',(#10316,#10317,#10325,#10333));
#10316 = ORIENTED_EDGE('',*,*,#10264,.T.);
#10317 = ORIENTED_EDGE('',*,*,#10318,.T.);
#10318 = EDGE_CURVE('',#10257,#10319,#10321,.T.);
#10319 = VERTEX_POINT('',#10320);
#10320 = CARTESIAN_POINT('',(-1.27,-1.016,2.54));
#10321 = LINE('',#10322,#10323);
#10322 = CARTESIAN_POINT('',(-1.27,1.016,2.54));
#10323 = VECTOR('',#10324,1.);
#10324 = DIRECTION('',(0.,-1.,0.));
#10325 = ORIENTED_EDGE('',*,*,#10326,.F.);
#10326 = EDGE_CURVE('',#10327,#10319,#10329,.T.);
#10327 = VERTEX_POINT('',#10328);
#10328 = CARTESIAN_POINT('',(-1.27,-1.016,0.));
#10329 = LINE('',#10330,#10331);
#10330 = CARTESIAN_POINT('',(-1.27,-1.016,0.));
#10331 = VECTOR('',#10332,1.);
#10332 = DIRECTION('',(0.,0.,1.));
#10333 = ORIENTED_EDGE('',*,*,#10334,.F.);
#10334 = EDGE_CURVE('',#10265,#10327,#10335,.T.);
#10335 = LINE('',#10336,#10337);
#10336 = CARTESIAN_POINT('',(-1.27,1.016,0.));
#10337 = VECTOR('',#10338,1.);
#10338 = DIRECTION('',(0.,-1.,0.));
#10339 = PLANE('',#10340);
#10340 = AXIS2_PLACEMENT_3D('',#10341,#10342,#10343);
#10341 = CARTESIAN_POINT('',(-1.27,1.016,0.));
#10342 = DIRECTION('',(1.,0.,0.));
#10343 = DIRECTION('',(0.,-1.,0.));
#10344 = ADVANCED_FACE('',(#10345,#10532,#10566,#10600,#10634),#10668,
  .F.);
#10345 = FACE_BOUND('',#10346,.F.);
#10346 = EDGE_LOOP('',(#10347,#10348,#10349,#10357,#10365,#10373,#10381,
    #10389,#10397,#10405,#10413,#10421,#10429,#10437,#10445,#10453,
    #10461,#10469,#10477,#10485,#10493,#10501,#10509,#10517,#10525,
    #10531));
#10347 = ORIENTED_EDGE('',*,*,#10272,.T.);
#10348 = ORIENTED_EDGE('',*,*,#10334,.T.);
#10349 = ORIENTED_EDGE('',*,*,#10350,.T.);
#10350 = EDGE_CURVE('',#10327,#10351,#10353,.T.);
#10351 = VERTEX_POINT('',#10352);
#10352 = CARTESIAN_POINT('',(-1.016,-1.27,0.));
#10353 = LINE('',#10354,#10355);
#10354 = CARTESIAN_POINT('',(-1.27,-1.016,0.));
#10355 = VECTOR('',#10356,1.);
#10356 = DIRECTION('',(0.707106781187,-0.707106781187,0.));
#10357 = ORIENTED_EDGE('',*,*,#10358,.T.);
#10358 = EDGE_CURVE('',#10351,#10359,#10361,.T.);
#10359 = VERTEX_POINT('',#10360);
#10360 = CARTESIAN_POINT('',(-1.27,-1.524,0.));
#10361 = LINE('',#10362,#10363);
#10362 = CARTESIAN_POINT('',(-1.016,-1.27,0.));
#10363 = VECTOR('',#10364,1.);
#10364 = DIRECTION('',(-0.707106781187,-0.707106781187,0.));
#10365 = ORIENTED_EDGE('',*,*,#10366,.T.);
#10366 = EDGE_CURVE('',#10359,#10367,#10369,.T.);
#10367 = VERTEX_POINT('',#10368);
#10368 = CARTESIAN_POINT('',(-1.27,-3.556,0.));
#10369 = LINE('',#10370,#10371);
#10370 = CARTESIAN_POINT('',(-1.27,-1.524,0.));
#10371 = VECTOR('',#10372,1.);
#10372 = DIRECTION('',(0.,-1.,0.));
#10373 = ORIENTED_EDGE('',*,*,#10374,.T.);
#10374 = EDGE_CURVE('',#10367,#10375,#10377,.T.);
#10375 = VERTEX_POINT('',#10376);
#10376 = CARTESIAN_POINT('',(-1.016,-3.81,0.));
#10377 = LINE('',#10378,#10379);
#10378 = CARTESIAN_POINT('',(-1.27,-3.556,0.));
#10379 = VECTOR('',#10380,1.);
#10380 = DIRECTION('',(0.707106781187,-0.707106781187,0.));
#10381 = ORIENTED_EDGE('',*,*,#10382,.T.);
#10382 = EDGE_CURVE('',#10375,#10383,#10385,.T.);
#10383 = VERTEX_POINT('',#10384);
#10384 = CARTESIAN_POINT('',(-1.27,-4.064,0.));
#10385 = LINE('',#10386,#10387);
#10386 = CARTESIAN_POINT('',(-1.016,-3.81,0.));
#10387 = VECTOR('',#10388,1.);
#10388 = DIRECTION('',(-0.707106781187,-0.707106781187,0.));
#10389 = ORIENTED_EDGE('',*,*,#10390,.T.);
#10390 = EDGE_CURVE('',#10383,#10391,#10393,.T.);
#10391 = VERTEX_POINT('',#10392);
#10392 = CARTESIAN_POINT('',(-1.27,-6.096,0.));
#10393 = LINE('',#10394,#10395);
#10394 = CARTESIAN_POINT('',(-1.27,-4.064,0.));
#10395 = VECTOR('',#10396,1.);
#10396 = DIRECTION('',(0.,-1.,0.));
#10397 = ORIENTED_EDGE('',*,*,#10398,.T.);
#10398 = EDGE_CURVE('',#10391,#10399,#10401,.T.);
#10399 = VERTEX_POINT('',#10400);
#10400 = CARTESIAN_POINT('',(-1.016,-6.35,0.));
#10401 = LINE('',#10402,#10403);
#10402 = CARTESIAN_POINT('',(-1.27,-6.096,0.));
#10403 = VECTOR('',#10404,1.);
#10404 = DIRECTION('',(0.707106781187,-0.707106781187,0.));
#10405 = ORIENTED_EDGE('',*,*,#10406,.T.);
#10406 = EDGE_CURVE('',#10399,#10407,#10409,.T.);
#10407 = VERTEX_POINT('',#10408);
#10408 = CARTESIAN_POINT('',(-1.27,-6.604,0.));
#10409 = LINE('',#10410,#10411);
#10410 = CARTESIAN_POINT('',(-1.016,-6.35,0.));
#10411 = VECTOR('',#10412,1.);
#10412 = DIRECTION('',(-0.707106781187,-0.707106781187,0.));
#10413 = ORIENTED_EDGE('',*,*,#10414,.T.);
#10414 = EDGE_CURVE('',#10407,#10415,#10417,.T.);
#10415 = VERTEX_POINT('',#10416);
#10416 = CARTESIAN_POINT('',(-1.27,-8.636,0.));
#10417 = LINE('',#10418,#10419);
#10418 = CARTESIAN_POINT('',(-1.27,-6.604,0.));
#10419 = VECTOR('',#10420,1.);
#10420 = DIRECTION('',(0.,-1.,0.));
#10421 = ORIENTED_EDGE('',*,*,#10422,.T.);
#10422 = EDGE_CURVE('',#10415,#10423,#10425,.T.);
#10423 = VERTEX_POINT('',#10424);
#10424 = CARTESIAN_POINT('',(-1.016,-8.89,0.));
#10425 = LINE('',#10426,#10427);
#10426 = CARTESIAN_POINT('',(-1.27,-8.636,0.));
#10427 = VECTOR('',#10428,1.);
#10428 = DIRECTION('',(0.707106781187,-0.707106781187,0.));
#10429 = ORIENTED_EDGE('',*,*,#10430,.T.);
#10430 = EDGE_CURVE('',#10423,#10431,#10433,.T.);
#10431 = VERTEX_POINT('',#10432);
#10432 = CARTESIAN_POINT('',(1.016,-8.89,0.));
#10433 = LINE('',#10434,#10435);
#10434 = CARTESIAN_POINT('',(-1.016,-8.89,0.));
#10435 = VECTOR('',#10436,1.);
#10436 = DIRECTION('',(1.,0.,0.));
#10437 = ORIENTED_EDGE('',*,*,#10438,.T.);
#10438 = EDGE_CURVE('',#10431,#10439,#10441,.T.);
#10439 = VERTEX_POINT('',#10440);
#10440 = CARTESIAN_POINT('',(1.27,-8.636,0.));
#10441 = LINE('',#10442,#10443);
#10442 = CARTESIAN_POINT('',(1.016,-8.89,0.));
#10443 = VECTOR('',#10444,1.);
#10444 = DIRECTION('',(0.707106781187,0.707106781187,0.));
#10445 = ORIENTED_EDGE('',*,*,#10446,.T.);
#10446 = EDGE_CURVE('',#10439,#10447,#10449,.T.);
#10447 = VERTEX_POINT('',#10448);
#10448 = CARTESIAN_POINT('',(1.27,-6.604,0.));
#10449 = LINE('',#10450,#10451);
#10450 = CARTESIAN_POINT('',(1.27,-8.636,0.));
#10451 = VECTOR('',#10452,1.);
#10452 = DIRECTION('',(0.,1.,0.));
#10453 = ORIENTED_EDGE('',*,*,#10454,.T.);
#10454 = EDGE_CURVE('',#10447,#10455,#10457,.T.);
#10455 = VERTEX_POINT('',#10456);
#10456 = CARTESIAN_POINT('',(1.016,-6.35,0.));
#10457 = LINE('',#10458,#10459);
#10458 = CARTESIAN_POINT('',(1.27,-6.604,0.));
#10459 = VECTOR('',#10460,1.);
#10460 = DIRECTION('',(-0.707106781187,0.707106781187,0.));
#10461 = ORIENTED_EDGE('',*,*,#10462,.T.);
#10462 = EDGE_CURVE('',#10455,#10463,#10465,.T.);
#10463 = VERTEX_POINT('',#10464);
#10464 = CARTESIAN_POINT('',(1.27,-6.096,0.));
#10465 = LINE('',#10466,#10467);
#10466 = CARTESIAN_POINT('',(1.016,-6.35,0.));
#10467 = VECTOR('',#10468,1.);
#10468 = DIRECTION('',(0.707106781187,0.707106781187,0.));
#10469 = ORIENTED_EDGE('',*,*,#10470,.T.);
#10470 = EDGE_CURVE('',#10463,#10471,#10473,.T.);
#10471 = VERTEX_POINT('',#10472);
#10472 = CARTESIAN_POINT('',(1.27,-4.064,0.));
#10473 = LINE('',#10474,#10475);
#10474 = CARTESIAN_POINT('',(1.27,-6.096,0.));
#10475 = VECTOR('',#10476,1.);
#10476 = DIRECTION('',(0.,1.,0.));
#10477 = ORIENTED_EDGE('',*,*,#10478,.T.);
#10478 = EDGE_CURVE('',#10471,#10479,#10481,.T.);
#10479 = VERTEX_POINT('',#10480);
#10480 = CARTESIAN_POINT('',(1.016,-3.81,0.));
#10481 = LINE('',#10482,#10483);
#10482 = CARTESIAN_POINT('',(1.27,-4.064,0.));
#10483 = VECTOR('',#10484,1.);
#10484 = DIRECTION('',(-0.707106781187,0.707106781187,0.));
#10485 = ORIENTED_EDGE('',*,*,#10486,.T.);
#10486 = EDGE_CURVE('',#10479,#10487,#10489,.T.);
#10487 = VERTEX_POINT('',#10488);
#10488 = CARTESIAN_POINT('',(1.27,-3.556,0.));
#10489 = LINE('',#10490,#10491);
#10490 = CARTESIAN_POINT('',(1.016,-3.81,0.));
#10491 = VECTOR('',#10492,1.);
#10492 = DIRECTION('',(0.707106781187,0.707106781187,0.));
#10493 = ORIENTED_EDGE('',*,*,#10494,.T.);
#10494 = EDGE_CURVE('',#10487,#10495,#10497,.T.);
#10495 = VERTEX_POINT('',#10496);
#10496 = CARTESIAN_POINT('',(1.27,-1.524,0.));
#10497 = LINE('',#10498,#10499);
#10498 = CARTESIAN_POINT('',(1.27,-3.556,0.));
#10499 = VECTOR('',#10500,1.);
#10500 = DIRECTION('',(0.,1.,0.));
#10501 = ORIENTED_EDGE('',*,*,#10502,.T.);
#10502 = EDGE_CURVE('',#10495,#10503,#10505,.T.);
#10503 = VERTEX_POINT('',#10504);
#10504 = CARTESIAN_POINT('',(1.016,-1.27,0.));
#10505 = LINE('',#10506,#10507);
#10506 = CARTESIAN_POINT('',(1.27,-1.524,0.));
#10507 = VECTOR('',#10508,1.);
#10508 = DIRECTION('',(-0.707106781187,0.707106781187,0.));
#10509 = ORIENTED_EDGE('',*,*,#10510,.T.);
#10510 = EDGE_CURVE('',#10503,#10511,#10513,.T.);
#10511 = VERTEX_POINT('',#10512);
#10512 = CARTESIAN_POINT('',(1.27,-1.016,0.));
#10513 = LINE('',#10514,#10515);
#10514 = CARTESIAN_POINT('',(1.016,-1.27,0.));
#10515 = VECTOR('',#10516,1.);
#10516 = DIRECTION('',(0.707106781187,0.707106781187,0.));
#10517 = ORIENTED_EDGE('',*,*,#10518,.T.);
#10518 = EDGE_CURVE('',#10511,#10519,#10521,.T.);
#10519 = VERTEX_POINT('',#10520);
#10520 = CARTESIAN_POINT('',(1.27,1.016,0.));
#10521 = LINE('',#10522,#10523);
#10522 = CARTESIAN_POINT('',(1.27,-1.016,0.));
#10523 = VECTOR('',#10524,1.);
#10524 = DIRECTION('',(0.,1.,0.));
#10525 = ORIENTED_EDGE('',*,*,#10526,.T.);
#10526 = EDGE_CURVE('',#10519,#10287,#10527,.T.);
#10527 = LINE('',#10528,#10529);
#10528 = CARTESIAN_POINT('',(1.27,1.016,0.));
#10529 = VECTOR('',#10530,1.);
#10530 = DIRECTION('',(-0.707106781187,0.707106781187,0.));
#10531 = ORIENTED_EDGE('',*,*,#10303,.T.);
#10532 = FACE_BOUND('',#10533,.F.);
#10533 = EDGE_LOOP('',(#10534,#10544,#10552,#10560));
#10534 = ORIENTED_EDGE('',*,*,#10535,.F.);
#10535 = EDGE_CURVE('',#10536,#10538,#10540,.T.);
#10536 = VERTEX_POINT('',#10537);
#10537 = CARTESIAN_POINT('',(0.32,-4.76,0.));
#10538 = VERTEX_POINT('',#10539);
#10539 = CARTESIAN_POINT('',(-0.32,-4.76,0.));
#10540 = LINE('',#10541,#10542);
#10541 = CARTESIAN_POINT('',(-0.16,-4.76,0.));
#10542 = VECTOR('',#10543,1.);
#10543 = DIRECTION('',(-1.,0.,0.));
#10544 = ORIENTED_EDGE('',*,*,#10545,.F.);
#10545 = EDGE_CURVE('',#10546,#10536,#10548,.T.);
#10546 = VERTEX_POINT('',#10547);
#10547 = CARTESIAN_POINT('',(0.32,-5.4,0.));
#10548 = LINE('',#10549,#10550);
#10549 = CARTESIAN_POINT('',(0.32,-4.605,0.));
#10550 = VECTOR('',#10551,1.);
#10551 = DIRECTION('',(0.,1.,0.));
#10552 = ORIENTED_EDGE('',*,*,#10553,.T.);
#10553 = EDGE_CURVE('',#10546,#10554,#10556,.T.);
#10554 = VERTEX_POINT('',#10555);
#10555 = CARTESIAN_POINT('',(-0.32,-5.4,0.));
#10556 = LINE('',#10557,#10558);
#10557 = CARTESIAN_POINT('',(-0.16,-5.4,0.));
#10558 = VECTOR('',#10559,1.);
#10559 = DIRECTION('',(-1.,0.,0.));
#10560 = ORIENTED_EDGE('',*,*,#10561,.T.);
#10561 = EDGE_CURVE('',#10554,#10538,#10562,.T.);
#10562 = LINE('',#10563,#10564);
#10563 = CARTESIAN_POINT('',(-0.32,-4.605,0.));
#10564 = VECTOR('',#10565,1.);
#10565 = DIRECTION('',(0.,1.,0.));
#10566 = FACE_BOUND('',#10567,.F.);
#10567 = EDGE_LOOP('',(#10568,#10578,#10586,#10594));
#10568 = ORIENTED_EDGE('',*,*,#10569,.F.);
#10569 = EDGE_CURVE('',#10570,#10572,#10574,.T.);
#10570 = VERTEX_POINT('',#10571);
#10571 = CARTESIAN_POINT('',(0.32,-7.94,0.));
#10572 = VERTEX_POINT('',#10573);
#10573 = CARTESIAN_POINT('',(0.32,-7.3,0.));
#10574 = LINE('',#10575,#10576);
#10575 = CARTESIAN_POINT('',(0.32,-5.875,0.));
#10576 = VECTOR('',#10577,1.);
#10577 = DIRECTION('',(0.,1.,0.));
#10578 = ORIENTED_EDGE('',*,*,#10579,.T.);
#10579 = EDGE_CURVE('',#10570,#10580,#10582,.T.);
#10580 = VERTEX_POINT('',#10581);
#10581 = CARTESIAN_POINT('',(-0.32,-7.94,0.));
#10582 = LINE('',#10583,#10584);
#10583 = CARTESIAN_POINT('',(-0.16,-7.94,0.));
#10584 = VECTOR('',#10585,1.);
#10585 = DIRECTION('',(-1.,0.,0.));
#10586 = ORIENTED_EDGE('',*,*,#10587,.T.);
#10587 = EDGE_CURVE('',#10580,#10588,#10590,.T.);
#10588 = VERTEX_POINT('',#10589);
#10589 = CARTESIAN_POINT('',(-0.32,-7.3,0.));
#10590 = LINE('',#10591,#10592);
#10591 = CARTESIAN_POINT('',(-0.32,-5.875,0.));
#10592 = VECTOR('',#10593,1.);
#10593 = DIRECTION('',(0.,1.,0.));
#10594 = ORIENTED_EDGE('',*,*,#10595,.F.);
#10595 = EDGE_CURVE('',#10572,#10588,#10596,.T.);
#10596 = LINE('',#10597,#10598);
#10597 = CARTESIAN_POINT('',(-0.16,-7.3,0.));
#10598 = VECTOR('',#10599,1.);
#10599 = DIRECTION('',(-1.,0.,0.));
#10600 = FACE_BOUND('',#10601,.F.);
#10601 = EDGE_LOOP('',(#10602,#10612,#10620,#10628));
#10602 = ORIENTED_EDGE('',*,*,#10603,.F.);
#10603 = EDGE_CURVE('',#10604,#10606,#10608,.T.);
#10604 = VERTEX_POINT('',#10605);
#10605 = CARTESIAN_POINT('',(0.32,-0.32,0.));
#10606 = VERTEX_POINT('',#10607);
#10607 = CARTESIAN_POINT('',(0.32,0.32,0.));
#10608 = LINE('',#10609,#10610);
#10609 = CARTESIAN_POINT('',(0.32,-2.065,0.));
#10610 = VECTOR('',#10611,1.);
#10611 = DIRECTION('',(0.,1.,0.));
#10612 = ORIENTED_EDGE('',*,*,#10613,.T.);
#10613 = EDGE_CURVE('',#10604,#10614,#10616,.T.);
#10614 = VERTEX_POINT('',#10615);
#10615 = CARTESIAN_POINT('',(-0.32,-0.32,0.));
#10616 = LINE('',#10617,#10618);
#10617 = CARTESIAN_POINT('',(-0.16,-0.32,0.));
#10618 = VECTOR('',#10619,1.);
#10619 = DIRECTION('',(-1.,0.,0.));
#10620 = ORIENTED_EDGE('',*,*,#10621,.T.);
#10621 = EDGE_CURVE('',#10614,#10622,#10624,.T.);
#10622 = VERTEX_POINT('',#10623);
#10623 = CARTESIAN_POINT('',(-0.32,0.32,0.));
#10624 = LINE('',#10625,#10626);
#10625 = CARTESIAN_POINT('',(-0.32,-2.065,0.));
#10626 = VECTOR('',#10627,1.);
#10627 = DIRECTION('',(0.,1.,0.));
#10628 = ORIENTED_EDGE('',*,*,#10629,.F.);
#10629 = EDGE_CURVE('',#10606,#10622,#10630,.T.);
#10630 = LINE('',#10631,#10632);
#10631 = CARTESIAN_POINT('',(-0.16,0.32,0.));
#10632 = VECTOR('',#10633,1.);
#10633 = DIRECTION('',(-1.,0.,0.));
#10634 = FACE_BOUND('',#10635,.F.);
#10635 = EDGE_LOOP('',(#10636,#10646,#10654,#10662));
#10636 = ORIENTED_EDGE('',*,*,#10637,.F.);
#10637 = EDGE_CURVE('',#10638,#10640,#10642,.T.);
#10638 = VERTEX_POINT('',#10639);
#10639 = CARTESIAN_POINT('',(0.32,-2.22,0.));
#10640 = VERTEX_POINT('',#10641);
#10641 = CARTESIAN_POINT('',(-0.32,-2.22,0.));
#10642 = LINE('',#10643,#10644);
#10643 = CARTESIAN_POINT('',(-0.16,-2.22,0.));
#10644 = VECTOR('',#10645,1.);
#10645 = DIRECTION('',(-1.,0.,0.));
#10646 = ORIENTED_EDGE('',*,*,#10647,.F.);
#10647 = EDGE_CURVE('',#10648,#10638,#10650,.T.);
#10648 = VERTEX_POINT('',#10649);
#10649 = CARTESIAN_POINT('',(0.32,-2.86,0.));
#10650 = LINE('',#10651,#10652);
#10651 = CARTESIAN_POINT('',(0.32,-3.335,0.));
#10652 = VECTOR('',#10653,1.);
#10653 = DIRECTION('',(0.,1.,0.));
#10654 = ORIENTED_EDGE('',*,*,#10655,.T.);
#10655 = EDGE_CURVE('',#10648,#10656,#10658,.T.);
#10656 = VERTEX_POINT('',#10657);
#10657 = CARTESIAN_POINT('',(-0.32,-2.86,0.));
#10658 = LINE('',#10659,#10660);
#10659 = CARTESIAN_POINT('',(-0.16,-2.86,0.));
#10660 = VECTOR('',#10661,1.);
#10661 = DIRECTION('',(-1.,0.,0.));
#10662 = ORIENTED_EDGE('',*,*,#10663,.T.);
#10663 = EDGE_CURVE('',#10656,#10640,#10664,.T.);
#10664 = LINE('',#10665,#10666);
#10665 = CARTESIAN_POINT('',(-0.32,-3.335,0.));
#10666 = VECTOR('',#10667,1.);
#10667 = DIRECTION('',(0.,1.,0.));
#10668 = PLANE('',#10669);
#10669 = AXIS2_PLACEMENT_3D('',#10670,#10671,#10672);
#10670 = CARTESIAN_POINT('',(4.259053689278E-17,-3.81,0.));
#10671 = DIRECTION('',(0.,0.,1.));
#10672 = DIRECTION('',(1.,0.,-0.));
#10673 = ADVANCED_FACE('',(#10674,#10861,#10895,#10929,#10963),#10997,
  .T.);
#10674 = FACE_BOUND('',#10675,.T.);
#10675 = EDGE_LOOP('',(#10676,#10677,#10678,#10686,#10694,#10702,#10710,
    #10718,#10726,#10734,#10742,#10750,#10758,#10766,#10774,#10782,
    #10790,#10798,#10806,#10814,#10822,#10830,#10838,#10846,#10854,
    #10860));
#10676 = ORIENTED_EDGE('',*,*,#10256,.T.);
#10677 = ORIENTED_EDGE('',*,*,#10318,.T.);
#10678 = ORIENTED_EDGE('',*,*,#10679,.T.);
#10679 = EDGE_CURVE('',#10319,#10680,#10682,.T.);
#10680 = VERTEX_POINT('',#10681);
#10681 = CARTESIAN_POINT('',(-1.016,-1.27,2.54));
#10682 = LINE('',#10683,#10684);
#10683 = CARTESIAN_POINT('',(-1.27,-1.016,2.54));
#10684 = VECTOR('',#10685,1.);
#10685 = DIRECTION('',(0.707106781187,-0.707106781187,0.));
#10686 = ORIENTED_EDGE('',*,*,#10687,.T.);
#10687 = EDGE_CURVE('',#10680,#10688,#10690,.T.);
#10688 = VERTEX_POINT('',#10689);
#10689 = CARTESIAN_POINT('',(-1.27,-1.524,2.54));
#10690 = LINE('',#10691,#10692);
#10691 = CARTESIAN_POINT('',(-1.016,-1.27,2.54));
#10692 = VECTOR('',#10693,1.);
#10693 = DIRECTION('',(-0.707106781187,-0.707106781187,0.));
#10694 = ORIENTED_EDGE('',*,*,#10695,.T.);
#10695 = EDGE_CURVE('',#10688,#10696,#10698,.T.);
#10696 = VERTEX_POINT('',#10697);
#10697 = CARTESIAN_POINT('',(-1.27,-3.556,2.54));
#10698 = LINE('',#10699,#10700);
#10699 = CARTESIAN_POINT('',(-1.27,-1.524,2.54));
#10700 = VECTOR('',#10701,1.);
#10701 = DIRECTION('',(0.,-1.,0.));
#10702 = ORIENTED_EDGE('',*,*,#10703,.T.);
#10703 = EDGE_CURVE('',#10696,#10704,#10706,.T.);
#10704 = VERTEX_POINT('',#10705);
#10705 = CARTESIAN_POINT('',(-1.016,-3.81,2.54));
#10706 = LINE('',#10707,#10708);
#10707 = CARTESIAN_POINT('',(-1.27,-3.556,2.54));
#10708 = VECTOR('',#10709,1.);
#10709 = DIRECTION('',(0.707106781187,-0.707106781187,0.));
#10710 = ORIENTED_EDGE('',*,*,#10711,.T.);
#10711 = EDGE_CURVE('',#10704,#10712,#10714,.T.);
#10712 = VERTEX_POINT('',#10713);
#10713 = CARTESIAN_POINT('',(-1.27,-4.064,2.54));
#10714 = LINE('',#10715,#10716);
#10715 = CARTESIAN_POINT('',(-1.016,-3.81,2.54));
#10716 = VECTOR('',#10717,1.);
#10717 = DIRECTION('',(-0.707106781187,-0.707106781187,0.));
#10718 = ORIENTED_EDGE('',*,*,#10719,.T.);
#10719 = EDGE_CURVE('',#10712,#10720,#10722,.T.);
#10720 = VERTEX_POINT('',#10721);
#10721 = CARTESIAN_POINT('',(-1.27,-6.096,2.54));
#10722 = LINE('',#10723,#10724);
#10723 = CARTESIAN_POINT('',(-1.27,-4.064,2.54));
#10724 = VECTOR('',#10725,1.);
#10725 = DIRECTION('',(0.,-1.,0.));
#10726 = ORIENTED_EDGE('',*,*,#10727,.T.);
#10727 = EDGE_CURVE('',#10720,#10728,#10730,.T.);
#10728 = VERTEX_POINT('',#10729);
#10729 = CARTESIAN_POINT('',(-1.016,-6.35,2.54));
#10730 = LINE('',#10731,#10732);
#10731 = CARTESIAN_POINT('',(-1.27,-6.096,2.54));
#10732 = VECTOR('',#10733,1.);
#10733 = DIRECTION('',(0.707106781187,-0.707106781187,0.));
#10734 = ORIENTED_EDGE('',*,*,#10735,.T.);
#10735 = EDGE_CURVE('',#10728,#10736,#10738,.T.);
#10736 = VERTEX_POINT('',#10737);
#10737 = CARTESIAN_POINT('',(-1.27,-6.604,2.54));
#10738 = LINE('',#10739,#10740);
#10739 = CARTESIAN_POINT('',(-1.016,-6.35,2.54));
#10740 = VECTOR('',#10741,1.);
#10741 = DIRECTION('',(-0.707106781187,-0.707106781187,0.));
#10742 = ORIENTED_EDGE('',*,*,#10743,.T.);
#10743 = EDGE_CURVE('',#10736,#10744,#10746,.T.);
#10744 = VERTEX_POINT('',#10745);
#10745 = CARTESIAN_POINT('',(-1.27,-8.636,2.54));
#10746 = LINE('',#10747,#10748);
#10747 = CARTESIAN_POINT('',(-1.27,-6.604,2.54));
#10748 = VECTOR('',#10749,1.);
#10749 = DIRECTION('',(0.,-1.,0.));
#10750 = ORIENTED_EDGE('',*,*,#10751,.T.);
#10751 = EDGE_CURVE('',#10744,#10752,#10754,.T.);
#10752 = VERTEX_POINT('',#10753);
#10753 = CARTESIAN_POINT('',(-1.016,-8.89,2.54));
#10754 = LINE('',#10755,#10756);
#10755 = CARTESIAN_POINT('',(-1.27,-8.636,2.54));
#10756 = VECTOR('',#10757,1.);
#10757 = DIRECTION('',(0.707106781187,-0.707106781187,0.));
#10758 = ORIENTED_EDGE('',*,*,#10759,.T.);
#10759 = EDGE_CURVE('',#10752,#10760,#10762,.T.);
#10760 = VERTEX_POINT('',#10761);
#10761 = CARTESIAN_POINT('',(1.016,-8.89,2.54));
#10762 = LINE('',#10763,#10764);
#10763 = CARTESIAN_POINT('',(-1.016,-8.89,2.54));
#10764 = VECTOR('',#10765,1.);
#10765 = DIRECTION('',(1.,0.,0.));
#10766 = ORIENTED_EDGE('',*,*,#10767,.T.);
#10767 = EDGE_CURVE('',#10760,#10768,#10770,.T.);
#10768 = VERTEX_POINT('',#10769);
#10769 = CARTESIAN_POINT('',(1.27,-8.636,2.54));
#10770 = LINE('',#10771,#10772);
#10771 = CARTESIAN_POINT('',(1.016,-8.89,2.54));
#10772 = VECTOR('',#10773,1.);
#10773 = DIRECTION('',(0.707106781187,0.707106781187,0.));
#10774 = ORIENTED_EDGE('',*,*,#10775,.T.);
#10775 = EDGE_CURVE('',#10768,#10776,#10778,.T.);
#10776 = VERTEX_POINT('',#10777);
#10777 = CARTESIAN_POINT('',(1.27,-6.604,2.54));
#10778 = LINE('',#10779,#10780);
#10779 = CARTESIAN_POINT('',(1.27,-8.636,2.54));
#10780 = VECTOR('',#10781,1.);
#10781 = DIRECTION('',(0.,1.,0.));
#10782 = ORIENTED_EDGE('',*,*,#10783,.T.);
#10783 = EDGE_CURVE('',#10776,#10784,#10786,.T.);
#10784 = VERTEX_POINT('',#10785);
#10785 = CARTESIAN_POINT('',(1.016,-6.35,2.54));
#10786 = LINE('',#10787,#10788);
#10787 = CARTESIAN_POINT('',(1.27,-6.604,2.54));
#10788 = VECTOR('',#10789,1.);
#10789 = DIRECTION('',(-0.707106781187,0.707106781187,0.));
#10790 = ORIENTED_EDGE('',*,*,#10791,.T.);
#10791 = EDGE_CURVE('',#10784,#10792,#10794,.T.);
#10792 = VERTEX_POINT('',#10793);
#10793 = CARTESIAN_POINT('',(1.27,-6.096,2.54));
#10794 = LINE('',#10795,#10796);
#10795 = CARTESIAN_POINT('',(1.016,-6.35,2.54));
#10796 = VECTOR('',#10797,1.);
#10797 = DIRECTION('',(0.707106781187,0.707106781187,0.));
#10798 = ORIENTED_EDGE('',*,*,#10799,.T.);
#10799 = EDGE_CURVE('',#10792,#10800,#10802,.T.);
#10800 = VERTEX_POINT('',#10801);
#10801 = CARTESIAN_POINT('',(1.27,-4.064,2.54));
#10802 = LINE('',#10803,#10804);
#10803 = CARTESIAN_POINT('',(1.27,-6.096,2.54));
#10804 = VECTOR('',#10805,1.);
#10805 = DIRECTION('',(0.,1.,0.));
#10806 = ORIENTED_EDGE('',*,*,#10807,.T.);
#10807 = EDGE_CURVE('',#10800,#10808,#10810,.T.);
#10808 = VERTEX_POINT('',#10809);
#10809 = CARTESIAN_POINT('',(1.016,-3.81,2.54));
#10810 = LINE('',#10811,#10812);
#10811 = CARTESIAN_POINT('',(1.27,-4.064,2.54));
#10812 = VECTOR('',#10813,1.);
#10813 = DIRECTION('',(-0.707106781187,0.707106781187,0.));
#10814 = ORIENTED_EDGE('',*,*,#10815,.T.);
#10815 = EDGE_CURVE('',#10808,#10816,#10818,.T.);
#10816 = VERTEX_POINT('',#10817);
#10817 = CARTESIAN_POINT('',(1.27,-3.556,2.54));
#10818 = LINE('',#10819,#10820);
#10819 = CARTESIAN_POINT('',(1.016,-3.81,2.54));
#10820 = VECTOR('',#10821,1.);
#10821 = DIRECTION('',(0.707106781187,0.707106781187,0.));
#10822 = ORIENTED_EDGE('',*,*,#10823,.T.);
#10823 = EDGE_CURVE('',#10816,#10824,#10826,.T.);
#10824 = VERTEX_POINT('',#10825);
#10825 = CARTESIAN_POINT('',(1.27,-1.524,2.54));
#10826 = LINE('',#10827,#10828);
#10827 = CARTESIAN_POINT('',(1.27,-3.556,2.54));
#10828 = VECTOR('',#10829,1.);
#10829 = DIRECTION('',(0.,1.,0.));
#10830 = ORIENTED_EDGE('',*,*,#10831,.T.);
#10831 = EDGE_CURVE('',#10824,#10832,#10834,.T.);
#10832 = VERTEX_POINT('',#10833);
#10833 = CARTESIAN_POINT('',(1.016,-1.27,2.54));
#10834 = LINE('',#10835,#10836);
#10835 = CARTESIAN_POINT('',(1.27,-1.524,2.54));
#10836 = VECTOR('',#10837,1.);
#10837 = DIRECTION('',(-0.707106781187,0.707106781187,0.));
#10838 = ORIENTED_EDGE('',*,*,#10839,.T.);
#10839 = EDGE_CURVE('',#10832,#10840,#10842,.T.);
#10840 = VERTEX_POINT('',#10841);
#10841 = CARTESIAN_POINT('',(1.27,-1.016,2.54));
#10842 = LINE('',#10843,#10844);
#10843 = CARTESIAN_POINT('',(1.016,-1.27,2.54));
#10844 = VECTOR('',#10845,1.);
#10845 = DIRECTION('',(0.707106781187,0.707106781187,0.));
#10846 = ORIENTED_EDGE('',*,*,#10847,.T.);
#10847 = EDGE_CURVE('',#10840,#10848,#10850,.T.);
#10848 = VERTEX_POINT('',#10849);
#10849 = CARTESIAN_POINT('',(1.27,1.016,2.54));
#10850 = LINE('',#10851,#10852);
#10851 = CARTESIAN_POINT('',(1.27,-1.016,2.54));
#10852 = VECTOR('',#10853,1.);
#10853 = DIRECTION('',(0.,1.,0.));
#10854 = ORIENTED_EDGE('',*,*,#10855,.T.);
#10855 = EDGE_CURVE('',#10848,#10289,#10856,.T.);
#10856 = LINE('',#10857,#10858);
#10857 = CARTESIAN_POINT('',(1.27,1.016,2.54));
#10858 = VECTOR('',#10859,1.);
#10859 = DIRECTION('',(-0.707106781187,0.707106781187,0.));
#10860 = ORIENTED_EDGE('',*,*,#10296,.T.);
#10861 = FACE_BOUND('',#10862,.T.);
#10862 = EDGE_LOOP('',(#10863,#10873,#10881,#10889));
#10863 = ORIENTED_EDGE('',*,*,#10864,.F.);
#10864 = EDGE_CURVE('',#10865,#10867,#10869,.T.);
#10865 = VERTEX_POINT('',#10866);
#10866 = CARTESIAN_POINT('',(0.32,-4.76,2.54));
#10867 = VERTEX_POINT('',#10868);
#10868 = CARTESIAN_POINT('',(-0.32,-4.76,2.54));
#10869 = LINE('',#10870,#10871);
#10870 = CARTESIAN_POINT('',(-0.16,-4.76,2.54));
#10871 = VECTOR('',#10872,1.);
#10872 = DIRECTION('',(-1.,0.,0.));
#10873 = ORIENTED_EDGE('',*,*,#10874,.F.);
#10874 = EDGE_CURVE('',#10875,#10865,#10877,.T.);
#10875 = VERTEX_POINT('',#10876);
#10876 = CARTESIAN_POINT('',(0.32,-5.4,2.54));
#10877 = LINE('',#10878,#10879);
#10878 = CARTESIAN_POINT('',(0.32,-4.605,2.54));
#10879 = VECTOR('',#10880,1.);
#10880 = DIRECTION('',(0.,1.,0.));
#10881 = ORIENTED_EDGE('',*,*,#10882,.T.);
#10882 = EDGE_CURVE('',#10875,#10883,#10885,.T.);
#10883 = VERTEX_POINT('',#10884);
#10884 = CARTESIAN_POINT('',(-0.32,-5.4,2.54));
#10885 = LINE('',#10886,#10887);
#10886 = CARTESIAN_POINT('',(-0.16,-5.4,2.54));
#10887 = VECTOR('',#10888,1.);
#10888 = DIRECTION('',(-1.,0.,0.));
#10889 = ORIENTED_EDGE('',*,*,#10890,.T.);
#10890 = EDGE_CURVE('',#10883,#10867,#10891,.T.);
#10891 = LINE('',#10892,#10893);
#10892 = CARTESIAN_POINT('',(-0.32,-4.605,2.54));
#10893 = VECTOR('',#10894,1.);
#10894 = DIRECTION('',(0.,1.,0.));
#10895 = FACE_BOUND('',#10896,.T.);
#10896 = EDGE_LOOP('',(#10897,#10907,#10915,#10923));
#10897 = ORIENTED_EDGE('',*,*,#10898,.F.);
#10898 = EDGE_CURVE('',#10899,#10901,#10903,.T.);
#10899 = VERTEX_POINT('',#10900);
#10900 = CARTESIAN_POINT('',(0.32,-7.94,2.54));
#10901 = VERTEX_POINT('',#10902);
#10902 = CARTESIAN_POINT('',(0.32,-7.3,2.54));
#10903 = LINE('',#10904,#10905);
#10904 = CARTESIAN_POINT('',(0.32,-5.875,2.54));
#10905 = VECTOR('',#10906,1.);
#10906 = DIRECTION('',(0.,1.,0.));
#10907 = ORIENTED_EDGE('',*,*,#10908,.T.);
#10908 = EDGE_CURVE('',#10899,#10909,#10911,.T.);
#10909 = VERTEX_POINT('',#10910);
#10910 = CARTESIAN_POINT('',(-0.32,-7.94,2.54));
#10911 = LINE('',#10912,#10913);
#10912 = CARTESIAN_POINT('',(-0.16,-7.94,2.54));
#10913 = VECTOR('',#10914,1.);
#10914 = DIRECTION('',(-1.,0.,0.));
#10915 = ORIENTED_EDGE('',*,*,#10916,.T.);
#10916 = EDGE_CURVE('',#10909,#10917,#10919,.T.);
#10917 = VERTEX_POINT('',#10918);
#10918 = CARTESIAN_POINT('',(-0.32,-7.3,2.54));
#10919 = LINE('',#10920,#10921);
#10920 = CARTESIAN_POINT('',(-0.32,-5.875,2.54));
#10921 = VECTOR('',#10922,1.);
#10922 = DIRECTION('',(0.,1.,0.));
#10923 = ORIENTED_EDGE('',*,*,#10924,.F.);
#10924 = EDGE_CURVE('',#10901,#10917,#10925,.T.);
#10925 = LINE('',#10926,#10927);
#10926 = CARTESIAN_POINT('',(-0.16,-7.3,2.54));
#10927 = VECTOR('',#10928,1.);
#10928 = DIRECTION('',(-1.,0.,0.));
#10929 = FACE_BOUND('',#10930,.T.);
#10930 = EDGE_LOOP('',(#10931,#10941,#10949,#10957));
#10931 = ORIENTED_EDGE('',*,*,#10932,.F.);
#10932 = EDGE_CURVE('',#10933,#10935,#10937,.T.);
#10933 = VERTEX_POINT('',#10934);
#10934 = CARTESIAN_POINT('',(0.32,-0.32,2.54));
#10935 = VERTEX_POINT('',#10936);
#10936 = CARTESIAN_POINT('',(0.32,0.32,2.54));
#10937 = LINE('',#10938,#10939);
#10938 = CARTESIAN_POINT('',(0.32,-2.065,2.54));
#10939 = VECTOR('',#10940,1.);
#10940 = DIRECTION('',(0.,1.,0.));
#10941 = ORIENTED_EDGE('',*,*,#10942,.T.);
#10942 = EDGE_CURVE('',#10933,#10943,#10945,.T.);
#10943 = VERTEX_POINT('',#10944);
#10944 = CARTESIAN_POINT('',(-0.32,-0.32,2.54));
#10945 = LINE('',#10946,#10947);
#10946 = CARTESIAN_POINT('',(-0.16,-0.32,2.54));
#10947 = VECTOR('',#10948,1.);
#10948 = DIRECTION('',(-1.,0.,0.));
#10949 = ORIENTED_EDGE('',*,*,#10950,.T.);
#10950 = EDGE_CURVE('',#10943,#10951,#10953,.T.);
#10951 = VERTEX_POINT('',#10952);
#10952 = CARTESIAN_POINT('',(-0.32,0.32,2.54));
#10953 = LINE('',#10954,#10955);
#10954 = CARTESIAN_POINT('',(-0.32,-2.065,2.54));
#10955 = VECTOR('',#10956,1.);
#10956 = DIRECTION('',(0.,1.,0.));
#10957 = ORIENTED_EDGE('',*,*,#10958,.F.);
#10958 = EDGE_CURVE('',#10935,#10951,#10959,.T.);
#10959 = LINE('',#10960,#10961);
#10960 = CARTESIAN_POINT('',(-0.16,0.32,2.54));
#10961 = VECTOR('',#10962,1.);
#10962 = DIRECTION('',(-1.,0.,0.));
#10963 = FACE_BOUND('',#10964,.T.);
#10964 = EDGE_LOOP('',(#10965,#10975,#10983,#10991));
#10965 = ORIENTED_EDGE('',*,*,#10966,.F.);
#10966 = EDGE_CURVE('',#10967,#10969,#10971,.T.);
#10967 = VERTEX_POINT('',#10968);
#10968 = CARTESIAN_POINT('',(0.32,-2.22,2.54));
#10969 = VERTEX_POINT('',#10970);
#10970 = CARTESIAN_POINT('',(-0.32,-2.22,2.54));
#10971 = LINE('',#10972,#10973);
#10972 = CARTESIAN_POINT('',(-0.16,-2.22,2.54));
#10973 = VECTOR('',#10974,1.);
#10974 = DIRECTION('',(-1.,0.,0.));
#10975 = ORIENTED_EDGE('',*,*,#10976,.F.);
#10976 = EDGE_CURVE('',#10977,#10967,#10979,.T.);
#10977 = VERTEX_POINT('',#10978);
#10978 = CARTESIAN_POINT('',(0.32,-2.86,2.54));
#10979 = LINE('',#10980,#10981);
#10980 = CARTESIAN_POINT('',(0.32,-3.335,2.54));
#10981 = VECTOR('',#10982,1.);
#10982 = DIRECTION('',(0.,1.,0.));
#10983 = ORIENTED_EDGE('',*,*,#10984,.T.);
#10984 = EDGE_CURVE('',#10977,#10985,#10987,.T.);
#10985 = VERTEX_POINT('',#10986);
#10986 = CARTESIAN_POINT('',(-0.32,-2.86,2.54));
#10987 = LINE('',#10988,#10989);
#10988 = CARTESIAN_POINT('',(-0.16,-2.86,2.54));
#10989 = VECTOR('',#10990,1.);
#10990 = DIRECTION('',(-1.,0.,0.));
#10991 = ORIENTED_EDGE('',*,*,#10992,.T.);
#10992 = EDGE_CURVE('',#10985,#10969,#10993,.T.);
#10993 = LINE('',#10994,#10995);
#10994 = CARTESIAN_POINT('',(-0.32,-3.335,2.54));
#10995 = VECTOR('',#10996,1.);
#10996 = DIRECTION('',(0.,1.,0.));
#10997 = PLANE('',#10998);
#10998 = AXIS2_PLACEMENT_3D('',#10999,#11000,#11001);
#10999 = CARTESIAN_POINT('',(4.259053689278E-17,-3.81,2.54));
#11000 = DIRECTION('',(0.,0.,1.));
#11001 = DIRECTION('',(1.,0.,-0.));
#11002 = ADVANCED_FACE('',(#11003),#11014,.F.);
#11003 = FACE_BOUND('',#11004,.F.);
#11004 = EDGE_LOOP('',(#11005,#11011,#11012,#11013));
#11005 = ORIENTED_EDGE('',*,*,#11006,.T.);
#11006 = EDGE_CURVE('',#10519,#10848,#11007,.T.);
#11007 = LINE('',#11008,#11009);
#11008 = CARTESIAN_POINT('',(1.27,1.016,0.));
#11009 = VECTOR('',#11010,1.);
#11010 = DIRECTION('',(0.,0.,1.));
#11011 = ORIENTED_EDGE('',*,*,#10855,.T.);
#11012 = ORIENTED_EDGE('',*,*,#10286,.F.);
#11013 = ORIENTED_EDGE('',*,*,#10526,.F.);
#11014 = PLANE('',#11015);
#11015 = AXIS2_PLACEMENT_3D('',#11016,#11017,#11018);
#11016 = CARTESIAN_POINT('',(1.27,1.016,0.));
#11017 = DIRECTION('',(-0.707106781187,-0.707106781187,0.));
#11018 = DIRECTION('',(-0.707106781187,0.707106781187,0.));
#11019 = ADVANCED_FACE('',(#11020),#11031,.F.);
#11020 = FACE_BOUND('',#11021,.F.);
#11021 = EDGE_LOOP('',(#11022,#11023,#11024,#11030));
#11022 = ORIENTED_EDGE('',*,*,#10326,.T.);
#11023 = ORIENTED_EDGE('',*,*,#10679,.T.);
#11024 = ORIENTED_EDGE('',*,*,#11025,.F.);
#11025 = EDGE_CURVE('',#10351,#10680,#11026,.T.);
#11026 = LINE('',#11027,#11028);
#11027 = CARTESIAN_POINT('',(-1.016,-1.27,0.));
#11028 = VECTOR('',#11029,1.);
#11029 = DIRECTION('',(0.,0.,1.));
#11030 = ORIENTED_EDGE('',*,*,#10350,.F.);
#11031 = PLANE('',#11032);
#11032 = AXIS2_PLACEMENT_3D('',#11033,#11034,#11035);
#11033 = CARTESIAN_POINT('',(-1.27,-1.016,0.));
#11034 = DIRECTION('',(0.707106781187,0.707106781187,0.));
#11035 = DIRECTION('',(0.707106781187,-0.707106781187,0.));
#11036 = ADVANCED_FACE('',(#11037),#11048,.F.);
#11037 = FACE_BOUND('',#11038,.F.);
#11038 = EDGE_LOOP('',(#11039,#11045,#11046,#11047));
#11039 = ORIENTED_EDGE('',*,*,#11040,.T.);
#11040 = EDGE_CURVE('',#10511,#10840,#11041,.T.);
#11041 = LINE('',#11042,#11043);
#11042 = CARTESIAN_POINT('',(1.27,-1.016,0.));
#11043 = VECTOR('',#11044,1.);
#11044 = DIRECTION('',(0.,0.,1.));
#11045 = ORIENTED_EDGE('',*,*,#10847,.T.);
#11046 = ORIENTED_EDGE('',*,*,#11006,.F.);
#11047 = ORIENTED_EDGE('',*,*,#10518,.F.);
#11048 = PLANE('',#11049);
#11049 = AXIS2_PLACEMENT_3D('',#11050,#11051,#11052);
#11050 = CARTESIAN_POINT('',(1.27,-1.016,0.));
#11051 = DIRECTION('',(-1.,0.,0.));
#11052 = DIRECTION('',(0.,1.,0.));
#11053 = ADVANCED_FACE('',(#11054),#11065,.F.);
#11054 = FACE_BOUND('',#11055,.F.);
#11055 = EDGE_LOOP('',(#11056,#11057,#11058,#11064));
#11056 = ORIENTED_EDGE('',*,*,#11025,.T.);
#11057 = ORIENTED_EDGE('',*,*,#10687,.T.);
#11058 = ORIENTED_EDGE('',*,*,#11059,.F.);
#11059 = EDGE_CURVE('',#10359,#10688,#11060,.T.);
#11060 = LINE('',#11061,#11062);
#11061 = CARTESIAN_POINT('',(-1.27,-1.524,0.));
#11062 = VECTOR('',#11063,1.);
#11063 = DIRECTION('',(0.,0.,1.));
#11064 = ORIENTED_EDGE('',*,*,#10358,.F.);
#11065 = PLANE('',#11066);
#11066 = AXIS2_PLACEMENT_3D('',#11067,#11068,#11069);
#11067 = CARTESIAN_POINT('',(-1.016,-1.27,0.));
#11068 = DIRECTION('',(0.707106781187,-0.707106781187,0.));
#11069 = DIRECTION('',(-0.707106781187,-0.707106781187,0.));
#11070 = ADVANCED_FACE('',(#11071),#11082,.F.);
#11071 = FACE_BOUND('',#11072,.F.);
#11072 = EDGE_LOOP('',(#11073,#11079,#11080,#11081));
#11073 = ORIENTED_EDGE('',*,*,#11074,.T.);
#11074 = EDGE_CURVE('',#10503,#10832,#11075,.T.);
#11075 = LINE('',#11076,#11077);
#11076 = CARTESIAN_POINT('',(1.016,-1.27,0.));
#11077 = VECTOR('',#11078,1.);
#11078 = DIRECTION('',(0.,0.,1.));
#11079 = ORIENTED_EDGE('',*,*,#10839,.T.);
#11080 = ORIENTED_EDGE('',*,*,#11040,.F.);
#11081 = ORIENTED_EDGE('',*,*,#10510,.F.);
#11082 = PLANE('',#11083);
#11083 = AXIS2_PLACEMENT_3D('',#11084,#11085,#11086);
#11084 = CARTESIAN_POINT('',(1.016,-1.27,0.));
#11085 = DIRECTION('',(-0.707106781187,0.707106781187,0.));
#11086 = DIRECTION('',(0.707106781187,0.707106781187,0.));
#11087 = ADVANCED_FACE('',(#11088),#11099,.F.);
#11088 = FACE_BOUND('',#11089,.F.);
#11089 = EDGE_LOOP('',(#11090,#11091,#11092,#11098));
#11090 = ORIENTED_EDGE('',*,*,#11059,.T.);
#11091 = ORIENTED_EDGE('',*,*,#10695,.T.);
#11092 = ORIENTED_EDGE('',*,*,#11093,.F.);
#11093 = EDGE_CURVE('',#10367,#10696,#11094,.T.);
#11094 = LINE('',#11095,#11096);
#11095 = CARTESIAN_POINT('',(-1.27,-3.556,0.));
#11096 = VECTOR('',#11097,1.);
#11097 = DIRECTION('',(0.,0.,1.));
#11098 = ORIENTED_EDGE('',*,*,#10366,.F.);
#11099 = PLANE('',#11100);
#11100 = AXIS2_PLACEMENT_3D('',#11101,#11102,#11103);
#11101 = CARTESIAN_POINT('',(-1.27,-1.524,0.));
#11102 = DIRECTION('',(1.,0.,0.));
#11103 = DIRECTION('',(0.,-1.,0.));
#11104 = ADVANCED_FACE('',(#11105),#11116,.F.);
#11105 = FACE_BOUND('',#11106,.F.);
#11106 = EDGE_LOOP('',(#11107,#11113,#11114,#11115));
#11107 = ORIENTED_EDGE('',*,*,#11108,.T.);
#11108 = EDGE_CURVE('',#10495,#10824,#11109,.T.);
#11109 = LINE('',#11110,#11111);
#11110 = CARTESIAN_POINT('',(1.27,-1.524,0.));
#11111 = VECTOR('',#11112,1.);
#11112 = DIRECTION('',(0.,0.,1.));
#11113 = ORIENTED_EDGE('',*,*,#10831,.T.);
#11114 = ORIENTED_EDGE('',*,*,#11074,.F.);
#11115 = ORIENTED_EDGE('',*,*,#10502,.F.);
#11116 = PLANE('',#11117);
#11117 = AXIS2_PLACEMENT_3D('',#11118,#11119,#11120);
#11118 = CARTESIAN_POINT('',(1.27,-1.524,0.));
#11119 = DIRECTION('',(-0.707106781187,-0.707106781187,0.));
#11120 = DIRECTION('',(-0.707106781187,0.707106781187,0.));
#11121 = ADVANCED_FACE('',(#11122),#11133,.F.);
#11122 = FACE_BOUND('',#11123,.F.);
#11123 = EDGE_LOOP('',(#11124,#11125,#11126,#11132));
#11124 = ORIENTED_EDGE('',*,*,#11093,.T.);
#11125 = ORIENTED_EDGE('',*,*,#10703,.T.);
#11126 = ORIENTED_EDGE('',*,*,#11127,.F.);
#11127 = EDGE_CURVE('',#10375,#10704,#11128,.T.);
#11128 = LINE('',#11129,#11130);
#11129 = CARTESIAN_POINT('',(-1.016,-3.81,0.));
#11130 = VECTOR('',#11131,1.);
#11131 = DIRECTION('',(0.,0.,1.));
#11132 = ORIENTED_EDGE('',*,*,#10374,.F.);
#11133 = PLANE('',#11134);
#11134 = AXIS2_PLACEMENT_3D('',#11135,#11136,#11137);
#11135 = CARTESIAN_POINT('',(-1.27,-3.556,0.));
#11136 = DIRECTION('',(0.707106781187,0.707106781187,0.));
#11137 = DIRECTION('',(0.707106781187,-0.707106781187,0.));
#11138 = ADVANCED_FACE('',(#11139),#11150,.F.);
#11139 = FACE_BOUND('',#11140,.F.);
#11140 = EDGE_LOOP('',(#11141,#11147,#11148,#11149));
#11141 = ORIENTED_EDGE('',*,*,#11142,.T.);
#11142 = EDGE_CURVE('',#10487,#10816,#11143,.T.);
#11143 = LINE('',#11144,#11145);
#11144 = CARTESIAN_POINT('',(1.27,-3.556,0.));
#11145 = VECTOR('',#11146,1.);
#11146 = DIRECTION('',(0.,0.,1.));
#11147 = ORIENTED_EDGE('',*,*,#10823,.T.);
#11148 = ORIENTED_EDGE('',*,*,#11108,.F.);
#11149 = ORIENTED_EDGE('',*,*,#10494,.F.);
#11150 = PLANE('',#11151);
#11151 = AXIS2_PLACEMENT_3D('',#11152,#11153,#11154);
#11152 = CARTESIAN_POINT('',(1.27,-3.556,0.));
#11153 = DIRECTION('',(-1.,0.,0.));
#11154 = DIRECTION('',(0.,1.,0.));
#11155 = ADVANCED_FACE('',(#11156),#11167,.F.);
#11156 = FACE_BOUND('',#11157,.F.);
#11157 = EDGE_LOOP('',(#11158,#11159,#11160,#11166));
#11158 = ORIENTED_EDGE('',*,*,#11127,.T.);
#11159 = ORIENTED_EDGE('',*,*,#10711,.T.);
#11160 = ORIENTED_EDGE('',*,*,#11161,.F.);
#11161 = EDGE_CURVE('',#10383,#10712,#11162,.T.);
#11162 = LINE('',#11163,#11164);
#11163 = CARTESIAN_POINT('',(-1.27,-4.064,0.));
#11164 = VECTOR('',#11165,1.);
#11165 = DIRECTION('',(0.,0.,1.));
#11166 = ORIENTED_EDGE('',*,*,#10382,.F.);
#11167 = PLANE('',#11168);
#11168 = AXIS2_PLACEMENT_3D('',#11169,#11170,#11171);
#11169 = CARTESIAN_POINT('',(-1.016,-3.81,0.));
#11170 = DIRECTION('',(0.707106781187,-0.707106781187,0.));
#11171 = DIRECTION('',(-0.707106781187,-0.707106781187,0.));
#11172 = ADVANCED_FACE('',(#11173),#11184,.F.);
#11173 = FACE_BOUND('',#11174,.F.);
#11174 = EDGE_LOOP('',(#11175,#11181,#11182,#11183));
#11175 = ORIENTED_EDGE('',*,*,#11176,.T.);
#11176 = EDGE_CURVE('',#10479,#10808,#11177,.T.);
#11177 = LINE('',#11178,#11179);
#11178 = CARTESIAN_POINT('',(1.016,-3.81,0.));
#11179 = VECTOR('',#11180,1.);
#11180 = DIRECTION('',(0.,0.,1.));
#11181 = ORIENTED_EDGE('',*,*,#10815,.T.);
#11182 = ORIENTED_EDGE('',*,*,#11142,.F.);
#11183 = ORIENTED_EDGE('',*,*,#10486,.F.);
#11184 = PLANE('',#11185);
#11185 = AXIS2_PLACEMENT_3D('',#11186,#11187,#11188);
#11186 = CARTESIAN_POINT('',(1.016,-3.81,0.));
#11187 = DIRECTION('',(-0.707106781187,0.707106781187,0.));
#11188 = DIRECTION('',(0.707106781187,0.707106781187,0.));
#11189 = ADVANCED_FACE('',(#11190),#11201,.F.);
#11190 = FACE_BOUND('',#11191,.F.);
#11191 = EDGE_LOOP('',(#11192,#11193,#11194,#11200));
#11192 = ORIENTED_EDGE('',*,*,#11161,.T.);
#11193 = ORIENTED_EDGE('',*,*,#10719,.T.);
#11194 = ORIENTED_EDGE('',*,*,#11195,.F.);
#11195 = EDGE_CURVE('',#10391,#10720,#11196,.T.);
#11196 = LINE('',#11197,#11198);
#11197 = CARTESIAN_POINT('',(-1.27,-6.096,0.));
#11198 = VECTOR('',#11199,1.);
#11199 = DIRECTION('',(0.,0.,1.));
#11200 = ORIENTED_EDGE('',*,*,#10390,.F.);
#11201 = PLANE('',#11202);
#11202 = AXIS2_PLACEMENT_3D('',#11203,#11204,#11205);
#11203 = CARTESIAN_POINT('',(-1.27,-4.064,0.));
#11204 = DIRECTION('',(1.,0.,0.));
#11205 = DIRECTION('',(0.,-1.,0.));
#11206 = ADVANCED_FACE('',(#11207),#11218,.F.);
#11207 = FACE_BOUND('',#11208,.F.);
#11208 = EDGE_LOOP('',(#11209,#11215,#11216,#11217));
#11209 = ORIENTED_EDGE('',*,*,#11210,.T.);
#11210 = EDGE_CURVE('',#10471,#10800,#11211,.T.);
#11211 = LINE('',#11212,#11213);
#11212 = CARTESIAN_POINT('',(1.27,-4.064,0.));
#11213 = VECTOR('',#11214,1.);
#11214 = DIRECTION('',(0.,0.,1.));
#11215 = ORIENTED_EDGE('',*,*,#10807,.T.);
#11216 = ORIENTED_EDGE('',*,*,#11176,.F.);
#11217 = ORIENTED_EDGE('',*,*,#10478,.F.);
#11218 = PLANE('',#11219);
#11219 = AXIS2_PLACEMENT_3D('',#11220,#11221,#11222);
#11220 = CARTESIAN_POINT('',(1.27,-4.064,0.));
#11221 = DIRECTION('',(-0.707106781187,-0.707106781187,0.));
#11222 = DIRECTION('',(-0.707106781187,0.707106781187,0.));
#11223 = ADVANCED_FACE('',(#11224),#11235,.F.);
#11224 = FACE_BOUND('',#11225,.F.);
#11225 = EDGE_LOOP('',(#11226,#11227,#11228,#11234));
#11226 = ORIENTED_EDGE('',*,*,#11195,.T.);
#11227 = ORIENTED_EDGE('',*,*,#10727,.T.);
#11228 = ORIENTED_EDGE('',*,*,#11229,.F.);
#11229 = EDGE_CURVE('',#10399,#10728,#11230,.T.);
#11230 = LINE('',#11231,#11232);
#11231 = CARTESIAN_POINT('',(-1.016,-6.35,0.));
#11232 = VECTOR('',#11233,1.);
#11233 = DIRECTION('',(0.,0.,1.));
#11234 = ORIENTED_EDGE('',*,*,#10398,.F.);
#11235 = PLANE('',#11236);
#11236 = AXIS2_PLACEMENT_3D('',#11237,#11238,#11239);
#11237 = CARTESIAN_POINT('',(-1.27,-6.096,0.));
#11238 = DIRECTION('',(0.707106781187,0.707106781187,0.));
#11239 = DIRECTION('',(0.707106781187,-0.707106781187,0.));
#11240 = ADVANCED_FACE('',(#11241),#11252,.F.);
#11241 = FACE_BOUND('',#11242,.F.);
#11242 = EDGE_LOOP('',(#11243,#11249,#11250,#11251));
#11243 = ORIENTED_EDGE('',*,*,#11244,.T.);
#11244 = EDGE_CURVE('',#10463,#10792,#11245,.T.);
#11245 = LINE('',#11246,#11247);
#11246 = CARTESIAN_POINT('',(1.27,-6.096,0.));
#11247 = VECTOR('',#11248,1.);
#11248 = DIRECTION('',(0.,0.,1.));
#11249 = ORIENTED_EDGE('',*,*,#10799,.T.);
#11250 = ORIENTED_EDGE('',*,*,#11210,.F.);
#11251 = ORIENTED_EDGE('',*,*,#10470,.F.);
#11252 = PLANE('',#11253);
#11253 = AXIS2_PLACEMENT_3D('',#11254,#11255,#11256);
#11254 = CARTESIAN_POINT('',(1.27,-6.096,0.));
#11255 = DIRECTION('',(-1.,0.,0.));
#11256 = DIRECTION('',(0.,1.,0.));
#11257 = ADVANCED_FACE('',(#11258),#11269,.F.);
#11258 = FACE_BOUND('',#11259,.F.);
#11259 = EDGE_LOOP('',(#11260,#11261,#11262,#11268));
#11260 = ORIENTED_EDGE('',*,*,#11229,.T.);
#11261 = ORIENTED_EDGE('',*,*,#10735,.T.);
#11262 = ORIENTED_EDGE('',*,*,#11263,.F.);
#11263 = EDGE_CURVE('',#10407,#10736,#11264,.T.);
#11264 = LINE('',#11265,#11266);
#11265 = CARTESIAN_POINT('',(-1.27,-6.604,0.));
#11266 = VECTOR('',#11267,1.);
#11267 = DIRECTION('',(0.,0.,1.));
#11268 = ORIENTED_EDGE('',*,*,#10406,.F.);
#11269 = PLANE('',#11270);
#11270 = AXIS2_PLACEMENT_3D('',#11271,#11272,#11273);
#11271 = CARTESIAN_POINT('',(-1.016,-6.35,0.));
#11272 = DIRECTION('',(0.707106781187,-0.707106781187,0.));
#11273 = DIRECTION('',(-0.707106781187,-0.707106781187,0.));
#11274 = ADVANCED_FACE('',(#11275),#11286,.F.);
#11275 = FACE_BOUND('',#11276,.F.);
#11276 = EDGE_LOOP('',(#11277,#11283,#11284,#11285));
#11277 = ORIENTED_EDGE('',*,*,#11278,.T.);
#11278 = EDGE_CURVE('',#10455,#10784,#11279,.T.);
#11279 = LINE('',#11280,#11281);
#11280 = CARTESIAN_POINT('',(1.016,-6.35,0.));
#11281 = VECTOR('',#11282,1.);
#11282 = DIRECTION('',(0.,0.,1.));
#11283 = ORIENTED_EDGE('',*,*,#10791,.T.);
#11284 = ORIENTED_EDGE('',*,*,#11244,.F.);
#11285 = ORIENTED_EDGE('',*,*,#10462,.F.);
#11286 = PLANE('',#11287);
#11287 = AXIS2_PLACEMENT_3D('',#11288,#11289,#11290);
#11288 = CARTESIAN_POINT('',(1.016,-6.35,0.));
#11289 = DIRECTION('',(-0.707106781187,0.707106781187,0.));
#11290 = DIRECTION('',(0.707106781187,0.707106781187,0.));
#11291 = ADVANCED_FACE('',(#11292),#11303,.F.);
#11292 = FACE_BOUND('',#11293,.F.);
#11293 = EDGE_LOOP('',(#11294,#11295,#11296,#11302));
#11294 = ORIENTED_EDGE('',*,*,#11263,.T.);
#11295 = ORIENTED_EDGE('',*,*,#10743,.T.);
#11296 = ORIENTED_EDGE('',*,*,#11297,.F.);
#11297 = EDGE_CURVE('',#10415,#10744,#11298,.T.);
#11298 = LINE('',#11299,#11300);
#11299 = CARTESIAN_POINT('',(-1.27,-8.636,0.));
#11300 = VECTOR('',#11301,1.);
#11301 = DIRECTION('',(0.,0.,1.));
#11302 = ORIENTED_EDGE('',*,*,#10414,.F.);
#11303 = PLANE('',#11304);
#11304 = AXIS2_PLACEMENT_3D('',#11305,#11306,#11307);
#11305 = CARTESIAN_POINT('',(-1.27,-6.604,0.));
#11306 = DIRECTION('',(1.,0.,0.));
#11307 = DIRECTION('',(0.,-1.,0.));
#11308 = ADVANCED_FACE('',(#11309),#11320,.F.);
#11309 = FACE_BOUND('',#11310,.F.);
#11310 = EDGE_LOOP('',(#11311,#11317,#11318,#11319));
#11311 = ORIENTED_EDGE('',*,*,#11312,.T.);
#11312 = EDGE_CURVE('',#10447,#10776,#11313,.T.);
#11313 = LINE('',#11314,#11315);
#11314 = CARTESIAN_POINT('',(1.27,-6.604,0.));
#11315 = VECTOR('',#11316,1.);
#11316 = DIRECTION('',(0.,0.,1.));
#11317 = ORIENTED_EDGE('',*,*,#10783,.T.);
#11318 = ORIENTED_EDGE('',*,*,#11278,.F.);
#11319 = ORIENTED_EDGE('',*,*,#10454,.F.);
#11320 = PLANE('',#11321);
#11321 = AXIS2_PLACEMENT_3D('',#11322,#11323,#11324);
#11322 = CARTESIAN_POINT('',(1.27,-6.604,0.));
#11323 = DIRECTION('',(-0.707106781187,-0.707106781187,0.));
#11324 = DIRECTION('',(-0.707106781187,0.707106781187,0.));
#11325 = ADVANCED_FACE('',(#11326),#11337,.F.);
#11326 = FACE_BOUND('',#11327,.F.);
#11327 = EDGE_LOOP('',(#11328,#11329,#11330,#11336));
#11328 = ORIENTED_EDGE('',*,*,#11297,.T.);
#11329 = ORIENTED_EDGE('',*,*,#10751,.T.);
#11330 = ORIENTED_EDGE('',*,*,#11331,.F.);
#11331 = EDGE_CURVE('',#10423,#10752,#11332,.T.);
#11332 = LINE('',#11333,#11334);
#11333 = CARTESIAN_POINT('',(-1.016,-8.89,0.));
#11334 = VECTOR('',#11335,1.);
#11335 = DIRECTION('',(0.,0.,1.));
#11336 = ORIENTED_EDGE('',*,*,#10422,.F.);
#11337 = PLANE('',#11338);
#11338 = AXIS2_PLACEMENT_3D('',#11339,#11340,#11341);
#11339 = CARTESIAN_POINT('',(-1.27,-8.636,0.));
#11340 = DIRECTION('',(0.707106781187,0.707106781187,0.));
#11341 = DIRECTION('',(0.707106781187,-0.707106781187,0.));
#11342 = ADVANCED_FACE('',(#11343),#11354,.F.);
#11343 = FACE_BOUND('',#11344,.F.);
#11344 = EDGE_LOOP('',(#11345,#11351,#11352,#11353));
#11345 = ORIENTED_EDGE('',*,*,#11346,.T.);
#11346 = EDGE_CURVE('',#10439,#10768,#11347,.T.);
#11347 = LINE('',#11348,#11349);
#11348 = CARTESIAN_POINT('',(1.27,-8.636,0.));
#11349 = VECTOR('',#11350,1.);
#11350 = DIRECTION('',(0.,0.,1.));
#11351 = ORIENTED_EDGE('',*,*,#10775,.T.);
#11352 = ORIENTED_EDGE('',*,*,#11312,.F.);
#11353 = ORIENTED_EDGE('',*,*,#10446,.F.);
#11354 = PLANE('',#11355);
#11355 = AXIS2_PLACEMENT_3D('',#11356,#11357,#11358);
#11356 = CARTESIAN_POINT('',(1.27,-8.636,0.));
#11357 = DIRECTION('',(-1.,0.,0.));
#11358 = DIRECTION('',(0.,1.,0.));
#11359 = ADVANCED_FACE('',(#11360),#11371,.F.);
#11360 = FACE_BOUND('',#11361,.F.);
#11361 = EDGE_LOOP('',(#11362,#11363,#11364,#11370));
#11362 = ORIENTED_EDGE('',*,*,#11331,.T.);
#11363 = ORIENTED_EDGE('',*,*,#10759,.T.);
#11364 = ORIENTED_EDGE('',*,*,#11365,.F.);
#11365 = EDGE_CURVE('',#10431,#10760,#11366,.T.);
#11366 = LINE('',#11367,#11368);
#11367 = CARTESIAN_POINT('',(1.016,-8.89,0.));
#11368 = VECTOR('',#11369,1.);
#11369 = DIRECTION('',(0.,0.,1.));
#11370 = ORIENTED_EDGE('',*,*,#10430,.F.);
#11371 = PLANE('',#11372);
#11372 = AXIS2_PLACEMENT_3D('',#11373,#11374,#11375);
#11373 = CARTESIAN_POINT('',(-1.016,-8.89,0.));
#11374 = DIRECTION('',(0.,1.,0.));
#11375 = DIRECTION('',(1.,0.,0.));
#11376 = ADVANCED_FACE('',(#11377),#11383,.F.);
#11377 = FACE_BOUND('',#11378,.F.);
#11378 = EDGE_LOOP('',(#11379,#11380,#11381,#11382));
#11379 = ORIENTED_EDGE('',*,*,#11365,.T.);
#11380 = ORIENTED_EDGE('',*,*,#10767,.T.);
#11381 = ORIENTED_EDGE('',*,*,#11346,.F.);
#11382 = ORIENTED_EDGE('',*,*,#10438,.F.);
#11383 = PLANE('',#11384);
#11384 = AXIS2_PLACEMENT_3D('',#11385,#11386,#11387);
#11385 = CARTESIAN_POINT('',(1.016,-8.89,0.));
#11386 = DIRECTION('',(-0.707106781187,0.707106781187,0.));
#11387 = DIRECTION('',(0.707106781187,0.707106781187,0.));
#11388 = ADVANCED_FACE('',(#11389),#11414,.T.);
#11389 = FACE_BOUND('',#11390,.T.);
#11390 = EDGE_LOOP('',(#11391,#11399,#11407,#11413));
#11391 = ORIENTED_EDGE('',*,*,#11392,.F.);
#11392 = EDGE_CURVE('',#11393,#10536,#11395,.T.);
#11393 = VERTEX_POINT('',#11394);
#11394 = CARTESIAN_POINT('',(0.32,-4.76,-2.84));
#11395 = LINE('',#11396,#11397);
#11396 = CARTESIAN_POINT('',(0.32,-4.76,-3.));
#11397 = VECTOR('',#11398,1.);
#11398 = DIRECTION('',(0.,0.,1.));
#11399 = ORIENTED_EDGE('',*,*,#11400,.F.);
#11400 = EDGE_CURVE('',#11401,#11393,#11403,.T.);
#11401 = VERTEX_POINT('',#11402);
#11402 = CARTESIAN_POINT('',(-0.32,-4.76,-2.84));
#11403 = LINE('',#11404,#11405);
#11404 = CARTESIAN_POINT('',(-0.32,-4.76,-2.84));
#11405 = VECTOR('',#11406,1.);
#11406 = DIRECTION('',(1.,0.,0.));
#11407 = ORIENTED_EDGE('',*,*,#11408,.T.);
#11408 = EDGE_CURVE('',#11401,#10538,#11409,.T.);
#11409 = LINE('',#11410,#11411);
#11410 = CARTESIAN_POINT('',(-0.32,-4.76,-3.));
#11411 = VECTOR('',#11412,1.);
#11412 = DIRECTION('',(0.,0.,1.));
#11413 = ORIENTED_EDGE('',*,*,#10535,.F.);
#11414 = PLANE('',#11415);
#11415 = AXIS2_PLACEMENT_3D('',#11416,#11417,#11418);
#11416 = CARTESIAN_POINT('',(-0.32,-4.76,-3.));
#11417 = DIRECTION('',(0.,1.,0.));
#11418 = DIRECTION('',(0.,-0.,1.));
#11419 = ADVANCED_FACE('',(#11420),#11438,.F.);
#11420 = FACE_BOUND('',#11421,.F.);
#11421 = EDGE_LOOP('',(#11422,#11430,#11436,#11437));
#11422 = ORIENTED_EDGE('',*,*,#11423,.F.);
#11423 = EDGE_CURVE('',#11424,#10554,#11426,.T.);
#11424 = VERTEX_POINT('',#11425);
#11425 = CARTESIAN_POINT('',(-0.32,-5.4,-2.84));
#11426 = LINE('',#11427,#11428);
#11427 = CARTESIAN_POINT('',(-0.32,-5.4,-3.));
#11428 = VECTOR('',#11429,1.);
#11429 = DIRECTION('',(0.,0.,1.));
#11430 = ORIENTED_EDGE('',*,*,#11431,.T.);
#11431 = EDGE_CURVE('',#11424,#11401,#11432,.T.);
#11432 = LINE('',#11433,#11434);
#11433 = CARTESIAN_POINT('',(-0.32,-5.4,-2.84));
#11434 = VECTOR('',#11435,1.);
#11435 = DIRECTION('',(0.,1.,0.));
#11436 = ORIENTED_EDGE('',*,*,#11408,.T.);
#11437 = ORIENTED_EDGE('',*,*,#10561,.F.);
#11438 = PLANE('',#11439);
#11439 = AXIS2_PLACEMENT_3D('',#11440,#11441,#11442);
#11440 = CARTESIAN_POINT('',(-0.32,-5.4,-3.));
#11441 = DIRECTION('',(1.,0.,0.));
#11442 = DIRECTION('',(0.,0.,1.));
#11443 = ADVANCED_FACE('',(#11444),#11462,.F.);
#11444 = FACE_BOUND('',#11445,.F.);
#11445 = EDGE_LOOP('',(#11446,#11454,#11460,#11461));
#11446 = ORIENTED_EDGE('',*,*,#11447,.F.);
#11447 = EDGE_CURVE('',#11448,#10546,#11450,.T.);
#11448 = VERTEX_POINT('',#11449);
#11449 = CARTESIAN_POINT('',(0.32,-5.4,-2.84));
#11450 = LINE('',#11451,#11452);
#11451 = CARTESIAN_POINT('',(0.32,-5.4,-3.));
#11452 = VECTOR('',#11453,1.);
#11453 = DIRECTION('',(0.,0.,1.));
#11454 = ORIENTED_EDGE('',*,*,#11455,.F.);
#11455 = EDGE_CURVE('',#11424,#11448,#11456,.T.);
#11456 = LINE('',#11457,#11458);
#11457 = CARTESIAN_POINT('',(-0.32,-5.4,-2.84));
#11458 = VECTOR('',#11459,1.);
#11459 = DIRECTION('',(1.,0.,0.));
#11460 = ORIENTED_EDGE('',*,*,#11423,.T.);
#11461 = ORIENTED_EDGE('',*,*,#10553,.F.);
#11462 = PLANE('',#11463);
#11463 = AXIS2_PLACEMENT_3D('',#11464,#11465,#11466);
#11464 = CARTESIAN_POINT('',(-0.32,-5.4,-3.));
#11465 = DIRECTION('',(0.,1.,0.));
#11466 = DIRECTION('',(0.,-0.,1.));
#11467 = ADVANCED_FACE('',(#11468),#11479,.T.);
#11468 = FACE_BOUND('',#11469,.T.);
#11469 = EDGE_LOOP('',(#11470,#11471,#11477,#11478));
#11470 = ORIENTED_EDGE('',*,*,#11447,.F.);
#11471 = ORIENTED_EDGE('',*,*,#11472,.T.);
#11472 = EDGE_CURVE('',#11448,#11393,#11473,.T.);
#11473 = LINE('',#11474,#11475);
#11474 = CARTESIAN_POINT('',(0.32,-5.4,-2.84));
#11475 = VECTOR('',#11476,1.);
#11476 = DIRECTION('',(0.,1.,0.));
#11477 = ORIENTED_EDGE('',*,*,#11392,.T.);
#11478 = ORIENTED_EDGE('',*,*,#10545,.F.);
#11479 = PLANE('',#11480);
#11480 = AXIS2_PLACEMENT_3D('',#11481,#11482,#11483);
#11481 = CARTESIAN_POINT('',(0.32,-5.4,-3.));
#11482 = DIRECTION('',(1.,0.,0.));
#11483 = DIRECTION('',(0.,0.,1.));
#11484 = ADVANCED_FACE('',(#11485),#11510,.T.);
#11485 = FACE_BOUND('',#11486,.T.);
#11486 = EDGE_LOOP('',(#11487,#11495,#11503,#11509));
#11487 = ORIENTED_EDGE('',*,*,#11488,.F.);
#11488 = EDGE_CURVE('',#11489,#10570,#11491,.T.);
#11489 = VERTEX_POINT('',#11490);
#11490 = CARTESIAN_POINT('',(0.32,-7.94,-2.84));
#11491 = LINE('',#11492,#11493);
#11492 = CARTESIAN_POINT('',(0.32,-7.94,-3.));
#11493 = VECTOR('',#11494,1.);
#11494 = DIRECTION('',(0.,0.,1.));
#11495 = ORIENTED_EDGE('',*,*,#11496,.T.);
#11496 = EDGE_CURVE('',#11489,#11497,#11499,.T.);
#11497 = VERTEX_POINT('',#11498);
#11498 = CARTESIAN_POINT('',(0.32,-7.3,-2.84));
#11499 = LINE('',#11500,#11501);
#11500 = CARTESIAN_POINT('',(0.32,-7.94,-2.84));
#11501 = VECTOR('',#11502,1.);
#11502 = DIRECTION('',(0.,1.,0.));
#11503 = ORIENTED_EDGE('',*,*,#11504,.T.);
#11504 = EDGE_CURVE('',#11497,#10572,#11505,.T.);
#11505 = LINE('',#11506,#11507);
#11506 = CARTESIAN_POINT('',(0.32,-7.3,-3.));
#11507 = VECTOR('',#11508,1.);
#11508 = DIRECTION('',(0.,0.,1.));
#11509 = ORIENTED_EDGE('',*,*,#10569,.F.);
#11510 = PLANE('',#11511);
#11511 = AXIS2_PLACEMENT_3D('',#11512,#11513,#11514);
#11512 = CARTESIAN_POINT('',(0.32,-7.94,-3.));
#11513 = DIRECTION('',(1.,0.,0.));
#11514 = DIRECTION('',(0.,0.,1.));
#11515 = ADVANCED_FACE('',(#11516),#11534,.T.);
#11516 = FACE_BOUND('',#11517,.T.);
#11517 = EDGE_LOOP('',(#11518,#11519,#11527,#11533));
#11518 = ORIENTED_EDGE('',*,*,#11504,.F.);
#11519 = ORIENTED_EDGE('',*,*,#11520,.F.);
#11520 = EDGE_CURVE('',#11521,#11497,#11523,.T.);
#11521 = VERTEX_POINT('',#11522);
#11522 = CARTESIAN_POINT('',(-0.32,-7.3,-2.84));
#11523 = LINE('',#11524,#11525);
#11524 = CARTESIAN_POINT('',(-0.32,-7.3,-2.84));
#11525 = VECTOR('',#11526,1.);
#11526 = DIRECTION('',(1.,0.,0.));
#11527 = ORIENTED_EDGE('',*,*,#11528,.T.);
#11528 = EDGE_CURVE('',#11521,#10588,#11529,.T.);
#11529 = LINE('',#11530,#11531);
#11530 = CARTESIAN_POINT('',(-0.32,-7.3,-3.));
#11531 = VECTOR('',#11532,1.);
#11532 = DIRECTION('',(0.,0.,1.));
#11533 = ORIENTED_EDGE('',*,*,#10595,.F.);
#11534 = PLANE('',#11535);
#11535 = AXIS2_PLACEMENT_3D('',#11536,#11537,#11538);
#11536 = CARTESIAN_POINT('',(-0.32,-7.3,-3.));
#11537 = DIRECTION('',(0.,1.,0.));
#11538 = DIRECTION('',(0.,-0.,1.));
#11539 = ADVANCED_FACE('',(#11540),#11558,.F.);
#11540 = FACE_BOUND('',#11541,.F.);
#11541 = EDGE_LOOP('',(#11542,#11550,#11556,#11557));
#11542 = ORIENTED_EDGE('',*,*,#11543,.F.);
#11543 = EDGE_CURVE('',#11544,#10580,#11546,.T.);
#11544 = VERTEX_POINT('',#11545);
#11545 = CARTESIAN_POINT('',(-0.32,-7.94,-2.84));
#11546 = LINE('',#11547,#11548);
#11547 = CARTESIAN_POINT('',(-0.32,-7.94,-3.));
#11548 = VECTOR('',#11549,1.);
#11549 = DIRECTION('',(0.,0.,1.));
#11550 = ORIENTED_EDGE('',*,*,#11551,.T.);
#11551 = EDGE_CURVE('',#11544,#11521,#11552,.T.);
#11552 = LINE('',#11553,#11554);
#11553 = CARTESIAN_POINT('',(-0.32,-7.94,-2.84));
#11554 = VECTOR('',#11555,1.);
#11555 = DIRECTION('',(0.,1.,0.));
#11556 = ORIENTED_EDGE('',*,*,#11528,.T.);
#11557 = ORIENTED_EDGE('',*,*,#10587,.F.);
#11558 = PLANE('',#11559);
#11559 = AXIS2_PLACEMENT_3D('',#11560,#11561,#11562);
#11560 = CARTESIAN_POINT('',(-0.32,-7.94,-3.));
#11561 = DIRECTION('',(1.,0.,0.));
#11562 = DIRECTION('',(0.,0.,1.));
#11563 = ADVANCED_FACE('',(#11564),#11575,.F.);
#11564 = FACE_BOUND('',#11565,.F.);
#11565 = EDGE_LOOP('',(#11566,#11567,#11573,#11574));
#11566 = ORIENTED_EDGE('',*,*,#11488,.F.);
#11567 = ORIENTED_EDGE('',*,*,#11568,.F.);
#11568 = EDGE_CURVE('',#11544,#11489,#11569,.T.);
#11569 = LINE('',#11570,#11571);
#11570 = CARTESIAN_POINT('',(-0.32,-7.94,-2.84));
#11571 = VECTOR('',#11572,1.);
#11572 = DIRECTION('',(1.,0.,0.));
#11573 = ORIENTED_EDGE('',*,*,#11543,.T.);
#11574 = ORIENTED_EDGE('',*,*,#10579,.F.);
#11575 = PLANE('',#11576);
#11576 = AXIS2_PLACEMENT_3D('',#11577,#11578,#11579);
#11577 = CARTESIAN_POINT('',(-0.32,-7.94,-3.));
#11578 = DIRECTION('',(0.,1.,0.));
#11579 = DIRECTION('',(0.,-0.,1.));
#11580 = ADVANCED_FACE('',(#11581),#11606,.T.);
#11581 = FACE_BOUND('',#11582,.T.);
#11582 = EDGE_LOOP('',(#11583,#11591,#11599,#11605));
#11583 = ORIENTED_EDGE('',*,*,#11584,.F.);
#11584 = EDGE_CURVE('',#11585,#10604,#11587,.T.);
#11585 = VERTEX_POINT('',#11586);
#11586 = CARTESIAN_POINT('',(0.32,-0.32,-2.84));
#11587 = LINE('',#11588,#11589);
#11588 = CARTESIAN_POINT('',(0.32,-0.32,-3.));
#11589 = VECTOR('',#11590,1.);
#11590 = DIRECTION('',(0.,0.,1.));
#11591 = ORIENTED_EDGE('',*,*,#11592,.T.);
#11592 = EDGE_CURVE('',#11585,#11593,#11595,.T.);
#11593 = VERTEX_POINT('',#11594);
#11594 = CARTESIAN_POINT('',(0.32,0.32,-2.84));
#11595 = LINE('',#11596,#11597);
#11596 = CARTESIAN_POINT('',(0.32,-0.32,-2.84));
#11597 = VECTOR('',#11598,1.);
#11598 = DIRECTION('',(0.,1.,0.));
#11599 = ORIENTED_EDGE('',*,*,#11600,.T.);
#11600 = EDGE_CURVE('',#11593,#10606,#11601,.T.);
#11601 = LINE('',#11602,#11603);
#11602 = CARTESIAN_POINT('',(0.32,0.32,-3.));
#11603 = VECTOR('',#11604,1.);
#11604 = DIRECTION('',(0.,0.,1.));
#11605 = ORIENTED_EDGE('',*,*,#10603,.F.);
#11606 = PLANE('',#11607);
#11607 = AXIS2_PLACEMENT_3D('',#11608,#11609,#11610);
#11608 = CARTESIAN_POINT('',(0.32,-0.32,-3.));
#11609 = DIRECTION('',(1.,0.,0.));
#11610 = DIRECTION('',(0.,0.,1.));
#11611 = ADVANCED_FACE('',(#11612),#11630,.T.);
#11612 = FACE_BOUND('',#11613,.T.);
#11613 = EDGE_LOOP('',(#11614,#11615,#11623,#11629));
#11614 = ORIENTED_EDGE('',*,*,#11600,.F.);
#11615 = ORIENTED_EDGE('',*,*,#11616,.F.);
#11616 = EDGE_CURVE('',#11617,#11593,#11619,.T.);
#11617 = VERTEX_POINT('',#11618);
#11618 = CARTESIAN_POINT('',(-0.32,0.32,-2.84));
#11619 = LINE('',#11620,#11621);
#11620 = CARTESIAN_POINT('',(-0.32,0.32,-2.84));
#11621 = VECTOR('',#11622,1.);
#11622 = DIRECTION('',(1.,0.,0.));
#11623 = ORIENTED_EDGE('',*,*,#11624,.T.);
#11624 = EDGE_CURVE('',#11617,#10622,#11625,.T.);
#11625 = LINE('',#11626,#11627);
#11626 = CARTESIAN_POINT('',(-0.32,0.32,-3.));
#11627 = VECTOR('',#11628,1.);
#11628 = DIRECTION('',(0.,0.,1.));
#11629 = ORIENTED_EDGE('',*,*,#10629,.F.);
#11630 = PLANE('',#11631);
#11631 = AXIS2_PLACEMENT_3D('',#11632,#11633,#11634);
#11632 = CARTESIAN_POINT('',(-0.32,0.32,-3.));
#11633 = DIRECTION('',(0.,1.,0.));
#11634 = DIRECTION('',(0.,-0.,1.));
#11635 = ADVANCED_FACE('',(#11636),#11654,.F.);
#11636 = FACE_BOUND('',#11637,.F.);
#11637 = EDGE_LOOP('',(#11638,#11646,#11652,#11653));
#11638 = ORIENTED_EDGE('',*,*,#11639,.F.);
#11639 = EDGE_CURVE('',#11640,#10614,#11642,.T.);
#11640 = VERTEX_POINT('',#11641);
#11641 = CARTESIAN_POINT('',(-0.32,-0.32,-2.84));
#11642 = LINE('',#11643,#11644);
#11643 = CARTESIAN_POINT('',(-0.32,-0.32,-3.));
#11644 = VECTOR('',#11645,1.);
#11645 = DIRECTION('',(0.,0.,1.));
#11646 = ORIENTED_EDGE('',*,*,#11647,.T.);
#11647 = EDGE_CURVE('',#11640,#11617,#11648,.T.);
#11648 = LINE('',#11649,#11650);
#11649 = CARTESIAN_POINT('',(-0.32,-0.32,-2.84));
#11650 = VECTOR('',#11651,1.);
#11651 = DIRECTION('',(0.,1.,0.));
#11652 = ORIENTED_EDGE('',*,*,#11624,.T.);
#11653 = ORIENTED_EDGE('',*,*,#10621,.F.);
#11654 = PLANE('',#11655);
#11655 = AXIS2_PLACEMENT_3D('',#11656,#11657,#11658);
#11656 = CARTESIAN_POINT('',(-0.32,-0.32,-3.));
#11657 = DIRECTION('',(1.,0.,0.));
#11658 = DIRECTION('',(0.,0.,1.));
#11659 = ADVANCED_FACE('',(#11660),#11671,.F.);
#11660 = FACE_BOUND('',#11661,.F.);
#11661 = EDGE_LOOP('',(#11662,#11663,#11669,#11670));
#11662 = ORIENTED_EDGE('',*,*,#11584,.F.);
#11663 = ORIENTED_EDGE('',*,*,#11664,.F.);
#11664 = EDGE_CURVE('',#11640,#11585,#11665,.T.);
#11665 = LINE('',#11666,#11667);
#11666 = CARTESIAN_POINT('',(-0.32,-0.32,-2.84));
#11667 = VECTOR('',#11668,1.);
#11668 = DIRECTION('',(1.,0.,0.));
#11669 = ORIENTED_EDGE('',*,*,#11639,.T.);
#11670 = ORIENTED_EDGE('',*,*,#10613,.F.);
#11671 = PLANE('',#11672);
#11672 = AXIS2_PLACEMENT_3D('',#11673,#11674,#11675);
#11673 = CARTESIAN_POINT('',(-0.32,-0.32,-3.));
#11674 = DIRECTION('',(0.,1.,0.));
#11675 = DIRECTION('',(0.,-0.,1.));
#11676 = ADVANCED_FACE('',(#11677),#11702,.T.);
#11677 = FACE_BOUND('',#11678,.T.);
#11678 = EDGE_LOOP('',(#11679,#11687,#11695,#11701));
#11679 = ORIENTED_EDGE('',*,*,#11680,.F.);
#11680 = EDGE_CURVE('',#11681,#10638,#11683,.T.);
#11681 = VERTEX_POINT('',#11682);
#11682 = CARTESIAN_POINT('',(0.32,-2.22,-2.84));
#11683 = LINE('',#11684,#11685);
#11684 = CARTESIAN_POINT('',(0.32,-2.22,-3.));
#11685 = VECTOR('',#11686,1.);
#11686 = DIRECTION('',(0.,0.,1.));
#11687 = ORIENTED_EDGE('',*,*,#11688,.F.);
#11688 = EDGE_CURVE('',#11689,#11681,#11691,.T.);
#11689 = VERTEX_POINT('',#11690);
#11690 = CARTESIAN_POINT('',(-0.32,-2.22,-2.84));
#11691 = LINE('',#11692,#11693);
#11692 = CARTESIAN_POINT('',(-0.32,-2.22,-2.84));
#11693 = VECTOR('',#11694,1.);
#11694 = DIRECTION('',(1.,0.,0.));
#11695 = ORIENTED_EDGE('',*,*,#11696,.T.);
#11696 = EDGE_CURVE('',#11689,#10640,#11697,.T.);
#11697 = LINE('',#11698,#11699);
#11698 = CARTESIAN_POINT('',(-0.32,-2.22,-3.));
#11699 = VECTOR('',#11700,1.);
#11700 = DIRECTION('',(0.,0.,1.));
#11701 = ORIENTED_EDGE('',*,*,#10637,.F.);
#11702 = PLANE('',#11703);
#11703 = AXIS2_PLACEMENT_3D('',#11704,#11705,#11706);
#11704 = CARTESIAN_POINT('',(-0.32,-2.22,-3.));
#11705 = DIRECTION('',(0.,1.,0.));
#11706 = DIRECTION('',(0.,-0.,1.));
#11707 = ADVANCED_FACE('',(#11708),#11726,.F.);
#11708 = FACE_BOUND('',#11709,.F.);
#11709 = EDGE_LOOP('',(#11710,#11718,#11724,#11725));
#11710 = ORIENTED_EDGE('',*,*,#11711,.F.);
#11711 = EDGE_CURVE('',#11712,#10656,#11714,.T.);
#11712 = VERTEX_POINT('',#11713);
#11713 = CARTESIAN_POINT('',(-0.32,-2.86,-2.84));
#11714 = LINE('',#11715,#11716);
#11715 = CARTESIAN_POINT('',(-0.32,-2.86,-3.));
#11716 = VECTOR('',#11717,1.);
#11717 = DIRECTION('',(0.,0.,1.));
#11718 = ORIENTED_EDGE('',*,*,#11719,.T.);
#11719 = EDGE_CURVE('',#11712,#11689,#11720,.T.);
#11720 = LINE('',#11721,#11722);
#11721 = CARTESIAN_POINT('',(-0.32,-2.86,-2.84));
#11722 = VECTOR('',#11723,1.);
#11723 = DIRECTION('',(0.,1.,0.));
#11724 = ORIENTED_EDGE('',*,*,#11696,.T.);
#11725 = ORIENTED_EDGE('',*,*,#10663,.F.);
#11726 = PLANE('',#11727);
#11727 = AXIS2_PLACEMENT_3D('',#11728,#11729,#11730);
#11728 = CARTESIAN_POINT('',(-0.32,-2.86,-3.));
#11729 = DIRECTION('',(1.,0.,0.));
#11730 = DIRECTION('',(0.,0.,1.));
#11731 = ADVANCED_FACE('',(#11732),#11750,.F.);
#11732 = FACE_BOUND('',#11733,.F.);
#11733 = EDGE_LOOP('',(#11734,#11742,#11748,#11749));
#11734 = ORIENTED_EDGE('',*,*,#11735,.F.);
#11735 = EDGE_CURVE('',#11736,#10648,#11738,.T.);
#11736 = VERTEX_POINT('',#11737);
#11737 = CARTESIAN_POINT('',(0.32,-2.86,-2.84));
#11738 = LINE('',#11739,#11740);
#11739 = CARTESIAN_POINT('',(0.32,-2.86,-3.));
#11740 = VECTOR('',#11741,1.);
#11741 = DIRECTION('',(0.,0.,1.));
#11742 = ORIENTED_EDGE('',*,*,#11743,.F.);
#11743 = EDGE_CURVE('',#11712,#11736,#11744,.T.);
#11744 = LINE('',#11745,#11746);
#11745 = CARTESIAN_POINT('',(-0.32,-2.86,-2.84));
#11746 = VECTOR('',#11747,1.);
#11747 = DIRECTION('',(1.,0.,0.));
#11748 = ORIENTED_EDGE('',*,*,#11711,.T.);
#11749 = ORIENTED_EDGE('',*,*,#10655,.F.);
#11750 = PLANE('',#11751);
#11751 = AXIS2_PLACEMENT_3D('',#11752,#11753,#11754);
#11752 = CARTESIAN_POINT('',(-0.32,-2.86,-3.));
#11753 = DIRECTION('',(0.,1.,0.));
#11754 = DIRECTION('',(0.,-0.,1.));
#11755 = ADVANCED_FACE('',(#11756),#11767,.T.);
#11756 = FACE_BOUND('',#11757,.T.);
#11757 = EDGE_LOOP('',(#11758,#11759,#11765,#11766));
#11758 = ORIENTED_EDGE('',*,*,#11735,.F.);
#11759 = ORIENTED_EDGE('',*,*,#11760,.T.);
#11760 = EDGE_CURVE('',#11736,#11681,#11761,.T.);
#11761 = LINE('',#11762,#11763);
#11762 = CARTESIAN_POINT('',(0.32,-2.86,-2.84));
#11763 = VECTOR('',#11764,1.);
#11764 = DIRECTION('',(0.,1.,0.));
#11765 = ORIENTED_EDGE('',*,*,#11680,.T.);
#11766 = ORIENTED_EDGE('',*,*,#10647,.F.);
#11767 = PLANE('',#11768);
#11768 = AXIS2_PLACEMENT_3D('',#11769,#11770,#11771);
#11769 = CARTESIAN_POINT('',(0.32,-2.86,-3.));
#11770 = DIRECTION('',(1.,0.,0.));
#11771 = DIRECTION('',(0.,0.,1.));
#11772 = ADVANCED_FACE('',(#11773),#11798,.T.);
#11773 = FACE_BOUND('',#11774,.T.);
#11774 = EDGE_LOOP('',(#11775,#11783,#11784,#11792));
#11775 = ORIENTED_EDGE('',*,*,#11776,.F.);
#11776 = EDGE_CURVE('',#10865,#11777,#11779,.T.);
#11777 = VERTEX_POINT('',#11778);
#11778 = CARTESIAN_POINT('',(0.32,-4.76,8.38));
#11779 = LINE('',#11780,#11781);
#11780 = CARTESIAN_POINT('',(0.32,-4.76,-3.));
#11781 = VECTOR('',#11782,1.);
#11782 = DIRECTION('',(0.,0.,1.));
#11783 = ORIENTED_EDGE('',*,*,#10864,.T.);
#11784 = ORIENTED_EDGE('',*,*,#11785,.T.);
#11785 = EDGE_CURVE('',#10867,#11786,#11788,.T.);
#11786 = VERTEX_POINT('',#11787);
#11787 = CARTESIAN_POINT('',(-0.32,-4.76,8.38));
#11788 = LINE('',#11789,#11790);
#11789 = CARTESIAN_POINT('',(-0.32,-4.76,-3.));
#11790 = VECTOR('',#11791,1.);
#11791 = DIRECTION('',(0.,0.,1.));
#11792 = ORIENTED_EDGE('',*,*,#11793,.T.);
#11793 = EDGE_CURVE('',#11786,#11777,#11794,.T.);
#11794 = LINE('',#11795,#11796);
#11795 = CARTESIAN_POINT('',(-0.32,-4.76,8.38));
#11796 = VECTOR('',#11797,1.);
#11797 = DIRECTION('',(1.,0.,0.));
#11798 = PLANE('',#11799);
#11799 = AXIS2_PLACEMENT_3D('',#11800,#11801,#11802);
#11800 = CARTESIAN_POINT('',(-0.32,-4.76,-3.));
#11801 = DIRECTION('',(0.,1.,0.));
#11802 = DIRECTION('',(0.,-0.,1.));
#11803 = ADVANCED_FACE('',(#11804),#11822,.F.);
#11804 = FACE_BOUND('',#11805,.F.);
#11805 = EDGE_LOOP('',(#11806,#11814,#11815,#11816));
#11806 = ORIENTED_EDGE('',*,*,#11807,.F.);
#11807 = EDGE_CURVE('',#10883,#11808,#11810,.T.);
#11808 = VERTEX_POINT('',#11809);
#11809 = CARTESIAN_POINT('',(-0.32,-5.4,8.38));
#11810 = LINE('',#11811,#11812);
#11811 = CARTESIAN_POINT('',(-0.32,-5.4,-3.));
#11812 = VECTOR('',#11813,1.);
#11813 = DIRECTION('',(0.,0.,1.));
#11814 = ORIENTED_EDGE('',*,*,#10890,.T.);
#11815 = ORIENTED_EDGE('',*,*,#11785,.T.);
#11816 = ORIENTED_EDGE('',*,*,#11817,.F.);
#11817 = EDGE_CURVE('',#11808,#11786,#11818,.T.);
#11818 = LINE('',#11819,#11820);
#11819 = CARTESIAN_POINT('',(-0.32,-5.4,8.38));
#11820 = VECTOR('',#11821,1.);
#11821 = DIRECTION('',(0.,1.,0.));
#11822 = PLANE('',#11823);
#11823 = AXIS2_PLACEMENT_3D('',#11824,#11825,#11826);
#11824 = CARTESIAN_POINT('',(-0.32,-5.4,-3.));
#11825 = DIRECTION('',(1.,0.,0.));
#11826 = DIRECTION('',(0.,0.,1.));
#11827 = ADVANCED_FACE('',(#11828),#11846,.F.);
#11828 = FACE_BOUND('',#11829,.F.);
#11829 = EDGE_LOOP('',(#11830,#11838,#11839,#11840));
#11830 = ORIENTED_EDGE('',*,*,#11831,.F.);
#11831 = EDGE_CURVE('',#10875,#11832,#11834,.T.);
#11832 = VERTEX_POINT('',#11833);
#11833 = CARTESIAN_POINT('',(0.32,-5.4,8.38));
#11834 = LINE('',#11835,#11836);
#11835 = CARTESIAN_POINT('',(0.32,-5.4,-3.));
#11836 = VECTOR('',#11837,1.);
#11837 = DIRECTION('',(0.,0.,1.));
#11838 = ORIENTED_EDGE('',*,*,#10882,.T.);
#11839 = ORIENTED_EDGE('',*,*,#11807,.T.);
#11840 = ORIENTED_EDGE('',*,*,#11841,.T.);
#11841 = EDGE_CURVE('',#11808,#11832,#11842,.T.);
#11842 = LINE('',#11843,#11844);
#11843 = CARTESIAN_POINT('',(-0.32,-5.4,8.38));
#11844 = VECTOR('',#11845,1.);
#11845 = DIRECTION('',(1.,0.,0.));
#11846 = PLANE('',#11847);
#11847 = AXIS2_PLACEMENT_3D('',#11848,#11849,#11850);
#11848 = CARTESIAN_POINT('',(-0.32,-5.4,-3.));
#11849 = DIRECTION('',(0.,1.,0.));
#11850 = DIRECTION('',(0.,-0.,1.));
#11851 = ADVANCED_FACE('',(#11852),#11863,.T.);
#11852 = FACE_BOUND('',#11853,.T.);
#11853 = EDGE_LOOP('',(#11854,#11855,#11856,#11857));
#11854 = ORIENTED_EDGE('',*,*,#11831,.F.);
#11855 = ORIENTED_EDGE('',*,*,#10874,.T.);
#11856 = ORIENTED_EDGE('',*,*,#11776,.T.);
#11857 = ORIENTED_EDGE('',*,*,#11858,.F.);
#11858 = EDGE_CURVE('',#11832,#11777,#11859,.T.);
#11859 = LINE('',#11860,#11861);
#11860 = CARTESIAN_POINT('',(0.32,-5.4,8.38));
#11861 = VECTOR('',#11862,1.);
#11862 = DIRECTION('',(0.,1.,0.));
#11863 = PLANE('',#11864);
#11864 = AXIS2_PLACEMENT_3D('',#11865,#11866,#11867);
#11865 = CARTESIAN_POINT('',(0.32,-5.4,-3.));
#11866 = DIRECTION('',(1.,0.,0.));
#11867 = DIRECTION('',(0.,0.,1.));
#11868 = ADVANCED_FACE('',(#11869),#11894,.T.);
#11869 = FACE_BOUND('',#11870,.T.);
#11870 = EDGE_LOOP('',(#11871,#11879,#11880,#11888));
#11871 = ORIENTED_EDGE('',*,*,#11872,.F.);
#11872 = EDGE_CURVE('',#10899,#11873,#11875,.T.);
#11873 = VERTEX_POINT('',#11874);
#11874 = CARTESIAN_POINT('',(0.32,-7.94,8.38));
#11875 = LINE('',#11876,#11877);
#11876 = CARTESIAN_POINT('',(0.32,-7.94,-3.));
#11877 = VECTOR('',#11878,1.);
#11878 = DIRECTION('',(0.,0.,1.));
#11879 = ORIENTED_EDGE('',*,*,#10898,.T.);
#11880 = ORIENTED_EDGE('',*,*,#11881,.T.);
#11881 = EDGE_CURVE('',#10901,#11882,#11884,.T.);
#11882 = VERTEX_POINT('',#11883);
#11883 = CARTESIAN_POINT('',(0.32,-7.3,8.38));
#11884 = LINE('',#11885,#11886);
#11885 = CARTESIAN_POINT('',(0.32,-7.3,-3.));
#11886 = VECTOR('',#11887,1.);
#11887 = DIRECTION('',(0.,0.,1.));
#11888 = ORIENTED_EDGE('',*,*,#11889,.F.);
#11889 = EDGE_CURVE('',#11873,#11882,#11890,.T.);
#11890 = LINE('',#11891,#11892);
#11891 = CARTESIAN_POINT('',(0.32,-7.94,8.38));
#11892 = VECTOR('',#11893,1.);
#11893 = DIRECTION('',(0.,1.,0.));
#11894 = PLANE('',#11895);
#11895 = AXIS2_PLACEMENT_3D('',#11896,#11897,#11898);
#11896 = CARTESIAN_POINT('',(0.32,-7.94,-3.));
#11897 = DIRECTION('',(1.,0.,0.));
#11898 = DIRECTION('',(0.,0.,1.));
#11899 = ADVANCED_FACE('',(#11900),#11918,.T.);
#11900 = FACE_BOUND('',#11901,.T.);
#11901 = EDGE_LOOP('',(#11902,#11903,#11904,#11912));
#11902 = ORIENTED_EDGE('',*,*,#11881,.F.);
#11903 = ORIENTED_EDGE('',*,*,#10924,.T.);
#11904 = ORIENTED_EDGE('',*,*,#11905,.T.);
#11905 = EDGE_CURVE('',#10917,#11906,#11908,.T.);
#11906 = VERTEX_POINT('',#11907);
#11907 = CARTESIAN_POINT('',(-0.32,-7.3,8.38));
#11908 = LINE('',#11909,#11910);
#11909 = CARTESIAN_POINT('',(-0.32,-7.3,-3.));
#11910 = VECTOR('',#11911,1.);
#11911 = DIRECTION('',(0.,0.,1.));
#11912 = ORIENTED_EDGE('',*,*,#11913,.T.);
#11913 = EDGE_CURVE('',#11906,#11882,#11914,.T.);
#11914 = LINE('',#11915,#11916);
#11915 = CARTESIAN_POINT('',(-0.32,-7.3,8.38));
#11916 = VECTOR('',#11917,1.);
#11917 = DIRECTION('',(1.,0.,0.));
#11918 = PLANE('',#11919);
#11919 = AXIS2_PLACEMENT_3D('',#11920,#11921,#11922);
#11920 = CARTESIAN_POINT('',(-0.32,-7.3,-3.));
#11921 = DIRECTION('',(0.,1.,0.));
#11922 = DIRECTION('',(0.,-0.,1.));
#11923 = ADVANCED_FACE('',(#11924),#11942,.F.);
#11924 = FACE_BOUND('',#11925,.F.);
#11925 = EDGE_LOOP('',(#11926,#11934,#11935,#11936));
#11926 = ORIENTED_EDGE('',*,*,#11927,.F.);
#11927 = EDGE_CURVE('',#10909,#11928,#11930,.T.);
#11928 = VERTEX_POINT('',#11929);
#11929 = CARTESIAN_POINT('',(-0.32,-7.94,8.38));
#11930 = LINE('',#11931,#11932);
#11931 = CARTESIAN_POINT('',(-0.32,-7.94,-3.));
#11932 = VECTOR('',#11933,1.);
#11933 = DIRECTION('',(0.,0.,1.));
#11934 = ORIENTED_EDGE('',*,*,#10916,.T.);
#11935 = ORIENTED_EDGE('',*,*,#11905,.T.);
#11936 = ORIENTED_EDGE('',*,*,#11937,.F.);
#11937 = EDGE_CURVE('',#11928,#11906,#11938,.T.);
#11938 = LINE('',#11939,#11940);
#11939 = CARTESIAN_POINT('',(-0.32,-7.94,8.38));
#11940 = VECTOR('',#11941,1.);
#11941 = DIRECTION('',(0.,1.,0.));
#11942 = PLANE('',#11943);
#11943 = AXIS2_PLACEMENT_3D('',#11944,#11945,#11946);
#11944 = CARTESIAN_POINT('',(-0.32,-7.94,-3.));
#11945 = DIRECTION('',(1.,0.,0.));
#11946 = DIRECTION('',(0.,0.,1.));
#11947 = ADVANCED_FACE('',(#11948),#11959,.F.);
#11948 = FACE_BOUND('',#11949,.F.);
#11949 = EDGE_LOOP('',(#11950,#11951,#11952,#11953));
#11950 = ORIENTED_EDGE('',*,*,#11872,.F.);
#11951 = ORIENTED_EDGE('',*,*,#10908,.T.);
#11952 = ORIENTED_EDGE('',*,*,#11927,.T.);
#11953 = ORIENTED_EDGE('',*,*,#11954,.T.);
#11954 = EDGE_CURVE('',#11928,#11873,#11955,.T.);
#11955 = LINE('',#11956,#11957);
#11956 = CARTESIAN_POINT('',(-0.32,-7.94,8.38));
#11957 = VECTOR('',#11958,1.);
#11958 = DIRECTION('',(1.,0.,0.));
#11959 = PLANE('',#11960);
#11960 = AXIS2_PLACEMENT_3D('',#11961,#11962,#11963);
#11961 = CARTESIAN_POINT('',(-0.32,-7.94,-3.));
#11962 = DIRECTION('',(0.,1.,0.));
#11963 = DIRECTION('',(0.,-0.,1.));
#11964 = ADVANCED_FACE('',(#11965),#11990,.T.);
#11965 = FACE_BOUND('',#11966,.T.);
#11966 = EDGE_LOOP('',(#11967,#11975,#11976,#11984));
#11967 = ORIENTED_EDGE('',*,*,#11968,.F.);
#11968 = EDGE_CURVE('',#10933,#11969,#11971,.T.);
#11969 = VERTEX_POINT('',#11970);
#11970 = CARTESIAN_POINT('',(0.32,-0.32,8.38));
#11971 = LINE('',#11972,#11973);
#11972 = CARTESIAN_POINT('',(0.32,-0.32,-3.));
#11973 = VECTOR('',#11974,1.);
#11974 = DIRECTION('',(0.,0.,1.));
#11975 = ORIENTED_EDGE('',*,*,#10932,.T.);
#11976 = ORIENTED_EDGE('',*,*,#11977,.T.);
#11977 = EDGE_CURVE('',#10935,#11978,#11980,.T.);
#11978 = VERTEX_POINT('',#11979);
#11979 = CARTESIAN_POINT('',(0.32,0.32,8.38));
#11980 = LINE('',#11981,#11982);
#11981 = CARTESIAN_POINT('',(0.32,0.32,-3.));
#11982 = VECTOR('',#11983,1.);
#11983 = DIRECTION('',(0.,0.,1.));
#11984 = ORIENTED_EDGE('',*,*,#11985,.F.);
#11985 = EDGE_CURVE('',#11969,#11978,#11986,.T.);
#11986 = LINE('',#11987,#11988);
#11987 = CARTESIAN_POINT('',(0.32,-0.32,8.38));
#11988 = VECTOR('',#11989,1.);
#11989 = DIRECTION('',(0.,1.,0.));
#11990 = PLANE('',#11991);
#11991 = AXIS2_PLACEMENT_3D('',#11992,#11993,#11994);
#11992 = CARTESIAN_POINT('',(0.32,-0.32,-3.));
#11993 = DIRECTION('',(1.,0.,0.));
#11994 = DIRECTION('',(0.,0.,1.));
#11995 = ADVANCED_FACE('',(#11996),#12014,.T.);
#11996 = FACE_BOUND('',#11997,.T.);
#11997 = EDGE_LOOP('',(#11998,#11999,#12000,#12008));
#11998 = ORIENTED_EDGE('',*,*,#11977,.F.);
#11999 = ORIENTED_EDGE('',*,*,#10958,.T.);
#12000 = ORIENTED_EDGE('',*,*,#12001,.T.);
#12001 = EDGE_CURVE('',#10951,#12002,#12004,.T.);
#12002 = VERTEX_POINT('',#12003);
#12003 = CARTESIAN_POINT('',(-0.32,0.32,8.38));
#12004 = LINE('',#12005,#12006);
#12005 = CARTESIAN_POINT('',(-0.32,0.32,-3.));
#12006 = VECTOR('',#12007,1.);
#12007 = DIRECTION('',(0.,0.,1.));
#12008 = ORIENTED_EDGE('',*,*,#12009,.T.);
#12009 = EDGE_CURVE('',#12002,#11978,#12010,.T.);
#12010 = LINE('',#12011,#12012);
#12011 = CARTESIAN_POINT('',(-0.32,0.32,8.38));
#12012 = VECTOR('',#12013,1.);
#12013 = DIRECTION('',(1.,0.,0.));
#12014 = PLANE('',#12015);
#12015 = AXIS2_PLACEMENT_3D('',#12016,#12017,#12018);
#12016 = CARTESIAN_POINT('',(-0.32,0.32,-3.));
#12017 = DIRECTION('',(0.,1.,0.));
#12018 = DIRECTION('',(0.,-0.,1.));
#12019 = ADVANCED_FACE('',(#12020),#12038,.F.);
#12020 = FACE_BOUND('',#12021,.F.);
#12021 = EDGE_LOOP('',(#12022,#12030,#12031,#12032));
#12022 = ORIENTED_EDGE('',*,*,#12023,.F.);
#12023 = EDGE_CURVE('',#10943,#12024,#12026,.T.);
#12024 = VERTEX_POINT('',#12025);
#12025 = CARTESIAN_POINT('',(-0.32,-0.32,8.38));
#12026 = LINE('',#12027,#12028);
#12027 = CARTESIAN_POINT('',(-0.32,-0.32,-3.));
#12028 = VECTOR('',#12029,1.);
#12029 = DIRECTION('',(0.,0.,1.));
#12030 = ORIENTED_EDGE('',*,*,#10950,.T.);
#12031 = ORIENTED_EDGE('',*,*,#12001,.T.);
#12032 = ORIENTED_EDGE('',*,*,#12033,.F.);
#12033 = EDGE_CURVE('',#12024,#12002,#12034,.T.);
#12034 = LINE('',#12035,#12036);
#12035 = CARTESIAN_POINT('',(-0.32,-0.32,8.38));
#12036 = VECTOR('',#12037,1.);
#12037 = DIRECTION('',(0.,1.,0.));
#12038 = PLANE('',#12039);
#12039 = AXIS2_PLACEMENT_3D('',#12040,#12041,#12042);
#12040 = CARTESIAN_POINT('',(-0.32,-0.32,-3.));
#12041 = DIRECTION('',(1.,0.,0.));
#12042 = DIRECTION('',(0.,0.,1.));
#12043 = ADVANCED_FACE('',(#12044),#12055,.F.);
#12044 = FACE_BOUND('',#12045,.F.);
#12045 = EDGE_LOOP('',(#12046,#12047,#12048,#12049));
#12046 = ORIENTED_EDGE('',*,*,#11968,.F.);
#12047 = ORIENTED_EDGE('',*,*,#10942,.T.);
#12048 = ORIENTED_EDGE('',*,*,#12023,.T.);
#12049 = ORIENTED_EDGE('',*,*,#12050,.T.);
#12050 = EDGE_CURVE('',#12024,#11969,#12051,.T.);
#12051 = LINE('',#12052,#12053);
#12052 = CARTESIAN_POINT('',(-0.32,-0.32,8.38));
#12053 = VECTOR('',#12054,1.);
#12054 = DIRECTION('',(1.,0.,0.));
#12055 = PLANE('',#12056);
#12056 = AXIS2_PLACEMENT_3D('',#12057,#12058,#12059);
#12057 = CARTESIAN_POINT('',(-0.32,-0.32,-3.));
#12058 = DIRECTION('',(0.,1.,0.));
#12059 = DIRECTION('',(0.,-0.,1.));
#12060 = ADVANCED_FACE('',(#12061),#12086,.T.);
#12061 = FACE_BOUND('',#12062,.T.);
#12062 = EDGE_LOOP('',(#12063,#12071,#12072,#12080));
#12063 = ORIENTED_EDGE('',*,*,#12064,.F.);
#12064 = EDGE_CURVE('',#10967,#12065,#12067,.T.);
#12065 = VERTEX_POINT('',#12066);
#12066 = CARTESIAN_POINT('',(0.32,-2.22,8.38));
#12067 = LINE('',#12068,#12069);
#12068 = CARTESIAN_POINT('',(0.32,-2.22,-3.));
#12069 = VECTOR('',#12070,1.);
#12070 = DIRECTION('',(0.,0.,1.));
#12071 = ORIENTED_EDGE('',*,*,#10966,.T.);
#12072 = ORIENTED_EDGE('',*,*,#12073,.T.);
#12073 = EDGE_CURVE('',#10969,#12074,#12076,.T.);
#12074 = VERTEX_POINT('',#12075);
#12075 = CARTESIAN_POINT('',(-0.32,-2.22,8.38));
#12076 = LINE('',#12077,#12078);
#12077 = CARTESIAN_POINT('',(-0.32,-2.22,-3.));
#12078 = VECTOR('',#12079,1.);
#12079 = DIRECTION('',(0.,0.,1.));
#12080 = ORIENTED_EDGE('',*,*,#12081,.T.);
#12081 = EDGE_CURVE('',#12074,#12065,#12082,.T.);
#12082 = LINE('',#12083,#12084);
#12083 = CARTESIAN_POINT('',(-0.32,-2.22,8.38));
#12084 = VECTOR('',#12085,1.);
#12085 = DIRECTION('',(1.,0.,0.));
#12086 = PLANE('',#12087);
#12087 = AXIS2_PLACEMENT_3D('',#12088,#12089,#12090);
#12088 = CARTESIAN_POINT('',(-0.32,-2.22,-3.));
#12089 = DIRECTION('',(0.,1.,0.));
#12090 = DIRECTION('',(0.,-0.,1.));
#12091 = ADVANCED_FACE('',(#12092),#12110,.F.);
#12092 = FACE_BOUND('',#12093,.F.);
#12093 = EDGE_LOOP('',(#12094,#12102,#12103,#12104));
#12094 = ORIENTED_EDGE('',*,*,#12095,.F.);
#12095 = EDGE_CURVE('',#10985,#12096,#12098,.T.);
#12096 = VERTEX_POINT('',#12097);
#12097 = CARTESIAN_POINT('',(-0.32,-2.86,8.38));
#12098 = LINE('',#12099,#12100);
#12099 = CARTESIAN_POINT('',(-0.32,-2.86,-3.));
#12100 = VECTOR('',#12101,1.);
#12101 = DIRECTION('',(0.,0.,1.));
#12102 = ORIENTED_EDGE('',*,*,#10992,.T.);
#12103 = ORIENTED_EDGE('',*,*,#12073,.T.);
#12104 = ORIENTED_EDGE('',*,*,#12105,.F.);
#12105 = EDGE_CURVE('',#12096,#12074,#12106,.T.);
#12106 = LINE('',#12107,#12108);
#12107 = CARTESIAN_POINT('',(-0.32,-2.86,8.38));
#12108 = VECTOR('',#12109,1.);
#12109 = DIRECTION('',(0.,1.,0.));
#12110 = PLANE('',#12111);
#12111 = AXIS2_PLACEMENT_3D('',#12112,#12113,#12114);
#12112 = CARTESIAN_POINT('',(-0.32,-2.86,-3.));
#12113 = DIRECTION('',(1.,0.,0.));
#12114 = DIRECTION('',(0.,0.,1.));
#12115 = ADVANCED_FACE('',(#12116),#12134,.F.);
#12116 = FACE_BOUND('',#12117,.F.);
#12117 = EDGE_LOOP('',(#12118,#12126,#12127,#12128));
#12118 = ORIENTED_EDGE('',*,*,#12119,.F.);
#12119 = EDGE_CURVE('',#10977,#12120,#12122,.T.);
#12120 = VERTEX_POINT('',#12121);
#12121 = CARTESIAN_POINT('',(0.32,-2.86,8.38));
#12122 = LINE('',#12123,#12124);
#12123 = CARTESIAN_POINT('',(0.32,-2.86,-3.));
#12124 = VECTOR('',#12125,1.);
#12125 = DIRECTION('',(0.,0.,1.));
#12126 = ORIENTED_EDGE('',*,*,#10984,.T.);
#12127 = ORIENTED_EDGE('',*,*,#12095,.T.);
#12128 = ORIENTED_EDGE('',*,*,#12129,.T.);
#12129 = EDGE_CURVE('',#12096,#12120,#12130,.T.);
#12130 = LINE('',#12131,#12132);
#12131 = CARTESIAN_POINT('',(-0.32,-2.86,8.38));
#12132 = VECTOR('',#12133,1.);
#12133 = DIRECTION('',(1.,0.,0.));
#12134 = PLANE('',#12135);
#12135 = AXIS2_PLACEMENT_3D('',#12136,#12137,#12138);
#12136 = CARTESIAN_POINT('',(-0.32,-2.86,-3.));
#12137 = DIRECTION('',(0.,1.,0.));
#12138 = DIRECTION('',(0.,-0.,1.));
#12139 = ADVANCED_FACE('',(#12140),#12151,.T.);
#12140 = FACE_BOUND('',#12141,.T.);
#12141 = EDGE_LOOP('',(#12142,#12143,#12144,#12145));
#12142 = ORIENTED_EDGE('',*,*,#12119,.F.);
#12143 = ORIENTED_EDGE('',*,*,#10976,.T.);
#12144 = ORIENTED_EDGE('',*,*,#12064,.T.);
#12145 = ORIENTED_EDGE('',*,*,#12146,.F.);
#12146 = EDGE_CURVE('',#12120,#12065,#12147,.T.);
#12147 = LINE('',#12148,#12149);
#12148 = CARTESIAN_POINT('',(0.32,-2.86,8.38));
#12149 = VECTOR('',#12150,1.);
#12150 = DIRECTION('',(0.,1.,0.));
#12151 = PLANE('',#12152);
#12152 = AXIS2_PLACEMENT_3D('',#12153,#12154,#12155);
#12153 = CARTESIAN_POINT('',(0.32,-2.86,-3.));
#12154 = DIRECTION('',(1.,0.,0.));
#12155 = DIRECTION('',(0.,0.,1.));
#12156 = ADVANCED_FACE('',(#12157),#12182,.F.);
#12157 = FACE_BOUND('',#12158,.T.);
#12158 = EDGE_LOOP('',(#12159,#12167,#12168,#12176));
#12159 = ORIENTED_EDGE('',*,*,#12160,.F.);
#12160 = EDGE_CURVE('',#11401,#12161,#12163,.T.);
#12161 = VERTEX_POINT('',#12162);
#12162 = CARTESIAN_POINT('',(-0.16,-4.92,-3.));
#12163 = LINE('',#12164,#12165);
#12164 = CARTESIAN_POINT('',(-0.16,-4.92,-3.));
#12165 = VECTOR('',#12166,1.);
#12166 = DIRECTION('',(0.57735026919,-0.57735026919,-0.57735026919));
#12167 = ORIENTED_EDGE('',*,*,#11400,.T.);
#12168 = ORIENTED_EDGE('',*,*,#12169,.T.);
#12169 = EDGE_CURVE('',#11393,#12170,#12172,.T.);
#12170 = VERTEX_POINT('',#12171);
#12171 = CARTESIAN_POINT('',(0.16,-4.92,-3.));
#12172 = LINE('',#12173,#12174);
#12173 = CARTESIAN_POINT('',(5.333333333333E-02,-5.026666666667,
    -3.106666666667));
#12174 = VECTOR('',#12175,1.);
#12175 = DIRECTION('',(-0.57735026919,-0.57735026919,-0.57735026919));
#12176 = ORIENTED_EDGE('',*,*,#12177,.F.);
#12177 = EDGE_CURVE('',#12161,#12170,#12178,.T.);
#12178 = LINE('',#12179,#12180);
#12179 = CARTESIAN_POINT('',(-0.32,-4.92,-3.));
#12180 = VECTOR('',#12181,1.);
#12181 = DIRECTION('',(1.,0.,0.));
#12182 = PLANE('',#12183);
#12183 = AXIS2_PLACEMENT_3D('',#12184,#12185,#12186);
#12184 = CARTESIAN_POINT('',(-0.32,-4.84,-2.92));
#12185 = DIRECTION('',(-1.735167508357E-18,-0.707106781187,
    0.707106781187));
#12186 = DIRECTION('',(-1.,1.226948711654E-18,-1.226948711654E-18));
#12187 = ADVANCED_FACE('',(#12188),#12206,.T.);
#12188 = FACE_BOUND('',#12189,.T.);
#12189 = EDGE_LOOP('',(#12190,#12198,#12199,#12200));
#12190 = ORIENTED_EDGE('',*,*,#12191,.F.);
#12191 = EDGE_CURVE('',#11424,#12192,#12194,.T.);
#12192 = VERTEX_POINT('',#12193);
#12193 = CARTESIAN_POINT('',(-0.16,-5.24,-3.));
#12194 = LINE('',#12195,#12196);
#12195 = CARTESIAN_POINT('',(-0.266666666667,-5.346666666667,
    -2.893333333333));
#12196 = VECTOR('',#12197,1.);
#12197 = DIRECTION('',(0.57735026919,0.57735026919,-0.57735026919));
#12198 = ORIENTED_EDGE('',*,*,#11431,.T.);
#12199 = ORIENTED_EDGE('',*,*,#12160,.T.);
#12200 = ORIENTED_EDGE('',*,*,#12201,.F.);
#12201 = EDGE_CURVE('',#12192,#12161,#12202,.T.);
#12202 = LINE('',#12203,#12204);
#12203 = CARTESIAN_POINT('',(-0.16,-5.4,-3.));
#12204 = VECTOR('',#12205,1.);
#12205 = DIRECTION('',(0.,1.,0.));
#12206 = PLANE('',#12207);
#12207 = AXIS2_PLACEMENT_3D('',#12208,#12209,#12210);
#12208 = CARTESIAN_POINT('',(-0.24,-5.4,-2.92));
#12209 = DIRECTION('',(-0.707106781187,-1.735167508357E-18,
    -0.707106781187));
#12210 = DIRECTION('',(-1.226948711654E-18,1.,-1.226948711654E-18));
#12211 = ADVANCED_FACE('',(#12212),#12230,.T.);
#12212 = FACE_BOUND('',#12213,.F.);
#12213 = EDGE_LOOP('',(#12214,#12215,#12216,#12224));
#12214 = ORIENTED_EDGE('',*,*,#12191,.F.);
#12215 = ORIENTED_EDGE('',*,*,#11455,.T.);
#12216 = ORIENTED_EDGE('',*,*,#12217,.T.);
#12217 = EDGE_CURVE('',#11448,#12218,#12220,.T.);
#12218 = VERTEX_POINT('',#12219);
#12219 = CARTESIAN_POINT('',(0.16,-5.24,-3.));
#12220 = LINE('',#12221,#12222);
#12221 = CARTESIAN_POINT('',(0.16,-5.24,-3.));
#12222 = VECTOR('',#12223,1.);
#12223 = DIRECTION('',(-0.57735026919,0.57735026919,-0.57735026919));
#12224 = ORIENTED_EDGE('',*,*,#12225,.F.);
#12225 = EDGE_CURVE('',#12192,#12218,#12226,.T.);
#12226 = LINE('',#12227,#12228);
#12227 = CARTESIAN_POINT('',(-0.32,-5.24,-3.));
#12228 = VECTOR('',#12229,1.);
#12229 = DIRECTION('',(1.,0.,0.));
#12230 = PLANE('',#12231);
#12231 = AXIS2_PLACEMENT_3D('',#12232,#12233,#12234);
#12232 = CARTESIAN_POINT('',(-0.32,-5.32,-2.92));
#12233 = DIRECTION('',(1.735167508357E-18,-0.707106781187,
    -0.707106781187));
#12234 = DIRECTION('',(-1.,-1.226948711654E-18,-1.226948711654E-18));
#12235 = ADVANCED_FACE('',(#12236),#12247,.F.);
#12236 = FACE_BOUND('',#12237,.F.);
#12237 = EDGE_LOOP('',(#12238,#12239,#12240,#12241));
#12238 = ORIENTED_EDGE('',*,*,#12217,.F.);
#12239 = ORIENTED_EDGE('',*,*,#11472,.T.);
#12240 = ORIENTED_EDGE('',*,*,#12169,.T.);
#12241 = ORIENTED_EDGE('',*,*,#12242,.F.);
#12242 = EDGE_CURVE('',#12218,#12170,#12243,.T.);
#12243 = LINE('',#12244,#12245);
#12244 = CARTESIAN_POINT('',(0.16,-5.4,-3.));
#12245 = VECTOR('',#12246,1.);
#12246 = DIRECTION('',(0.,1.,0.));
#12247 = PLANE('',#12248);
#12248 = AXIS2_PLACEMENT_3D('',#12249,#12250,#12251);
#12249 = CARTESIAN_POINT('',(0.24,-5.4,-2.92));
#12250 = DIRECTION('',(-0.707106781187,1.735167508357E-18,0.707106781187
    ));
#12251 = DIRECTION('',(1.226948711654E-18,1.,-1.226948711654E-18));
#12252 = ADVANCED_FACE('',(#12253),#12278,.F.);
#12253 = FACE_BOUND('',#12254,.F.);
#12254 = EDGE_LOOP('',(#12255,#12263,#12264,#12272));
#12255 = ORIENTED_EDGE('',*,*,#12256,.F.);
#12256 = EDGE_CURVE('',#11489,#12257,#12259,.T.);
#12257 = VERTEX_POINT('',#12258);
#12258 = CARTESIAN_POINT('',(0.16,-7.78,-3.));
#12259 = LINE('',#12260,#12261);
#12260 = CARTESIAN_POINT('',(0.16,-7.78,-3.));
#12261 = VECTOR('',#12262,1.);
#12262 = DIRECTION('',(-0.57735026919,0.57735026919,-0.57735026919));
#12263 = ORIENTED_EDGE('',*,*,#11496,.T.);
#12264 = ORIENTED_EDGE('',*,*,#12265,.T.);
#12265 = EDGE_CURVE('',#11497,#12266,#12268,.T.);
#12266 = VERTEX_POINT('',#12267);
#12267 = CARTESIAN_POINT('',(0.16,-7.46,-3.));
#12268 = LINE('',#12269,#12270);
#12269 = CARTESIAN_POINT('',(5.333333333333E-02,-7.566666666667,
    -3.106666666667));
#12270 = VECTOR('',#12271,1.);
#12271 = DIRECTION('',(-0.57735026919,-0.57735026919,-0.57735026919));
#12272 = ORIENTED_EDGE('',*,*,#12273,.F.);
#12273 = EDGE_CURVE('',#12257,#12266,#12274,.T.);
#12274 = LINE('',#12275,#12276);
#12275 = CARTESIAN_POINT('',(0.16,-7.94,-3.));
#12276 = VECTOR('',#12277,1.);
#12277 = DIRECTION('',(0.,1.,0.));
#12278 = PLANE('',#12279);
#12279 = AXIS2_PLACEMENT_3D('',#12280,#12281,#12282);
#12280 = CARTESIAN_POINT('',(0.24,-7.94,-2.92));
#12281 = DIRECTION('',(-0.707106781187,1.735167508357E-18,0.707106781187
    ));
#12282 = DIRECTION('',(1.226948711654E-18,1.,-1.226948711654E-18));
#12283 = ADVANCED_FACE('',(#12284),#12302,.F.);
#12284 = FACE_BOUND('',#12285,.T.);
#12285 = EDGE_LOOP('',(#12286,#12294,#12295,#12296));
#12286 = ORIENTED_EDGE('',*,*,#12287,.F.);
#12287 = EDGE_CURVE('',#11521,#12288,#12290,.T.);
#12288 = VERTEX_POINT('',#12289);
#12289 = CARTESIAN_POINT('',(-0.16,-7.46,-3.));
#12290 = LINE('',#12291,#12292);
#12291 = CARTESIAN_POINT('',(-0.16,-7.46,-3.));
#12292 = VECTOR('',#12293,1.);
#12293 = DIRECTION('',(0.57735026919,-0.57735026919,-0.57735026919));
#12294 = ORIENTED_EDGE('',*,*,#11520,.T.);
#12295 = ORIENTED_EDGE('',*,*,#12265,.T.);
#12296 = ORIENTED_EDGE('',*,*,#12297,.F.);
#12297 = EDGE_CURVE('',#12288,#12266,#12298,.T.);
#12298 = LINE('',#12299,#12300);
#12299 = CARTESIAN_POINT('',(-0.32,-7.46,-3.));
#12300 = VECTOR('',#12301,1.);
#12301 = DIRECTION('',(1.,0.,0.));
#12302 = PLANE('',#12303);
#12303 = AXIS2_PLACEMENT_3D('',#12304,#12305,#12306);
#12304 = CARTESIAN_POINT('',(-0.32,-7.38,-2.92));
#12305 = DIRECTION('',(-1.735167508357E-18,-0.707106781187,
    0.707106781187));
#12306 = DIRECTION('',(-1.,1.226948711654E-18,-1.226948711654E-18));
#12307 = ADVANCED_FACE('',(#12308),#12326,.T.);
#12308 = FACE_BOUND('',#12309,.T.);
#12309 = EDGE_LOOP('',(#12310,#12318,#12319,#12320));
#12310 = ORIENTED_EDGE('',*,*,#12311,.F.);
#12311 = EDGE_CURVE('',#11544,#12312,#12314,.T.);
#12312 = VERTEX_POINT('',#12313);
#12313 = CARTESIAN_POINT('',(-0.16,-7.78,-3.));
#12314 = LINE('',#12315,#12316);
#12315 = CARTESIAN_POINT('',(-0.266666666667,-7.886666666667,
    -2.893333333333));
#12316 = VECTOR('',#12317,1.);
#12317 = DIRECTION('',(0.57735026919,0.57735026919,-0.57735026919));
#12318 = ORIENTED_EDGE('',*,*,#11551,.T.);
#12319 = ORIENTED_EDGE('',*,*,#12287,.T.);
#12320 = ORIENTED_EDGE('',*,*,#12321,.F.);
#12321 = EDGE_CURVE('',#12312,#12288,#12322,.T.);
#12322 = LINE('',#12323,#12324);
#12323 = CARTESIAN_POINT('',(-0.16,-7.94,-3.));
#12324 = VECTOR('',#12325,1.);
#12325 = DIRECTION('',(0.,1.,0.));
#12326 = PLANE('',#12327);
#12327 = AXIS2_PLACEMENT_3D('',#12328,#12329,#12330);
#12328 = CARTESIAN_POINT('',(-0.24,-7.94,-2.92));
#12329 = DIRECTION('',(-0.707106781187,-1.735167508357E-18,
    -0.707106781187));
#12330 = DIRECTION('',(-1.226948711654E-18,1.,-1.226948711654E-18));
#12331 = ADVANCED_FACE('',(#12332),#12343,.T.);
#12332 = FACE_BOUND('',#12333,.F.);
#12333 = EDGE_LOOP('',(#12334,#12335,#12336,#12337));
#12334 = ORIENTED_EDGE('',*,*,#12311,.F.);
#12335 = ORIENTED_EDGE('',*,*,#11568,.T.);
#12336 = ORIENTED_EDGE('',*,*,#12256,.T.);
#12337 = ORIENTED_EDGE('',*,*,#12338,.F.);
#12338 = EDGE_CURVE('',#12312,#12257,#12339,.T.);
#12339 = LINE('',#12340,#12341);
#12340 = CARTESIAN_POINT('',(-0.32,-7.78,-3.));
#12341 = VECTOR('',#12342,1.);
#12342 = DIRECTION('',(1.,0.,0.));
#12343 = PLANE('',#12344);
#12344 = AXIS2_PLACEMENT_3D('',#12345,#12346,#12347);
#12345 = CARTESIAN_POINT('',(-0.32,-7.86,-2.92));
#12346 = DIRECTION('',(1.735167508357E-18,-0.707106781187,
    -0.707106781187));
#12347 = DIRECTION('',(-1.,-1.226948711654E-18,-1.226948711654E-18));
#12348 = ADVANCED_FACE('',(#12349),#12374,.F.);
#12349 = FACE_BOUND('',#12350,.F.);
#12350 = EDGE_LOOP('',(#12351,#12359,#12360,#12368));
#12351 = ORIENTED_EDGE('',*,*,#12352,.F.);
#12352 = EDGE_CURVE('',#11585,#12353,#12355,.T.);
#12353 = VERTEX_POINT('',#12354);
#12354 = CARTESIAN_POINT('',(0.16,-0.16,-3.));
#12355 = LINE('',#12356,#12357);
#12356 = CARTESIAN_POINT('',(0.16,-0.16,-3.));
#12357 = VECTOR('',#12358,1.);
#12358 = DIRECTION('',(-0.57735026919,0.57735026919,-0.57735026919));
#12359 = ORIENTED_EDGE('',*,*,#11592,.T.);
#12360 = ORIENTED_EDGE('',*,*,#12361,.T.);
#12361 = EDGE_CURVE('',#11593,#12362,#12364,.T.);
#12362 = VERTEX_POINT('',#12363);
#12363 = CARTESIAN_POINT('',(0.16,0.16,-3.));
#12364 = LINE('',#12365,#12366);
#12365 = CARTESIAN_POINT('',(5.333333333333E-02,5.333333333333E-02,
    -3.106666666667));
#12366 = VECTOR('',#12367,1.);
#12367 = DIRECTION('',(-0.57735026919,-0.57735026919,-0.57735026919));
#12368 = ORIENTED_EDGE('',*,*,#12369,.F.);
#12369 = EDGE_CURVE('',#12353,#12362,#12370,.T.);
#12370 = LINE('',#12371,#12372);
#12371 = CARTESIAN_POINT('',(0.16,-0.32,-3.));
#12372 = VECTOR('',#12373,1.);
#12373 = DIRECTION('',(0.,1.,0.));
#12374 = PLANE('',#12375);
#12375 = AXIS2_PLACEMENT_3D('',#12376,#12377,#12378);
#12376 = CARTESIAN_POINT('',(0.24,-0.32,-2.92));
#12377 = DIRECTION('',(-0.707106781187,1.735167508357E-18,0.707106781187
    ));
#12378 = DIRECTION('',(1.226948711654E-18,1.,-1.226948711654E-18));
#12379 = ADVANCED_FACE('',(#12380),#12398,.F.);
#12380 = FACE_BOUND('',#12381,.T.);
#12381 = EDGE_LOOP('',(#12382,#12390,#12391,#12392));
#12382 = ORIENTED_EDGE('',*,*,#12383,.F.);
#12383 = EDGE_CURVE('',#11617,#12384,#12386,.T.);
#12384 = VERTEX_POINT('',#12385);
#12385 = CARTESIAN_POINT('',(-0.16,0.16,-3.));
#12386 = LINE('',#12387,#12388);
#12387 = CARTESIAN_POINT('',(-0.16,0.16,-3.));
#12388 = VECTOR('',#12389,1.);
#12389 = DIRECTION('',(0.57735026919,-0.57735026919,-0.57735026919));
#12390 = ORIENTED_EDGE('',*,*,#11616,.T.);
#12391 = ORIENTED_EDGE('',*,*,#12361,.T.);
#12392 = ORIENTED_EDGE('',*,*,#12393,.F.);
#12393 = EDGE_CURVE('',#12384,#12362,#12394,.T.);
#12394 = LINE('',#12395,#12396);
#12395 = CARTESIAN_POINT('',(-0.32,0.16,-3.));
#12396 = VECTOR('',#12397,1.);
#12397 = DIRECTION('',(1.,0.,0.));
#12398 = PLANE('',#12399);
#12399 = AXIS2_PLACEMENT_3D('',#12400,#12401,#12402);
#12400 = CARTESIAN_POINT('',(-0.32,0.24,-2.92));
#12401 = DIRECTION('',(-1.735167508357E-18,-0.707106781187,
    0.707106781187));
#12402 = DIRECTION('',(-1.,1.226948711654E-18,-1.226948711654E-18));
#12403 = ADVANCED_FACE('',(#12404),#12422,.T.);
#12404 = FACE_BOUND('',#12405,.T.);
#12405 = EDGE_LOOP('',(#12406,#12414,#12415,#12416));
#12406 = ORIENTED_EDGE('',*,*,#12407,.F.);
#12407 = EDGE_CURVE('',#11640,#12408,#12410,.T.);
#12408 = VERTEX_POINT('',#12409);
#12409 = CARTESIAN_POINT('',(-0.16,-0.16,-3.));
#12410 = LINE('',#12411,#12412);
#12411 = CARTESIAN_POINT('',(-0.266666666667,-0.266666666667,
    -2.893333333333));
#12412 = VECTOR('',#12413,1.);
#12413 = DIRECTION('',(0.57735026919,0.57735026919,-0.57735026919));
#12414 = ORIENTED_EDGE('',*,*,#11647,.T.);
#12415 = ORIENTED_EDGE('',*,*,#12383,.T.);
#12416 = ORIENTED_EDGE('',*,*,#12417,.F.);
#12417 = EDGE_CURVE('',#12408,#12384,#12418,.T.);
#12418 = LINE('',#12419,#12420);
#12419 = CARTESIAN_POINT('',(-0.16,-0.32,-3.));
#12420 = VECTOR('',#12421,1.);
#12421 = DIRECTION('',(0.,1.,0.));
#12422 = PLANE('',#12423);
#12423 = AXIS2_PLACEMENT_3D('',#12424,#12425,#12426);
#12424 = CARTESIAN_POINT('',(-0.24,-0.32,-2.92));
#12425 = DIRECTION('',(-0.707106781187,-1.735167508357E-18,
    -0.707106781187));
#12426 = DIRECTION('',(-1.226948711654E-18,1.,-1.226948711654E-18));
#12427 = ADVANCED_FACE('',(#12428),#12439,.T.);
#12428 = FACE_BOUND('',#12429,.F.);
#12429 = EDGE_LOOP('',(#12430,#12431,#12432,#12433));
#12430 = ORIENTED_EDGE('',*,*,#12407,.F.);
#12431 = ORIENTED_EDGE('',*,*,#11664,.T.);
#12432 = ORIENTED_EDGE('',*,*,#12352,.T.);
#12433 = ORIENTED_EDGE('',*,*,#12434,.F.);
#12434 = EDGE_CURVE('',#12408,#12353,#12435,.T.);
#12435 = LINE('',#12436,#12437);
#12436 = CARTESIAN_POINT('',(-0.32,-0.16,-3.));
#12437 = VECTOR('',#12438,1.);
#12438 = DIRECTION('',(1.,0.,0.));
#12439 = PLANE('',#12440);
#12440 = AXIS2_PLACEMENT_3D('',#12441,#12442,#12443);
#12441 = CARTESIAN_POINT('',(-0.32,-0.24,-2.92));
#12442 = DIRECTION('',(1.735167508357E-18,-0.707106781187,
    -0.707106781187));
#12443 = DIRECTION('',(-1.,-1.226948711654E-18,-1.226948711654E-18));
#12444 = ADVANCED_FACE('',(#12445),#12470,.F.);
#12445 = FACE_BOUND('',#12446,.T.);
#12446 = EDGE_LOOP('',(#12447,#12455,#12456,#12464));
#12447 = ORIENTED_EDGE('',*,*,#12448,.F.);
#12448 = EDGE_CURVE('',#11689,#12449,#12451,.T.);
#12449 = VERTEX_POINT('',#12450);
#12450 = CARTESIAN_POINT('',(-0.16,-2.38,-3.));
#12451 = LINE('',#12452,#12453);
#12452 = CARTESIAN_POINT('',(-0.16,-2.38,-3.));
#12453 = VECTOR('',#12454,1.);
#12454 = DIRECTION('',(0.57735026919,-0.57735026919,-0.57735026919));
#12455 = ORIENTED_EDGE('',*,*,#11688,.T.);
#12456 = ORIENTED_EDGE('',*,*,#12457,.T.);
#12457 = EDGE_CURVE('',#11681,#12458,#12460,.T.);
#12458 = VERTEX_POINT('',#12459);
#12459 = CARTESIAN_POINT('',(0.16,-2.38,-3.));
#12460 = LINE('',#12461,#12462);
#12461 = CARTESIAN_POINT('',(5.333333333333E-02,-2.486666666667,
    -3.106666666667));
#12462 = VECTOR('',#12463,1.);
#12463 = DIRECTION('',(-0.57735026919,-0.57735026919,-0.57735026919));
#12464 = ORIENTED_EDGE('',*,*,#12465,.F.);
#12465 = EDGE_CURVE('',#12449,#12458,#12466,.T.);
#12466 = LINE('',#12467,#12468);
#12467 = CARTESIAN_POINT('',(-0.32,-2.38,-3.));
#12468 = VECTOR('',#12469,1.);
#12469 = DIRECTION('',(1.,0.,0.));
#12470 = PLANE('',#12471);
#12471 = AXIS2_PLACEMENT_3D('',#12472,#12473,#12474);
#12472 = CARTESIAN_POINT('',(-0.32,-2.3,-2.92));
#12473 = DIRECTION('',(-1.735167508357E-18,-0.707106781187,
    0.707106781187));
#12474 = DIRECTION('',(-1.,1.226948711654E-18,-1.226948711654E-18));
#12475 = ADVANCED_FACE('',(#12476),#12494,.T.);
#12476 = FACE_BOUND('',#12477,.T.);
#12477 = EDGE_LOOP('',(#12478,#12486,#12487,#12488));
#12478 = ORIENTED_EDGE('',*,*,#12479,.F.);
#12479 = EDGE_CURVE('',#11712,#12480,#12482,.T.);
#12480 = VERTEX_POINT('',#12481);
#12481 = CARTESIAN_POINT('',(-0.16,-2.7,-3.));
#12482 = LINE('',#12483,#12484);
#12483 = CARTESIAN_POINT('',(-0.266666666667,-2.806666666667,
    -2.893333333333));
#12484 = VECTOR('',#12485,1.);
#12485 = DIRECTION('',(0.57735026919,0.57735026919,-0.57735026919));
#12486 = ORIENTED_EDGE('',*,*,#11719,.T.);
#12487 = ORIENTED_EDGE('',*,*,#12448,.T.);
#12488 = ORIENTED_EDGE('',*,*,#12489,.F.);
#12489 = EDGE_CURVE('',#12480,#12449,#12490,.T.);
#12490 = LINE('',#12491,#12492);
#12491 = CARTESIAN_POINT('',(-0.16,-2.86,-3.));
#12492 = VECTOR('',#12493,1.);
#12493 = DIRECTION('',(0.,1.,0.));
#12494 = PLANE('',#12495);
#12495 = AXIS2_PLACEMENT_3D('',#12496,#12497,#12498);
#12496 = CARTESIAN_POINT('',(-0.24,-2.86,-2.92));
#12497 = DIRECTION('',(-0.707106781187,-1.735167508357E-18,
    -0.707106781187));
#12498 = DIRECTION('',(-1.226948711654E-18,1.,-1.226948711654E-18));
#12499 = ADVANCED_FACE('',(#12500),#12518,.T.);
#12500 = FACE_BOUND('',#12501,.F.);
#12501 = EDGE_LOOP('',(#12502,#12503,#12504,#12512));
#12502 = ORIENTED_EDGE('',*,*,#12479,.F.);
#12503 = ORIENTED_EDGE('',*,*,#11743,.T.);
#12504 = ORIENTED_EDGE('',*,*,#12505,.T.);
#12505 = EDGE_CURVE('',#11736,#12506,#12508,.T.);
#12506 = VERTEX_POINT('',#12507);
#12507 = CARTESIAN_POINT('',(0.16,-2.7,-3.));
#12508 = LINE('',#12509,#12510);
#12509 = CARTESIAN_POINT('',(0.16,-2.7,-3.));
#12510 = VECTOR('',#12511,1.);
#12511 = DIRECTION('',(-0.57735026919,0.57735026919,-0.57735026919));
#12512 = ORIENTED_EDGE('',*,*,#12513,.F.);
#12513 = EDGE_CURVE('',#12480,#12506,#12514,.T.);
#12514 = LINE('',#12515,#12516);
#12515 = CARTESIAN_POINT('',(-0.32,-2.7,-3.));
#12516 = VECTOR('',#12517,1.);
#12517 = DIRECTION('',(1.,0.,0.));
#12518 = PLANE('',#12519);
#12519 = AXIS2_PLACEMENT_3D('',#12520,#12521,#12522);
#12520 = CARTESIAN_POINT('',(-0.32,-2.78,-2.92));
#12521 = DIRECTION('',(1.735167508357E-18,-0.707106781187,
    -0.707106781187));
#12522 = DIRECTION('',(-1.,-1.226948711654E-18,-1.226948711654E-18));
#12523 = ADVANCED_FACE('',(#12524),#12535,.F.);
#12524 = FACE_BOUND('',#12525,.F.);
#12525 = EDGE_LOOP('',(#12526,#12527,#12528,#12529));
#12526 = ORIENTED_EDGE('',*,*,#12505,.F.);
#12527 = ORIENTED_EDGE('',*,*,#11760,.T.);
#12528 = ORIENTED_EDGE('',*,*,#12457,.T.);
#12529 = ORIENTED_EDGE('',*,*,#12530,.F.);
#12530 = EDGE_CURVE('',#12506,#12458,#12531,.T.);
#12531 = LINE('',#12532,#12533);
#12532 = CARTESIAN_POINT('',(0.16,-2.86,-3.));
#12533 = VECTOR('',#12534,1.);
#12534 = DIRECTION('',(0.,1.,0.));
#12535 = PLANE('',#12536);
#12536 = AXIS2_PLACEMENT_3D('',#12537,#12538,#12539);
#12537 = CARTESIAN_POINT('',(0.24,-2.86,-2.92));
#12538 = DIRECTION('',(-0.707106781187,1.735167508357E-18,0.707106781187
    ));
#12539 = DIRECTION('',(1.226948711654E-18,1.,-1.226948711654E-18));
#12540 = ADVANCED_FACE('',(#12541),#12566,.T.);
#12541 = FACE_BOUND('',#12542,.F.);
#12542 = EDGE_LOOP('',(#12543,#12551,#12552,#12560));
#12543 = ORIENTED_EDGE('',*,*,#12544,.F.);
#12544 = EDGE_CURVE('',#11786,#12545,#12547,.T.);
#12545 = VERTEX_POINT('',#12546);
#12546 = CARTESIAN_POINT('',(-0.16,-4.92,8.54));
#12547 = LINE('',#12548,#12549);
#12548 = CARTESIAN_POINT('',(-0.16,-4.92,8.54));
#12549 = VECTOR('',#12550,1.);
#12550 = DIRECTION('',(0.57735026919,-0.57735026919,0.57735026919));
#12551 = ORIENTED_EDGE('',*,*,#11793,.T.);
#12552 = ORIENTED_EDGE('',*,*,#12553,.T.);
#12553 = EDGE_CURVE('',#11777,#12554,#12556,.T.);
#12554 = VERTEX_POINT('',#12555);
#12555 = CARTESIAN_POINT('',(0.16,-4.92,8.54));
#12556 = LINE('',#12557,#12558);
#12557 = CARTESIAN_POINT('',(5.333333333333E-02,-5.026666666667,
    8.646666666667));
#12558 = VECTOR('',#12559,1.);
#12559 = DIRECTION('',(-0.57735026919,-0.57735026919,0.57735026919));
#12560 = ORIENTED_EDGE('',*,*,#12561,.F.);
#12561 = EDGE_CURVE('',#12545,#12554,#12562,.T.);
#12562 = LINE('',#12563,#12564);
#12563 = CARTESIAN_POINT('',(-0.32,-4.92,8.54));
#12564 = VECTOR('',#12565,1.);
#12565 = DIRECTION('',(1.,0.,0.));
#12566 = PLANE('',#12567);
#12567 = AXIS2_PLACEMENT_3D('',#12568,#12569,#12570);
#12568 = CARTESIAN_POINT('',(-0.32,-4.84,8.46));
#12569 = DIRECTION('',(1.735167508357E-18,0.707106781187,0.707106781187)
  );
#12570 = DIRECTION('',(-1.,1.226948711654E-18,1.226948711654E-18));
#12571 = ADVANCED_FACE('',(#12572),#12590,.F.);
#12572 = FACE_BOUND('',#12573,.F.);
#12573 = EDGE_LOOP('',(#12574,#12582,#12583,#12584));
#12574 = ORIENTED_EDGE('',*,*,#12575,.F.);
#12575 = EDGE_CURVE('',#11808,#12576,#12578,.T.);
#12576 = VERTEX_POINT('',#12577);
#12577 = CARTESIAN_POINT('',(-0.16,-5.24,8.54));
#12578 = LINE('',#12579,#12580);
#12579 = CARTESIAN_POINT('',(-0.266666666667,-5.346666666667,
    8.433333333333));
#12580 = VECTOR('',#12581,1.);
#12581 = DIRECTION('',(0.57735026919,0.57735026919,0.57735026919));
#12582 = ORIENTED_EDGE('',*,*,#11817,.T.);
#12583 = ORIENTED_EDGE('',*,*,#12544,.T.);
#12584 = ORIENTED_EDGE('',*,*,#12585,.F.);
#12585 = EDGE_CURVE('',#12576,#12545,#12586,.T.);
#12586 = LINE('',#12587,#12588);
#12587 = CARTESIAN_POINT('',(-0.16,-5.4,8.54));
#12588 = VECTOR('',#12589,1.);
#12589 = DIRECTION('',(0.,1.,0.));
#12590 = PLANE('',#12591);
#12591 = AXIS2_PLACEMENT_3D('',#12592,#12593,#12594);
#12592 = CARTESIAN_POINT('',(-0.24,-5.4,8.46));
#12593 = DIRECTION('',(0.707106781187,1.735167508357E-18,-0.707106781187
    ));
#12594 = DIRECTION('',(-1.226948711654E-18,1.,1.226948711654E-18));
#12595 = ADVANCED_FACE('',(#12596),#12614,.F.);
#12596 = FACE_BOUND('',#12597,.T.);
#12597 = EDGE_LOOP('',(#12598,#12599,#12600,#12608));
#12598 = ORIENTED_EDGE('',*,*,#12575,.F.);
#12599 = ORIENTED_EDGE('',*,*,#11841,.T.);
#12600 = ORIENTED_EDGE('',*,*,#12601,.T.);
#12601 = EDGE_CURVE('',#11832,#12602,#12604,.T.);
#12602 = VERTEX_POINT('',#12603);
#12603 = CARTESIAN_POINT('',(0.16,-5.24,8.54));
#12604 = LINE('',#12605,#12606);
#12605 = CARTESIAN_POINT('',(0.16,-5.24,8.54));
#12606 = VECTOR('',#12607,1.);
#12607 = DIRECTION('',(-0.57735026919,0.57735026919,0.57735026919));
#12608 = ORIENTED_EDGE('',*,*,#12609,.F.);
#12609 = EDGE_CURVE('',#12576,#12602,#12610,.T.);
#12610 = LINE('',#12611,#12612);
#12611 = CARTESIAN_POINT('',(-0.32,-5.24,8.54));
#12612 = VECTOR('',#12613,1.);
#12613 = DIRECTION('',(1.,0.,0.));
#12614 = PLANE('',#12615);
#12615 = AXIS2_PLACEMENT_3D('',#12616,#12617,#12618);
#12616 = CARTESIAN_POINT('',(-0.32,-5.32,8.46));
#12617 = DIRECTION('',(-1.735167508357E-18,0.707106781187,
    -0.707106781187));
#12618 = DIRECTION('',(-1.,-1.226948711654E-18,1.226948711654E-18));
#12619 = ADVANCED_FACE('',(#12620),#12631,.T.);
#12620 = FACE_BOUND('',#12621,.T.);
#12621 = EDGE_LOOP('',(#12622,#12623,#12624,#12625));
#12622 = ORIENTED_EDGE('',*,*,#12601,.F.);
#12623 = ORIENTED_EDGE('',*,*,#11858,.T.);
#12624 = ORIENTED_EDGE('',*,*,#12553,.T.);
#12625 = ORIENTED_EDGE('',*,*,#12626,.F.);
#12626 = EDGE_CURVE('',#12602,#12554,#12627,.T.);
#12627 = LINE('',#12628,#12629);
#12628 = CARTESIAN_POINT('',(0.16,-5.4,8.54));
#12629 = VECTOR('',#12630,1.);
#12630 = DIRECTION('',(0.,1.,0.));
#12631 = PLANE('',#12632);
#12632 = AXIS2_PLACEMENT_3D('',#12633,#12634,#12635);
#12633 = CARTESIAN_POINT('',(0.24,-5.4,8.46));
#12634 = DIRECTION('',(0.707106781187,-1.735167508357E-18,0.707106781187
    ));
#12635 = DIRECTION('',(1.226948711654E-18,1.,1.226948711654E-18));
#12636 = ADVANCED_FACE('',(#12637),#12662,.T.);
#12637 = FACE_BOUND('',#12638,.T.);
#12638 = EDGE_LOOP('',(#12639,#12647,#12648,#12656));
#12639 = ORIENTED_EDGE('',*,*,#12640,.F.);
#12640 = EDGE_CURVE('',#11873,#12641,#12643,.T.);
#12641 = VERTEX_POINT('',#12642);
#12642 = CARTESIAN_POINT('',(0.16,-7.78,8.54));
#12643 = LINE('',#12644,#12645);
#12644 = CARTESIAN_POINT('',(0.16,-7.78,8.54));
#12645 = VECTOR('',#12646,1.);
#12646 = DIRECTION('',(-0.57735026919,0.57735026919,0.57735026919));
#12647 = ORIENTED_EDGE('',*,*,#11889,.T.);
#12648 = ORIENTED_EDGE('',*,*,#12649,.T.);
#12649 = EDGE_CURVE('',#11882,#12650,#12652,.T.);
#12650 = VERTEX_POINT('',#12651);
#12651 = CARTESIAN_POINT('',(0.16,-7.46,8.54));
#12652 = LINE('',#12653,#12654);
#12653 = CARTESIAN_POINT('',(5.333333333333E-02,-7.566666666667,
    8.646666666667));
#12654 = VECTOR('',#12655,1.);
#12655 = DIRECTION('',(-0.57735026919,-0.57735026919,0.57735026919));
#12656 = ORIENTED_EDGE('',*,*,#12657,.F.);
#12657 = EDGE_CURVE('',#12641,#12650,#12658,.T.);
#12658 = LINE('',#12659,#12660);
#12659 = CARTESIAN_POINT('',(0.16,-7.94,8.54));
#12660 = VECTOR('',#12661,1.);
#12661 = DIRECTION('',(0.,1.,0.));
#12662 = PLANE('',#12663);
#12663 = AXIS2_PLACEMENT_3D('',#12664,#12665,#12666);
#12664 = CARTESIAN_POINT('',(0.24,-7.94,8.46));
#12665 = DIRECTION('',(0.707106781187,-1.735167508357E-18,0.707106781187
    ));
#12666 = DIRECTION('',(1.226948711654E-18,1.,1.226948711654E-18));
#12667 = ADVANCED_FACE('',(#12668),#12686,.T.);
#12668 = FACE_BOUND('',#12669,.F.);
#12669 = EDGE_LOOP('',(#12670,#12678,#12679,#12680));
#12670 = ORIENTED_EDGE('',*,*,#12671,.F.);
#12671 = EDGE_CURVE('',#11906,#12672,#12674,.T.);
#12672 = VERTEX_POINT('',#12673);
#12673 = CARTESIAN_POINT('',(-0.16,-7.46,8.54));
#12674 = LINE('',#12675,#12676);
#12675 = CARTESIAN_POINT('',(-0.16,-7.46,8.54));
#12676 = VECTOR('',#12677,1.);
#12677 = DIRECTION('',(0.57735026919,-0.57735026919,0.57735026919));
#12678 = ORIENTED_EDGE('',*,*,#11913,.T.);
#12679 = ORIENTED_EDGE('',*,*,#12649,.T.);
#12680 = ORIENTED_EDGE('',*,*,#12681,.F.);
#12681 = EDGE_CURVE('',#12672,#12650,#12682,.T.);
#12682 = LINE('',#12683,#12684);
#12683 = CARTESIAN_POINT('',(-0.32,-7.46,8.54));
#12684 = VECTOR('',#12685,1.);
#12685 = DIRECTION('',(1.,0.,0.));
#12686 = PLANE('',#12687);
#12687 = AXIS2_PLACEMENT_3D('',#12688,#12689,#12690);
#12688 = CARTESIAN_POINT('',(-0.32,-7.38,8.46));
#12689 = DIRECTION('',(1.735167508357E-18,0.707106781187,0.707106781187)
  );
#12690 = DIRECTION('',(-1.,1.226948711654E-18,1.226948711654E-18));
#12691 = ADVANCED_FACE('',(#12692),#12710,.F.);
#12692 = FACE_BOUND('',#12693,.F.);
#12693 = EDGE_LOOP('',(#12694,#12702,#12703,#12704));
#12694 = ORIENTED_EDGE('',*,*,#12695,.F.);
#12695 = EDGE_CURVE('',#11928,#12696,#12698,.T.);
#12696 = VERTEX_POINT('',#12697);
#12697 = CARTESIAN_POINT('',(-0.16,-7.78,8.54));
#12698 = LINE('',#12699,#12700);
#12699 = CARTESIAN_POINT('',(-0.266666666667,-7.886666666667,
    8.433333333333));
#12700 = VECTOR('',#12701,1.);
#12701 = DIRECTION('',(0.57735026919,0.57735026919,0.57735026919));
#12702 = ORIENTED_EDGE('',*,*,#11937,.T.);
#12703 = ORIENTED_EDGE('',*,*,#12671,.T.);
#12704 = ORIENTED_EDGE('',*,*,#12705,.F.);
#12705 = EDGE_CURVE('',#12696,#12672,#12706,.T.);
#12706 = LINE('',#12707,#12708);
#12707 = CARTESIAN_POINT('',(-0.16,-7.94,8.54));
#12708 = VECTOR('',#12709,1.);
#12709 = DIRECTION('',(0.,1.,0.));
#12710 = PLANE('',#12711);
#12711 = AXIS2_PLACEMENT_3D('',#12712,#12713,#12714);
#12712 = CARTESIAN_POINT('',(-0.24,-7.94,8.46));
#12713 = DIRECTION('',(0.707106781187,1.735167508357E-18,-0.707106781187
    ));
#12714 = DIRECTION('',(-1.226948711654E-18,1.,1.226948711654E-18));
#12715 = ADVANCED_FACE('',(#12716),#12727,.F.);
#12716 = FACE_BOUND('',#12717,.T.);
#12717 = EDGE_LOOP('',(#12718,#12719,#12720,#12721));
#12718 = ORIENTED_EDGE('',*,*,#12695,.F.);
#12719 = ORIENTED_EDGE('',*,*,#11954,.T.);
#12720 = ORIENTED_EDGE('',*,*,#12640,.T.);
#12721 = ORIENTED_EDGE('',*,*,#12722,.F.);
#12722 = EDGE_CURVE('',#12696,#12641,#12723,.T.);
#12723 = LINE('',#12724,#12725);
#12724 = CARTESIAN_POINT('',(-0.32,-7.78,8.54));
#12725 = VECTOR('',#12726,1.);
#12726 = DIRECTION('',(1.,0.,0.));
#12727 = PLANE('',#12728);
#12728 = AXIS2_PLACEMENT_3D('',#12729,#12730,#12731);
#12729 = CARTESIAN_POINT('',(-0.32,-7.86,8.46));
#12730 = DIRECTION('',(-1.735167508357E-18,0.707106781187,
    -0.707106781187));
#12731 = DIRECTION('',(-1.,-1.226948711654E-18,1.226948711654E-18));
#12732 = ADVANCED_FACE('',(#12733),#12758,.T.);
#12733 = FACE_BOUND('',#12734,.T.);
#12734 = EDGE_LOOP('',(#12735,#12743,#12744,#12752));
#12735 = ORIENTED_EDGE('',*,*,#12736,.F.);
#12736 = EDGE_CURVE('',#11969,#12737,#12739,.T.);
#12737 = VERTEX_POINT('',#12738);
#12738 = CARTESIAN_POINT('',(0.16,-0.16,8.54));
#12739 = LINE('',#12740,#12741);
#12740 = CARTESIAN_POINT('',(0.16,-0.16,8.54));
#12741 = VECTOR('',#12742,1.);
#12742 = DIRECTION('',(-0.57735026919,0.57735026919,0.57735026919));
#12743 = ORIENTED_EDGE('',*,*,#11985,.T.);
#12744 = ORIENTED_EDGE('',*,*,#12745,.T.);
#12745 = EDGE_CURVE('',#11978,#12746,#12748,.T.);
#12746 = VERTEX_POINT('',#12747);
#12747 = CARTESIAN_POINT('',(0.16,0.16,8.54));
#12748 = LINE('',#12749,#12750);
#12749 = CARTESIAN_POINT('',(5.333333333333E-02,5.333333333333E-02,
    8.646666666667));
#12750 = VECTOR('',#12751,1.);
#12751 = DIRECTION('',(-0.57735026919,-0.57735026919,0.57735026919));
#12752 = ORIENTED_EDGE('',*,*,#12753,.F.);
#12753 = EDGE_CURVE('',#12737,#12746,#12754,.T.);
#12754 = LINE('',#12755,#12756);
#12755 = CARTESIAN_POINT('',(0.16,-0.32,8.54));
#12756 = VECTOR('',#12757,1.);
#12757 = DIRECTION('',(0.,1.,0.));
#12758 = PLANE('',#12759);
#12759 = AXIS2_PLACEMENT_3D('',#12760,#12761,#12762);
#12760 = CARTESIAN_POINT('',(0.24,-0.32,8.46));
#12761 = DIRECTION('',(0.707106781187,-1.735167508357E-18,0.707106781187
    ));
#12762 = DIRECTION('',(1.226948711654E-18,1.,1.226948711654E-18));
#12763 = ADVANCED_FACE('',(#12764),#12782,.T.);
#12764 = FACE_BOUND('',#12765,.F.);
#12765 = EDGE_LOOP('',(#12766,#12774,#12775,#12776));
#12766 = ORIENTED_EDGE('',*,*,#12767,.F.);
#12767 = EDGE_CURVE('',#12002,#12768,#12770,.T.);
#12768 = VERTEX_POINT('',#12769);
#12769 = CARTESIAN_POINT('',(-0.16,0.16,8.54));
#12770 = LINE('',#12771,#12772);
#12771 = CARTESIAN_POINT('',(-0.16,0.16,8.54));
#12772 = VECTOR('',#12773,1.);
#12773 = DIRECTION('',(0.57735026919,-0.57735026919,0.57735026919));
#12774 = ORIENTED_EDGE('',*,*,#12009,.T.);
#12775 = ORIENTED_EDGE('',*,*,#12745,.T.);
#12776 = ORIENTED_EDGE('',*,*,#12777,.F.);
#12777 = EDGE_CURVE('',#12768,#12746,#12778,.T.);
#12778 = LINE('',#12779,#12780);
#12779 = CARTESIAN_POINT('',(-0.32,0.16,8.54));
#12780 = VECTOR('',#12781,1.);
#12781 = DIRECTION('',(1.,0.,0.));
#12782 = PLANE('',#12783);
#12783 = AXIS2_PLACEMENT_3D('',#12784,#12785,#12786);
#12784 = CARTESIAN_POINT('',(-0.32,0.24,8.46));
#12785 = DIRECTION('',(1.735167508357E-18,0.707106781187,0.707106781187)
  );
#12786 = DIRECTION('',(-1.,1.226948711654E-18,1.226948711654E-18));
#12787 = ADVANCED_FACE('',(#12788),#12806,.F.);
#12788 = FACE_BOUND('',#12789,.F.);
#12789 = EDGE_LOOP('',(#12790,#12798,#12799,#12800));
#12790 = ORIENTED_EDGE('',*,*,#12791,.F.);
#12791 = EDGE_CURVE('',#12024,#12792,#12794,.T.);
#12792 = VERTEX_POINT('',#12793);
#12793 = CARTESIAN_POINT('',(-0.16,-0.16,8.54));
#12794 = LINE('',#12795,#12796);
#12795 = CARTESIAN_POINT('',(-0.266666666667,-0.266666666667,
    8.433333333333));
#12796 = VECTOR('',#12797,1.);
#12797 = DIRECTION('',(0.57735026919,0.57735026919,0.57735026919));
#12798 = ORIENTED_EDGE('',*,*,#12033,.T.);
#12799 = ORIENTED_EDGE('',*,*,#12767,.T.);
#12800 = ORIENTED_EDGE('',*,*,#12801,.F.);
#12801 = EDGE_CURVE('',#12792,#12768,#12802,.T.);
#12802 = LINE('',#12803,#12804);
#12803 = CARTESIAN_POINT('',(-0.16,-0.32,8.54));
#12804 = VECTOR('',#12805,1.);
#12805 = DIRECTION('',(0.,1.,0.));
#12806 = PLANE('',#12807);
#12807 = AXIS2_PLACEMENT_3D('',#12808,#12809,#12810);
#12808 = CARTESIAN_POINT('',(-0.24,-0.32,8.46));
#12809 = DIRECTION('',(0.707106781187,1.735167508357E-18,-0.707106781187
    ));
#12810 = DIRECTION('',(-1.226948711654E-18,1.,1.226948711654E-18));
#12811 = ADVANCED_FACE('',(#12812),#12823,.F.);
#12812 = FACE_BOUND('',#12813,.T.);
#12813 = EDGE_LOOP('',(#12814,#12815,#12816,#12817));
#12814 = ORIENTED_EDGE('',*,*,#12791,.F.);
#12815 = ORIENTED_EDGE('',*,*,#12050,.T.);
#12816 = ORIENTED_EDGE('',*,*,#12736,.T.);
#12817 = ORIENTED_EDGE('',*,*,#12818,.F.);
#12818 = EDGE_CURVE('',#12792,#12737,#12819,.T.);
#12819 = LINE('',#12820,#12821);
#12820 = CARTESIAN_POINT('',(-0.32,-0.16,8.54));
#12821 = VECTOR('',#12822,1.);
#12822 = DIRECTION('',(1.,0.,0.));
#12823 = PLANE('',#12824);
#12824 = AXIS2_PLACEMENT_3D('',#12825,#12826,#12827);
#12825 = CARTESIAN_POINT('',(-0.32,-0.24,8.46));
#12826 = DIRECTION('',(-1.735167508357E-18,0.707106781187,
    -0.707106781187));
#12827 = DIRECTION('',(-1.,-1.226948711654E-18,1.226948711654E-18));
#12828 = ADVANCED_FACE('',(#12829),#12854,.T.);
#12829 = FACE_BOUND('',#12830,.F.);
#12830 = EDGE_LOOP('',(#12831,#12839,#12840,#12848));
#12831 = ORIENTED_EDGE('',*,*,#12832,.F.);
#12832 = EDGE_CURVE('',#12074,#12833,#12835,.T.);
#12833 = VERTEX_POINT('',#12834);
#12834 = CARTESIAN_POINT('',(-0.16,-2.38,8.54));
#12835 = LINE('',#12836,#12837);
#12836 = CARTESIAN_POINT('',(-0.16,-2.38,8.54));
#12837 = VECTOR('',#12838,1.);
#12838 = DIRECTION('',(0.57735026919,-0.57735026919,0.57735026919));
#12839 = ORIENTED_EDGE('',*,*,#12081,.T.);
#12840 = ORIENTED_EDGE('',*,*,#12841,.T.);
#12841 = EDGE_CURVE('',#12065,#12842,#12844,.T.);
#12842 = VERTEX_POINT('',#12843);
#12843 = CARTESIAN_POINT('',(0.16,-2.38,8.54));
#12844 = LINE('',#12845,#12846);
#12845 = CARTESIAN_POINT('',(5.333333333333E-02,-2.486666666667,
    8.646666666667));
#12846 = VECTOR('',#12847,1.);
#12847 = DIRECTION('',(-0.57735026919,-0.57735026919,0.57735026919));
#12848 = ORIENTED_EDGE('',*,*,#12849,.F.);
#12849 = EDGE_CURVE('',#12833,#12842,#12850,.T.);
#12850 = LINE('',#12851,#12852);
#12851 = CARTESIAN_POINT('',(-0.32,-2.38,8.54));
#12852 = VECTOR('',#12853,1.);
#12853 = DIRECTION('',(1.,0.,0.));
#12854 = PLANE('',#12855);
#12855 = AXIS2_PLACEMENT_3D('',#12856,#12857,#12858);
#12856 = CARTESIAN_POINT('',(-0.32,-2.3,8.46));
#12857 = DIRECTION('',(1.735167508357E-18,0.707106781187,0.707106781187)
  );
#12858 = DIRECTION('',(-1.,1.226948711654E-18,1.226948711654E-18));
#12859 = ADVANCED_FACE('',(#12860),#12878,.F.);
#12860 = FACE_BOUND('',#12861,.F.);
#12861 = EDGE_LOOP('',(#12862,#12870,#12871,#12872));
#12862 = ORIENTED_EDGE('',*,*,#12863,.F.);
#12863 = EDGE_CURVE('',#12096,#12864,#12866,.T.);
#12864 = VERTEX_POINT('',#12865);
#12865 = CARTESIAN_POINT('',(-0.16,-2.7,8.54));
#12866 = LINE('',#12867,#12868);
#12867 = CARTESIAN_POINT('',(-0.266666666667,-2.806666666667,
    8.433333333333));
#12868 = VECTOR('',#12869,1.);
#12869 = DIRECTION('',(0.57735026919,0.57735026919,0.57735026919));
#12870 = ORIENTED_EDGE('',*,*,#12105,.T.);
#12871 = ORIENTED_EDGE('',*,*,#12832,.T.);
#12872 = ORIENTED_EDGE('',*,*,#12873,.F.);
#12873 = EDGE_CURVE('',#12864,#12833,#12874,.T.);
#12874 = LINE('',#12875,#12876);
#12875 = CARTESIAN_POINT('',(-0.16,-2.86,8.54));
#12876 = VECTOR('',#12877,1.);
#12877 = DIRECTION('',(0.,1.,0.));
#12878 = PLANE('',#12879);
#12879 = AXIS2_PLACEMENT_3D('',#12880,#12881,#12882);
#12880 = CARTESIAN_POINT('',(-0.24,-2.86,8.46));
#12881 = DIRECTION('',(0.707106781187,1.735167508357E-18,-0.707106781187
    ));
#12882 = DIRECTION('',(-1.226948711654E-18,1.,1.226948711654E-18));
#12883 = ADVANCED_FACE('',(#12884),#12902,.F.);
#12884 = FACE_BOUND('',#12885,.T.);
#12885 = EDGE_LOOP('',(#12886,#12887,#12888,#12896));
#12886 = ORIENTED_EDGE('',*,*,#12863,.F.);
#12887 = ORIENTED_EDGE('',*,*,#12129,.T.);
#12888 = ORIENTED_EDGE('',*,*,#12889,.T.);
#12889 = EDGE_CURVE('',#12120,#12890,#12892,.T.);
#12890 = VERTEX_POINT('',#12891);
#12891 = CARTESIAN_POINT('',(0.16,-2.7,8.54));
#12892 = LINE('',#12893,#12894);
#12893 = CARTESIAN_POINT('',(0.16,-2.7,8.54));
#12894 = VECTOR('',#12895,1.);
#12895 = DIRECTION('',(-0.57735026919,0.57735026919,0.57735026919));
#12896 = ORIENTED_EDGE('',*,*,#12897,.F.);
#12897 = EDGE_CURVE('',#12864,#12890,#12898,.T.);
#12898 = LINE('',#12899,#12900);
#12899 = CARTESIAN_POINT('',(-0.32,-2.7,8.54));
#12900 = VECTOR('',#12901,1.);
#12901 = DIRECTION('',(1.,0.,0.));
#12902 = PLANE('',#12903);
#12903 = AXIS2_PLACEMENT_3D('',#12904,#12905,#12906);
#12904 = CARTESIAN_POINT('',(-0.32,-2.78,8.46));
#12905 = DIRECTION('',(-1.735167508357E-18,0.707106781187,
    -0.707106781187));
#12906 = DIRECTION('',(-1.,-1.226948711654E-18,1.226948711654E-18));
#12907 = ADVANCED_FACE('',(#12908),#12919,.T.);
#12908 = FACE_BOUND('',#12909,.T.);
#12909 = EDGE_LOOP('',(#12910,#12911,#12912,#12913));
#12910 = ORIENTED_EDGE('',*,*,#12889,.F.);
#12911 = ORIENTED_EDGE('',*,*,#12146,.T.);
#12912 = ORIENTED_EDGE('',*,*,#12841,.T.);
#12913 = ORIENTED_EDGE('',*,*,#12914,.F.);
#12914 = EDGE_CURVE('',#12890,#12842,#12915,.T.);
#12915 = LINE('',#12916,#12917);
#12916 = CARTESIAN_POINT('',(0.16,-2.86,8.54));
#12917 = VECTOR('',#12918,1.);
#12918 = DIRECTION('',(0.,1.,0.));
#12919 = PLANE('',#12920);
#12920 = AXIS2_PLACEMENT_3D('',#12921,#12922,#12923);
#12921 = CARTESIAN_POINT('',(0.24,-2.86,8.46));
#12922 = DIRECTION('',(0.707106781187,-1.735167508357E-18,0.707106781187
    ));
#12923 = DIRECTION('',(1.226948711654E-18,1.,1.226948711654E-18));
#12924 = ADVANCED_FACE('',(#12925),#12931,.F.);
#12925 = FACE_BOUND('',#12926,.F.);
#12926 = EDGE_LOOP('',(#12927,#12928,#12929,#12930));
#12927 = ORIENTED_EDGE('',*,*,#12242,.T.);
#12928 = ORIENTED_EDGE('',*,*,#12177,.F.);
#12929 = ORIENTED_EDGE('',*,*,#12201,.F.);
#12930 = ORIENTED_EDGE('',*,*,#12225,.T.);
#12931 = PLANE('',#12932);
#12932 = AXIS2_PLACEMENT_3D('',#12933,#12934,#12935);
#12933 = CARTESIAN_POINT('',(-0.32,-5.4,-3.));
#12934 = DIRECTION('',(0.,0.,1.));
#12935 = DIRECTION('',(1.,0.,-0.));
#12936 = ADVANCED_FACE('',(#12937),#12943,.F.);
#12937 = FACE_BOUND('',#12938,.F.);
#12938 = EDGE_LOOP('',(#12939,#12940,#12941,#12942));
#12939 = ORIENTED_EDGE('',*,*,#12273,.T.);
#12940 = ORIENTED_EDGE('',*,*,#12297,.F.);
#12941 = ORIENTED_EDGE('',*,*,#12321,.F.);
#12942 = ORIENTED_EDGE('',*,*,#12338,.T.);
#12943 = PLANE('',#12944);
#12944 = AXIS2_PLACEMENT_3D('',#12945,#12946,#12947);
#12945 = CARTESIAN_POINT('',(-0.32,-7.94,-3.));
#12946 = DIRECTION('',(0.,0.,1.));
#12947 = DIRECTION('',(1.,0.,-0.));
#12948 = ADVANCED_FACE('',(#12949),#12955,.F.);
#12949 = FACE_BOUND('',#12950,.F.);
#12950 = EDGE_LOOP('',(#12951,#12952,#12953,#12954));
#12951 = ORIENTED_EDGE('',*,*,#12369,.T.);
#12952 = ORIENTED_EDGE('',*,*,#12393,.F.);
#12953 = ORIENTED_EDGE('',*,*,#12417,.F.);
#12954 = ORIENTED_EDGE('',*,*,#12434,.T.);
#12955 = PLANE('',#12956);
#12956 = AXIS2_PLACEMENT_3D('',#12957,#12958,#12959);
#12957 = CARTESIAN_POINT('',(-0.32,-0.32,-3.));
#12958 = DIRECTION('',(0.,0.,1.));
#12959 = DIRECTION('',(1.,0.,-0.));
#12960 = ADVANCED_FACE('',(#12961),#12967,.F.);
#12961 = FACE_BOUND('',#12962,.F.);
#12962 = EDGE_LOOP('',(#12963,#12964,#12965,#12966));
#12963 = ORIENTED_EDGE('',*,*,#12530,.T.);
#12964 = ORIENTED_EDGE('',*,*,#12465,.F.);
#12965 = ORIENTED_EDGE('',*,*,#12489,.F.);
#12966 = ORIENTED_EDGE('',*,*,#12513,.T.);
#12967 = PLANE('',#12968);
#12968 = AXIS2_PLACEMENT_3D('',#12969,#12970,#12971);
#12969 = CARTESIAN_POINT('',(-0.32,-2.86,-3.));
#12970 = DIRECTION('',(0.,0.,1.));
#12971 = DIRECTION('',(1.,0.,-0.));
#12972 = ADVANCED_FACE('',(#12973),#12979,.T.);
#12973 = FACE_BOUND('',#12974,.T.);
#12974 = EDGE_LOOP('',(#12975,#12976,#12977,#12978));
#12975 = ORIENTED_EDGE('',*,*,#12626,.T.);
#12976 = ORIENTED_EDGE('',*,*,#12561,.F.);
#12977 = ORIENTED_EDGE('',*,*,#12585,.F.);
#12978 = ORIENTED_EDGE('',*,*,#12609,.T.);
#12979 = PLANE('',#12980);
#12980 = AXIS2_PLACEMENT_3D('',#12981,#12982,#12983);
#12981 = CARTESIAN_POINT('',(-0.32,-5.4,8.54));
#12982 = DIRECTION('',(0.,0.,1.));
#12983 = DIRECTION('',(1.,0.,-0.));
#12984 = ADVANCED_FACE('',(#12985),#12991,.T.);
#12985 = FACE_BOUND('',#12986,.T.);
#12986 = EDGE_LOOP('',(#12987,#12988,#12989,#12990));
#12987 = ORIENTED_EDGE('',*,*,#12657,.T.);
#12988 = ORIENTED_EDGE('',*,*,#12681,.F.);
#12989 = ORIENTED_EDGE('',*,*,#12705,.F.);
#12990 = ORIENTED_EDGE('',*,*,#12722,.T.);
#12991 = PLANE('',#12992);
#12992 = AXIS2_PLACEMENT_3D('',#12993,#12994,#12995);
#12993 = CARTESIAN_POINT('',(-0.32,-7.94,8.54));
#12994 = DIRECTION('',(0.,0.,1.));
#12995 = DIRECTION('',(1.,0.,-0.));
#12996 = ADVANCED_FACE('',(#12997),#13003,.T.);
#12997 = FACE_BOUND('',#12998,.T.);
#12998 = EDGE_LOOP('',(#12999,#13000,#13001,#13002));
#12999 = ORIENTED_EDGE('',*,*,#12753,.T.);
#13000 = ORIENTED_EDGE('',*,*,#12777,.F.);
#13001 = ORIENTED_EDGE('',*,*,#12801,.F.);
#13002 = ORIENTED_EDGE('',*,*,#12818,.T.);
#13003 = PLANE('',#13004);
#13004 = AXIS2_PLACEMENT_3D('',#13005,#13006,#13007);
#13005 = CARTESIAN_POINT('',(-0.32,-0.32,8.54));
#13006 = DIRECTION('',(0.,0.,1.));
#13007 = DIRECTION('',(1.,0.,-0.));
#13008 = ADVANCED_FACE('',(#13009),#13015,.T.);
#13009 = FACE_BOUND('',#13010,.T.);
#13010 = EDGE_LOOP('',(#13011,#13012,#13013,#13014));
#13011 = ORIENTED_EDGE('',*,*,#12914,.T.);
#13012 = ORIENTED_EDGE('',*,*,#12849,.F.);
#13013 = ORIENTED_EDGE('',*,*,#12873,.F.);
#13014 = ORIENTED_EDGE('',*,*,#12897,.T.);
#13015 = PLANE('',#13016);
#13016 = AXIS2_PLACEMENT_3D('',#13017,#13018,#13019);
#13017 = CARTESIAN_POINT('',(-0.32,-2.86,8.54));
#13018 = DIRECTION('',(0.,0.,1.));
#13019 = DIRECTION('',(1.,0.,-0.));
#13020 = ( GEOMETRIC_REPRESENTATION_CONTEXT(3) 
GLOBAL_UNCERTAINTY_ASSIGNED_CONTEXT((#13024)) 
GLOBAL_UNIT_ASSIGNED_CONTEXT((#13021,#13022,#13023)) 
REPRESENTATION_CONTEXT('Context #1',
  '3D Context with UNIT and UNCERTAINTY') );
#13021 = ( LENGTH_UNIT() NAMED_UNIT(*) SI_UNIT(.MILLI.,.METRE.) );
#13022 = ( NAMED_UNIT(*) PLANE_ANGLE_UNIT() SI_UNIT($,.RADIAN.) );
#13023 = ( NAMED_UNIT(*) SI_UNIT($,.STERADIAN.) SOLID_ANGLE_UNIT() );
#13024 = UNCERTAINTY_MEASURE_WITH_UNIT(LENGTH_MEASURE(1.E-07),#13021,
  'distance_accuracy_value','confusion accuracy');
#13025 = CONTEXT_DEPENDENT_SHAPE_REPRESENTATION(#13026,#13028);
#13026 = ( REPRESENTATION_RELATIONSHIP('','',#10239,#10) 
REPRESENTATION_RELATIONSHIP_WITH_TRANSFORMATION(#13027) 
SHAPE_REPRESENTATION_RELATIONSHIP() );
#13027 = ITEM_DEFINED_TRANSFORMATION('','',#11,#51);
#13028 = PRODUCT_DEFINITION_SHAPE('Placement','Placement of an item',
  #13029);
#13029 = NEXT_ASSEMBLY_USAGE_OCCURRENCE('10','J1','',#5,#10234,$);
#13030 = PRODUCT_RELATED_PRODUCT_CATEGORY('part',$,(#10236));
#13031 = SHAPE_DEFINITION_REPRESENTATION(#13032,#13038);
#13032 = PRODUCT_DEFINITION_SHAPE('','',#13033);
#13033 = PRODUCT_DEFINITION('design','',#13034,#13037);
#13034 = PRODUCT_DEFINITION_FORMATION('','',#13035);
#13035 = PRODUCT('rgb_led_controller_PCB','rgb_led_controller_PCB','',(
    #13036));
#13036 = PRODUCT_CONTEXT('',#2,'mechanical');
#13037 = PRODUCT_DEFINITION_CONTEXT('part definition',#2,'design');
#13038 = ADVANCED_BREP_SHAPE_REPRESENTATION('',(#11,#13039),#14944);
#13039 = MANIFOLD_SOLID_BREP('',#13040);
#13040 = CLOSED_SHELL('',(#13041,#13081,#13112,#13143,#13655,#14167,
    #14179,#14196,#14213,#14230,#14247,#14264,#14281,#14298,#14315,
    #14332,#14349,#14366,#14383,#14400,#14417,#14434,#14451,#14468,
    #14485,#14502,#14519,#14536,#14553,#14570,#14587,#14604,#14621,
    #14638,#14655,#14672,#14689,#14706,#14723,#14740,#14757,#14774,
    #14791,#14808,#14825,#14842,#14859,#14876,#14893,#14910,#14927));
#13041 = ADVANCED_FACE('',(#13042),#13076,.T.);
#13042 = FACE_BOUND('',#13043,.T.);
#13043 = EDGE_LOOP('',(#13044,#13054,#13062,#13070));
#13044 = ORIENTED_EDGE('',*,*,#13045,.T.);
#13045 = EDGE_CURVE('',#13046,#13048,#13050,.T.);
#13046 = VERTEX_POINT('',#13047);
#13047 = CARTESIAN_POINT('',(253.35,-138.95,0.));
#13048 = VERTEX_POINT('',#13049);
#13049 = CARTESIAN_POINT('',(253.35,-138.95,1.51));
#13050 = LINE('',#13051,#13052);
#13051 = CARTESIAN_POINT('',(253.35,-138.95,0.));
#13052 = VECTOR('',#13053,1.);
#13053 = DIRECTION('',(0.,0.,1.));
#13054 = ORIENTED_EDGE('',*,*,#13055,.T.);
#13055 = EDGE_CURVE('',#13048,#13056,#13058,.T.);
#13056 = VERTEX_POINT('',#13057);
#13057 = CARTESIAN_POINT('',(184.5,-138.95,1.51));
#13058 = LINE('',#13059,#13060);
#13059 = CARTESIAN_POINT('',(253.35,-138.95,1.51));
#13060 = VECTOR('',#13061,1.);
#13061 = DIRECTION('',(-1.,0.,0.));
#13062 = ORIENTED_EDGE('',*,*,#13063,.F.);
#13063 = EDGE_CURVE('',#13064,#13056,#13066,.T.);
#13064 = VERTEX_POINT('',#13065);
#13065 = CARTESIAN_POINT('',(184.5,-138.95,0.));
#13066 = LINE('',#13067,#13068);
#13067 = CARTESIAN_POINT('',(184.5,-138.95,0.));
#13068 = VECTOR('',#13069,1.);
#13069 = DIRECTION('',(0.,0.,1.));
#13070 = ORIENTED_EDGE('',*,*,#13071,.F.);
#13071 = EDGE_CURVE('',#13046,#13064,#13072,.T.);
#13072 = LINE('',#13073,#13074);
#13073 = CARTESIAN_POINT('',(253.35,-138.95,0.));
#13074 = VECTOR('',#13075,1.);
#13075 = DIRECTION('',(-1.,0.,0.));
#13076 = PLANE('',#13077);
#13077 = AXIS2_PLACEMENT_3D('',#13078,#13079,#13080);
#13078 = CARTESIAN_POINT('',(253.35,-138.95,0.));
#13079 = DIRECTION('',(0.,-1.,0.));
#13080 = DIRECTION('',(-1.,0.,0.));
#13081 = ADVANCED_FACE('',(#13082),#13107,.T.);
#13082 = FACE_BOUND('',#13083,.T.);
#13083 = EDGE_LOOP('',(#13084,#13094,#13100,#13101));
#13084 = ORIENTED_EDGE('',*,*,#13085,.T.);
#13085 = EDGE_CURVE('',#13086,#13088,#13090,.T.);
#13086 = VERTEX_POINT('',#13087);
#13087 = CARTESIAN_POINT('',(253.35,-82.05,0.));
#13088 = VERTEX_POINT('',#13089);
#13089 = CARTESIAN_POINT('',(253.35,-82.05,1.51));
#13090 = LINE('',#13091,#13092);
#13091 = CARTESIAN_POINT('',(253.35,-82.05,0.));
#13092 = VECTOR('',#13093,1.);
#13093 = DIRECTION('',(0.,0.,1.));
#13094 = ORIENTED_EDGE('',*,*,#13095,.T.);
#13095 = EDGE_CURVE('',#13088,#13048,#13096,.T.);
#13096 = LINE('',#13097,#13098);
#13097 = CARTESIAN_POINT('',(253.35,-82.05,1.51));
#13098 = VECTOR('',#13099,1.);
#13099 = DIRECTION('',(0.,-1.,0.));
#13100 = ORIENTED_EDGE('',*,*,#13045,.F.);
#13101 = ORIENTED_EDGE('',*,*,#13102,.F.);
#13102 = EDGE_CURVE('',#13086,#13046,#13103,.T.);
#13103 = LINE('',#13104,#13105);
#13104 = CARTESIAN_POINT('',(253.35,-82.05,0.));
#13105 = VECTOR('',#13106,1.);
#13106 = DIRECTION('',(0.,-1.,0.));
#13107 = PLANE('',#13108);
#13108 = AXIS2_PLACEMENT_3D('',#13109,#13110,#13111);
#13109 = CARTESIAN_POINT('',(253.35,-82.05,0.));
#13110 = DIRECTION('',(1.,0.,-0.));
#13111 = DIRECTION('',(0.,-1.,0.));
#13112 = ADVANCED_FACE('',(#13113),#13138,.T.);
#13113 = FACE_BOUND('',#13114,.T.);
#13114 = EDGE_LOOP('',(#13115,#13116,#13124,#13132));
#13115 = ORIENTED_EDGE('',*,*,#13063,.T.);
#13116 = ORIENTED_EDGE('',*,*,#13117,.T.);
#13117 = EDGE_CURVE('',#13056,#13118,#13120,.T.);
#13118 = VERTEX_POINT('',#13119);
#13119 = CARTESIAN_POINT('',(184.5,-82.05,1.51));
#13120 = LINE('',#13121,#13122);
#13121 = CARTESIAN_POINT('',(184.5,-138.95,1.51));
#13122 = VECTOR('',#13123,1.);
#13123 = DIRECTION('',(0.,1.,0.));
#13124 = ORIENTED_EDGE('',*,*,#13125,.F.);
#13125 = EDGE_CURVE('',#13126,#13118,#13128,.T.);
#13126 = VERTEX_POINT('',#13127);
#13127 = CARTESIAN_POINT('',(184.5,-82.05,0.));
#13128 = LINE('',#13129,#13130);
#13129 = CARTESIAN_POINT('',(184.5,-82.05,0.));
#13130 = VECTOR('',#13131,1.);
#13131 = DIRECTION('',(0.,0.,1.));
#13132 = ORIENTED_EDGE('',*,*,#13133,.F.);
#13133 = EDGE_CURVE('',#13064,#13126,#13134,.T.);
#13134 = LINE('',#13135,#13136);
#13135 = CARTESIAN_POINT('',(184.5,-138.95,0.));
#13136 = VECTOR('',#13137,1.);
#13137 = DIRECTION('',(0.,1.,0.));
#13138 = PLANE('',#13139);
#13139 = AXIS2_PLACEMENT_3D('',#13140,#13141,#13142);
#13140 = CARTESIAN_POINT('',(184.5,-138.95,0.));
#13141 = DIRECTION('',(-1.,0.,0.));
#13142 = DIRECTION('',(0.,1.,0.));
#13143 = ADVANCED_FACE('',(#13144,#13155,#13166,#13177,#13188,#13199,
    #13210,#13221,#13232,#13243,#13254,#13265,#13276,#13287,#13298,
    #13309,#13320,#13331,#13342,#13353,#13364,#13375,#13386,#13397,
    #13408,#13419,#13430,#13441,#13452,#13463,#13474,#13485,#13496,
    #13507,#13518,#13529,#13540,#13551,#13562,#13573,#13584,#13595,
    #13606,#13617,#13628,#13639),#13650,.F.);
#13144 = FACE_BOUND('',#13145,.F.);
#13145 = EDGE_LOOP('',(#13146,#13147,#13148,#13154));
#13146 = ORIENTED_EDGE('',*,*,#13071,.F.);
#13147 = ORIENTED_EDGE('',*,*,#13102,.F.);
#13148 = ORIENTED_EDGE('',*,*,#13149,.F.);
#13149 = EDGE_CURVE('',#13126,#13086,#13150,.T.);
#13150 = LINE('',#13151,#13152);
#13151 = CARTESIAN_POINT('',(184.5,-82.05,0.));
#13152 = VECTOR('',#13153,1.);
#13153 = DIRECTION('',(1.,0.,0.));
#13154 = ORIENTED_EDGE('',*,*,#13133,.F.);
#13155 = FACE_BOUND('',#13156,.F.);
#13156 = EDGE_LOOP('',(#13157));
#13157 = ORIENTED_EDGE('',*,*,#13158,.T.);
#13158 = EDGE_CURVE('',#13159,#13159,#13161,.T.);
#13159 = VERTEX_POINT('',#13160);
#13160 = CARTESIAN_POINT('',(189.75,-127.79,0.));
#13161 = CIRCLE('',#13162,0.5);
#13162 = AXIS2_PLACEMENT_3D('',#13163,#13164,#13165);
#13163 = CARTESIAN_POINT('',(189.75,-127.29,0.));
#13164 = DIRECTION('',(-0.,0.,-1.));
#13165 = DIRECTION('',(-0.,-1.,0.));
#13166 = FACE_BOUND('',#13167,.F.);
#13167 = EDGE_LOOP('',(#13168));
#13168 = ORIENTED_EDGE('',*,*,#13169,.T.);
#13169 = EDGE_CURVE('',#13170,#13170,#13172,.T.);
#13170 = VERTEX_POINT('',#13171);
#13171 = CARTESIAN_POINT('',(189.75,-125.25,0.));
#13172 = CIRCLE('',#13173,0.5);
#13173 = AXIS2_PLACEMENT_3D('',#13174,#13175,#13176);
#13174 = CARTESIAN_POINT('',(189.75,-124.75,0.));
#13175 = DIRECTION('',(-0.,0.,-1.));
#13176 = DIRECTION('',(-0.,-1.,0.));
#13177 = FACE_BOUND('',#13178,.F.);
#13178 = EDGE_LOOP('',(#13179));
#13179 = ORIENTED_EDGE('',*,*,#13180,.T.);
#13180 = EDGE_CURVE('',#13181,#13181,#13183,.T.);
#13181 = VERTEX_POINT('',#13182);
#13182 = CARTESIAN_POINT('',(189.75,-122.71,0.));
#13183 = CIRCLE('',#13184,0.5);
#13184 = AXIS2_PLACEMENT_3D('',#13185,#13186,#13187);
#13185 = CARTESIAN_POINT('',(189.75,-122.21,0.));
#13186 = DIRECTION('',(-0.,0.,-1.));
#13187 = DIRECTION('',(-0.,-1.,0.));
#13188 = FACE_BOUND('',#13189,.F.);
#13189 = EDGE_LOOP('',(#13190));
#13190 = ORIENTED_EDGE('',*,*,#13191,.T.);
#13191 = EDGE_CURVE('',#13192,#13192,#13194,.T.);
#13192 = VERTEX_POINT('',#13193);
#13193 = CARTESIAN_POINT('',(189.75,-120.17,0.));
#13194 = CIRCLE('',#13195,0.5);
#13195 = AXIS2_PLACEMENT_3D('',#13196,#13197,#13198);
#13196 = CARTESIAN_POINT('',(189.75,-119.67,0.));
#13197 = DIRECTION('',(-0.,0.,-1.));
#13198 = DIRECTION('',(-0.,-1.,0.));
#13199 = FACE_BOUND('',#13200,.F.);
#13200 = EDGE_LOOP('',(#13201));
#13201 = ORIENTED_EDGE('',*,*,#13202,.T.);
#13202 = EDGE_CURVE('',#13203,#13203,#13205,.T.);
#13203 = VERTEX_POINT('',#13204);
#13204 = CARTESIAN_POINT('',(189.75,-117.63,0.));
#13205 = CIRCLE('',#13206,0.5);
#13206 = AXIS2_PLACEMENT_3D('',#13207,#13208,#13209);
#13207 = CARTESIAN_POINT('',(189.75,-117.13,0.));
#13208 = DIRECTION('',(-0.,0.,-1.));
#13209 = DIRECTION('',(-0.,-1.,0.));
#13210 = FACE_BOUND('',#13211,.F.);
#13211 = EDGE_LOOP('',(#13212));
#13212 = ORIENTED_EDGE('',*,*,#13213,.T.);
#13213 = EDGE_CURVE('',#13214,#13214,#13216,.T.);
#13214 = VERTEX_POINT('',#13215);
#13215 = CARTESIAN_POINT('',(237.75,-135.4,0.));
#13216 = CIRCLE('',#13217,0.4);
#13217 = AXIS2_PLACEMENT_3D('',#13218,#13219,#13220);
#13218 = CARTESIAN_POINT('',(237.75,-135.,0.));
#13219 = DIRECTION('',(-0.,0.,-1.));
#13220 = DIRECTION('',(-0.,-1.,0.));
#13221 = FACE_BOUND('',#13222,.F.);
#13222 = EDGE_LOOP('',(#13223));
#13223 = ORIENTED_EDGE('',*,*,#13224,.T.);
#13224 = EDGE_CURVE('',#13225,#13225,#13227,.T.);
#13225 = VERTEX_POINT('',#13226);
#13226 = CARTESIAN_POINT('',(242.75,-133.8,0.));
#13227 = CIRCLE('',#13228,0.55);
#13228 = AXIS2_PLACEMENT_3D('',#13229,#13230,#13231);
#13229 = CARTESIAN_POINT('',(242.75,-133.25,0.));
#13230 = DIRECTION('',(-0.,0.,-1.));
#13231 = DIRECTION('',(-0.,-1.,0.));
#13232 = FACE_BOUND('',#13233,.F.);
#13233 = EDGE_LOOP('',(#13234));
#13234 = ORIENTED_EDGE('',*,*,#13235,.T.);
#13235 = EDGE_CURVE('',#13236,#13236,#13238,.T.);
#13236 = VERTEX_POINT('',#13237);
#13237 = CARTESIAN_POINT('',(249.25,-133.8,0.));
#13238 = CIRCLE('',#13239,0.55);
#13239 = AXIS2_PLACEMENT_3D('',#13240,#13241,#13242);
#13240 = CARTESIAN_POINT('',(249.25,-133.25,0.));
#13241 = DIRECTION('',(-0.,0.,-1.));
#13242 = DIRECTION('',(-0.,-1.,0.));
#13243 = FACE_BOUND('',#13244,.F.);
#13244 = EDGE_LOOP('',(#13245));
#13245 = ORIENTED_EDGE('',*,*,#13246,.T.);
#13246 = EDGE_CURVE('',#13247,#13247,#13249,.T.);
#13247 = VERTEX_POINT('',#13248);
#13248 = CARTESIAN_POINT('',(237.75,-127.78,0.));
#13249 = CIRCLE('',#13250,0.4);
#13250 = AXIS2_PLACEMENT_3D('',#13251,#13252,#13253);
#13251 = CARTESIAN_POINT('',(237.75,-127.38,0.));
#13252 = DIRECTION('',(-0.,0.,-1.));
#13253 = DIRECTION('',(-0.,-1.,0.));
#13254 = FACE_BOUND('',#13255,.F.);
#13255 = EDGE_LOOP('',(#13256));
#13256 = ORIENTED_EDGE('',*,*,#13257,.T.);
#13257 = EDGE_CURVE('',#13258,#13258,#13260,.T.);
#13258 = VERTEX_POINT('',#13259);
#13259 = CARTESIAN_POINT('',(237.75,-123.71,0.));
#13260 = CIRCLE('',#13261,0.4);
#13261 = AXIS2_PLACEMENT_3D('',#13262,#13263,#13264);
#13262 = CARTESIAN_POINT('',(237.75,-123.31,0.));
#13263 = DIRECTION('',(-0.,0.,-1.));
#13264 = DIRECTION('',(-0.,-1.,0.));
#13265 = FACE_BOUND('',#13266,.F.);
#13266 = EDGE_LOOP('',(#13267));
#13267 = ORIENTED_EDGE('',*,*,#13268,.T.);
#13268 = EDGE_CURVE('',#13269,#13269,#13271,.T.);
#13269 = VERTEX_POINT('',#13270);
#13270 = CARTESIAN_POINT('',(242.75,-129.3,0.));
#13271 = CIRCLE('',#13272,0.55);
#13272 = AXIS2_PLACEMENT_3D('',#13273,#13274,#13275);
#13273 = CARTESIAN_POINT('',(242.75,-128.75,0.));
#13274 = DIRECTION('',(-0.,0.,-1.));
#13275 = DIRECTION('',(-0.,-1.,0.));
#13276 = FACE_BOUND('',#13277,.F.);
#13277 = EDGE_LOOP('',(#13278));
#13278 = ORIENTED_EDGE('',*,*,#13279,.T.);
#13279 = EDGE_CURVE('',#13280,#13280,#13282,.T.);
#13280 = VERTEX_POINT('',#13281);
#13281 = CARTESIAN_POINT('',(249.25,-129.3,0.));
#13282 = CIRCLE('',#13283,0.55);
#13283 = AXIS2_PLACEMENT_3D('',#13284,#13285,#13286);
#13284 = CARTESIAN_POINT('',(249.25,-128.75,0.));
#13285 = DIRECTION('',(-0.,0.,-1.));
#13286 = DIRECTION('',(-0.,-1.,0.));
#13287 = FACE_BOUND('',#13288,.F.);
#13288 = EDGE_LOOP('',(#13289));
#13289 = ORIENTED_EDGE('',*,*,#13290,.T.);
#13290 = EDGE_CURVE('',#13291,#13291,#13293,.T.);
#13291 = VERTEX_POINT('',#13292);
#13292 = CARTESIAN_POINT('',(242.75,-122.3,0.));
#13293 = CIRCLE('',#13294,0.55);
#13294 = AXIS2_PLACEMENT_3D('',#13295,#13296,#13297);
#13295 = CARTESIAN_POINT('',(242.75,-121.75,0.));
#13296 = DIRECTION('',(-0.,0.,-1.));
#13297 = DIRECTION('',(-0.,-1.,0.));
#13298 = FACE_BOUND('',#13299,.F.);
#13299 = EDGE_LOOP('',(#13300));
#13300 = ORIENTED_EDGE('',*,*,#13301,.T.);
#13301 = EDGE_CURVE('',#13302,#13302,#13304,.T.);
#13302 = VERTEX_POINT('',#13303);
#13303 = CARTESIAN_POINT('',(249.25,-122.3,0.));
#13304 = CIRCLE('',#13305,0.55);
#13305 = AXIS2_PLACEMENT_3D('',#13306,#13307,#13308);
#13306 = CARTESIAN_POINT('',(249.25,-121.75,0.));
#13307 = DIRECTION('',(-0.,0.,-1.));
#13308 = DIRECTION('',(-0.,-1.,0.));
#13309 = FACE_BOUND('',#13310,.F.);
#13310 = EDGE_LOOP('',(#13311));
#13311 = ORIENTED_EDGE('',*,*,#13312,.T.);
#13312 = EDGE_CURVE('',#13313,#13313,#13315,.T.);
#13313 = VERTEX_POINT('',#13314);
#13314 = CARTESIAN_POINT('',(242.75,-117.8,0.));
#13315 = CIRCLE('',#13316,0.55);
#13316 = AXIS2_PLACEMENT_3D('',#13317,#13318,#13319);
#13317 = CARTESIAN_POINT('',(242.75,-117.25,0.));
#13318 = DIRECTION('',(-0.,0.,-1.));
#13319 = DIRECTION('',(-0.,-1.,0.));
#13320 = FACE_BOUND('',#13321,.F.);
#13321 = EDGE_LOOP('',(#13322));
#13322 = ORIENTED_EDGE('',*,*,#13323,.T.);
#13323 = EDGE_CURVE('',#13324,#13324,#13326,.T.);
#13324 = VERTEX_POINT('',#13325);
#13325 = CARTESIAN_POINT('',(249.25,-117.8,0.));
#13326 = CIRCLE('',#13327,0.55);
#13327 = AXIS2_PLACEMENT_3D('',#13328,#13329,#13330);
#13328 = CARTESIAN_POINT('',(249.25,-117.25,0.));
#13329 = DIRECTION('',(-0.,0.,-1.));
#13330 = DIRECTION('',(-0.,-1.,0.));
#13331 = FACE_BOUND('',#13332,.F.);
#13332 = EDGE_LOOP('',(#13333));
#13333 = ORIENTED_EDGE('',*,*,#13334,.T.);
#13334 = EDGE_CURVE('',#13335,#13335,#13337,.T.);
#13335 = VERTEX_POINT('',#13336);
#13336 = CARTESIAN_POINT('',(237.75,-116.09,0.));
#13337 = CIRCLE('',#13338,0.4);
#13338 = AXIS2_PLACEMENT_3D('',#13339,#13340,#13341);
#13339 = CARTESIAN_POINT('',(237.75,-115.69,0.));
#13340 = DIRECTION('',(-0.,0.,-1.));
#13341 = DIRECTION('',(-0.,-1.,0.));
#13342 = FACE_BOUND('',#13343,.F.);
#13343 = EDGE_LOOP('',(#13344));
#13344 = ORIENTED_EDGE('',*,*,#13345,.T.);
#13345 = EDGE_CURVE('',#13346,#13346,#13348,.T.);
#13346 = VERTEX_POINT('',#13347);
#13347 = CARTESIAN_POINT('',(192.51,-103.25,0.));
#13348 = CIRCLE('',#13349,0.5);
#13349 = AXIS2_PLACEMENT_3D('',#13350,#13351,#13352);
#13350 = CARTESIAN_POINT('',(192.51,-102.75,0.));
#13351 = DIRECTION('',(-0.,0.,-1.));
#13352 = DIRECTION('',(-0.,-1.,0.));
#13353 = FACE_BOUND('',#13354,.F.);
#13354 = EDGE_LOOP('',(#13355));
#13355 = ORIENTED_EDGE('',*,*,#13356,.T.);
#13356 = EDGE_CURVE('',#13357,#13357,#13359,.T.);
#13357 = VERTEX_POINT('',#13358);
#13358 = CARTESIAN_POINT('',(195.05,-103.25,0.));
#13359 = CIRCLE('',#13360,0.5);
#13360 = AXIS2_PLACEMENT_3D('',#13361,#13362,#13363);
#13361 = CARTESIAN_POINT('',(195.05,-102.75,0.));
#13362 = DIRECTION('',(-0.,0.,-1.));
#13363 = DIRECTION('',(-0.,-1.,0.));
#13364 = FACE_BOUND('',#13365,.F.);
#13365 = EDGE_LOOP('',(#13366));
#13366 = ORIENTED_EDGE('',*,*,#13367,.T.);
#13367 = EDGE_CURVE('',#13368,#13368,#13370,.T.);
#13368 = VERTEX_POINT('',#13369);
#13369 = CARTESIAN_POINT('',(197.59,-103.25,0.));
#13370 = CIRCLE('',#13371,0.5);
#13371 = AXIS2_PLACEMENT_3D('',#13372,#13373,#13374);
#13372 = CARTESIAN_POINT('',(197.59,-102.75,0.));
#13373 = DIRECTION('',(-0.,0.,-1.));
#13374 = DIRECTION('',(-0.,-1.,0.));
#13375 = FACE_BOUND('',#13376,.F.);
#13376 = EDGE_LOOP('',(#13377));
#13377 = ORIENTED_EDGE('',*,*,#13378,.T.);
#13378 = EDGE_CURVE('',#13379,#13379,#13381,.T.);
#13379 = VERTEX_POINT('',#13380);
#13380 = CARTESIAN_POINT('',(200.13,-103.25,0.));
#13381 = CIRCLE('',#13382,0.5);
#13382 = AXIS2_PLACEMENT_3D('',#13383,#13384,#13385);
#13383 = CARTESIAN_POINT('',(200.13,-102.75,0.));
#13384 = DIRECTION('',(-0.,0.,-1.));
#13385 = DIRECTION('',(-0.,-1.,0.));
#13386 = FACE_BOUND('',#13387,.F.);
#13387 = EDGE_LOOP('',(#13388));
#13388 = ORIENTED_EDGE('',*,*,#13389,.T.);
#13389 = EDGE_CURVE('',#13390,#13390,#13392,.T.);
#13390 = VERTEX_POINT('',#13391);
#13391 = CARTESIAN_POINT('',(202.67,-103.25,0.));
#13392 = CIRCLE('',#13393,0.5);
#13393 = AXIS2_PLACEMENT_3D('',#13394,#13395,#13396);
#13394 = CARTESIAN_POINT('',(202.67,-102.75,0.));
#13395 = DIRECTION('',(-0.,0.,-1.));
#13396 = DIRECTION('',(-0.,-1.,0.));
#13397 = FACE_BOUND('',#13398,.F.);
#13398 = EDGE_LOOP('',(#13399));
#13399 = ORIENTED_EDGE('',*,*,#13400,.T.);
#13400 = EDGE_CURVE('',#13401,#13401,#13403,.T.);
#13401 = VERTEX_POINT('',#13402);
#13402 = CARTESIAN_POINT('',(205.21,-103.25,0.));
#13403 = CIRCLE('',#13404,0.5);
#13404 = AXIS2_PLACEMENT_3D('',#13405,#13406,#13407);
#13405 = CARTESIAN_POINT('',(205.21,-102.75,0.));
#13406 = DIRECTION('',(-0.,0.,-1.));
#13407 = DIRECTION('',(-0.,-1.,0.));
#13408 = FACE_BOUND('',#13409,.F.);
#13409 = EDGE_LOOP('',(#13410));
#13410 = ORIENTED_EDGE('',*,*,#13411,.T.);
#13411 = EDGE_CURVE('',#13412,#13412,#13414,.T.);
#13412 = VERTEX_POINT('',#13413);
#13413 = CARTESIAN_POINT('',(207.75,-103.25,0.));
#13414 = CIRCLE('',#13415,0.5);
#13415 = AXIS2_PLACEMENT_3D('',#13416,#13417,#13418);
#13416 = CARTESIAN_POINT('',(207.75,-102.75,0.));
#13417 = DIRECTION('',(-0.,0.,-1.));
#13418 = DIRECTION('',(-0.,-1.,0.));
#13419 = FACE_BOUND('',#13420,.F.);
#13420 = EDGE_LOOP('',(#13421));
#13421 = ORIENTED_EDGE('',*,*,#13422,.T.);
#13422 = EDGE_CURVE('',#13423,#13423,#13425,.T.);
#13423 = VERTEX_POINT('',#13424);
#13424 = CARTESIAN_POINT('',(192.51,-88.,0.));
#13425 = CIRCLE('',#13426,0.5);
#13426 = AXIS2_PLACEMENT_3D('',#13427,#13428,#13429);
#13427 = CARTESIAN_POINT('',(192.51,-87.5,0.));
#13428 = DIRECTION('',(-0.,0.,-1.));
#13429 = DIRECTION('',(-0.,-1.,0.));
#13430 = FACE_BOUND('',#13431,.F.);
#13431 = EDGE_LOOP('',(#13432));
#13432 = ORIENTED_EDGE('',*,*,#13433,.T.);
#13433 = EDGE_CURVE('',#13434,#13434,#13436,.T.);
#13434 = VERTEX_POINT('',#13435);
#13435 = CARTESIAN_POINT('',(195.05,-88.,0.));
#13436 = CIRCLE('',#13437,0.5);
#13437 = AXIS2_PLACEMENT_3D('',#13438,#13439,#13440);
#13438 = CARTESIAN_POINT('',(195.05,-87.5,0.));
#13439 = DIRECTION('',(-0.,0.,-1.));
#13440 = DIRECTION('',(-0.,-1.,0.));
#13441 = FACE_BOUND('',#13442,.F.);
#13442 = EDGE_LOOP('',(#13443));
#13443 = ORIENTED_EDGE('',*,*,#13444,.T.);
#13444 = EDGE_CURVE('',#13445,#13445,#13447,.T.);
#13445 = VERTEX_POINT('',#13446);
#13446 = CARTESIAN_POINT('',(197.59,-88.,0.));
#13447 = CIRCLE('',#13448,0.5);
#13448 = AXIS2_PLACEMENT_3D('',#13449,#13450,#13451);
#13449 = CARTESIAN_POINT('',(197.59,-87.5,0.));
#13450 = DIRECTION('',(-0.,0.,-1.));
#13451 = DIRECTION('',(-0.,-1.,0.));
#13452 = FACE_BOUND('',#13453,.F.);
#13453 = EDGE_LOOP('',(#13454));
#13454 = ORIENTED_EDGE('',*,*,#13455,.T.);
#13455 = EDGE_CURVE('',#13456,#13456,#13458,.T.);
#13456 = VERTEX_POINT('',#13457);
#13457 = CARTESIAN_POINT('',(200.13,-88.,0.));
#13458 = CIRCLE('',#13459,0.5);
#13459 = AXIS2_PLACEMENT_3D('',#13460,#13461,#13462);
#13460 = CARTESIAN_POINT('',(200.13,-87.5,0.));
#13461 = DIRECTION('',(-0.,0.,-1.));
#13462 = DIRECTION('',(-0.,-1.,0.));
#13463 = FACE_BOUND('',#13464,.F.);
#13464 = EDGE_LOOP('',(#13465));
#13465 = ORIENTED_EDGE('',*,*,#13466,.T.);
#13466 = EDGE_CURVE('',#13467,#13467,#13469,.T.);
#13467 = VERTEX_POINT('',#13468);
#13468 = CARTESIAN_POINT('',(202.67,-88.,0.));
#13469 = CIRCLE('',#13470,0.5);
#13470 = AXIS2_PLACEMENT_3D('',#13471,#13472,#13473);
#13471 = CARTESIAN_POINT('',(202.67,-87.5,0.));
#13472 = DIRECTION('',(-0.,0.,-1.));
#13473 = DIRECTION('',(-0.,-1.,0.));
#13474 = FACE_BOUND('',#13475,.F.);
#13475 = EDGE_LOOP('',(#13476));
#13476 = ORIENTED_EDGE('',*,*,#13477,.T.);
#13477 = EDGE_CURVE('',#13478,#13478,#13480,.T.);
#13478 = VERTEX_POINT('',#13479);
#13479 = CARTESIAN_POINT('',(214.75,-95.54,0.));
#13480 = CIRCLE('',#13481,0.5);
#13481 = AXIS2_PLACEMENT_3D('',#13482,#13483,#13484);
#13482 = CARTESIAN_POINT('',(214.75,-95.04,0.));
#13483 = DIRECTION('',(-0.,0.,-1.));
#13484 = DIRECTION('',(-0.,-1.,0.));
#13485 = FACE_BOUND('',#13486,.F.);
#13486 = EDGE_LOOP('',(#13487));
#13487 = ORIENTED_EDGE('',*,*,#13488,.T.);
#13488 = EDGE_CURVE('',#13489,#13489,#13491,.T.);
#13489 = VERTEX_POINT('',#13490);
#13490 = CARTESIAN_POINT('',(205.21,-88.,0.));
#13491 = CIRCLE('',#13492,0.5);
#13492 = AXIS2_PLACEMENT_3D('',#13493,#13494,#13495);
#13493 = CARTESIAN_POINT('',(205.21,-87.5,0.));
#13494 = DIRECTION('',(-0.,0.,-1.));
#13495 = DIRECTION('',(-0.,-1.,0.));
#13496 = FACE_BOUND('',#13497,.F.);
#13497 = EDGE_LOOP('',(#13498));
#13498 = ORIENTED_EDGE('',*,*,#13499,.T.);
#13499 = EDGE_CURVE('',#13500,#13500,#13502,.T.);
#13500 = VERTEX_POINT('',#13501);
#13501 = CARTESIAN_POINT('',(207.75,-88.,0.));
#13502 = CIRCLE('',#13503,0.5);
#13503 = AXIS2_PLACEMENT_3D('',#13504,#13505,#13506);
#13504 = CARTESIAN_POINT('',(207.75,-87.5,0.));
#13505 = DIRECTION('',(-0.,0.,-1.));
#13506 = DIRECTION('',(-0.,-1.,0.));
#13507 = FACE_BOUND('',#13508,.F.);
#13508 = EDGE_LOOP('',(#13509));
#13509 = ORIENTED_EDGE('',*,*,#13510,.T.);
#13510 = EDGE_CURVE('',#13511,#13511,#13513,.T.);
#13511 = VERTEX_POINT('',#13512);
#13512 = CARTESIAN_POINT('',(214.75,-93.,0.));
#13513 = CIRCLE('',#13514,0.5);
#13514 = AXIS2_PLACEMENT_3D('',#13515,#13516,#13517);
#13515 = CARTESIAN_POINT('',(214.75,-92.5,0.));
#13516 = DIRECTION('',(-0.,0.,-1.));
#13517 = DIRECTION('',(-0.,-1.,0.));
#13518 = FACE_BOUND('',#13519,.F.);
#13519 = EDGE_LOOP('',(#13520));
#13520 = ORIENTED_EDGE('',*,*,#13521,.T.);
#13521 = EDGE_CURVE('',#13522,#13522,#13524,.T.);
#13522 = VERTEX_POINT('',#13523);
#13523 = CARTESIAN_POINT('',(214.75,-90.46,0.));
#13524 = CIRCLE('',#13525,0.5);
#13525 = AXIS2_PLACEMENT_3D('',#13526,#13527,#13528);
#13526 = CARTESIAN_POINT('',(214.75,-89.96,0.));
#13527 = DIRECTION('',(-0.,0.,-1.));
#13528 = DIRECTION('',(-0.,-1.,0.));
#13529 = FACE_BOUND('',#13530,.F.);
#13530 = EDGE_LOOP('',(#13531));
#13531 = ORIENTED_EDGE('',*,*,#13532,.T.);
#13532 = EDGE_CURVE('',#13533,#13533,#13535,.T.);
#13533 = VERTEX_POINT('',#13534);
#13534 = CARTESIAN_POINT('',(214.75,-87.92,0.));
#13535 = CIRCLE('',#13536,0.5);
#13536 = AXIS2_PLACEMENT_3D('',#13537,#13538,#13539);
#13537 = CARTESIAN_POINT('',(214.75,-87.42,0.));
#13538 = DIRECTION('',(-0.,0.,-1.));
#13539 = DIRECTION('',(-0.,-1.,0.));
#13540 = FACE_BOUND('',#13541,.F.);
#13541 = EDGE_LOOP('',(#13542));
#13542 = ORIENTED_EDGE('',*,*,#13543,.T.);
#13543 = EDGE_CURVE('',#13544,#13544,#13546,.T.);
#13544 = VERTEX_POINT('',#13545);
#13545 = CARTESIAN_POINT('',(230.5,-108.94,0.));
#13546 = CIRCLE('',#13547,0.45);
#13547 = AXIS2_PLACEMENT_3D('',#13548,#13549,#13550);
#13548 = CARTESIAN_POINT('',(230.5,-108.49,0.));
#13549 = DIRECTION('',(-0.,0.,-1.));
#13550 = DIRECTION('',(-0.,-1.,0.));
#13551 = FACE_BOUND('',#13552,.F.);
#13552 = EDGE_LOOP('',(#13553));
#13553 = ORIENTED_EDGE('',*,*,#13554,.T.);
#13554 = EDGE_CURVE('',#13555,#13555,#13557,.T.);
#13555 = VERTEX_POINT('',#13556);
#13556 = CARTESIAN_POINT('',(230.5,-106.781,0.));
#13557 = CIRCLE('',#13558,0.45);
#13558 = AXIS2_PLACEMENT_3D('',#13559,#13560,#13561);
#13559 = CARTESIAN_POINT('',(230.5,-106.331,0.));
#13560 = DIRECTION('',(-0.,0.,-1.));
#13561 = DIRECTION('',(-0.,-1.,0.));
#13562 = FACE_BOUND('',#13563,.F.);
#13563 = EDGE_LOOP('',(#13564));
#13564 = ORIENTED_EDGE('',*,*,#13565,.T.);
#13565 = EDGE_CURVE('',#13566,#13566,#13568,.T.);
#13566 = VERTEX_POINT('',#13567);
#13567 = CARTESIAN_POINT('',(230.5,-104.622,0.));
#13568 = CIRCLE('',#13569,0.45);
#13569 = AXIS2_PLACEMENT_3D('',#13570,#13571,#13572);
#13570 = CARTESIAN_POINT('',(230.5,-104.172,0.));
#13571 = DIRECTION('',(-0.,0.,-1.));
#13572 = DIRECTION('',(-0.,-1.,0.));
#13573 = FACE_BOUND('',#13574,.F.);
#13574 = EDGE_LOOP('',(#13575));
#13575 = ORIENTED_EDGE('',*,*,#13576,.T.);
#13576 = EDGE_CURVE('',#13577,#13577,#13579,.T.);
#13577 = VERTEX_POINT('',#13578);
#13578 = CARTESIAN_POINT('',(230.5,-102.463,0.));
#13579 = CIRCLE('',#13580,0.45);
#13580 = AXIS2_PLACEMENT_3D('',#13581,#13582,#13583);
#13581 = CARTESIAN_POINT('',(230.5,-102.013,0.));
#13582 = DIRECTION('',(-0.,0.,-1.));
#13583 = DIRECTION('',(-0.,-1.,0.));
#13584 = FACE_BOUND('',#13585,.F.);
#13585 = EDGE_LOOP('',(#13586));
#13586 = ORIENTED_EDGE('',*,*,#13587,.T.);
#13587 = EDGE_CURVE('',#13588,#13588,#13590,.T.);
#13588 = VERTEX_POINT('',#13589);
#13589 = CARTESIAN_POINT('',(237.25,-110.89,0.));
#13590 = CIRCLE('',#13591,0.4);
#13591 = AXIS2_PLACEMENT_3D('',#13592,#13593,#13594);
#13592 = CARTESIAN_POINT('',(237.25,-110.49,0.));
#13593 = DIRECTION('',(-0.,0.,-1.));
#13594 = DIRECTION('',(-0.,-1.,0.));
#13595 = FACE_BOUND('',#13596,.F.);
#13596 = EDGE_LOOP('',(#13597));
#13597 = ORIENTED_EDGE('',*,*,#13598,.T.);
#13598 = EDGE_CURVE('',#13599,#13599,#13601,.T.);
#13599 = VERTEX_POINT('',#13600);
#13600 = CARTESIAN_POINT('',(237.25,-105.89,0.));
#13601 = CIRCLE('',#13602,0.4);
#13602 = AXIS2_PLACEMENT_3D('',#13603,#13604,#13605);
#13603 = CARTESIAN_POINT('',(237.25,-105.49,0.));
#13604 = DIRECTION('',(-0.,0.,-1.));
#13605 = DIRECTION('',(-0.,-1.,0.));
#13606 = FACE_BOUND('',#13607,.F.);
#13607 = EDGE_LOOP('',(#13608));
#13608 = ORIENTED_EDGE('',*,*,#13609,.T.);
#13609 = EDGE_CURVE('',#13610,#13610,#13612,.T.);
#13610 = VERTEX_POINT('',#13611);
#13611 = CARTESIAN_POINT('',(247.41,-110.89,0.));
#13612 = CIRCLE('',#13613,0.4);
#13613 = AXIS2_PLACEMENT_3D('',#13614,#13615,#13616);
#13614 = CARTESIAN_POINT('',(247.41,-110.49,0.));
#13615 = DIRECTION('',(-0.,0.,-1.));
#13616 = DIRECTION('',(-0.,-1.,0.));
#13617 = FACE_BOUND('',#13618,.F.);
#13618 = EDGE_LOOP('',(#13619));
#13619 = ORIENTED_EDGE('',*,*,#13620,.T.);
#13620 = EDGE_CURVE('',#13621,#13621,#13623,.T.);
#13621 = VERTEX_POINT('',#13622);
#13622 = CARTESIAN_POINT('',(247.41,-105.89,0.));
#13623 = CIRCLE('',#13624,0.4);
#13624 = AXIS2_PLACEMENT_3D('',#13625,#13626,#13627);
#13625 = CARTESIAN_POINT('',(247.41,-105.49,0.));
#13626 = DIRECTION('',(-0.,0.,-1.));
#13627 = DIRECTION('',(-0.,-1.,0.));
#13628 = FACE_BOUND('',#13629,.F.);
#13629 = EDGE_LOOP('',(#13630));
#13630 = ORIENTED_EDGE('',*,*,#13631,.T.);
#13631 = EDGE_CURVE('',#13632,#13632,#13634,.T.);
#13632 = VERTEX_POINT('',#13633);
#13633 = CARTESIAN_POINT('',(237.25,-100.89,0.));
#13634 = CIRCLE('',#13635,0.4);
#13635 = AXIS2_PLACEMENT_3D('',#13636,#13637,#13638);
#13636 = CARTESIAN_POINT('',(237.25,-100.49,0.));
#13637 = DIRECTION('',(-0.,0.,-1.));
#13638 = DIRECTION('',(-0.,-1.,0.));
#13639 = FACE_BOUND('',#13640,.F.);
#13640 = EDGE_LOOP('',(#13641));
#13641 = ORIENTED_EDGE('',*,*,#13642,.T.);
#13642 = EDGE_CURVE('',#13643,#13643,#13645,.T.);
#13643 = VERTEX_POINT('',#13644);
#13644 = CARTESIAN_POINT('',(247.41,-100.89,0.));
#13645 = CIRCLE('',#13646,0.4);
#13646 = AXIS2_PLACEMENT_3D('',#13647,#13648,#13649);
#13647 = CARTESIAN_POINT('',(247.41,-100.49,0.));
#13648 = DIRECTION('',(-0.,0.,-1.));
#13649 = DIRECTION('',(-0.,-1.,0.));
#13650 = PLANE('',#13651);
#13651 = AXIS2_PLACEMENT_3D('',#13652,#13653,#13654);
#13652 = CARTESIAN_POINT('',(0.,0.,0.));
#13653 = DIRECTION('',(0.,0.,1.));
#13654 = DIRECTION('',(1.,0.,-0.));
#13655 = ADVANCED_FACE('',(#13656,#13667,#13678,#13689,#13700,#13711,
    #13722,#13733,#13744,#13755,#13766,#13777,#13788,#13799,#13810,
    #13821,#13832,#13843,#13854,#13865,#13876,#13887,#13898,#13909,
    #13920,#13931,#13942,#13953,#13964,#13975,#13986,#13997,#14008,
    #14019,#14030,#14041,#14052,#14063,#14074,#14085,#14096,#14107,
    #14118,#14129,#14140,#14151),#14162,.T.);
#13656 = FACE_BOUND('',#13657,.T.);
#13657 = EDGE_LOOP('',(#13658,#13659,#13660,#13666));
#13658 = ORIENTED_EDGE('',*,*,#13055,.F.);
#13659 = ORIENTED_EDGE('',*,*,#13095,.F.);
#13660 = ORIENTED_EDGE('',*,*,#13661,.F.);
#13661 = EDGE_CURVE('',#13118,#13088,#13662,.T.);
#13662 = LINE('',#13663,#13664);
#13663 = CARTESIAN_POINT('',(184.5,-82.05,1.51));
#13664 = VECTOR('',#13665,1.);
#13665 = DIRECTION('',(1.,0.,0.));
#13666 = ORIENTED_EDGE('',*,*,#13117,.F.);
#13667 = FACE_BOUND('',#13668,.T.);
#13668 = EDGE_LOOP('',(#13669));
#13669 = ORIENTED_EDGE('',*,*,#13670,.T.);
#13670 = EDGE_CURVE('',#13671,#13671,#13673,.T.);
#13671 = VERTEX_POINT('',#13672);
#13672 = CARTESIAN_POINT('',(189.75,-127.79,1.51));
#13673 = CIRCLE('',#13674,0.5);
#13674 = AXIS2_PLACEMENT_3D('',#13675,#13676,#13677);
#13675 = CARTESIAN_POINT('',(189.75,-127.29,1.51));
#13676 = DIRECTION('',(-0.,0.,-1.));
#13677 = DIRECTION('',(-0.,-1.,0.));
#13678 = FACE_BOUND('',#13679,.T.);
#13679 = EDGE_LOOP('',(#13680));
#13680 = ORIENTED_EDGE('',*,*,#13681,.T.);
#13681 = EDGE_CURVE('',#13682,#13682,#13684,.T.);
#13682 = VERTEX_POINT('',#13683);
#13683 = CARTESIAN_POINT('',(189.75,-125.25,1.51));
#13684 = CIRCLE('',#13685,0.5);
#13685 = AXIS2_PLACEMENT_3D('',#13686,#13687,#13688);
#13686 = CARTESIAN_POINT('',(189.75,-124.75,1.51));
#13687 = DIRECTION('',(-0.,0.,-1.));
#13688 = DIRECTION('',(-0.,-1.,0.));
#13689 = FACE_BOUND('',#13690,.T.);
#13690 = EDGE_LOOP('',(#13691));
#13691 = ORIENTED_EDGE('',*,*,#13692,.T.);
#13692 = EDGE_CURVE('',#13693,#13693,#13695,.T.);
#13693 = VERTEX_POINT('',#13694);
#13694 = CARTESIAN_POINT('',(189.75,-122.71,1.51));
#13695 = CIRCLE('',#13696,0.5);
#13696 = AXIS2_PLACEMENT_3D('',#13697,#13698,#13699);
#13697 = CARTESIAN_POINT('',(189.75,-122.21,1.51));
#13698 = DIRECTION('',(-0.,0.,-1.));
#13699 = DIRECTION('',(-0.,-1.,0.));
#13700 = FACE_BOUND('',#13701,.T.);
#13701 = EDGE_LOOP('',(#13702));
#13702 = ORIENTED_EDGE('',*,*,#13703,.T.);
#13703 = EDGE_CURVE('',#13704,#13704,#13706,.T.);
#13704 = VERTEX_POINT('',#13705);
#13705 = CARTESIAN_POINT('',(189.75,-120.17,1.51));
#13706 = CIRCLE('',#13707,0.5);
#13707 = AXIS2_PLACEMENT_3D('',#13708,#13709,#13710);
#13708 = CARTESIAN_POINT('',(189.75,-119.67,1.51));
#13709 = DIRECTION('',(-0.,0.,-1.));
#13710 = DIRECTION('',(-0.,-1.,0.));
#13711 = FACE_BOUND('',#13712,.T.);
#13712 = EDGE_LOOP('',(#13713));
#13713 = ORIENTED_EDGE('',*,*,#13714,.T.);
#13714 = EDGE_CURVE('',#13715,#13715,#13717,.T.);
#13715 = VERTEX_POINT('',#13716);
#13716 = CARTESIAN_POINT('',(189.75,-117.63,1.51));
#13717 = CIRCLE('',#13718,0.5);
#13718 = AXIS2_PLACEMENT_3D('',#13719,#13720,#13721);
#13719 = CARTESIAN_POINT('',(189.75,-117.13,1.51));
#13720 = DIRECTION('',(-0.,0.,-1.));
#13721 = DIRECTION('',(-0.,-1.,0.));
#13722 = FACE_BOUND('',#13723,.T.);
#13723 = EDGE_LOOP('',(#13724));
#13724 = ORIENTED_EDGE('',*,*,#13725,.T.);
#13725 = EDGE_CURVE('',#13726,#13726,#13728,.T.);
#13726 = VERTEX_POINT('',#13727);
#13727 = CARTESIAN_POINT('',(237.75,-135.4,1.51));
#13728 = CIRCLE('',#13729,0.4);
#13729 = AXIS2_PLACEMENT_3D('',#13730,#13731,#13732);
#13730 = CARTESIAN_POINT('',(237.75,-135.,1.51));
#13731 = DIRECTION('',(-0.,0.,-1.));
#13732 = DIRECTION('',(-0.,-1.,0.));
#13733 = FACE_BOUND('',#13734,.T.);
#13734 = EDGE_LOOP('',(#13735));
#13735 = ORIENTED_EDGE('',*,*,#13736,.T.);
#13736 = EDGE_CURVE('',#13737,#13737,#13739,.T.);
#13737 = VERTEX_POINT('',#13738);
#13738 = CARTESIAN_POINT('',(242.75,-133.8,1.51));
#13739 = CIRCLE('',#13740,0.55);
#13740 = AXIS2_PLACEMENT_3D('',#13741,#13742,#13743);
#13741 = CARTESIAN_POINT('',(242.75,-133.25,1.51));
#13742 = DIRECTION('',(-0.,0.,-1.));
#13743 = DIRECTION('',(-0.,-1.,0.));
#13744 = FACE_BOUND('',#13745,.T.);
#13745 = EDGE_LOOP('',(#13746));
#13746 = ORIENTED_EDGE('',*,*,#13747,.T.);
#13747 = EDGE_CURVE('',#13748,#13748,#13750,.T.);
#13748 = VERTEX_POINT('',#13749);
#13749 = CARTESIAN_POINT('',(249.25,-133.8,1.51));
#13750 = CIRCLE('',#13751,0.55);
#13751 = AXIS2_PLACEMENT_3D('',#13752,#13753,#13754);
#13752 = CARTESIAN_POINT('',(249.25,-133.25,1.51));
#13753 = DIRECTION('',(-0.,0.,-1.));
#13754 = DIRECTION('',(-0.,-1.,0.));
#13755 = FACE_BOUND('',#13756,.T.);
#13756 = EDGE_LOOP('',(#13757));
#13757 = ORIENTED_EDGE('',*,*,#13758,.T.);
#13758 = EDGE_CURVE('',#13759,#13759,#13761,.T.);
#13759 = VERTEX_POINT('',#13760);
#13760 = CARTESIAN_POINT('',(237.75,-127.78,1.51));
#13761 = CIRCLE('',#13762,0.4);
#13762 = AXIS2_PLACEMENT_3D('',#13763,#13764,#13765);
#13763 = CARTESIAN_POINT('',(237.75,-127.38,1.51));
#13764 = DIRECTION('',(-0.,0.,-1.));
#13765 = DIRECTION('',(-0.,-1.,0.));
#13766 = FACE_BOUND('',#13767,.T.);
#13767 = EDGE_LOOP('',(#13768));
#13768 = ORIENTED_EDGE('',*,*,#13769,.T.);
#13769 = EDGE_CURVE('',#13770,#13770,#13772,.T.);
#13770 = VERTEX_POINT('',#13771);
#13771 = CARTESIAN_POINT('',(237.75,-123.71,1.51));
#13772 = CIRCLE('',#13773,0.4);
#13773 = AXIS2_PLACEMENT_3D('',#13774,#13775,#13776);
#13774 = CARTESIAN_POINT('',(237.75,-123.31,1.51));
#13775 = DIRECTION('',(-0.,0.,-1.));
#13776 = DIRECTION('',(-0.,-1.,0.));
#13777 = FACE_BOUND('',#13778,.T.);
#13778 = EDGE_LOOP('',(#13779));
#13779 = ORIENTED_EDGE('',*,*,#13780,.T.);
#13780 = EDGE_CURVE('',#13781,#13781,#13783,.T.);
#13781 = VERTEX_POINT('',#13782);
#13782 = CARTESIAN_POINT('',(242.75,-129.3,1.51));
#13783 = CIRCLE('',#13784,0.55);
#13784 = AXIS2_PLACEMENT_3D('',#13785,#13786,#13787);
#13785 = CARTESIAN_POINT('',(242.75,-128.75,1.51));
#13786 = DIRECTION('',(-0.,0.,-1.));
#13787 = DIRECTION('',(-0.,-1.,0.));
#13788 = FACE_BOUND('',#13789,.T.);
#13789 = EDGE_LOOP('',(#13790));
#13790 = ORIENTED_EDGE('',*,*,#13791,.T.);
#13791 = EDGE_CURVE('',#13792,#13792,#13794,.T.);
#13792 = VERTEX_POINT('',#13793);
#13793 = CARTESIAN_POINT('',(249.25,-129.3,1.51));
#13794 = CIRCLE('',#13795,0.55);
#13795 = AXIS2_PLACEMENT_3D('',#13796,#13797,#13798);
#13796 = CARTESIAN_POINT('',(249.25,-128.75,1.51));
#13797 = DIRECTION('',(-0.,0.,-1.));
#13798 = DIRECTION('',(-0.,-1.,0.));
#13799 = FACE_BOUND('',#13800,.T.);
#13800 = EDGE_LOOP('',(#13801));
#13801 = ORIENTED_EDGE('',*,*,#13802,.T.);
#13802 = EDGE_CURVE('',#13803,#13803,#13805,.T.);
#13803 = VERTEX_POINT('',#13804);
#13804 = CARTESIAN_POINT('',(242.75,-122.3,1.51));
#13805 = CIRCLE('',#13806,0.55);
#13806 = AXIS2_PLACEMENT_3D('',#13807,#13808,#13809);
#13807 = CARTESIAN_POINT('',(242.75,-121.75,1.51));
#13808 = DIRECTION('',(-0.,0.,-1.));
#13809 = DIRECTION('',(-0.,-1.,0.));
#13810 = FACE_BOUND('',#13811,.T.);
#13811 = EDGE_LOOP('',(#13812));
#13812 = ORIENTED_EDGE('',*,*,#13813,.T.);
#13813 = EDGE_CURVE('',#13814,#13814,#13816,.T.);
#13814 = VERTEX_POINT('',#13815);
#13815 = CARTESIAN_POINT('',(249.25,-122.3,1.51));
#13816 = CIRCLE('',#13817,0.55);
#13817 = AXIS2_PLACEMENT_3D('',#13818,#13819,#13820);
#13818 = CARTESIAN_POINT('',(249.25,-121.75,1.51));
#13819 = DIRECTION('',(-0.,0.,-1.));
#13820 = DIRECTION('',(-0.,-1.,0.));
#13821 = FACE_BOUND('',#13822,.T.);
#13822 = EDGE_LOOP('',(#13823));
#13823 = ORIENTED_EDGE('',*,*,#13824,.T.);
#13824 = EDGE_CURVE('',#13825,#13825,#13827,.T.);
#13825 = VERTEX_POINT('',#13826);
#13826 = CARTESIAN_POINT('',(242.75,-117.8,1.51));
#13827 = CIRCLE('',#13828,0.55);
#13828 = AXIS2_PLACEMENT_3D('',#13829,#13830,#13831);
#13829 = CARTESIAN_POINT('',(242.75,-117.25,1.51));
#13830 = DIRECTION('',(-0.,0.,-1.));
#13831 = DIRECTION('',(-0.,-1.,0.));
#13832 = FACE_BOUND('',#13833,.T.);
#13833 = EDGE_LOOP('',(#13834));
#13834 = ORIENTED_EDGE('',*,*,#13835,.T.);
#13835 = EDGE_CURVE('',#13836,#13836,#13838,.T.);
#13836 = VERTEX_POINT('',#13837);
#13837 = CARTESIAN_POINT('',(249.25,-117.8,1.51));
#13838 = CIRCLE('',#13839,0.55);
#13839 = AXIS2_PLACEMENT_3D('',#13840,#13841,#13842);
#13840 = CARTESIAN_POINT('',(249.25,-117.25,1.51));
#13841 = DIRECTION('',(-0.,0.,-1.));
#13842 = DIRECTION('',(-0.,-1.,0.));
#13843 = FACE_BOUND('',#13844,.T.);
#13844 = EDGE_LOOP('',(#13845));
#13845 = ORIENTED_EDGE('',*,*,#13846,.T.);
#13846 = EDGE_CURVE('',#13847,#13847,#13849,.T.);
#13847 = VERTEX_POINT('',#13848);
#13848 = CARTESIAN_POINT('',(237.75,-116.09,1.51));
#13849 = CIRCLE('',#13850,0.4);
#13850 = AXIS2_PLACEMENT_3D('',#13851,#13852,#13853);
#13851 = CARTESIAN_POINT('',(237.75,-115.69,1.51));
#13852 = DIRECTION('',(-0.,0.,-1.));
#13853 = DIRECTION('',(-0.,-1.,0.));
#13854 = FACE_BOUND('',#13855,.T.);
#13855 = EDGE_LOOP('',(#13856));
#13856 = ORIENTED_EDGE('',*,*,#13857,.T.);
#13857 = EDGE_CURVE('',#13858,#13858,#13860,.T.);
#13858 = VERTEX_POINT('',#13859);
#13859 = CARTESIAN_POINT('',(192.51,-103.25,1.51));
#13860 = CIRCLE('',#13861,0.5);
#13861 = AXIS2_PLACEMENT_3D('',#13862,#13863,#13864);
#13862 = CARTESIAN_POINT('',(192.51,-102.75,1.51));
#13863 = DIRECTION('',(-0.,0.,-1.));
#13864 = DIRECTION('',(-0.,-1.,0.));
#13865 = FACE_BOUND('',#13866,.T.);
#13866 = EDGE_LOOP('',(#13867));
#13867 = ORIENTED_EDGE('',*,*,#13868,.T.);
#13868 = EDGE_CURVE('',#13869,#13869,#13871,.T.);
#13869 = VERTEX_POINT('',#13870);
#13870 = CARTESIAN_POINT('',(195.05,-103.25,1.51));
#13871 = CIRCLE('',#13872,0.5);
#13872 = AXIS2_PLACEMENT_3D('',#13873,#13874,#13875);
#13873 = CARTESIAN_POINT('',(195.05,-102.75,1.51));
#13874 = DIRECTION('',(-0.,0.,-1.));
#13875 = DIRECTION('',(-0.,-1.,0.));
#13876 = FACE_BOUND('',#13877,.T.);
#13877 = EDGE_LOOP('',(#13878));
#13878 = ORIENTED_EDGE('',*,*,#13879,.T.);
#13879 = EDGE_CURVE('',#13880,#13880,#13882,.T.);
#13880 = VERTEX_POINT('',#13881);
#13881 = CARTESIAN_POINT('',(197.59,-103.25,1.51));
#13882 = CIRCLE('',#13883,0.5);
#13883 = AXIS2_PLACEMENT_3D('',#13884,#13885,#13886);
#13884 = CARTESIAN_POINT('',(197.59,-102.75,1.51));
#13885 = DIRECTION('',(-0.,0.,-1.));
#13886 = DIRECTION('',(-0.,-1.,0.));
#13887 = FACE_BOUND('',#13888,.T.);
#13888 = EDGE_LOOP('',(#13889));
#13889 = ORIENTED_EDGE('',*,*,#13890,.T.);
#13890 = EDGE_CURVE('',#13891,#13891,#13893,.T.);
#13891 = VERTEX_POINT('',#13892);
#13892 = CARTESIAN_POINT('',(200.13,-103.25,1.51));
#13893 = CIRCLE('',#13894,0.5);
#13894 = AXIS2_PLACEMENT_3D('',#13895,#13896,#13897);
#13895 = CARTESIAN_POINT('',(200.13,-102.75,1.51));
#13896 = DIRECTION('',(-0.,0.,-1.));
#13897 = DIRECTION('',(-0.,-1.,0.));
#13898 = FACE_BOUND('',#13899,.T.);
#13899 = EDGE_LOOP('',(#13900));
#13900 = ORIENTED_EDGE('',*,*,#13901,.T.);
#13901 = EDGE_CURVE('',#13902,#13902,#13904,.T.);
#13902 = VERTEX_POINT('',#13903);
#13903 = CARTESIAN_POINT('',(202.67,-103.25,1.51));
#13904 = CIRCLE('',#13905,0.5);
#13905 = AXIS2_PLACEMENT_3D('',#13906,#13907,#13908);
#13906 = CARTESIAN_POINT('',(202.67,-102.75,1.51));
#13907 = DIRECTION('',(-0.,0.,-1.));
#13908 = DIRECTION('',(-0.,-1.,0.));
#13909 = FACE_BOUND('',#13910,.T.);
#13910 = EDGE_LOOP('',(#13911));
#13911 = ORIENTED_EDGE('',*,*,#13912,.T.);
#13912 = EDGE_CURVE('',#13913,#13913,#13915,.T.);
#13913 = VERTEX_POINT('',#13914);
#13914 = CARTESIAN_POINT('',(205.21,-103.25,1.51));
#13915 = CIRCLE('',#13916,0.5);
#13916 = AXIS2_PLACEMENT_3D('',#13917,#13918,#13919);
#13917 = CARTESIAN_POINT('',(205.21,-102.75,1.51));
#13918 = DIRECTION('',(-0.,0.,-1.));
#13919 = DIRECTION('',(-0.,-1.,0.));
#13920 = FACE_BOUND('',#13921,.T.);
#13921 = EDGE_LOOP('',(#13922));
#13922 = ORIENTED_EDGE('',*,*,#13923,.T.);
#13923 = EDGE_CURVE('',#13924,#13924,#13926,.T.);
#13924 = VERTEX_POINT('',#13925);
#13925 = CARTESIAN_POINT('',(207.75,-103.25,1.51));
#13926 = CIRCLE('',#13927,0.5);
#13927 = AXIS2_PLACEMENT_3D('',#13928,#13929,#13930);
#13928 = CARTESIAN_POINT('',(207.75,-102.75,1.51));
#13929 = DIRECTION('',(-0.,0.,-1.));
#13930 = DIRECTION('',(-0.,-1.,0.));
#13931 = FACE_BOUND('',#13932,.T.);
#13932 = EDGE_LOOP('',(#13933));
#13933 = ORIENTED_EDGE('',*,*,#13934,.T.);
#13934 = EDGE_CURVE('',#13935,#13935,#13937,.T.);
#13935 = VERTEX_POINT('',#13936);
#13936 = CARTESIAN_POINT('',(192.51,-88.,1.51));
#13937 = CIRCLE('',#13938,0.5);
#13938 = AXIS2_PLACEMENT_3D('',#13939,#13940,#13941);
#13939 = CARTESIAN_POINT('',(192.51,-87.5,1.51));
#13940 = DIRECTION('',(-0.,0.,-1.));
#13941 = DIRECTION('',(-0.,-1.,0.));
#13942 = FACE_BOUND('',#13943,.T.);
#13943 = EDGE_LOOP('',(#13944));
#13944 = ORIENTED_EDGE('',*,*,#13945,.T.);
#13945 = EDGE_CURVE('',#13946,#13946,#13948,.T.);
#13946 = VERTEX_POINT('',#13947);
#13947 = CARTESIAN_POINT('',(195.05,-88.,1.51));
#13948 = CIRCLE('',#13949,0.5);
#13949 = AXIS2_PLACEMENT_3D('',#13950,#13951,#13952);
#13950 = CARTESIAN_POINT('',(195.05,-87.5,1.51));
#13951 = DIRECTION('',(-0.,0.,-1.));
#13952 = DIRECTION('',(-0.,-1.,0.));
#13953 = FACE_BOUND('',#13954,.T.);
#13954 = EDGE_LOOP('',(#13955));
#13955 = ORIENTED_EDGE('',*,*,#13956,.T.);
#13956 = EDGE_CURVE('',#13957,#13957,#13959,.T.);
#13957 = VERTEX_POINT('',#13958);
#13958 = CARTESIAN_POINT('',(197.59,-88.,1.51));
#13959 = CIRCLE('',#13960,0.5);
#13960 = AXIS2_PLACEMENT_3D('',#13961,#13962,#13963);
#13961 = CARTESIAN_POINT('',(197.59,-87.5,1.51));
#13962 = DIRECTION('',(-0.,0.,-1.));
#13963 = DIRECTION('',(-0.,-1.,0.));
#13964 = FACE_BOUND('',#13965,.T.);
#13965 = EDGE_LOOP('',(#13966));
#13966 = ORIENTED_EDGE('',*,*,#13967,.T.);
#13967 = EDGE_CURVE('',#13968,#13968,#13970,.T.);
#13968 = VERTEX_POINT('',#13969);
#13969 = CARTESIAN_POINT('',(200.13,-88.,1.51));
#13970 = CIRCLE('',#13971,0.5);
#13971 = AXIS2_PLACEMENT_3D('',#13972,#13973,#13974);
#13972 = CARTESIAN_POINT('',(200.13,-87.5,1.51));
#13973 = DIRECTION('',(-0.,0.,-1.));
#13974 = DIRECTION('',(-0.,-1.,0.));
#13975 = FACE_BOUND('',#13976,.T.);
#13976 = EDGE_LOOP('',(#13977));
#13977 = ORIENTED_EDGE('',*,*,#13978,.T.);
#13978 = EDGE_CURVE('',#13979,#13979,#13981,.T.);
#13979 = VERTEX_POINT('',#13980);
#13980 = CARTESIAN_POINT('',(202.67,-88.,1.51));
#13981 = CIRCLE('',#13982,0.5);
#13982 = AXIS2_PLACEMENT_3D('',#13983,#13984,#13985);
#13983 = CARTESIAN_POINT('',(202.67,-87.5,1.51));
#13984 = DIRECTION('',(-0.,0.,-1.));
#13985 = DIRECTION('',(-0.,-1.,0.));
#13986 = FACE_BOUND('',#13987,.T.);
#13987 = EDGE_LOOP('',(#13988));
#13988 = ORIENTED_EDGE('',*,*,#13989,.T.);
#13989 = EDGE_CURVE('',#13990,#13990,#13992,.T.);
#13990 = VERTEX_POINT('',#13991);
#13991 = CARTESIAN_POINT('',(214.75,-95.54,1.51));
#13992 = CIRCLE('',#13993,0.5);
#13993 = AXIS2_PLACEMENT_3D('',#13994,#13995,#13996);
#13994 = CARTESIAN_POINT('',(214.75,-95.04,1.51));
#13995 = DIRECTION('',(-0.,0.,-1.));
#13996 = DIRECTION('',(-0.,-1.,0.));
#13997 = FACE_BOUND('',#13998,.T.);
#13998 = EDGE_LOOP('',(#13999));
#13999 = ORIENTED_EDGE('',*,*,#14000,.T.);
#14000 = EDGE_CURVE('',#14001,#14001,#14003,.T.);
#14001 = VERTEX_POINT('',#14002);
#14002 = CARTESIAN_POINT('',(205.21,-88.,1.51));
#14003 = CIRCLE('',#14004,0.5);
#14004 = AXIS2_PLACEMENT_3D('',#14005,#14006,#14007);
#14005 = CARTESIAN_POINT('',(205.21,-87.5,1.51));
#14006 = DIRECTION('',(-0.,0.,-1.));
#14007 = DIRECTION('',(-0.,-1.,0.));
#14008 = FACE_BOUND('',#14009,.T.);
#14009 = EDGE_LOOP('',(#14010));
#14010 = ORIENTED_EDGE('',*,*,#14011,.T.);
#14011 = EDGE_CURVE('',#14012,#14012,#14014,.T.);
#14012 = VERTEX_POINT('',#14013);
#14013 = CARTESIAN_POINT('',(207.75,-88.,1.51));
#14014 = CIRCLE('',#14015,0.5);
#14015 = AXIS2_PLACEMENT_3D('',#14016,#14017,#14018);
#14016 = CARTESIAN_POINT('',(207.75,-87.5,1.51));
#14017 = DIRECTION('',(-0.,0.,-1.));
#14018 = DIRECTION('',(-0.,-1.,0.));
#14019 = FACE_BOUND('',#14020,.T.);
#14020 = EDGE_LOOP('',(#14021));
#14021 = ORIENTED_EDGE('',*,*,#14022,.T.);
#14022 = EDGE_CURVE('',#14023,#14023,#14025,.T.);
#14023 = VERTEX_POINT('',#14024);
#14024 = CARTESIAN_POINT('',(214.75,-93.,1.51));
#14025 = CIRCLE('',#14026,0.5);
#14026 = AXIS2_PLACEMENT_3D('',#14027,#14028,#14029);
#14027 = CARTESIAN_POINT('',(214.75,-92.5,1.51));
#14028 = DIRECTION('',(-0.,0.,-1.));
#14029 = DIRECTION('',(-0.,-1.,0.));
#14030 = FACE_BOUND('',#14031,.T.);
#14031 = EDGE_LOOP('',(#14032));
#14032 = ORIENTED_EDGE('',*,*,#14033,.T.);
#14033 = EDGE_CURVE('',#14034,#14034,#14036,.T.);
#14034 = VERTEX_POINT('',#14035);
#14035 = CARTESIAN_POINT('',(214.75,-90.46,1.51));
#14036 = CIRCLE('',#14037,0.5);
#14037 = AXIS2_PLACEMENT_3D('',#14038,#14039,#14040);
#14038 = CARTESIAN_POINT('',(214.75,-89.96,1.51));
#14039 = DIRECTION('',(-0.,0.,-1.));
#14040 = DIRECTION('',(-0.,-1.,0.));
#14041 = FACE_BOUND('',#14042,.T.);
#14042 = EDGE_LOOP('',(#14043));
#14043 = ORIENTED_EDGE('',*,*,#14044,.T.);
#14044 = EDGE_CURVE('',#14045,#14045,#14047,.T.);
#14045 = VERTEX_POINT('',#14046);
#14046 = CARTESIAN_POINT('',(214.75,-87.92,1.51));
#14047 = CIRCLE('',#14048,0.5);
#14048 = AXIS2_PLACEMENT_3D('',#14049,#14050,#14051);
#14049 = CARTESIAN_POINT('',(214.75,-87.42,1.51));
#14050 = DIRECTION('',(-0.,0.,-1.));
#14051 = DIRECTION('',(-0.,-1.,0.));
#14052 = FACE_BOUND('',#14053,.T.);
#14053 = EDGE_LOOP('',(#14054));
#14054 = ORIENTED_EDGE('',*,*,#14055,.T.);
#14055 = EDGE_CURVE('',#14056,#14056,#14058,.T.);
#14056 = VERTEX_POINT('',#14057);
#14057 = CARTESIAN_POINT('',(230.5,-108.94,1.51));
#14058 = CIRCLE('',#14059,0.45);
#14059 = AXIS2_PLACEMENT_3D('',#14060,#14061,#14062);
#14060 = CARTESIAN_POINT('',(230.5,-108.49,1.51));
#14061 = DIRECTION('',(-0.,0.,-1.));
#14062 = DIRECTION('',(-0.,-1.,0.));
#14063 = FACE_BOUND('',#14064,.T.);
#14064 = EDGE_LOOP('',(#14065));
#14065 = ORIENTED_EDGE('',*,*,#14066,.T.);
#14066 = EDGE_CURVE('',#14067,#14067,#14069,.T.);
#14067 = VERTEX_POINT('',#14068);
#14068 = CARTESIAN_POINT('',(230.5,-106.781,1.51));
#14069 = CIRCLE('',#14070,0.45);
#14070 = AXIS2_PLACEMENT_3D('',#14071,#14072,#14073);
#14071 = CARTESIAN_POINT('',(230.5,-106.331,1.51));
#14072 = DIRECTION('',(-0.,0.,-1.));
#14073 = DIRECTION('',(-0.,-1.,0.));
#14074 = FACE_BOUND('',#14075,.T.);
#14075 = EDGE_LOOP('',(#14076));
#14076 = ORIENTED_EDGE('',*,*,#14077,.T.);
#14077 = EDGE_CURVE('',#14078,#14078,#14080,.T.);
#14078 = VERTEX_POINT('',#14079);
#14079 = CARTESIAN_POINT('',(230.5,-104.622,1.51));
#14080 = CIRCLE('',#14081,0.45);
#14081 = AXIS2_PLACEMENT_3D('',#14082,#14083,#14084);
#14082 = CARTESIAN_POINT('',(230.5,-104.172,1.51));
#14083 = DIRECTION('',(-0.,0.,-1.));
#14084 = DIRECTION('',(-0.,-1.,0.));
#14085 = FACE_BOUND('',#14086,.T.);
#14086 = EDGE_LOOP('',(#14087));
#14087 = ORIENTED_EDGE('',*,*,#14088,.T.);
#14088 = EDGE_CURVE('',#14089,#14089,#14091,.T.);
#14089 = VERTEX_POINT('',#14090);
#14090 = CARTESIAN_POINT('',(230.5,-102.463,1.51));
#14091 = CIRCLE('',#14092,0.45);
#14092 = AXIS2_PLACEMENT_3D('',#14093,#14094,#14095);
#14093 = CARTESIAN_POINT('',(230.5,-102.013,1.51));
#14094 = DIRECTION('',(-0.,0.,-1.));
#14095 = DIRECTION('',(-0.,-1.,0.));
#14096 = FACE_BOUND('',#14097,.T.);
#14097 = EDGE_LOOP('',(#14098));
#14098 = ORIENTED_EDGE('',*,*,#14099,.T.);
#14099 = EDGE_CURVE('',#14100,#14100,#14102,.T.);
#14100 = VERTEX_POINT('',#14101);
#14101 = CARTESIAN_POINT('',(237.25,-110.89,1.51));
#14102 = CIRCLE('',#14103,0.4);
#14103 = AXIS2_PLACEMENT_3D('',#14104,#14105,#14106);
#14104 = CARTESIAN_POINT('',(237.25,-110.49,1.51));
#14105 = DIRECTION('',(-0.,0.,-1.));
#14106 = DIRECTION('',(-0.,-1.,0.));
#14107 = FACE_BOUND('',#14108,.T.);
#14108 = EDGE_LOOP('',(#14109));
#14109 = ORIENTED_EDGE('',*,*,#14110,.T.);
#14110 = EDGE_CURVE('',#14111,#14111,#14113,.T.);
#14111 = VERTEX_POINT('',#14112);
#14112 = CARTESIAN_POINT('',(237.25,-105.89,1.51));
#14113 = CIRCLE('',#14114,0.4);
#14114 = AXIS2_PLACEMENT_3D('',#14115,#14116,#14117);
#14115 = CARTESIAN_POINT('',(237.25,-105.49,1.51));
#14116 = DIRECTION('',(-0.,0.,-1.));
#14117 = DIRECTION('',(-0.,-1.,0.));
#14118 = FACE_BOUND('',#14119,.T.);
#14119 = EDGE_LOOP('',(#14120));
#14120 = ORIENTED_EDGE('',*,*,#14121,.T.);
#14121 = EDGE_CURVE('',#14122,#14122,#14124,.T.);
#14122 = VERTEX_POINT('',#14123);
#14123 = CARTESIAN_POINT('',(247.41,-110.89,1.51));
#14124 = CIRCLE('',#14125,0.4);
#14125 = AXIS2_PLACEMENT_3D('',#14126,#14127,#14128);
#14126 = CARTESIAN_POINT('',(247.41,-110.49,1.51));
#14127 = DIRECTION('',(-0.,0.,-1.));
#14128 = DIRECTION('',(-0.,-1.,0.));
#14129 = FACE_BOUND('',#14130,.T.);
#14130 = EDGE_LOOP('',(#14131));
#14131 = ORIENTED_EDGE('',*,*,#14132,.T.);
#14132 = EDGE_CURVE('',#14133,#14133,#14135,.T.);
#14133 = VERTEX_POINT('',#14134);
#14134 = CARTESIAN_POINT('',(247.41,-105.89,1.51));
#14135 = CIRCLE('',#14136,0.4);
#14136 = AXIS2_PLACEMENT_3D('',#14137,#14138,#14139);
#14137 = CARTESIAN_POINT('',(247.41,-105.49,1.51));
#14138 = DIRECTION('',(-0.,0.,-1.));
#14139 = DIRECTION('',(-0.,-1.,0.));
#14140 = FACE_BOUND('',#14141,.T.);
#14141 = EDGE_LOOP('',(#14142));
#14142 = ORIENTED_EDGE('',*,*,#14143,.T.);
#14143 = EDGE_CURVE('',#14144,#14144,#14146,.T.);
#14144 = VERTEX_POINT('',#14145);
#14145 = CARTESIAN_POINT('',(237.25,-100.89,1.51));
#14146 = CIRCLE('',#14147,0.4);
#14147 = AXIS2_PLACEMENT_3D('',#14148,#14149,#14150);
#14148 = CARTESIAN_POINT('',(237.25,-100.49,1.51));
#14149 = DIRECTION('',(-0.,0.,-1.));
#14150 = DIRECTION('',(-0.,-1.,0.));
#14151 = FACE_BOUND('',#14152,.T.);
#14152 = EDGE_LOOP('',(#14153));
#14153 = ORIENTED_EDGE('',*,*,#14154,.T.);
#14154 = EDGE_CURVE('',#14155,#14155,#14157,.T.);
#14155 = VERTEX_POINT('',#14156);
#14156 = CARTESIAN_POINT('',(247.41,-100.89,1.51));
#14157 = CIRCLE('',#14158,0.4);
#14158 = AXIS2_PLACEMENT_3D('',#14159,#14160,#14161);
#14159 = CARTESIAN_POINT('',(247.41,-100.49,1.51));
#14160 = DIRECTION('',(-0.,0.,-1.));
#14161 = DIRECTION('',(-0.,-1.,0.));
#14162 = PLANE('',#14163);
#14163 = AXIS2_PLACEMENT_3D('',#14164,#14165,#14166);
#14164 = CARTESIAN_POINT('',(0.,0.,1.51));
#14165 = DIRECTION('',(0.,0.,1.));
#14166 = DIRECTION('',(1.,0.,-0.));
#14167 = ADVANCED_FACE('',(#14168),#14174,.T.);
#14168 = FACE_BOUND('',#14169,.T.);
#14169 = EDGE_LOOP('',(#14170,#14171,#14172,#14173));
#14170 = ORIENTED_EDGE('',*,*,#13125,.T.);
#14171 = ORIENTED_EDGE('',*,*,#13661,.T.);
#14172 = ORIENTED_EDGE('',*,*,#13085,.F.);
#14173 = ORIENTED_EDGE('',*,*,#13149,.F.);
#14174 = PLANE('',#14175);
#14175 = AXIS2_PLACEMENT_3D('',#14176,#14177,#14178);
#14176 = CARTESIAN_POINT('',(184.5,-82.05,0.));
#14177 = DIRECTION('',(0.,1.,0.));
#14178 = DIRECTION('',(1.,0.,0.));
#14179 = ADVANCED_FACE('',(#14180),#14191,.F.);
#14180 = FACE_BOUND('',#14181,.T.);
#14181 = EDGE_LOOP('',(#14182,#14183,#14189,#14190));
#14182 = ORIENTED_EDGE('',*,*,#13158,.T.);
#14183 = ORIENTED_EDGE('',*,*,#14184,.T.);
#14184 = EDGE_CURVE('',#13159,#13671,#14185,.T.);
#14185 = LINE('',#14186,#14187);
#14186 = CARTESIAN_POINT('',(189.75,-127.79,-4.6E-02));
#14187 = VECTOR('',#14188,1.);
#14188 = DIRECTION('',(0.,0.,1.));
#14189 = ORIENTED_EDGE('',*,*,#13670,.F.);
#14190 = ORIENTED_EDGE('',*,*,#14184,.F.);
#14191 = CYLINDRICAL_SURFACE('',#14192,0.5);
#14192 = AXIS2_PLACEMENT_3D('',#14193,#14194,#14195);
#14193 = CARTESIAN_POINT('',(189.75,-127.29,-4.6E-02));
#14194 = DIRECTION('',(-0.,-0.,-1.));
#14195 = DIRECTION('',(-0.,-1.,0.));
#14196 = ADVANCED_FACE('',(#14197),#14208,.F.);
#14197 = FACE_BOUND('',#14198,.T.);
#14198 = EDGE_LOOP('',(#14199,#14200,#14206,#14207));
#14199 = ORIENTED_EDGE('',*,*,#13169,.T.);
#14200 = ORIENTED_EDGE('',*,*,#14201,.T.);
#14201 = EDGE_CURVE('',#13170,#13682,#14202,.T.);
#14202 = LINE('',#14203,#14204);
#14203 = CARTESIAN_POINT('',(189.75,-125.25,-4.6E-02));
#14204 = VECTOR('',#14205,1.);
#14205 = DIRECTION('',(0.,0.,1.));
#14206 = ORIENTED_EDGE('',*,*,#13681,.F.);
#14207 = ORIENTED_EDGE('',*,*,#14201,.F.);
#14208 = CYLINDRICAL_SURFACE('',#14209,0.5);
#14209 = AXIS2_PLACEMENT_3D('',#14210,#14211,#14212);
#14210 = CARTESIAN_POINT('',(189.75,-124.75,-4.6E-02));
#14211 = DIRECTION('',(-0.,-0.,-1.));
#14212 = DIRECTION('',(-0.,-1.,0.));
#14213 = ADVANCED_FACE('',(#14214),#14225,.F.);
#14214 = FACE_BOUND('',#14215,.T.);
#14215 = EDGE_LOOP('',(#14216,#14217,#14223,#14224));
#14216 = ORIENTED_EDGE('',*,*,#13180,.T.);
#14217 = ORIENTED_EDGE('',*,*,#14218,.T.);
#14218 = EDGE_CURVE('',#13181,#13693,#14219,.T.);
#14219 = LINE('',#14220,#14221);
#14220 = CARTESIAN_POINT('',(189.75,-122.71,-4.6E-02));
#14221 = VECTOR('',#14222,1.);
#14222 = DIRECTION('',(0.,0.,1.));
#14223 = ORIENTED_EDGE('',*,*,#13692,.F.);
#14224 = ORIENTED_EDGE('',*,*,#14218,.F.);
#14225 = CYLINDRICAL_SURFACE('',#14226,0.5);
#14226 = AXIS2_PLACEMENT_3D('',#14227,#14228,#14229);
#14227 = CARTESIAN_POINT('',(189.75,-122.21,-4.6E-02));
#14228 = DIRECTION('',(-0.,-0.,-1.));
#14229 = DIRECTION('',(-0.,-1.,0.));
#14230 = ADVANCED_FACE('',(#14231),#14242,.F.);
#14231 = FACE_BOUND('',#14232,.T.);
#14232 = EDGE_LOOP('',(#14233,#14234,#14240,#14241));
#14233 = ORIENTED_EDGE('',*,*,#13191,.T.);
#14234 = ORIENTED_EDGE('',*,*,#14235,.T.);
#14235 = EDGE_CURVE('',#13192,#13704,#14236,.T.);
#14236 = LINE('',#14237,#14238);
#14237 = CARTESIAN_POINT('',(189.75,-120.17,-4.6E-02));
#14238 = VECTOR('',#14239,1.);
#14239 = DIRECTION('',(0.,0.,1.));
#14240 = ORIENTED_EDGE('',*,*,#13703,.F.);
#14241 = ORIENTED_EDGE('',*,*,#14235,.F.);
#14242 = CYLINDRICAL_SURFACE('',#14243,0.5);
#14243 = AXIS2_PLACEMENT_3D('',#14244,#14245,#14246);
#14244 = CARTESIAN_POINT('',(189.75,-119.67,-4.6E-02));
#14245 = DIRECTION('',(-0.,-0.,-1.));
#14246 = DIRECTION('',(-0.,-1.,0.));
#14247 = ADVANCED_FACE('',(#14248),#14259,.F.);
#14248 = FACE_BOUND('',#14249,.T.);
#14249 = EDGE_LOOP('',(#14250,#14251,#14257,#14258));
#14250 = ORIENTED_EDGE('',*,*,#13202,.T.);
#14251 = ORIENTED_EDGE('',*,*,#14252,.T.);
#14252 = EDGE_CURVE('',#13203,#13715,#14253,.T.);
#14253 = LINE('',#14254,#14255);
#14254 = CARTESIAN_POINT('',(189.75,-117.63,-4.6E-02));
#14255 = VECTOR('',#14256,1.);
#14256 = DIRECTION('',(0.,0.,1.));
#14257 = ORIENTED_EDGE('',*,*,#13714,.F.);
#14258 = ORIENTED_EDGE('',*,*,#14252,.F.);
#14259 = CYLINDRICAL_SURFACE('',#14260,0.5);
#14260 = AXIS2_PLACEMENT_3D('',#14261,#14262,#14263);
#14261 = CARTESIAN_POINT('',(189.75,-117.13,-4.6E-02));
#14262 = DIRECTION('',(-0.,-0.,-1.));
#14263 = DIRECTION('',(-0.,-1.,0.));
#14264 = ADVANCED_FACE('',(#14265),#14276,.F.);
#14265 = FACE_BOUND('',#14266,.T.);
#14266 = EDGE_LOOP('',(#14267,#14268,#14274,#14275));
#14267 = ORIENTED_EDGE('',*,*,#13213,.T.);
#14268 = ORIENTED_EDGE('',*,*,#14269,.T.);
#14269 = EDGE_CURVE('',#13214,#13726,#14270,.T.);
#14270 = LINE('',#14271,#14272);
#14271 = CARTESIAN_POINT('',(237.75,-135.4,-4.6E-02));
#14272 = VECTOR('',#14273,1.);
#14273 = DIRECTION('',(0.,0.,1.));
#14274 = ORIENTED_EDGE('',*,*,#13725,.F.);
#14275 = ORIENTED_EDGE('',*,*,#14269,.F.);
#14276 = CYLINDRICAL_SURFACE('',#14277,0.4);
#14277 = AXIS2_PLACEMENT_3D('',#14278,#14279,#14280);
#14278 = CARTESIAN_POINT('',(237.75,-135.,-4.6E-02));
#14279 = DIRECTION('',(-0.,-0.,-1.));
#14280 = DIRECTION('',(-0.,-1.,0.));
#14281 = ADVANCED_FACE('',(#14282),#14293,.F.);
#14282 = FACE_BOUND('',#14283,.T.);
#14283 = EDGE_LOOP('',(#14284,#14285,#14291,#14292));
#14284 = ORIENTED_EDGE('',*,*,#13224,.T.);
#14285 = ORIENTED_EDGE('',*,*,#14286,.T.);
#14286 = EDGE_CURVE('',#13225,#13737,#14287,.T.);
#14287 = LINE('',#14288,#14289);
#14288 = CARTESIAN_POINT('',(242.75,-133.8,-4.6E-02));
#14289 = VECTOR('',#14290,1.);
#14290 = DIRECTION('',(0.,0.,1.));
#14291 = ORIENTED_EDGE('',*,*,#13736,.F.);
#14292 = ORIENTED_EDGE('',*,*,#14286,.F.);
#14293 = CYLINDRICAL_SURFACE('',#14294,0.55);
#14294 = AXIS2_PLACEMENT_3D('',#14295,#14296,#14297);
#14295 = CARTESIAN_POINT('',(242.75,-133.25,-4.6E-02));
#14296 = DIRECTION('',(-0.,-0.,-1.));
#14297 = DIRECTION('',(-0.,-1.,0.));
#14298 = ADVANCED_FACE('',(#14299),#14310,.F.);
#14299 = FACE_BOUND('',#14300,.T.);
#14300 = EDGE_LOOP('',(#14301,#14302,#14308,#14309));
#14301 = ORIENTED_EDGE('',*,*,#13235,.T.);
#14302 = ORIENTED_EDGE('',*,*,#14303,.T.);
#14303 = EDGE_CURVE('',#13236,#13748,#14304,.T.);
#14304 = LINE('',#14305,#14306);
#14305 = CARTESIAN_POINT('',(249.25,-133.8,-4.6E-02));
#14306 = VECTOR('',#14307,1.);
#14307 = DIRECTION('',(0.,0.,1.));
#14308 = ORIENTED_EDGE('',*,*,#13747,.F.);
#14309 = ORIENTED_EDGE('',*,*,#14303,.F.);
#14310 = CYLINDRICAL_SURFACE('',#14311,0.55);
#14311 = AXIS2_PLACEMENT_3D('',#14312,#14313,#14314);
#14312 = CARTESIAN_POINT('',(249.25,-133.25,-4.6E-02));
#14313 = DIRECTION('',(-0.,-0.,-1.));
#14314 = DIRECTION('',(-0.,-1.,0.));
#14315 = ADVANCED_FACE('',(#14316),#14327,.F.);
#14316 = FACE_BOUND('',#14317,.T.);
#14317 = EDGE_LOOP('',(#14318,#14319,#14325,#14326));
#14318 = ORIENTED_EDGE('',*,*,#13246,.T.);
#14319 = ORIENTED_EDGE('',*,*,#14320,.T.);
#14320 = EDGE_CURVE('',#13247,#13759,#14321,.T.);
#14321 = LINE('',#14322,#14323);
#14322 = CARTESIAN_POINT('',(237.75,-127.78,-4.6E-02));
#14323 = VECTOR('',#14324,1.);
#14324 = DIRECTION('',(0.,0.,1.));
#14325 = ORIENTED_EDGE('',*,*,#13758,.F.);
#14326 = ORIENTED_EDGE('',*,*,#14320,.F.);
#14327 = CYLINDRICAL_SURFACE('',#14328,0.4);
#14328 = AXIS2_PLACEMENT_3D('',#14329,#14330,#14331);
#14329 = CARTESIAN_POINT('',(237.75,-127.38,-4.6E-02));
#14330 = DIRECTION('',(-0.,-0.,-1.));
#14331 = DIRECTION('',(-0.,-1.,0.));
#14332 = ADVANCED_FACE('',(#14333),#14344,.F.);
#14333 = FACE_BOUND('',#14334,.T.);
#14334 = EDGE_LOOP('',(#14335,#14336,#14342,#14343));
#14335 = ORIENTED_EDGE('',*,*,#13257,.T.);
#14336 = ORIENTED_EDGE('',*,*,#14337,.T.);
#14337 = EDGE_CURVE('',#13258,#13770,#14338,.T.);
#14338 = LINE('',#14339,#14340);
#14339 = CARTESIAN_POINT('',(237.75,-123.71,-4.6E-02));
#14340 = VECTOR('',#14341,1.);
#14341 = DIRECTION('',(0.,0.,1.));
#14342 = ORIENTED_EDGE('',*,*,#13769,.F.);
#14343 = ORIENTED_EDGE('',*,*,#14337,.F.);
#14344 = CYLINDRICAL_SURFACE('',#14345,0.4);
#14345 = AXIS2_PLACEMENT_3D('',#14346,#14347,#14348);
#14346 = CARTESIAN_POINT('',(237.75,-123.31,-4.6E-02));
#14347 = DIRECTION('',(-0.,-0.,-1.));
#14348 = DIRECTION('',(-0.,-1.,0.));
#14349 = ADVANCED_FACE('',(#14350),#14361,.F.);
#14350 = FACE_BOUND('',#14351,.T.);
#14351 = EDGE_LOOP('',(#14352,#14353,#14359,#14360));
#14352 = ORIENTED_EDGE('',*,*,#13268,.T.);
#14353 = ORIENTED_EDGE('',*,*,#14354,.T.);
#14354 = EDGE_CURVE('',#13269,#13781,#14355,.T.);
#14355 = LINE('',#14356,#14357);
#14356 = CARTESIAN_POINT('',(242.75,-129.3,-4.6E-02));
#14357 = VECTOR('',#14358,1.);
#14358 = DIRECTION('',(0.,0.,1.));
#14359 = ORIENTED_EDGE('',*,*,#13780,.F.);
#14360 = ORIENTED_EDGE('',*,*,#14354,.F.);
#14361 = CYLINDRICAL_SURFACE('',#14362,0.55);
#14362 = AXIS2_PLACEMENT_3D('',#14363,#14364,#14365);
#14363 = CARTESIAN_POINT('',(242.75,-128.75,-4.6E-02));
#14364 = DIRECTION('',(-0.,-0.,-1.));
#14365 = DIRECTION('',(-0.,-1.,0.));
#14366 = ADVANCED_FACE('',(#14367),#14378,.F.);
#14367 = FACE_BOUND('',#14368,.T.);
#14368 = EDGE_LOOP('',(#14369,#14370,#14376,#14377));
#14369 = ORIENTED_EDGE('',*,*,#13279,.T.);
#14370 = ORIENTED_EDGE('',*,*,#14371,.T.);
#14371 = EDGE_CURVE('',#13280,#13792,#14372,.T.);
#14372 = LINE('',#14373,#14374);
#14373 = CARTESIAN_POINT('',(249.25,-129.3,-4.6E-02));
#14374 = VECTOR('',#14375,1.);
#14375 = DIRECTION('',(0.,0.,1.));
#14376 = ORIENTED_EDGE('',*,*,#13791,.F.);
#14377 = ORIENTED_EDGE('',*,*,#14371,.F.);
#14378 = CYLINDRICAL_SURFACE('',#14379,0.55);
#14379 = AXIS2_PLACEMENT_3D('',#14380,#14381,#14382);
#14380 = CARTESIAN_POINT('',(249.25,-128.75,-4.6E-02));
#14381 = DIRECTION('',(-0.,-0.,-1.));
#14382 = DIRECTION('',(-0.,-1.,0.));
#14383 = ADVANCED_FACE('',(#14384),#14395,.F.);
#14384 = FACE_BOUND('',#14385,.T.);
#14385 = EDGE_LOOP('',(#14386,#14387,#14393,#14394));
#14386 = ORIENTED_EDGE('',*,*,#13290,.T.);
#14387 = ORIENTED_EDGE('',*,*,#14388,.T.);
#14388 = EDGE_CURVE('',#13291,#13803,#14389,.T.);
#14389 = LINE('',#14390,#14391);
#14390 = CARTESIAN_POINT('',(242.75,-122.3,-4.6E-02));
#14391 = VECTOR('',#14392,1.);
#14392 = DIRECTION('',(0.,0.,1.));
#14393 = ORIENTED_EDGE('',*,*,#13802,.F.);
#14394 = ORIENTED_EDGE('',*,*,#14388,.F.);
#14395 = CYLINDRICAL_SURFACE('',#14396,0.55);
#14396 = AXIS2_PLACEMENT_3D('',#14397,#14398,#14399);
#14397 = CARTESIAN_POINT('',(242.75,-121.75,-4.6E-02));
#14398 = DIRECTION('',(-0.,-0.,-1.));
#14399 = DIRECTION('',(-0.,-1.,0.));
#14400 = ADVANCED_FACE('',(#14401),#14412,.F.);
#14401 = FACE_BOUND('',#14402,.T.);
#14402 = EDGE_LOOP('',(#14403,#14404,#14410,#14411));
#14403 = ORIENTED_EDGE('',*,*,#13301,.T.);
#14404 = ORIENTED_EDGE('',*,*,#14405,.T.);
#14405 = EDGE_CURVE('',#13302,#13814,#14406,.T.);
#14406 = LINE('',#14407,#14408);
#14407 = CARTESIAN_POINT('',(249.25,-122.3,-4.6E-02));
#14408 = VECTOR('',#14409,1.);
#14409 = DIRECTION('',(0.,0.,1.));
#14410 = ORIENTED_EDGE('',*,*,#13813,.F.);
#14411 = ORIENTED_EDGE('',*,*,#14405,.F.);
#14412 = CYLINDRICAL_SURFACE('',#14413,0.55);
#14413 = AXIS2_PLACEMENT_3D('',#14414,#14415,#14416);
#14414 = CARTESIAN_POINT('',(249.25,-121.75,-4.6E-02));
#14415 = DIRECTION('',(-0.,-0.,-1.));
#14416 = DIRECTION('',(-0.,-1.,0.));
#14417 = ADVANCED_FACE('',(#14418),#14429,.F.);
#14418 = FACE_BOUND('',#14419,.T.);
#14419 = EDGE_LOOP('',(#14420,#14421,#14427,#14428));
#14420 = ORIENTED_EDGE('',*,*,#13312,.T.);
#14421 = ORIENTED_EDGE('',*,*,#14422,.T.);
#14422 = EDGE_CURVE('',#13313,#13825,#14423,.T.);
#14423 = LINE('',#14424,#14425);
#14424 = CARTESIAN_POINT('',(242.75,-117.8,-4.6E-02));
#14425 = VECTOR('',#14426,1.);
#14426 = DIRECTION('',(0.,0.,1.));
#14427 = ORIENTED_EDGE('',*,*,#13824,.F.);
#14428 = ORIENTED_EDGE('',*,*,#14422,.F.);
#14429 = CYLINDRICAL_SURFACE('',#14430,0.55);
#14430 = AXIS2_PLACEMENT_3D('',#14431,#14432,#14433);
#14431 = CARTESIAN_POINT('',(242.75,-117.25,-4.6E-02));
#14432 = DIRECTION('',(-0.,-0.,-1.));
#14433 = DIRECTION('',(-0.,-1.,0.));
#14434 = ADVANCED_FACE('',(#14435),#14446,.F.);
#14435 = FACE_BOUND('',#14436,.T.);
#14436 = EDGE_LOOP('',(#14437,#14438,#14444,#14445));
#14437 = ORIENTED_EDGE('',*,*,#13323,.T.);
#14438 = ORIENTED_EDGE('',*,*,#14439,.T.);
#14439 = EDGE_CURVE('',#13324,#13836,#14440,.T.);
#14440 = LINE('',#14441,#14442);
#14441 = CARTESIAN_POINT('',(249.25,-117.8,-4.6E-02));
#14442 = VECTOR('',#14443,1.);
#14443 = DIRECTION('',(0.,0.,1.));
#14444 = ORIENTED_EDGE('',*,*,#13835,.F.);
#14445 = ORIENTED_EDGE('',*,*,#14439,.F.);
#14446 = CYLINDRICAL_SURFACE('',#14447,0.55);
#14447 = AXIS2_PLACEMENT_3D('',#14448,#14449,#14450);
#14448 = CARTESIAN_POINT('',(249.25,-117.25,-4.6E-02));
#14449 = DIRECTION('',(-0.,-0.,-1.));
#14450 = DIRECTION('',(-0.,-1.,0.));
#14451 = ADVANCED_FACE('',(#14452),#14463,.F.);
#14452 = FACE_BOUND('',#14453,.T.);
#14453 = EDGE_LOOP('',(#14454,#14455,#14461,#14462));
#14454 = ORIENTED_EDGE('',*,*,#13334,.T.);
#14455 = ORIENTED_EDGE('',*,*,#14456,.T.);
#14456 = EDGE_CURVE('',#13335,#13847,#14457,.T.);
#14457 = LINE('',#14458,#14459);
#14458 = CARTESIAN_POINT('',(237.75,-116.09,-4.6E-02));
#14459 = VECTOR('',#14460,1.);
#14460 = DIRECTION('',(0.,0.,1.));
#14461 = ORIENTED_EDGE('',*,*,#13846,.F.);
#14462 = ORIENTED_EDGE('',*,*,#14456,.F.);
#14463 = CYLINDRICAL_SURFACE('',#14464,0.4);
#14464 = AXIS2_PLACEMENT_3D('',#14465,#14466,#14467);
#14465 = CARTESIAN_POINT('',(237.75,-115.69,-4.6E-02));
#14466 = DIRECTION('',(-0.,-0.,-1.));
#14467 = DIRECTION('',(-0.,-1.,0.));
#14468 = ADVANCED_FACE('',(#14469),#14480,.F.);
#14469 = FACE_BOUND('',#14470,.T.);
#14470 = EDGE_LOOP('',(#14471,#14472,#14478,#14479));
#14471 = ORIENTED_EDGE('',*,*,#13345,.T.);
#14472 = ORIENTED_EDGE('',*,*,#14473,.T.);
#14473 = EDGE_CURVE('',#13346,#13858,#14474,.T.);
#14474 = LINE('',#14475,#14476);
#14475 = CARTESIAN_POINT('',(192.51,-103.25,-4.6E-02));
#14476 = VECTOR('',#14477,1.);
#14477 = DIRECTION('',(0.,0.,1.));
#14478 = ORIENTED_EDGE('',*,*,#13857,.F.);
#14479 = ORIENTED_EDGE('',*,*,#14473,.F.);
#14480 = CYLINDRICAL_SURFACE('',#14481,0.5);
#14481 = AXIS2_PLACEMENT_3D('',#14482,#14483,#14484);
#14482 = CARTESIAN_POINT('',(192.51,-102.75,-4.6E-02));
#14483 = DIRECTION('',(-0.,-0.,-1.));
#14484 = DIRECTION('',(-0.,-1.,0.));
#14485 = ADVANCED_FACE('',(#14486),#14497,.F.);
#14486 = FACE_BOUND('',#14487,.T.);
#14487 = EDGE_LOOP('',(#14488,#14489,#14495,#14496));
#14488 = ORIENTED_EDGE('',*,*,#13356,.T.);
#14489 = ORIENTED_EDGE('',*,*,#14490,.T.);
#14490 = EDGE_CURVE('',#13357,#13869,#14491,.T.);
#14491 = LINE('',#14492,#14493);
#14492 = CARTESIAN_POINT('',(195.05,-103.25,-4.6E-02));
#14493 = VECTOR('',#14494,1.);
#14494 = DIRECTION('',(0.,0.,1.));
#14495 = ORIENTED_EDGE('',*,*,#13868,.F.);
#14496 = ORIENTED_EDGE('',*,*,#14490,.F.);
#14497 = CYLINDRICAL_SURFACE('',#14498,0.5);
#14498 = AXIS2_PLACEMENT_3D('',#14499,#14500,#14501);
#14499 = CARTESIAN_POINT('',(195.05,-102.75,-4.6E-02));
#14500 = DIRECTION('',(-0.,-0.,-1.));
#14501 = DIRECTION('',(-0.,-1.,0.));
#14502 = ADVANCED_FACE('',(#14503),#14514,.F.);
#14503 = FACE_BOUND('',#14504,.T.);
#14504 = EDGE_LOOP('',(#14505,#14506,#14512,#14513));
#14505 = ORIENTED_EDGE('',*,*,#13367,.T.);
#14506 = ORIENTED_EDGE('',*,*,#14507,.T.);
#14507 = EDGE_CURVE('',#13368,#13880,#14508,.T.);
#14508 = LINE('',#14509,#14510);
#14509 = CARTESIAN_POINT('',(197.59,-103.25,-4.6E-02));
#14510 = VECTOR('',#14511,1.);
#14511 = DIRECTION('',(0.,0.,1.));
#14512 = ORIENTED_EDGE('',*,*,#13879,.F.);
#14513 = ORIENTED_EDGE('',*,*,#14507,.F.);
#14514 = CYLINDRICAL_SURFACE('',#14515,0.5);
#14515 = AXIS2_PLACEMENT_3D('',#14516,#14517,#14518);
#14516 = CARTESIAN_POINT('',(197.59,-102.75,-4.6E-02));
#14517 = DIRECTION('',(-0.,-0.,-1.));
#14518 = DIRECTION('',(-0.,-1.,0.));
#14519 = ADVANCED_FACE('',(#14520),#14531,.F.);
#14520 = FACE_BOUND('',#14521,.T.);
#14521 = EDGE_LOOP('',(#14522,#14523,#14529,#14530));
#14522 = ORIENTED_EDGE('',*,*,#13378,.T.);
#14523 = ORIENTED_EDGE('',*,*,#14524,.T.);
#14524 = EDGE_CURVE('',#13379,#13891,#14525,.T.);
#14525 = LINE('',#14526,#14527);
#14526 = CARTESIAN_POINT('',(200.13,-103.25,-4.6E-02));
#14527 = VECTOR('',#14528,1.);
#14528 = DIRECTION('',(0.,0.,1.));
#14529 = ORIENTED_EDGE('',*,*,#13890,.F.);
#14530 = ORIENTED_EDGE('',*,*,#14524,.F.);
#14531 = CYLINDRICAL_SURFACE('',#14532,0.5);
#14532 = AXIS2_PLACEMENT_3D('',#14533,#14534,#14535);
#14533 = CARTESIAN_POINT('',(200.13,-102.75,-4.6E-02));
#14534 = DIRECTION('',(-0.,-0.,-1.));
#14535 = DIRECTION('',(-0.,-1.,0.));
#14536 = ADVANCED_FACE('',(#14537),#14548,.F.);
#14537 = FACE_BOUND('',#14538,.T.);
#14538 = EDGE_LOOP('',(#14539,#14540,#14546,#14547));
#14539 = ORIENTED_EDGE('',*,*,#13389,.T.);
#14540 = ORIENTED_EDGE('',*,*,#14541,.T.);
#14541 = EDGE_CURVE('',#13390,#13902,#14542,.T.);
#14542 = LINE('',#14543,#14544);
#14543 = CARTESIAN_POINT('',(202.67,-103.25,-4.6E-02));
#14544 = VECTOR('',#14545,1.);
#14545 = DIRECTION('',(0.,0.,1.));
#14546 = ORIENTED_EDGE('',*,*,#13901,.F.);
#14547 = ORIENTED_EDGE('',*,*,#14541,.F.);
#14548 = CYLINDRICAL_SURFACE('',#14549,0.5);
#14549 = AXIS2_PLACEMENT_3D('',#14550,#14551,#14552);
#14550 = CARTESIAN_POINT('',(202.67,-102.75,-4.6E-02));
#14551 = DIRECTION('',(-0.,-0.,-1.));
#14552 = DIRECTION('',(-0.,-1.,0.));
#14553 = ADVANCED_FACE('',(#14554),#14565,.F.);
#14554 = FACE_BOUND('',#14555,.T.);
#14555 = EDGE_LOOP('',(#14556,#14557,#14563,#14564));
#14556 = ORIENTED_EDGE('',*,*,#13400,.T.);
#14557 = ORIENTED_EDGE('',*,*,#14558,.T.);
#14558 = EDGE_CURVE('',#13401,#13913,#14559,.T.);
#14559 = LINE('',#14560,#14561);
#14560 = CARTESIAN_POINT('',(205.21,-103.25,-4.6E-02));
#14561 = VECTOR('',#14562,1.);
#14562 = DIRECTION('',(0.,0.,1.));
#14563 = ORIENTED_EDGE('',*,*,#13912,.F.);
#14564 = ORIENTED_EDGE('',*,*,#14558,.F.);
#14565 = CYLINDRICAL_SURFACE('',#14566,0.5);
#14566 = AXIS2_PLACEMENT_3D('',#14567,#14568,#14569);
#14567 = CARTESIAN_POINT('',(205.21,-102.75,-4.6E-02));
#14568 = DIRECTION('',(-0.,-0.,-1.));
#14569 = DIRECTION('',(-0.,-1.,0.));
#14570 = ADVANCED_FACE('',(#14571),#14582,.F.);
#14571 = FACE_BOUND('',#14572,.T.);
#14572 = EDGE_LOOP('',(#14573,#14574,#14580,#14581));
#14573 = ORIENTED_EDGE('',*,*,#13411,.T.);
#14574 = ORIENTED_EDGE('',*,*,#14575,.T.);
#14575 = EDGE_CURVE('',#13412,#13924,#14576,.T.);
#14576 = LINE('',#14577,#14578);
#14577 = CARTESIAN_POINT('',(207.75,-103.25,-4.6E-02));
#14578 = VECTOR('',#14579,1.);
#14579 = DIRECTION('',(0.,0.,1.));
#14580 = ORIENTED_EDGE('',*,*,#13923,.F.);
#14581 = ORIENTED_EDGE('',*,*,#14575,.F.);
#14582 = CYLINDRICAL_SURFACE('',#14583,0.5);
#14583 = AXIS2_PLACEMENT_3D('',#14584,#14585,#14586);
#14584 = CARTESIAN_POINT('',(207.75,-102.75,-4.6E-02));
#14585 = DIRECTION('',(-0.,-0.,-1.));
#14586 = DIRECTION('',(-0.,-1.,0.));
#14587 = ADVANCED_FACE('',(#14588),#14599,.F.);
#14588 = FACE_BOUND('',#14589,.T.);
#14589 = EDGE_LOOP('',(#14590,#14591,#14597,#14598));
#14590 = ORIENTED_EDGE('',*,*,#13422,.T.);
#14591 = ORIENTED_EDGE('',*,*,#14592,.T.);
#14592 = EDGE_CURVE('',#13423,#13935,#14593,.T.);
#14593 = LINE('',#14594,#14595);
#14594 = CARTESIAN_POINT('',(192.51,-88.,-4.6E-02));
#14595 = VECTOR('',#14596,1.);
#14596 = DIRECTION('',(0.,0.,1.));
#14597 = ORIENTED_EDGE('',*,*,#13934,.F.);
#14598 = ORIENTED_EDGE('',*,*,#14592,.F.);
#14599 = CYLINDRICAL_SURFACE('',#14600,0.5);
#14600 = AXIS2_PLACEMENT_3D('',#14601,#14602,#14603);
#14601 = CARTESIAN_POINT('',(192.51,-87.5,-4.6E-02));
#14602 = DIRECTION('',(-0.,-0.,-1.));
#14603 = DIRECTION('',(-0.,-1.,0.));
#14604 = ADVANCED_FACE('',(#14605),#14616,.F.);
#14605 = FACE_BOUND('',#14606,.T.);
#14606 = EDGE_LOOP('',(#14607,#14608,#14614,#14615));
#14607 = ORIENTED_EDGE('',*,*,#13433,.T.);
#14608 = ORIENTED_EDGE('',*,*,#14609,.T.);
#14609 = EDGE_CURVE('',#13434,#13946,#14610,.T.);
#14610 = LINE('',#14611,#14612);
#14611 = CARTESIAN_POINT('',(195.05,-88.,-4.6E-02));
#14612 = VECTOR('',#14613,1.);
#14613 = DIRECTION('',(0.,0.,1.));
#14614 = ORIENTED_EDGE('',*,*,#13945,.F.);
#14615 = ORIENTED_EDGE('',*,*,#14609,.F.);
#14616 = CYLINDRICAL_SURFACE('',#14617,0.5);
#14617 = AXIS2_PLACEMENT_3D('',#14618,#14619,#14620);
#14618 = CARTESIAN_POINT('',(195.05,-87.5,-4.6E-02));
#14619 = DIRECTION('',(-0.,-0.,-1.));
#14620 = DIRECTION('',(-0.,-1.,0.));
#14621 = ADVANCED_FACE('',(#14622),#14633,.F.);
#14622 = FACE_BOUND('',#14623,.T.);
#14623 = EDGE_LOOP('',(#14624,#14625,#14631,#14632));
#14624 = ORIENTED_EDGE('',*,*,#13444,.T.);
#14625 = ORIENTED_EDGE('',*,*,#14626,.T.);
#14626 = EDGE_CURVE('',#13445,#13957,#14627,.T.);
#14627 = LINE('',#14628,#14629);
#14628 = CARTESIAN_POINT('',(197.59,-88.,-4.6E-02));
#14629 = VECTOR('',#14630,1.);
#14630 = DIRECTION('',(0.,0.,1.));
#14631 = ORIENTED_EDGE('',*,*,#13956,.F.);
#14632 = ORIENTED_EDGE('',*,*,#14626,.F.);
#14633 = CYLINDRICAL_SURFACE('',#14634,0.5);
#14634 = AXIS2_PLACEMENT_3D('',#14635,#14636,#14637);
#14635 = CARTESIAN_POINT('',(197.59,-87.5,-4.6E-02));
#14636 = DIRECTION('',(-0.,-0.,-1.));
#14637 = DIRECTION('',(-0.,-1.,0.));
#14638 = ADVANCED_FACE('',(#14639),#14650,.F.);
#14639 = FACE_BOUND('',#14640,.T.);
#14640 = EDGE_LOOP('',(#14641,#14642,#14648,#14649));
#14641 = ORIENTED_EDGE('',*,*,#13455,.T.);
#14642 = ORIENTED_EDGE('',*,*,#14643,.T.);
#14643 = EDGE_CURVE('',#13456,#13968,#14644,.T.);
#14644 = LINE('',#14645,#14646);
#14645 = CARTESIAN_POINT('',(200.13,-88.,-4.6E-02));
#14646 = VECTOR('',#14647,1.);
#14647 = DIRECTION('',(0.,0.,1.));
#14648 = ORIENTED_EDGE('',*,*,#13967,.F.);
#14649 = ORIENTED_EDGE('',*,*,#14643,.F.);
#14650 = CYLINDRICAL_SURFACE('',#14651,0.5);
#14651 = AXIS2_PLACEMENT_3D('',#14652,#14653,#14654);
#14652 = CARTESIAN_POINT('',(200.13,-87.5,-4.6E-02));
#14653 = DIRECTION('',(-0.,-0.,-1.));
#14654 = DIRECTION('',(-0.,-1.,0.));
#14655 = ADVANCED_FACE('',(#14656),#14667,.F.);
#14656 = FACE_BOUND('',#14657,.T.);
#14657 = EDGE_LOOP('',(#14658,#14659,#14665,#14666));
#14658 = ORIENTED_EDGE('',*,*,#13466,.T.);
#14659 = ORIENTED_EDGE('',*,*,#14660,.T.);
#14660 = EDGE_CURVE('',#13467,#13979,#14661,.T.);
#14661 = LINE('',#14662,#14663);
#14662 = CARTESIAN_POINT('',(202.67,-88.,-4.6E-02));
#14663 = VECTOR('',#14664,1.);
#14664 = DIRECTION('',(0.,0.,1.));
#14665 = ORIENTED_EDGE('',*,*,#13978,.F.);
#14666 = ORIENTED_EDGE('',*,*,#14660,.F.);
#14667 = CYLINDRICAL_SURFACE('',#14668,0.5);
#14668 = AXIS2_PLACEMENT_3D('',#14669,#14670,#14671);
#14669 = CARTESIAN_POINT('',(202.67,-87.5,-4.6E-02));
#14670 = DIRECTION('',(-0.,-0.,-1.));
#14671 = DIRECTION('',(-0.,-1.,0.));
#14672 = ADVANCED_FACE('',(#14673),#14684,.F.);
#14673 = FACE_BOUND('',#14674,.T.);
#14674 = EDGE_LOOP('',(#14675,#14676,#14682,#14683));
#14675 = ORIENTED_EDGE('',*,*,#13477,.T.);
#14676 = ORIENTED_EDGE('',*,*,#14677,.T.);
#14677 = EDGE_CURVE('',#13478,#13990,#14678,.T.);
#14678 = LINE('',#14679,#14680);
#14679 = CARTESIAN_POINT('',(214.75,-95.54,-4.6E-02));
#14680 = VECTOR('',#14681,1.);
#14681 = DIRECTION('',(0.,0.,1.));
#14682 = ORIENTED_EDGE('',*,*,#13989,.F.);
#14683 = ORIENTED_EDGE('',*,*,#14677,.F.);
#14684 = CYLINDRICAL_SURFACE('',#14685,0.5);
#14685 = AXIS2_PLACEMENT_3D('',#14686,#14687,#14688);
#14686 = CARTESIAN_POINT('',(214.75,-95.04,-4.6E-02));
#14687 = DIRECTION('',(-0.,-0.,-1.));
#14688 = DIRECTION('',(-0.,-1.,0.));
#14689 = ADVANCED_FACE('',(#14690),#14701,.F.);
#14690 = FACE_BOUND('',#14691,.T.);
#14691 = EDGE_LOOP('',(#14692,#14693,#14699,#14700));
#14692 = ORIENTED_EDGE('',*,*,#13488,.T.);
#14693 = ORIENTED_EDGE('',*,*,#14694,.T.);
#14694 = EDGE_CURVE('',#13489,#14001,#14695,.T.);
#14695 = LINE('',#14696,#14697);
#14696 = CARTESIAN_POINT('',(205.21,-88.,-4.6E-02));
#14697 = VECTOR('',#14698,1.);
#14698 = DIRECTION('',(0.,0.,1.));
#14699 = ORIENTED_EDGE('',*,*,#14000,.F.);
#14700 = ORIENTED_EDGE('',*,*,#14694,.F.);
#14701 = CYLINDRICAL_SURFACE('',#14702,0.5);
#14702 = AXIS2_PLACEMENT_3D('',#14703,#14704,#14705);
#14703 = CARTESIAN_POINT('',(205.21,-87.5,-4.6E-02));
#14704 = DIRECTION('',(-0.,-0.,-1.));
#14705 = DIRECTION('',(-0.,-1.,0.));
#14706 = ADVANCED_FACE('',(#14707),#14718,.F.);
#14707 = FACE_BOUND('',#14708,.T.);
#14708 = EDGE_LOOP('',(#14709,#14710,#14716,#14717));
#14709 = ORIENTED_EDGE('',*,*,#13499,.T.);
#14710 = ORIENTED_EDGE('',*,*,#14711,.T.);
#14711 = EDGE_CURVE('',#13500,#14012,#14712,.T.);
#14712 = LINE('',#14713,#14714);
#14713 = CARTESIAN_POINT('',(207.75,-88.,-4.6E-02));
#14714 = VECTOR('',#14715,1.);
#14715 = DIRECTION('',(0.,0.,1.));
#14716 = ORIENTED_EDGE('',*,*,#14011,.F.);
#14717 = ORIENTED_EDGE('',*,*,#14711,.F.);
#14718 = CYLINDRICAL_SURFACE('',#14719,0.5);
#14719 = AXIS2_PLACEMENT_3D('',#14720,#14721,#14722);
#14720 = CARTESIAN_POINT('',(207.75,-87.5,-4.6E-02));
#14721 = DIRECTION('',(-0.,-0.,-1.));
#14722 = DIRECTION('',(-0.,-1.,0.));
#14723 = ADVANCED_FACE('',(#14724),#14735,.F.);
#14724 = FACE_BOUND('',#14725,.T.);
#14725 = EDGE_LOOP('',(#14726,#14727,#14733,#14734));
#14726 = ORIENTED_EDGE('',*,*,#13510,.T.);
#14727 = ORIENTED_EDGE('',*,*,#14728,.T.);
#14728 = EDGE_CURVE('',#13511,#14023,#14729,.T.);
#14729 = LINE('',#14730,#14731);
#14730 = CARTESIAN_POINT('',(214.75,-93.,-4.6E-02));
#14731 = VECTOR('',#14732,1.);
#14732 = DIRECTION('',(0.,0.,1.));
#14733 = ORIENTED_EDGE('',*,*,#14022,.F.);
#14734 = ORIENTED_EDGE('',*,*,#14728,.F.);
#14735 = CYLINDRICAL_SURFACE('',#14736,0.5);
#14736 = AXIS2_PLACEMENT_3D('',#14737,#14738,#14739);
#14737 = CARTESIAN_POINT('',(214.75,-92.5,-4.6E-02));
#14738 = DIRECTION('',(-0.,-0.,-1.));
#14739 = DIRECTION('',(-0.,-1.,0.));
#14740 = ADVANCED_FACE('',(#14741),#14752,.F.);
#14741 = FACE_BOUND('',#14742,.T.);
#14742 = EDGE_LOOP('',(#14743,#14744,#14750,#14751));
#14743 = ORIENTED_EDGE('',*,*,#13521,.T.);
#14744 = ORIENTED_EDGE('',*,*,#14745,.T.);
#14745 = EDGE_CURVE('',#13522,#14034,#14746,.T.);
#14746 = LINE('',#14747,#14748);
#14747 = CARTESIAN_POINT('',(214.75,-90.46,-4.6E-02));
#14748 = VECTOR('',#14749,1.);
#14749 = DIRECTION('',(0.,0.,1.));
#14750 = ORIENTED_EDGE('',*,*,#14033,.F.);
#14751 = ORIENTED_EDGE('',*,*,#14745,.F.);
#14752 = CYLINDRICAL_SURFACE('',#14753,0.5);
#14753 = AXIS2_PLACEMENT_3D('',#14754,#14755,#14756);
#14754 = CARTESIAN_POINT('',(214.75,-89.96,-4.6E-02));
#14755 = DIRECTION('',(-0.,-0.,-1.));
#14756 = DIRECTION('',(-0.,-1.,0.));
#14757 = ADVANCED_FACE('',(#14758),#14769,.F.);
#14758 = FACE_BOUND('',#14759,.T.);
#14759 = EDGE_LOOP('',(#14760,#14761,#14767,#14768));
#14760 = ORIENTED_EDGE('',*,*,#13532,.T.);
#14761 = ORIENTED_EDGE('',*,*,#14762,.T.);
#14762 = EDGE_CURVE('',#13533,#14045,#14763,.T.);
#14763 = LINE('',#14764,#14765);
#14764 = CARTESIAN_POINT('',(214.75,-87.92,-4.6E-02));
#14765 = VECTOR('',#14766,1.);
#14766 = DIRECTION('',(0.,0.,1.));
#14767 = ORIENTED_EDGE('',*,*,#14044,.F.);
#14768 = ORIENTED_EDGE('',*,*,#14762,.F.);
#14769 = CYLINDRICAL_SURFACE('',#14770,0.5);
#14770 = AXIS2_PLACEMENT_3D('',#14771,#14772,#14773);
#14771 = CARTESIAN_POINT('',(214.75,-87.42,-4.6E-02));
#14772 = DIRECTION('',(-0.,-0.,-1.));
#14773 = DIRECTION('',(-0.,-1.,0.));
#14774 = ADVANCED_FACE('',(#14775),#14786,.F.);
#14775 = FACE_BOUND('',#14776,.T.);
#14776 = EDGE_LOOP('',(#14777,#14778,#14784,#14785));
#14777 = ORIENTED_EDGE('',*,*,#13543,.T.);
#14778 = ORIENTED_EDGE('',*,*,#14779,.T.);
#14779 = EDGE_CURVE('',#13544,#14056,#14780,.T.);
#14780 = LINE('',#14781,#14782);
#14781 = CARTESIAN_POINT('',(230.5,-108.94,-4.6E-02));
#14782 = VECTOR('',#14783,1.);
#14783 = DIRECTION('',(0.,0.,1.));
#14784 = ORIENTED_EDGE('',*,*,#14055,.F.);
#14785 = ORIENTED_EDGE('',*,*,#14779,.F.);
#14786 = CYLINDRICAL_SURFACE('',#14787,0.45);
#14787 = AXIS2_PLACEMENT_3D('',#14788,#14789,#14790);
#14788 = CARTESIAN_POINT('',(230.5,-108.49,-4.6E-02));
#14789 = DIRECTION('',(-0.,-0.,-1.));
#14790 = DIRECTION('',(-0.,-1.,0.));
#14791 = ADVANCED_FACE('',(#14792),#14803,.F.);
#14792 = FACE_BOUND('',#14793,.T.);
#14793 = EDGE_LOOP('',(#14794,#14795,#14801,#14802));
#14794 = ORIENTED_EDGE('',*,*,#13554,.T.);
#14795 = ORIENTED_EDGE('',*,*,#14796,.T.);
#14796 = EDGE_CURVE('',#13555,#14067,#14797,.T.);
#14797 = LINE('',#14798,#14799);
#14798 = CARTESIAN_POINT('',(230.5,-106.781,-4.6E-02));
#14799 = VECTOR('',#14800,1.);
#14800 = DIRECTION('',(0.,0.,1.));
#14801 = ORIENTED_EDGE('',*,*,#14066,.F.);
#14802 = ORIENTED_EDGE('',*,*,#14796,.F.);
#14803 = CYLINDRICAL_SURFACE('',#14804,0.45);
#14804 = AXIS2_PLACEMENT_3D('',#14805,#14806,#14807);
#14805 = CARTESIAN_POINT('',(230.5,-106.331,-4.6E-02));
#14806 = DIRECTION('',(-0.,-0.,-1.));
#14807 = DIRECTION('',(-0.,-1.,0.));
#14808 = ADVANCED_FACE('',(#14809),#14820,.F.);
#14809 = FACE_BOUND('',#14810,.T.);
#14810 = EDGE_LOOP('',(#14811,#14812,#14818,#14819));
#14811 = ORIENTED_EDGE('',*,*,#13565,.T.);
#14812 = ORIENTED_EDGE('',*,*,#14813,.T.);
#14813 = EDGE_CURVE('',#13566,#14078,#14814,.T.);
#14814 = LINE('',#14815,#14816);
#14815 = CARTESIAN_POINT('',(230.5,-104.622,-4.6E-02));
#14816 = VECTOR('',#14817,1.);
#14817 = DIRECTION('',(0.,0.,1.));
#14818 = ORIENTED_EDGE('',*,*,#14077,.F.);
#14819 = ORIENTED_EDGE('',*,*,#14813,.F.);
#14820 = CYLINDRICAL_SURFACE('',#14821,0.45);
#14821 = AXIS2_PLACEMENT_3D('',#14822,#14823,#14824);
#14822 = CARTESIAN_POINT('',(230.5,-104.172,-4.6E-02));
#14823 = DIRECTION('',(-0.,-0.,-1.));
#14824 = DIRECTION('',(-0.,-1.,0.));
#14825 = ADVANCED_FACE('',(#14826),#14837,.F.);
#14826 = FACE_BOUND('',#14827,.T.);
#14827 = EDGE_LOOP('',(#14828,#14829,#14835,#14836));
#14828 = ORIENTED_EDGE('',*,*,#13576,.T.);
#14829 = ORIENTED_EDGE('',*,*,#14830,.T.);
#14830 = EDGE_CURVE('',#13577,#14089,#14831,.T.);
#14831 = LINE('',#14832,#14833);
#14832 = CARTESIAN_POINT('',(230.5,-102.463,-4.6E-02));
#14833 = VECTOR('',#14834,1.);
#14834 = DIRECTION('',(0.,0.,1.));
#14835 = ORIENTED_EDGE('',*,*,#14088,.F.);
#14836 = ORIENTED_EDGE('',*,*,#14830,.F.);
#14837 = CYLINDRICAL_SURFACE('',#14838,0.45);
#14838 = AXIS2_PLACEMENT_3D('',#14839,#14840,#14841);
#14839 = CARTESIAN_POINT('',(230.5,-102.013,-4.6E-02));
#14840 = DIRECTION('',(-0.,-0.,-1.));
#14841 = DIRECTION('',(-0.,-1.,0.));
#14842 = ADVANCED_FACE('',(#14843),#14854,.F.);
#14843 = FACE_BOUND('',#14844,.T.);
#14844 = EDGE_LOOP('',(#14845,#14846,#14852,#14853));
#14845 = ORIENTED_EDGE('',*,*,#13587,.T.);
#14846 = ORIENTED_EDGE('',*,*,#14847,.T.);
#14847 = EDGE_CURVE('',#13588,#14100,#14848,.T.);
#14848 = LINE('',#14849,#14850);
#14849 = CARTESIAN_POINT('',(237.25,-110.89,-4.6E-02));
#14850 = VECTOR('',#14851,1.);
#14851 = DIRECTION('',(0.,0.,1.));
#14852 = ORIENTED_EDGE('',*,*,#14099,.F.);
#14853 = ORIENTED_EDGE('',*,*,#14847,.F.);
#14854 = CYLINDRICAL_SURFACE('',#14855,0.4);
#14855 = AXIS2_PLACEMENT_3D('',#14856,#14857,#14858);
#14856 = CARTESIAN_POINT('',(237.25,-110.49,-4.6E-02));
#14857 = DIRECTION('',(-0.,-0.,-1.));
#14858 = DIRECTION('',(-0.,-1.,0.));
#14859 = ADVANCED_FACE('',(#14860),#14871,.F.);
#14860 = FACE_BOUND('',#14861,.T.);
#14861 = EDGE_LOOP('',(#14862,#14863,#14869,#14870));
#14862 = ORIENTED_EDGE('',*,*,#13598,.T.);
#14863 = ORIENTED_EDGE('',*,*,#14864,.T.);
#14864 = EDGE_CURVE('',#13599,#14111,#14865,.T.);
#14865 = LINE('',#14866,#14867);
#14866 = CARTESIAN_POINT('',(237.25,-105.89,-4.6E-02));
#14867 = VECTOR('',#14868,1.);
#14868 = DIRECTION('',(0.,0.,1.));
#14869 = ORIENTED_EDGE('',*,*,#14110,.F.);
#14870 = ORIENTED_EDGE('',*,*,#14864,.F.);
#14871 = CYLINDRICAL_SURFACE('',#14872,0.4);
#14872 = AXIS2_PLACEMENT_3D('',#14873,#14874,#14875);
#14873 = CARTESIAN_POINT('',(237.25,-105.49,-4.6E-02));
#14874 = DIRECTION('',(-0.,-0.,-1.));
#14875 = DIRECTION('',(-0.,-1.,0.));
#14876 = ADVANCED_FACE('',(#14877),#14888,.F.);
#14877 = FACE_BOUND('',#14878,.T.);
#14878 = EDGE_LOOP('',(#14879,#14880,#14886,#14887));
#14879 = ORIENTED_EDGE('',*,*,#13609,.T.);
#14880 = ORIENTED_EDGE('',*,*,#14881,.T.);
#14881 = EDGE_CURVE('',#13610,#14122,#14882,.T.);
#14882 = LINE('',#14883,#14884);
#14883 = CARTESIAN_POINT('',(247.41,-110.89,-4.6E-02));
#14884 = VECTOR('',#14885,1.);
#14885 = DIRECTION('',(0.,0.,1.));
#14886 = ORIENTED_EDGE('',*,*,#14121,.F.);
#14887 = ORIENTED_EDGE('',*,*,#14881,.F.);
#14888 = CYLINDRICAL_SURFACE('',#14889,0.4);
#14889 = AXIS2_PLACEMENT_3D('',#14890,#14891,#14892);
#14890 = CARTESIAN_POINT('',(247.41,-110.49,-4.6E-02));
#14891 = DIRECTION('',(-0.,-0.,-1.));
#14892 = DIRECTION('',(-0.,-1.,0.));
#14893 = ADVANCED_FACE('',(#14894),#14905,.F.);
#14894 = FACE_BOUND('',#14895,.T.);
#14895 = EDGE_LOOP('',(#14896,#14897,#14903,#14904));
#14896 = ORIENTED_EDGE('',*,*,#13620,.T.);
#14897 = ORIENTED_EDGE('',*,*,#14898,.T.);
#14898 = EDGE_CURVE('',#13621,#14133,#14899,.T.);
#14899 = LINE('',#14900,#14901);
#14900 = CARTESIAN_POINT('',(247.41,-105.89,-4.6E-02));
#14901 = VECTOR('',#14902,1.);
#14902 = DIRECTION('',(0.,0.,1.));
#14903 = ORIENTED_EDGE('',*,*,#14132,.F.);
#14904 = ORIENTED_EDGE('',*,*,#14898,.F.);
#14905 = CYLINDRICAL_SURFACE('',#14906,0.4);
#14906 = AXIS2_PLACEMENT_3D('',#14907,#14908,#14909);
#14907 = CARTESIAN_POINT('',(247.41,-105.49,-4.6E-02));
#14908 = DIRECTION('',(-0.,-0.,-1.));
#14909 = DIRECTION('',(-0.,-1.,0.));
#14910 = ADVANCED_FACE('',(#14911),#14922,.F.);
#14911 = FACE_BOUND('',#14912,.T.);
#14912 = EDGE_LOOP('',(#14913,#14914,#14920,#14921));
#14913 = ORIENTED_EDGE('',*,*,#13631,.T.);
#14914 = ORIENTED_EDGE('',*,*,#14915,.T.);
#14915 = EDGE_CURVE('',#13632,#14144,#14916,.T.);
#14916 = LINE('',#14917,#14918);
#14917 = CARTESIAN_POINT('',(237.25,-100.89,-4.6E-02));
#14918 = VECTOR('',#14919,1.);
#14919 = DIRECTION('',(0.,0.,1.));
#14920 = ORIENTED_EDGE('',*,*,#14143,.F.);
#14921 = ORIENTED_EDGE('',*,*,#14915,.F.);
#14922 = CYLINDRICAL_SURFACE('',#14923,0.4);
#14923 = AXIS2_PLACEMENT_3D('',#14924,#14925,#14926);
#14924 = CARTESIAN_POINT('',(237.25,-100.49,-4.6E-02));
#14925 = DIRECTION('',(-0.,-0.,-1.));
#14926 = DIRECTION('',(-0.,-1.,0.));
#14927 = ADVANCED_FACE('',(#14928),#14939,.F.);
#14928 = FACE_BOUND('',#14929,.T.);
#14929 = EDGE_LOOP('',(#14930,#14931,#14937,#14938));
#14930 = ORIENTED_EDGE('',*,*,#13642,.T.);
#14931 = ORIENTED_EDGE('',*,*,#14932,.T.);
#14932 = EDGE_CURVE('',#13643,#14155,#14933,.T.);
#14933 = LINE('',#14934,#14935);
#14934 = CARTESIAN_POINT('',(247.41,-100.89,-4.6E-02));
#14935 = VECTOR('',#14936,1.);
#14936 = DIRECTION('',(0.,0.,1.));
#14937 = ORIENTED_EDGE('',*,*,#14154,.F.);
#14938 = ORIENTED_EDGE('',*,*,#14932,.F.);
#14939 = CYLINDRICAL_SURFACE('',#14940,0.4);
#14940 = AXIS2_PLACEMENT_3D('',#14941,#14942,#14943);
#14941 = CARTESIAN_POINT('',(247.41,-100.49,-4.6E-02));
#14942 = DIRECTION('',(-0.,-0.,-1.));
#14943 = DIRECTION('',(-0.,-1.,0.));
#14944 = ( GEOMETRIC_REPRESENTATION_CONTEXT(3) 
GLOBAL_UNCERTAINTY_ASSIGNED_CONTEXT((#14948)) 
GLOBAL_UNIT_ASSIGNED_CONTEXT((#14945,#14946,#14947)) 
REPRESENTATION_CONTEXT('Context #1',
  '3D Context with UNIT and UNCERTAINTY') );
#14945 = ( LENGTH_UNIT() NAMED_UNIT(*) SI_UNIT(.MILLI.,.METRE.) );
#14946 = ( NAMED_UNIT(*) PLANE_ANGLE_UNIT() SI_UNIT($,.RADIAN.) );
#14947 = ( NAMED_UNIT(*) SI_UNIT($,.STERADIAN.) SOLID_ANGLE_UNIT() );
#14948 = UNCERTAINTY_MEASURE_WITH_UNIT(LENGTH_MEASURE(1.E-07),#14945,
  'distance_accuracy_value','confusion accuracy');
#14949 = CONTEXT_DEPENDENT_SHAPE_REPRESENTATION(#14950,#14952);
#14950 = ( REPRESENTATION_RELATIONSHIP('','',#13038,#10) 
REPRESENTATION_RELATIONSHIP_WITH_TRANSFORMATION(#14951) 
SHAPE_REPRESENTATION_RELATIONSHIP() );
#14951 = ITEM_DEFINED_TRANSFORMATION('','',#11,#55);
#14952 = PRODUCT_DEFINITION_SHAPE('Placement','Placement of an item',
  #14953);
#14953 = NEXT_ASSEMBLY_USAGE_OCCURRENCE('11','=>[0:1:1:8]','',#5,#13033,
  $);
#14954 = PRODUCT_RELATED_PRODUCT_CATEGORY('part',$,(#13035));
#14955 = MECHANICAL_DESIGN_GEOMETRIC_PRESENTATION_REPRESENTATION('',(
    #14956,#14964,#14971,#14978,#14985,#14992,#15000,#15007,#15014,
    #15021,#15028,#15035,#15042,#15049,#15056,#15063,#15070),#3708);
#14956 = STYLED_ITEM('color',(#14957),#3323);
#14957 = PRESENTATION_STYLE_ASSIGNMENT((#14958));
#14958 = SURFACE_STYLE_USAGE(.BOTH.,#14959);
#14959 = SURFACE_SIDE_STYLE('',(#14960));
#14960 = SURFACE_STYLE_FILL_AREA(#14961);
#14961 = FILL_AREA_STYLE('',(#14962));
#14962 = FILL_AREA_STYLE_COLOUR('',#14963);
#14963 = COLOUR_RGB('',0.883000012551,0.711000022565,0.492000011028);
#14964 = STYLED_ITEM('color',(#14965),#3356);
#14965 = PRESENTATION_STYLE_ASSIGNMENT((#14966));
#14966 = SURFACE_STYLE_USAGE(.BOTH.,#14967);
#14967 = SURFACE_SIDE_STYLE('',(#14968));
#14968 = SURFACE_STYLE_FILL_AREA(#14969);
#14969 = FILL_AREA_STYLE('',(#14970));
#14970 = FILL_AREA_STYLE_COLOUR('',#14963);
#14971 = STYLED_ITEM('color',(#14972),#3382);
#14972 = PRESENTATION_STYLE_ASSIGNMENT((#14973));
#14973 = SURFACE_STYLE_USAGE(.BOTH.,#14974);
#14974 = SURFACE_SIDE_STYLE('',(#14975));
#14975 = SURFACE_STYLE_FILL_AREA(#14976);
#14976 = FILL_AREA_STYLE('',(#14977));
#14977 = FILL_AREA_STYLE_COLOUR('',#14963);
#14978 = STYLED_ITEM('color',(#14979),#3402);
#14979 = PRESENTATION_STYLE_ASSIGNMENT((#14980));
#14980 = SURFACE_STYLE_USAGE(.BOTH.,#14981);
#14981 = SURFACE_SIDE_STYLE('',(#14982));
#14982 = SURFACE_STYLE_FILL_AREA(#14983);
#14983 = FILL_AREA_STYLE('',(#14984));
#14984 = FILL_AREA_STYLE_COLOUR('',#14963);
#14985 = STYLED_ITEM('color',(#14986),#3422);
#14986 = PRESENTATION_STYLE_ASSIGNMENT((#14987));
#14987 = SURFACE_STYLE_USAGE(.BOTH.,#14988);
#14988 = SURFACE_SIDE_STYLE('',(#14989));
#14989 = SURFACE_STYLE_FILL_AREA(#14990);
#14990 = FILL_AREA_STYLE('',(#14991));
#14991 = FILL_AREA_STYLE_COLOUR('',#14963);
#14992 = STYLED_ITEM('color',(#14993),#3447);
#14993 = PRESENTATION_STYLE_ASSIGNMENT((#14994));
#14994 = SURFACE_STYLE_USAGE(.BOTH.,#14995);
#14995 = SURFACE_SIDE_STYLE('',(#14996));
#14996 = SURFACE_STYLE_FILL_AREA(#14997);
#14997 = FILL_AREA_STYLE('',(#14998));
#14998 = FILL_AREA_STYLE_COLOUR('',#14999);
#14999 = COLOUR_RGB('',0.823999987314,0.819999987296,0.781000009244);
#15000 = STYLED_ITEM('color',(#15001),#3472);
#15001 = PRESENTATION_STYLE_ASSIGNMENT((#15002));
#15002 = SURFACE_STYLE_USAGE(.BOTH.,#15003);
#15003 = SURFACE_SIDE_STYLE('',(#15004));
#15004 = SURFACE_STYLE_FILL_AREA(#15005);
#15005 = FILL_AREA_STYLE('',(#15006));
#15006 = FILL_AREA_STYLE_COLOUR('',#14963);
#15007 = STYLED_ITEM('color',(#15008),#3492);
#15008 = PRESENTATION_STYLE_ASSIGNMENT((#15009));
#15009 = SURFACE_STYLE_USAGE(.BOTH.,#15010);
#15010 = SURFACE_SIDE_STYLE('',(#15011));
#15011 = SURFACE_STYLE_FILL_AREA(#15012);
#15012 = FILL_AREA_STYLE('',(#15013));
#15013 = FILL_AREA_STYLE_COLOUR('',#14999);
#15014 = STYLED_ITEM('color',(#15015),#3518);
#15015 = PRESENTATION_STYLE_ASSIGNMENT((#15016));
#15016 = SURFACE_STYLE_USAGE(.BOTH.,#15017);
#15017 = SURFACE_SIDE_STYLE('',(#15018));
#15018 = SURFACE_STYLE_FILL_AREA(#15019);
#15019 = FILL_AREA_STYLE('',(#15020));
#15020 = FILL_AREA_STYLE_COLOUR('',#14963);
#15021 = STYLED_ITEM('color',(#15022),#3543);
#15022 = PRESENTATION_STYLE_ASSIGNMENT((#15023));
#15023 = SURFACE_STYLE_USAGE(.BOTH.,#15024);
#15024 = SURFACE_SIDE_STYLE('',(#15025));
#15025 = SURFACE_STYLE_FILL_AREA(#15026);
#15026 = FILL_AREA_STYLE('',(#15027));
#15027 = FILL_AREA_STYLE_COLOUR('',#14999);
#15028 = STYLED_ITEM('color',(#15029),#3568);
#15029 = PRESENTATION_STYLE_ASSIGNMENT((#15030));
#15030 = SURFACE_STYLE_USAGE(.BOTH.,#15031);
#15031 = SURFACE_SIDE_STYLE('',(#15032));
#15032 = SURFACE_STYLE_FILL_AREA(#15033);
#15033 = FILL_AREA_STYLE('',(#15034));
#15034 = FILL_AREA_STYLE_COLOUR('',#14963);
#15035 = STYLED_ITEM('color',(#15036),#3594);
#15036 = PRESENTATION_STYLE_ASSIGNMENT((#15037));
#15037 = SURFACE_STYLE_USAGE(.BOTH.,#15038);
#15038 = SURFACE_SIDE_STYLE('',(#15039));
#15039 = SURFACE_STYLE_FILL_AREA(#15040);
#15040 = FILL_AREA_STYLE('',(#15041));
#15041 = FILL_AREA_STYLE_COLOUR('',#14999);
#15042 = STYLED_ITEM('color',(#15043),#3603);
#15043 = PRESENTATION_STYLE_ASSIGNMENT((#15044));
#15044 = SURFACE_STYLE_USAGE(.BOTH.,#15045);
#15045 = SURFACE_SIDE_STYLE('',(#15046));
#15046 = SURFACE_STYLE_FILL_AREA(#15047);
#15047 = FILL_AREA_STYLE('',(#15048));
#15048 = FILL_AREA_STYLE_COLOUR('',#14963);
#15049 = STYLED_ITEM('color',(#15050),#3623);
#15050 = PRESENTATION_STYLE_ASSIGNMENT((#15051));
#15051 = SURFACE_STYLE_USAGE(.BOTH.,#15052);
#15052 = SURFACE_SIDE_STYLE('',(#15053));
#15053 = SURFACE_STYLE_FILL_AREA(#15054);
#15054 = FILL_AREA_STYLE('',(#15055));
#15055 = FILL_AREA_STYLE_COLOUR('',#14999);
#15056 = STYLED_ITEM('color',(#15057),#3648);
#15057 = PRESENTATION_STYLE_ASSIGNMENT((#15058));
#15058 = SURFACE_STYLE_USAGE(.BOTH.,#15059);
#15059 = SURFACE_SIDE_STYLE('',(#15060));
#15060 = SURFACE_STYLE_FILL_AREA(#15061);
#15061 = FILL_AREA_STYLE('',(#15062));
#15062 = FILL_AREA_STYLE_COLOUR('',#14999);
#15063 = STYLED_ITEM('color',(#15064),#3674);
#15064 = PRESENTATION_STYLE_ASSIGNMENT((#15065));
#15065 = SURFACE_STYLE_USAGE(.BOTH.,#15066);
#15066 = SURFACE_SIDE_STYLE('',(#15067));
#15067 = SURFACE_STYLE_FILL_AREA(#15068);
#15068 = FILL_AREA_STYLE('',(#15069));
#15069 = FILL_AREA_STYLE_COLOUR('',#14999);
#15070 = STYLED_ITEM('color',(#15071),#3699);
#15071 = PRESENTATION_STYLE_ASSIGNMENT((#15072));
#15072 = SURFACE_STYLE_USAGE(.BOTH.,#15073);
#15073 = SURFACE_SIDE_STYLE('',(#15074));
#15074 = SURFACE_STYLE_FILL_AREA(#15075);
#15075 = FILL_AREA_STYLE('',(#15076));
#15076 = FILL_AREA_STYLE_COLOUR('',#14999);
#15077 = MECHANICAL_DESIGN_GEOMETRIC_PRESENTATION_REPRESENTATION('',(
    #15078,#15086,#15093,#15100,#15107,#15114,#15121,#15128,#15135,
    #15142,#15149,#15156,#15163,#15170,#15177,#15184,#15191,#15198,
    #15205,#15212,#15219,#15226,#15233,#15240,#15247,#15254,#15261,
    #15268,#15275,#15283,#15290,#15297,#15304,#15311,#15318,#15325,
    #15332,#15339,#15346,#15353,#15360,#15367,#15374,#15381,#15388,
    #15395,#15402,#15409,#15416,#15423,#15430,#15437,#15444,#15451,
    #15458,#15465,#15472,#15479,#15486,#15493,#15500,#15507,#15514,
    #15521,#15528,#15535,#15542,#15549,#15556,#15563,#15570,#15577,
    #15584,#15591,#15598,#15605,#15612,#15619,#15626,#15633,#15640,
    #15647,#15654,#15661,#15668,#15675,#15682,#15689,#15696,#15703,
    #15710,#15717,#15724,#15731,#15738,#15745,#15752,#15759,#15766,
    #15773),#13020);
#15078 = STYLED_ITEM('color',(#15079),#10242);
#15079 = PRESENTATION_STYLE_ASSIGNMENT((#15080));
#15080 = SURFACE_STYLE_USAGE(.BOTH.,#15081);
#15081 = SURFACE_SIDE_STYLE('',(#15082));
#15082 = SURFACE_STYLE_FILL_AREA(#15083);
#15083 = FILL_AREA_STYLE('',(#15084));
#15084 = FILL_AREA_STYLE_COLOUR('',#15085);
#15085 = COLOUR_RGB('',0.147999998088,0.144999993226,0.144999993226);
#15086 = STYLED_ITEM('color',(#15087),#10282);
#15087 = PRESENTATION_STYLE_ASSIGNMENT((#15088));
#15088 = SURFACE_STYLE_USAGE(.BOTH.,#15089);
#15089 = SURFACE_SIDE_STYLE('',(#15090));
#15090 = SURFACE_STYLE_FILL_AREA(#15091);
#15091 = FILL_AREA_STYLE('',(#15092));
#15092 = FILL_AREA_STYLE_COLOUR('',#15085);
#15093 = STYLED_ITEM('color',(#15094),#10313);
#15094 = PRESENTATION_STYLE_ASSIGNMENT((#15095));
#15095 = SURFACE_STYLE_USAGE(.BOTH.,#15096);
#15096 = SURFACE_SIDE_STYLE('',(#15097));
#15097 = SURFACE_STYLE_FILL_AREA(#15098);
#15098 = FILL_AREA_STYLE('',(#15099));
#15099 = FILL_AREA_STYLE_COLOUR('',#15085);
#15100 = STYLED_ITEM('color',(#15101),#10344);
#15101 = PRESENTATION_STYLE_ASSIGNMENT((#15102));
#15102 = SURFACE_STYLE_USAGE(.BOTH.,#15103);
#15103 = SURFACE_SIDE_STYLE('',(#15104));
#15104 = SURFACE_STYLE_FILL_AREA(#15105);
#15105 = FILL_AREA_STYLE('',(#15106));
#15106 = FILL_AREA_STYLE_COLOUR('',#15085);
#15107 = STYLED_ITEM('color',(#15108),#10673);
#15108 = PRESENTATION_STYLE_ASSIGNMENT((#15109));
#15109 = SURFACE_STYLE_USAGE(.BOTH.,#15110);
#15110 = SURFACE_SIDE_STYLE('',(#15111));
#15111 = SURFACE_STYLE_FILL_AREA(#15112);
#15112 = FILL_AREA_STYLE('',(#15113));
#15113 = FILL_AREA_STYLE_COLOUR('',#15085);
#15114 = STYLED_ITEM('color',(#15115),#11002);
#15115 = PRESENTATION_STYLE_ASSIGNMENT((#15116));
#15116 = SURFACE_STYLE_USAGE(.BOTH.,#15117);
#15117 = SURFACE_SIDE_STYLE('',(#15118));
#15118 = SURFACE_STYLE_FILL_AREA(#15119);
#15119 = FILL_AREA_STYLE('',(#15120));
#15120 = FILL_AREA_STYLE_COLOUR('',#15085);
#15121 = STYLED_ITEM('color',(#15122),#11019);
#15122 = PRESENTATION_STYLE_ASSIGNMENT((#15123));
#15123 = SURFACE_STYLE_USAGE(.BOTH.,#15124);
#15124 = SURFACE_SIDE_STYLE('',(#15125));
#15125 = SURFACE_STYLE_FILL_AREA(#15126);
#15126 = FILL_AREA_STYLE('',(#15127));
#15127 = FILL_AREA_STYLE_COLOUR('',#15085);
#15128 = STYLED_ITEM('color',(#15129),#11036);
#15129 = PRESENTATION_STYLE_ASSIGNMENT((#15130));
#15130 = SURFACE_STYLE_USAGE(.BOTH.,#15131);
#15131 = SURFACE_SIDE_STYLE('',(#15132));
#15132 = SURFACE_STYLE_FILL_AREA(#15133);
#15133 = FILL_AREA_STYLE('',(#15134));
#15134 = FILL_AREA_STYLE_COLOUR('',#15085);
#15135 = STYLED_ITEM('color',(#15136),#11053);
#15136 = PRESENTATION_STYLE_ASSIGNMENT((#15137));
#15137 = SURFACE_STYLE_USAGE(.BOTH.,#15138);
#15138 = SURFACE_SIDE_STYLE('',(#15139));
#15139 = SURFACE_STYLE_FILL_AREA(#15140);
#15140 = FILL_AREA_STYLE('',(#15141));
#15141 = FILL_AREA_STYLE_COLOUR('',#15085);
#15142 = STYLED_ITEM('color',(#15143),#11070);
#15143 = PRESENTATION_STYLE_ASSIGNMENT((#15144));
#15144 = SURFACE_STYLE_USAGE(.BOTH.,#15145);
#15145 = SURFACE_SIDE_STYLE('',(#15146));
#15146 = SURFACE_STYLE_FILL_AREA(#15147);
#15147 = FILL_AREA_STYLE('',(#15148));
#15148 = FILL_AREA_STYLE_COLOUR('',#15085);
#15149 = STYLED_ITEM('color',(#15150),#11087);
#15150 = PRESENTATION_STYLE_ASSIGNMENT((#15151));
#15151 = SURFACE_STYLE_USAGE(.BOTH.,#15152);
#15152 = SURFACE_SIDE_STYLE('',(#15153));
#15153 = SURFACE_STYLE_FILL_AREA(#15154);
#15154 = FILL_AREA_STYLE('',(#15155));
#15155 = FILL_AREA_STYLE_COLOUR('',#15085);
#15156 = STYLED_ITEM('color',(#15157),#11104);
#15157 = PRESENTATION_STYLE_ASSIGNMENT((#15158));
#15158 = SURFACE_STYLE_USAGE(.BOTH.,#15159);
#15159 = SURFACE_SIDE_STYLE('',(#15160));
#15160 = SURFACE_STYLE_FILL_AREA(#15161);
#15161 = FILL_AREA_STYLE('',(#15162));
#15162 = FILL_AREA_STYLE_COLOUR('',#15085);
#15163 = STYLED_ITEM('color',(#15164),#11121);
#15164 = PRESENTATION_STYLE_ASSIGNMENT((#15165));
#15165 = SURFACE_STYLE_USAGE(.BOTH.,#15166);
#15166 = SURFACE_SIDE_STYLE('',(#15167));
#15167 = SURFACE_STYLE_FILL_AREA(#15168);
#15168 = FILL_AREA_STYLE('',(#15169));
#15169 = FILL_AREA_STYLE_COLOUR('',#15085);
#15170 = STYLED_ITEM('color',(#15171),#11138);
#15171 = PRESENTATION_STYLE_ASSIGNMENT((#15172));
#15172 = SURFACE_STYLE_USAGE(.BOTH.,#15173);
#15173 = SURFACE_SIDE_STYLE('',(#15174));
#15174 = SURFACE_STYLE_FILL_AREA(#15175);
#15175 = FILL_AREA_STYLE('',(#15176));
#15176 = FILL_AREA_STYLE_COLOUR('',#15085);
#15177 = STYLED_ITEM('color',(#15178),#11155);
#15178 = PRESENTATION_STYLE_ASSIGNMENT((#15179));
#15179 = SURFACE_STYLE_USAGE(.BOTH.,#15180);
#15180 = SURFACE_SIDE_STYLE('',(#15181));
#15181 = SURFACE_STYLE_FILL_AREA(#15182);
#15182 = FILL_AREA_STYLE('',(#15183));
#15183 = FILL_AREA_STYLE_COLOUR('',#15085);
#15184 = STYLED_ITEM('color',(#15185),#11172);
#15185 = PRESENTATION_STYLE_ASSIGNMENT((#15186));
#15186 = SURFACE_STYLE_USAGE(.BOTH.,#15187);
#15187 = SURFACE_SIDE_STYLE('',(#15188));
#15188 = SURFACE_STYLE_FILL_AREA(#15189);
#15189 = FILL_AREA_STYLE('',(#15190));
#15190 = FILL_AREA_STYLE_COLOUR('',#15085);
#15191 = STYLED_ITEM('color',(#15192),#11189);
#15192 = PRESENTATION_STYLE_ASSIGNMENT((#15193));
#15193 = SURFACE_STYLE_USAGE(.BOTH.,#15194);
#15194 = SURFACE_SIDE_STYLE('',(#15195));
#15195 = SURFACE_STYLE_FILL_AREA(#15196);
#15196 = FILL_AREA_STYLE('',(#15197));
#15197 = FILL_AREA_STYLE_COLOUR('',#15085);
#15198 = STYLED_ITEM('color',(#15199),#11206);
#15199 = PRESENTATION_STYLE_ASSIGNMENT((#15200));
#15200 = SURFACE_STYLE_USAGE(.BOTH.,#15201);
#15201 = SURFACE_SIDE_STYLE('',(#15202));
#15202 = SURFACE_STYLE_FILL_AREA(#15203);
#15203 = FILL_AREA_STYLE('',(#15204));
#15204 = FILL_AREA_STYLE_COLOUR('',#15085);
#15205 = STYLED_ITEM('color',(#15206),#11223);
#15206 = PRESENTATION_STYLE_ASSIGNMENT((#15207));
#15207 = SURFACE_STYLE_USAGE(.BOTH.,#15208);
#15208 = SURFACE_SIDE_STYLE('',(#15209));
#15209 = SURFACE_STYLE_FILL_AREA(#15210);
#15210 = FILL_AREA_STYLE('',(#15211));
#15211 = FILL_AREA_STYLE_COLOUR('',#15085);
#15212 = STYLED_ITEM('color',(#15213),#11240);
#15213 = PRESENTATION_STYLE_ASSIGNMENT((#15214));
#15214 = SURFACE_STYLE_USAGE(.BOTH.,#15215);
#15215 = SURFACE_SIDE_STYLE('',(#15216));
#15216 = SURFACE_STYLE_FILL_AREA(#15217);
#15217 = FILL_AREA_STYLE('',(#15218));
#15218 = FILL_AREA_STYLE_COLOUR('',#15085);
#15219 = STYLED_ITEM('color',(#15220),#11257);
#15220 = PRESENTATION_STYLE_ASSIGNMENT((#15221));
#15221 = SURFACE_STYLE_USAGE(.BOTH.,#15222);
#15222 = SURFACE_SIDE_STYLE('',(#15223));
#15223 = SURFACE_STYLE_FILL_AREA(#15224);
#15224 = FILL_AREA_STYLE('',(#15225));
#15225 = FILL_AREA_STYLE_COLOUR('',#15085);
#15226 = STYLED_ITEM('color',(#15227),#11274);
#15227 = PRESENTATION_STYLE_ASSIGNMENT((#15228));
#15228 = SURFACE_STYLE_USAGE(.BOTH.,#15229);
#15229 = SURFACE_SIDE_STYLE('',(#15230));
#15230 = SURFACE_STYLE_FILL_AREA(#15231);
#15231 = FILL_AREA_STYLE('',(#15232));
#15232 = FILL_AREA_STYLE_COLOUR('',#15085);
#15233 = STYLED_ITEM('color',(#15234),#11291);
#15234 = PRESENTATION_STYLE_ASSIGNMENT((#15235));
#15235 = SURFACE_STYLE_USAGE(.BOTH.,#15236);
#15236 = SURFACE_SIDE_STYLE('',(#15237));
#15237 = SURFACE_STYLE_FILL_AREA(#15238);
#15238 = FILL_AREA_STYLE('',(#15239));
#15239 = FILL_AREA_STYLE_COLOUR('',#15085);
#15240 = STYLED_ITEM('color',(#15241),#11308);
#15241 = PRESENTATION_STYLE_ASSIGNMENT((#15242));
#15242 = SURFACE_STYLE_USAGE(.BOTH.,#15243);
#15243 = SURFACE_SIDE_STYLE('',(#15244));
#15244 = SURFACE_STYLE_FILL_AREA(#15245);
#15245 = FILL_AREA_STYLE('',(#15246));
#15246 = FILL_AREA_STYLE_COLOUR('',#15085);
#15247 = STYLED_ITEM('color',(#15248),#11325);
#15248 = PRESENTATION_STYLE_ASSIGNMENT((#15249));
#15249 = SURFACE_STYLE_USAGE(.BOTH.,#15250);
#15250 = SURFACE_SIDE_STYLE('',(#15251));
#15251 = SURFACE_STYLE_FILL_AREA(#15252);
#15252 = FILL_AREA_STYLE('',(#15253));
#15253 = FILL_AREA_STYLE_COLOUR('',#15085);
#15254 = STYLED_ITEM('color',(#15255),#11342);
#15255 = PRESENTATION_STYLE_ASSIGNMENT((#15256));
#15256 = SURFACE_STYLE_USAGE(.BOTH.,#15257);
#15257 = SURFACE_SIDE_STYLE('',(#15258));
#15258 = SURFACE_STYLE_FILL_AREA(#15259);
#15259 = FILL_AREA_STYLE('',(#15260));
#15260 = FILL_AREA_STYLE_COLOUR('',#15085);
#15261 = STYLED_ITEM('color',(#15262),#11359);
#15262 = PRESENTATION_STYLE_ASSIGNMENT((#15263));
#15263 = SURFACE_STYLE_USAGE(.BOTH.,#15264);
#15264 = SURFACE_SIDE_STYLE('',(#15265));
#15265 = SURFACE_STYLE_FILL_AREA(#15266);
#15266 = FILL_AREA_STYLE('',(#15267));
#15267 = FILL_AREA_STYLE_COLOUR('',#15085);
#15268 = STYLED_ITEM('color',(#15269),#11376);
#15269 = PRESENTATION_STYLE_ASSIGNMENT((#15270));
#15270 = SURFACE_STYLE_USAGE(.BOTH.,#15271);
#15271 = SURFACE_SIDE_STYLE('',(#15272));
#15272 = SURFACE_STYLE_FILL_AREA(#15273);
#15273 = FILL_AREA_STYLE('',(#15274));
#15274 = FILL_AREA_STYLE_COLOUR('',#15085);
#15275 = STYLED_ITEM('color',(#15276),#11388);
#15276 = PRESENTATION_STYLE_ASSIGNMENT((#15277));
#15277 = SURFACE_STYLE_USAGE(.BOTH.,#15278);
#15278 = SURFACE_SIDE_STYLE('',(#15279));
#15279 = SURFACE_STYLE_FILL_AREA(#15280);
#15280 = FILL_AREA_STYLE('',(#15281));
#15281 = FILL_AREA_STYLE_COLOUR('',#15282);
#15282 = COLOUR_RGB('',0.859000020776,0.737999965183,0.495999988746);
#15283 = STYLED_ITEM('color',(#15284),#11419);
#15284 = PRESENTATION_STYLE_ASSIGNMENT((#15285));
#15285 = SURFACE_STYLE_USAGE(.BOTH.,#15286);
#15286 = SURFACE_SIDE_STYLE('',(#15287));
#15287 = SURFACE_STYLE_FILL_AREA(#15288);
#15288 = FILL_AREA_STYLE('',(#15289));
#15289 = FILL_AREA_STYLE_COLOUR('',#15282);
#15290 = STYLED_ITEM('color',(#15291),#11443);
#15291 = PRESENTATION_STYLE_ASSIGNMENT((#15292));
#15292 = SURFACE_STYLE_USAGE(.BOTH.,#15293);
#15293 = SURFACE_SIDE_STYLE('',(#15294));
#15294 = SURFACE_STYLE_FILL_AREA(#15295);
#15295 = FILL_AREA_STYLE('',(#15296));
#15296 = FILL_AREA_STYLE_COLOUR('',#15282);
#15297 = STYLED_ITEM('color',(#15298),#11467);
#15298 = PRESENTATION_STYLE_ASSIGNMENT((#15299));
#15299 = SURFACE_STYLE_USAGE(.BOTH.,#15300);
#15300 = SURFACE_SIDE_STYLE('',(#15301));
#15301 = SURFACE_STYLE_FILL_AREA(#15302);
#15302 = FILL_AREA_STYLE('',(#15303));
#15303 = FILL_AREA_STYLE_COLOUR('',#15282);
#15304 = STYLED_ITEM('color',(#15305),#11484);
#15305 = PRESENTATION_STYLE_ASSIGNMENT((#15306));
#15306 = SURFACE_STYLE_USAGE(.BOTH.,#15307);
#15307 = SURFACE_SIDE_STYLE('',(#15308));
#15308 = SURFACE_STYLE_FILL_AREA(#15309);
#15309 = FILL_AREA_STYLE('',(#15310));
#15310 = FILL_AREA_STYLE_COLOUR('',#15282);
#15311 = STYLED_ITEM('color',(#15312),#11515);
#15312 = PRESENTATION_STYLE_ASSIGNMENT((#15313));
#15313 = SURFACE_STYLE_USAGE(.BOTH.,#15314);
#15314 = SURFACE_SIDE_STYLE('',(#15315));
#15315 = SURFACE_STYLE_FILL_AREA(#15316);
#15316 = FILL_AREA_STYLE('',(#15317));
#15317 = FILL_AREA_STYLE_COLOUR('',#15282);
#15318 = STYLED_ITEM('color',(#15319),#11539);
#15319 = PRESENTATION_STYLE_ASSIGNMENT((#15320));
#15320 = SURFACE_STYLE_USAGE(.BOTH.,#15321);
#15321 = SURFACE_SIDE_STYLE('',(#15322));
#15322 = SURFACE_STYLE_FILL_AREA(#15323);
#15323 = FILL_AREA_STYLE('',(#15324));
#15324 = FILL_AREA_STYLE_COLOUR('',#15282);
#15325 = STYLED_ITEM('color',(#15326),#11563);
#15326 = PRESENTATION_STYLE_ASSIGNMENT((#15327));
#15327 = SURFACE_STYLE_USAGE(.BOTH.,#15328);
#15328 = SURFACE_SIDE_STYLE('',(#15329));
#15329 = SURFACE_STYLE_FILL_AREA(#15330);
#15330 = FILL_AREA_STYLE('',(#15331));
#15331 = FILL_AREA_STYLE_COLOUR('',#15282);
#15332 = STYLED_ITEM('color',(#15333),#11580);
#15333 = PRESENTATION_STYLE_ASSIGNMENT((#15334));
#15334 = SURFACE_STYLE_USAGE(.BOTH.,#15335);
#15335 = SURFACE_SIDE_STYLE('',(#15336));
#15336 = SURFACE_STYLE_FILL_AREA(#15337);
#15337 = FILL_AREA_STYLE('',(#15338));
#15338 = FILL_AREA_STYLE_COLOUR('',#15282);
#15339 = STYLED_ITEM('color',(#15340),#11611);
#15340 = PRESENTATION_STYLE_ASSIGNMENT((#15341));
#15341 = SURFACE_STYLE_USAGE(.BOTH.,#15342);
#15342 = SURFACE_SIDE_STYLE('',(#15343));
#15343 = SURFACE_STYLE_FILL_AREA(#15344);
#15344 = FILL_AREA_STYLE('',(#15345));
#15345 = FILL_AREA_STYLE_COLOUR('',#15282);
#15346 = STYLED_ITEM('color',(#15347),#11635);
#15347 = PRESENTATION_STYLE_ASSIGNMENT((#15348));
#15348 = SURFACE_STYLE_USAGE(.BOTH.,#15349);
#15349 = SURFACE_SIDE_STYLE('',(#15350));
#15350 = SURFACE_STYLE_FILL_AREA(#15351);
#15351 = FILL_AREA_STYLE('',(#15352));
#15352 = FILL_AREA_STYLE_COLOUR('',#15282);
#15353 = STYLED_ITEM('color',(#15354),#11659);
#15354 = PRESENTATION_STYLE_ASSIGNMENT((#15355));
#15355 = SURFACE_STYLE_USAGE(.BOTH.,#15356);
#15356 = SURFACE_SIDE_STYLE('',(#15357));
#15357 = SURFACE_STYLE_FILL_AREA(#15358);
#15358 = FILL_AREA_STYLE('',(#15359));
#15359 = FILL_AREA_STYLE_COLOUR('',#15282);
#15360 = STYLED_ITEM('color',(#15361),#11676);
#15361 = PRESENTATION_STYLE_ASSIGNMENT((#15362));
#15362 = SURFACE_STYLE_USAGE(.BOTH.,#15363);
#15363 = SURFACE_SIDE_STYLE('',(#15364));
#15364 = SURFACE_STYLE_FILL_AREA(#15365);
#15365 = FILL_AREA_STYLE('',(#15366));
#15366 = FILL_AREA_STYLE_COLOUR('',#15282);
#15367 = STYLED_ITEM('color',(#15368),#11707);
#15368 = PRESENTATION_STYLE_ASSIGNMENT((#15369));
#15369 = SURFACE_STYLE_USAGE(.BOTH.,#15370);
#15370 = SURFACE_SIDE_STYLE('',(#15371));
#15371 = SURFACE_STYLE_FILL_AREA(#15372);
#15372 = FILL_AREA_STYLE('',(#15373));
#15373 = FILL_AREA_STYLE_COLOUR('',#15282);
#15374 = STYLED_ITEM('color',(#15375),#11731);
#15375 = PRESENTATION_STYLE_ASSIGNMENT((#15376));
#15376 = SURFACE_STYLE_USAGE(.BOTH.,#15377);
#15377 = SURFACE_SIDE_STYLE('',(#15378));
#15378 = SURFACE_STYLE_FILL_AREA(#15379);
#15379 = FILL_AREA_STYLE('',(#15380));
#15380 = FILL_AREA_STYLE_COLOUR('',#15282);
#15381 = STYLED_ITEM('color',(#15382),#11755);
#15382 = PRESENTATION_STYLE_ASSIGNMENT((#15383));
#15383 = SURFACE_STYLE_USAGE(.BOTH.,#15384);
#15384 = SURFACE_SIDE_STYLE('',(#15385));
#15385 = SURFACE_STYLE_FILL_AREA(#15386);
#15386 = FILL_AREA_STYLE('',(#15387));
#15387 = FILL_AREA_STYLE_COLOUR('',#15282);
#15388 = STYLED_ITEM('color',(#15389),#11772);
#15389 = PRESENTATION_STYLE_ASSIGNMENT((#15390));
#15390 = SURFACE_STYLE_USAGE(.BOTH.,#15391);
#15391 = SURFACE_SIDE_STYLE('',(#15392));
#15392 = SURFACE_STYLE_FILL_AREA(#15393);
#15393 = FILL_AREA_STYLE('',(#15394));
#15394 = FILL_AREA_STYLE_COLOUR('',#15282);
#15395 = STYLED_ITEM('color',(#15396),#11803);
#15396 = PRESENTATION_STYLE_ASSIGNMENT((#15397));
#15397 = SURFACE_STYLE_USAGE(.BOTH.,#15398);
#15398 = SURFACE_SIDE_STYLE('',(#15399));
#15399 = SURFACE_STYLE_FILL_AREA(#15400);
#15400 = FILL_AREA_STYLE('',(#15401));
#15401 = FILL_AREA_STYLE_COLOUR('',#15282);
#15402 = STYLED_ITEM('color',(#15403),#11827);
#15403 = PRESENTATION_STYLE_ASSIGNMENT((#15404));
#15404 = SURFACE_STYLE_USAGE(.BOTH.,#15405);
#15405 = SURFACE_SIDE_STYLE('',(#15406));
#15406 = SURFACE_STYLE_FILL_AREA(#15407);
#15407 = FILL_AREA_STYLE('',(#15408));
#15408 = FILL_AREA_STYLE_COLOUR('',#15282);
#15409 = STYLED_ITEM('color',(#15410),#11851);
#15410 = PRESENTATION_STYLE_ASSIGNMENT((#15411));
#15411 = SURFACE_STYLE_USAGE(.BOTH.,#15412);
#15412 = SURFACE_SIDE_STYLE('',(#15413));
#15413 = SURFACE_STYLE_FILL_AREA(#15414);
#15414 = FILL_AREA_STYLE('',(#15415));
#15415 = FILL_AREA_STYLE_COLOUR('',#15282);
#15416 = STYLED_ITEM('color',(#15417),#11868);
#15417 = PRESENTATION_STYLE_ASSIGNMENT((#15418));
#15418 = SURFACE_STYLE_USAGE(.BOTH.,#15419);
#15419 = SURFACE_SIDE_STYLE('',(#15420));
#15420 = SURFACE_STYLE_FILL_AREA(#15421);
#15421 = FILL_AREA_STYLE('',(#15422));
#15422 = FILL_AREA_STYLE_COLOUR('',#15282);
#15423 = STYLED_ITEM('color',(#15424),#11899);
#15424 = PRESENTATION_STYLE_ASSIGNMENT((#15425));
#15425 = SURFACE_STYLE_USAGE(.BOTH.,#15426);
#15426 = SURFACE_SIDE_STYLE('',(#15427));
#15427 = SURFACE_STYLE_FILL_AREA(#15428);
#15428 = FILL_AREA_STYLE('',(#15429));
#15429 = FILL_AREA_STYLE_COLOUR('',#15282);
#15430 = STYLED_ITEM('color',(#15431),#11923);
#15431 = PRESENTATION_STYLE_ASSIGNMENT((#15432));
#15432 = SURFACE_STYLE_USAGE(.BOTH.,#15433);
#15433 = SURFACE_SIDE_STYLE('',(#15434));
#15434 = SURFACE_STYLE_FILL_AREA(#15435);
#15435 = FILL_AREA_STYLE('',(#15436));
#15436 = FILL_AREA_STYLE_COLOUR('',#15282);
#15437 = STYLED_ITEM('color',(#15438),#11947);
#15438 = PRESENTATION_STYLE_ASSIGNMENT((#15439));
#15439 = SURFACE_STYLE_USAGE(.BOTH.,#15440);
#15440 = SURFACE_SIDE_STYLE('',(#15441));
#15441 = SURFACE_STYLE_FILL_AREA(#15442);
#15442 = FILL_AREA_STYLE('',(#15443));
#15443 = FILL_AREA_STYLE_COLOUR('',#15282);
#15444 = STYLED_ITEM('color',(#15445),#11964);
#15445 = PRESENTATION_STYLE_ASSIGNMENT((#15446));
#15446 = SURFACE_STYLE_USAGE(.BOTH.,#15447);
#15447 = SURFACE_SIDE_STYLE('',(#15448));
#15448 = SURFACE_STYLE_FILL_AREA(#15449);
#15449 = FILL_AREA_STYLE('',(#15450));
#15450 = FILL_AREA_STYLE_COLOUR('',#15282);
#15451 = STYLED_ITEM('color',(#15452),#11995);
#15452 = PRESENTATION_STYLE_ASSIGNMENT((#15453));
#15453 = SURFACE_STYLE_USAGE(.BOTH.,#15454);
#15454 = SURFACE_SIDE_STYLE('',(#15455));
#15455 = SURFACE_STYLE_FILL_AREA(#15456);
#15456 = FILL_AREA_STYLE('',(#15457));
#15457 = FILL_AREA_STYLE_COLOUR('',#15282);
#15458 = STYLED_ITEM('color',(#15459),#12019);
#15459 = PRESENTATION_STYLE_ASSIGNMENT((#15460));
#15460 = SURFACE_STYLE_USAGE(.BOTH.,#15461);
#15461 = SURFACE_SIDE_STYLE('',(#15462));
#15462 = SURFACE_STYLE_FILL_AREA(#15463);
#15463 = FILL_AREA_STYLE('',(#15464));
#15464 = FILL_AREA_STYLE_COLOUR('',#15282);
#15465 = STYLED_ITEM('color',(#15466),#12043);
#15466 = PRESENTATION_STYLE_ASSIGNMENT((#15467));
#15467 = SURFACE_STYLE_USAGE(.BOTH.,#15468);
#15468 = SURFACE_SIDE_STYLE('',(#15469));
#15469 = SURFACE_STYLE_FILL_AREA(#15470);
#15470 = FILL_AREA_STYLE('',(#15471));
#15471 = FILL_AREA_STYLE_COLOUR('',#15282);
#15472 = STYLED_ITEM('color',(#15473),#12060);
#15473 = PRESENTATION_STYLE_ASSIGNMENT((#15474));
#15474 = SURFACE_STYLE_USAGE(.BOTH.,#15475);
#15475 = SURFACE_SIDE_STYLE('',(#15476));
#15476 = SURFACE_STYLE_FILL_AREA(#15477);
#15477 = FILL_AREA_STYLE('',(#15478));
#15478 = FILL_AREA_STYLE_COLOUR('',#15282);
#15479 = STYLED_ITEM('color',(#15480),#12091);
#15480 = PRESENTATION_STYLE_ASSIGNMENT((#15481));
#15481 = SURFACE_STYLE_USAGE(.BOTH.,#15482);
#15482 = SURFACE_SIDE_STYLE('',(#15483));
#15483 = SURFACE_STYLE_FILL_AREA(#15484);
#15484 = FILL_AREA_STYLE('',(#15485));
#15485 = FILL_AREA_STYLE_COLOUR('',#15282);
#15486 = STYLED_ITEM('color',(#15487),#12115);
#15487 = PRESENTATION_STYLE_ASSIGNMENT((#15488));
#15488 = SURFACE_STYLE_USAGE(.BOTH.,#15489);
#15489 = SURFACE_SIDE_STYLE('',(#15490));
#15490 = SURFACE_STYLE_FILL_AREA(#15491);
#15491 = FILL_AREA_STYLE('',(#15492));
#15492 = FILL_AREA_STYLE_COLOUR('',#15282);
#15493 = STYLED_ITEM('color',(#15494),#12139);
#15494 = PRESENTATION_STYLE_ASSIGNMENT((#15495));
#15495 = SURFACE_STYLE_USAGE(.BOTH.,#15496);
#15496 = SURFACE_SIDE_STYLE('',(#15497));
#15497 = SURFACE_STYLE_FILL_AREA(#15498);
#15498 = FILL_AREA_STYLE('',(#15499));
#15499 = FILL_AREA_STYLE_COLOUR('',#15282);
#15500 = STYLED_ITEM('color',(#15501),#12156);
#15501 = PRESENTATION_STYLE_ASSIGNMENT((#15502));
#15502 = SURFACE_STYLE_USAGE(.BOTH.,#15503);
#15503 = SURFACE_SIDE_STYLE('',(#15504));
#15504 = SURFACE_STYLE_FILL_AREA(#15505);
#15505 = FILL_AREA_STYLE('',(#15506));
#15506 = FILL_AREA_STYLE_COLOUR('',#15282);
#15507 = STYLED_ITEM('color',(#15508),#12187);
#15508 = PRESENTATION_STYLE_ASSIGNMENT((#15509));
#15509 = SURFACE_STYLE_USAGE(.BOTH.,#15510);
#15510 = SURFACE_SIDE_STYLE('',(#15511));
#15511 = SURFACE_STYLE_FILL_AREA(#15512);
#15512 = FILL_AREA_STYLE('',(#15513));
#15513 = FILL_AREA_STYLE_COLOUR('',#15282);
#15514 = STYLED_ITEM('color',(#15515),#12211);
#15515 = PRESENTATION_STYLE_ASSIGNMENT((#15516));
#15516 = SURFACE_STYLE_USAGE(.BOTH.,#15517);
#15517 = SURFACE_SIDE_STYLE('',(#15518));
#15518 = SURFACE_STYLE_FILL_AREA(#15519);
#15519 = FILL_AREA_STYLE('',(#15520));
#15520 = FILL_AREA_STYLE_COLOUR('',#15282);
#15521 = STYLED_ITEM('color',(#15522),#12235);
#15522 = PRESENTATION_STYLE_ASSIGNMENT((#15523));
#15523 = SURFACE_STYLE_USAGE(.BOTH.,#15524);
#15524 = SURFACE_SIDE_STYLE('',(#15525));
#15525 = SURFACE_STYLE_FILL_AREA(#15526);
#15526 = FILL_AREA_STYLE('',(#15527));
#15527 = FILL_AREA_STYLE_COLOUR('',#15282);
#15528 = STYLED_ITEM('color',(#15529),#12252);
#15529 = PRESENTATION_STYLE_ASSIGNMENT((#15530));
#15530 = SURFACE_STYLE_USAGE(.BOTH.,#15531);
#15531 = SURFACE_SIDE_STYLE('',(#15532));
#15532 = SURFACE_STYLE_FILL_AREA(#15533);
#15533 = FILL_AREA_STYLE('',(#15534));
#15534 = FILL_AREA_STYLE_COLOUR('',#15282);
#15535 = STYLED_ITEM('color',(#15536),#12283);
#15536 = PRESENTATION_STYLE_ASSIGNMENT((#15537));
#15537 = SURFACE_STYLE_USAGE(.BOTH.,#15538);
#15538 = SURFACE_SIDE_STYLE('',(#15539));
#15539 = SURFACE_STYLE_FILL_AREA(#15540);
#15540 = FILL_AREA_STYLE('',(#15541));
#15541 = FILL_AREA_STYLE_COLOUR('',#15282);
#15542 = STYLED_ITEM('color',(#15543),#12307);
#15543 = PRESENTATION_STYLE_ASSIGNMENT((#15544));
#15544 = SURFACE_STYLE_USAGE(.BOTH.,#15545);
#15545 = SURFACE_SIDE_STYLE('',(#15546));
#15546 = SURFACE_STYLE_FILL_AREA(#15547);
#15547 = FILL_AREA_STYLE('',(#15548));
#15548 = FILL_AREA_STYLE_COLOUR('',#15282);
#15549 = STYLED_ITEM('color',(#15550),#12331);
#15550 = PRESENTATION_STYLE_ASSIGNMENT((#15551));
#15551 = SURFACE_STYLE_USAGE(.BOTH.,#15552);
#15552 = SURFACE_SIDE_STYLE('',(#15553));
#15553 = SURFACE_STYLE_FILL_AREA(#15554);
#15554 = FILL_AREA_STYLE('',(#15555));
#15555 = FILL_AREA_STYLE_COLOUR('',#15282);
#15556 = STYLED_ITEM('color',(#15557),#12348);
#15557 = PRESENTATION_STYLE_ASSIGNMENT((#15558));
#15558 = SURFACE_STYLE_USAGE(.BOTH.,#15559);
#15559 = SURFACE_SIDE_STYLE('',(#15560));
#15560 = SURFACE_STYLE_FILL_AREA(#15561);
#15561 = FILL_AREA_STYLE('',(#15562));
#15562 = FILL_AREA_STYLE_COLOUR('',#15282);
#15563 = STYLED_ITEM('color',(#15564),#12379);
#15564 = PRESENTATION_STYLE_ASSIGNMENT((#15565));
#15565 = SURFACE_STYLE_USAGE(.BOTH.,#15566);
#15566 = SURFACE_SIDE_STYLE('',(#15567));
#15567 = SURFACE_STYLE_FILL_AREA(#15568);
#15568 = FILL_AREA_STYLE('',(#15569));
#15569 = FILL_AREA_STYLE_COLOUR('',#15282);
#15570 = STYLED_ITEM('color',(#15571),#12403);
#15571 = PRESENTATION_STYLE_ASSIGNMENT((#15572));
#15572 = SURFACE_STYLE_USAGE(.BOTH.,#15573);
#15573 = SURFACE_SIDE_STYLE('',(#15574));
#15574 = SURFACE_STYLE_FILL_AREA(#15575);
#15575 = FILL_AREA_STYLE('',(#15576));
#15576 = FILL_AREA_STYLE_COLOUR('',#15282);
#15577 = STYLED_ITEM('color',(#15578),#12427);
#15578 = PRESENTATION_STYLE_ASSIGNMENT((#15579));
#15579 = SURFACE_STYLE_USAGE(.BOTH.,#15580);
#15580 = SURFACE_SIDE_STYLE('',(#15581));
#15581 = SURFACE_STYLE_FILL_AREA(#15582);
#15582 = FILL_AREA_STYLE('',(#15583));
#15583 = FILL_AREA_STYLE_COLOUR('',#15282);
#15584 = STYLED_ITEM('color',(#15585),#12444);
#15585 = PRESENTATION_STYLE_ASSIGNMENT((#15586));
#15586 = SURFACE_STYLE_USAGE(.BOTH.,#15587);
#15587 = SURFACE_SIDE_STYLE('',(#15588));
#15588 = SURFACE_STYLE_FILL_AREA(#15589);
#15589 = FILL_AREA_STYLE('',(#15590));
#15590 = FILL_AREA_STYLE_COLOUR('',#15282);
#15591 = STYLED_ITEM('color',(#15592),#12475);
#15592 = PRESENTATION_STYLE_ASSIGNMENT((#15593));
#15593 = SURFACE_STYLE_USAGE(.BOTH.,#15594);
#15594 = SURFACE_SIDE_STYLE('',(#15595));
#15595 = SURFACE_STYLE_FILL_AREA(#15596);
#15596 = FILL_AREA_STYLE('',(#15597));
#15597 = FILL_AREA_STYLE_COLOUR('',#15282);
#15598 = STYLED_ITEM('color',(#15599),#12499);
#15599 = PRESENTATION_STYLE_ASSIGNMENT((#15600));
#15600 = SURFACE_STYLE_USAGE(.BOTH.,#15601);
#15601 = SURFACE_SIDE_STYLE('',(#15602));
#15602 = SURFACE_STYLE_FILL_AREA(#15603);
#15603 = FILL_AREA_STYLE('',(#15604));
#15604 = FILL_AREA_STYLE_COLOUR('',#15282);
#15605 = STYLED_ITEM('color',(#15606),#12523);
#15606 = PRESENTATION_STYLE_ASSIGNMENT((#15607));
#15607 = SURFACE_STYLE_USAGE(.BOTH.,#15608);
#15608 = SURFACE_SIDE_STYLE('',(#15609));
#15609 = SURFACE_STYLE_FILL_AREA(#15610);
#15610 = FILL_AREA_STYLE('',(#15611));
#15611 = FILL_AREA_STYLE_COLOUR('',#15282);
#15612 = STYLED_ITEM('color',(#15613),#12540);
#15613 = PRESENTATION_STYLE_ASSIGNMENT((#15614));
#15614 = SURFACE_STYLE_USAGE(.BOTH.,#15615);
#15615 = SURFACE_SIDE_STYLE('',(#15616));
#15616 = SURFACE_STYLE_FILL_AREA(#15617);
#15617 = FILL_AREA_STYLE('',(#15618));
#15618 = FILL_AREA_STYLE_COLOUR('',#15282);
#15619 = STYLED_ITEM('color',(#15620),#12571);
#15620 = PRESENTATION_STYLE_ASSIGNMENT((#15621));
#15621 = SURFACE_STYLE_USAGE(.BOTH.,#15622);
#15622 = SURFACE_SIDE_STYLE('',(#15623));
#15623 = SURFACE_STYLE_FILL_AREA(#15624);
#15624 = FILL_AREA_STYLE('',(#15625));
#15625 = FILL_AREA_STYLE_COLOUR('',#15282);
#15626 = STYLED_ITEM('color',(#15627),#12595);
#15627 = PRESENTATION_STYLE_ASSIGNMENT((#15628));
#15628 = SURFACE_STYLE_USAGE(.BOTH.,#15629);
#15629 = SURFACE_SIDE_STYLE('',(#15630));
#15630 = SURFACE_STYLE_FILL_AREA(#15631);
#15631 = FILL_AREA_STYLE('',(#15632));
#15632 = FILL_AREA_STYLE_COLOUR('',#15282);
#15633 = STYLED_ITEM('color',(#15634),#12619);
#15634 = PRESENTATION_STYLE_ASSIGNMENT((#15635));
#15635 = SURFACE_STYLE_USAGE(.BOTH.,#15636);
#15636 = SURFACE_SIDE_STYLE('',(#15637));
#15637 = SURFACE_STYLE_FILL_AREA(#15638);
#15638 = FILL_AREA_STYLE('',(#15639));
#15639 = FILL_AREA_STYLE_COLOUR('',#15282);
#15640 = STYLED_ITEM('color',(#15641),#12636);
#15641 = PRESENTATION_STYLE_ASSIGNMENT((#15642));
#15642 = SURFACE_STYLE_USAGE(.BOTH.,#15643);
#15643 = SURFACE_SIDE_STYLE('',(#15644));
#15644 = SURFACE_STYLE_FILL_AREA(#15645);
#15645 = FILL_AREA_STYLE('',(#15646));
#15646 = FILL_AREA_STYLE_COLOUR('',#15282);
#15647 = STYLED_ITEM('color',(#15648),#12667);
#15648 = PRESENTATION_STYLE_ASSIGNMENT((#15649));
#15649 = SURFACE_STYLE_USAGE(.BOTH.,#15650);
#15650 = SURFACE_SIDE_STYLE('',(#15651));
#15651 = SURFACE_STYLE_FILL_AREA(#15652);
#15652 = FILL_AREA_STYLE('',(#15653));
#15653 = FILL_AREA_STYLE_COLOUR('',#15282);
#15654 = STYLED_ITEM('color',(#15655),#12691);
#15655 = PRESENTATION_STYLE_ASSIGNMENT((#15656));
#15656 = SURFACE_STYLE_USAGE(.BOTH.,#15657);
#15657 = SURFACE_SIDE_STYLE('',(#15658));
#15658 = SURFACE_STYLE_FILL_AREA(#15659);
#15659 = FILL_AREA_STYLE('',(#15660));
#15660 = FILL_AREA_STYLE_COLOUR('',#15282);
#15661 = STYLED_ITEM('color',(#15662),#12715);
#15662 = PRESENTATION_STYLE_ASSIGNMENT((#15663));
#15663 = SURFACE_STYLE_USAGE(.BOTH.,#15664);
#15664 = SURFACE_SIDE_STYLE('',(#15665));
#15665 = SURFACE_STYLE_FILL_AREA(#15666);
#15666 = FILL_AREA_STYLE('',(#15667));
#15667 = FILL_AREA_STYLE_COLOUR('',#15282);
#15668 = STYLED_ITEM('color',(#15669),#12732);
#15669 = PRESENTATION_STYLE_ASSIGNMENT((#15670));
#15670 = SURFACE_STYLE_USAGE(.BOTH.,#15671);
#15671 = SURFACE_SIDE_STYLE('',(#15672));
#15672 = SURFACE_STYLE_FILL_AREA(#15673);
#15673 = FILL_AREA_STYLE('',(#15674));
#15674 = FILL_AREA_STYLE_COLOUR('',#15282);
#15675 = STYLED_ITEM('color',(#15676),#12763);
#15676 = PRESENTATION_STYLE_ASSIGNMENT((#15677));
#15677 = SURFACE_STYLE_USAGE(.BOTH.,#15678);
#15678 = SURFACE_SIDE_STYLE('',(#15679));
#15679 = SURFACE_STYLE_FILL_AREA(#15680);
#15680 = FILL_AREA_STYLE('',(#15681));
#15681 = FILL_AREA_STYLE_COLOUR('',#15282);
#15682 = STYLED_ITEM('color',(#15683),#12787);
#15683 = PRESENTATION_STYLE_ASSIGNMENT((#15684));
#15684 = SURFACE_STYLE_USAGE(.BOTH.,#15685);
#15685 = SURFACE_SIDE_STYLE('',(#15686));
#15686 = SURFACE_STYLE_FILL_AREA(#15687);
#15687 = FILL_AREA_STYLE('',(#15688));
#15688 = FILL_AREA_STYLE_COLOUR('',#15282);
#15689 = STYLED_ITEM('color',(#15690),#12811);
#15690 = PRESENTATION_STYLE_ASSIGNMENT((#15691));
#15691 = SURFACE_STYLE_USAGE(.BOTH.,#15692);
#15692 = SURFACE_SIDE_STYLE('',(#15693));
#15693 = SURFACE_STYLE_FILL_AREA(#15694);
#15694 = FILL_AREA_STYLE('',(#15695));
#15695 = FILL_AREA_STYLE_COLOUR('',#15282);
#15696 = STYLED_ITEM('color',(#15697),#12828);
#15697 = PRESENTATION_STYLE_ASSIGNMENT((#15698));
#15698 = SURFACE_STYLE_USAGE(.BOTH.,#15699);
#15699 = SURFACE_SIDE_STYLE('',(#15700));
#15700 = SURFACE_STYLE_FILL_AREA(#15701);
#15701 = FILL_AREA_STYLE('',(#15702));
#15702 = FILL_AREA_STYLE_COLOUR('',#15282);
#15703 = STYLED_ITEM('color',(#15704),#12859);
#15704 = PRESENTATION_STYLE_ASSIGNMENT((#15705));
#15705 = SURFACE_STYLE_USAGE(.BOTH.,#15706);
#15706 = SURFACE_SIDE_STYLE('',(#15707));
#15707 = SURFACE_STYLE_FILL_AREA(#15708);
#15708 = FILL_AREA_STYLE('',(#15709));
#15709 = FILL_AREA_STYLE_COLOUR('',#15282);
#15710 = STYLED_ITEM('color',(#15711),#12883);
#15711 = PRESENTATION_STYLE_ASSIGNMENT((#15712));
#15712 = SURFACE_STYLE_USAGE(.BOTH.,#15713);
#15713 = SURFACE_SIDE_STYLE('',(#15714));
#15714 = SURFACE_STYLE_FILL_AREA(#15715);
#15715 = FILL_AREA_STYLE('',(#15716));
#15716 = FILL_AREA_STYLE_COLOUR('',#15282);
#15717 = STYLED_ITEM('color',(#15718),#12907);
#15718 = PRESENTATION_STYLE_ASSIGNMENT((#15719));
#15719 = SURFACE_STYLE_USAGE(.BOTH.,#15720);
#15720 = SURFACE_SIDE_STYLE('',(#15721));
#15721 = SURFACE_STYLE_FILL_AREA(#15722);
#15722 = FILL_AREA_STYLE('',(#15723));
#15723 = FILL_AREA_STYLE_COLOUR('',#15282);
#15724 = STYLED_ITEM('color',(#15725),#12924);
#15725 = PRESENTATION_STYLE_ASSIGNMENT((#15726));
#15726 = SURFACE_STYLE_USAGE(.BOTH.,#15727);
#15727 = SURFACE_SIDE_STYLE('',(#15728));
#15728 = SURFACE_STYLE_FILL_AREA(#15729);
#15729 = FILL_AREA_STYLE('',(#15730));
#15730 = FILL_AREA_STYLE_COLOUR('',#15282);
#15731 = STYLED_ITEM('color',(#15732),#12936);
#15732 = PRESENTATION_STYLE_ASSIGNMENT((#15733));
#15733 = SURFACE_STYLE_USAGE(.BOTH.,#15734);
#15734 = SURFACE_SIDE_STYLE('',(#15735));
#15735 = SURFACE_STYLE_FILL_AREA(#15736);
#15736 = FILL_AREA_STYLE('',(#15737));
#15737 = FILL_AREA_STYLE_COLOUR('',#15282);
#15738 = STYLED_ITEM('color',(#15739),#12948);
#15739 = PRESENTATION_STYLE_ASSIGNMENT((#15740));
#15740 = SURFACE_STYLE_USAGE(.BOTH.,#15741);
#15741 = SURFACE_SIDE_STYLE('',(#15742));
#15742 = SURFACE_STYLE_FILL_AREA(#15743);
#15743 = FILL_AREA_STYLE('',(#15744));
#15744 = FILL_AREA_STYLE_COLOUR('',#15282);
#15745 = STYLED_ITEM('color',(#15746),#12960);
#15746 = PRESENTATION_STYLE_ASSIGNMENT((#15747));
#15747 = SURFACE_STYLE_USAGE(.BOTH.,#15748);
#15748 = SURFACE_SIDE_STYLE('',(#15749));
#15749 = SURFACE_STYLE_FILL_AREA(#15750);
#15750 = FILL_AREA_STYLE('',(#15751));
#15751 = FILL_AREA_STYLE_COLOUR('',#15282);
#15752 = STYLED_ITEM('color',(#15753),#12972);
#15753 = PRESENTATION_STYLE_ASSIGNMENT((#15754));
#15754 = SURFACE_STYLE_USAGE(.BOTH.,#15755);
#15755 = SURFACE_SIDE_STYLE('',(#15756));
#15756 = SURFACE_STYLE_FILL_AREA(#15757);
#15757 = FILL_AREA_STYLE('',(#15758));
#15758 = FILL_AREA_STYLE_COLOUR('',#15282);
#15759 = STYLED_ITEM('color',(#15760),#12984);
#15760 = PRESENTATION_STYLE_ASSIGNMENT((#15761));
#15761 = SURFACE_STYLE_USAGE(.BOTH.,#15762);
#15762 = SURFACE_SIDE_STYLE('',(#15763));
#15763 = SURFACE_STYLE_FILL_AREA(#15764);
#15764 = FILL_AREA_STYLE('',(#15765));
#15765 = FILL_AREA_STYLE_COLOUR('',#15282);
#15766 = STYLED_ITEM('color',(#15767),#12996);
#15767 = PRESENTATION_STYLE_ASSIGNMENT((#15768));
#15768 = SURFACE_STYLE_USAGE(.BOTH.,#15769);
#15769 = SURFACE_SIDE_STYLE('',(#15770));
#15770 = SURFACE_STYLE_FILL_AREA(#15771);
#15771 = FILL_AREA_STYLE('',(#15772));
#15772 = FILL_AREA_STYLE_COLOUR('',#15282);
#15773 = STYLED_ITEM('color',(#15774),#13008);
#15774 = PRESENTATION_STYLE_ASSIGNMENT((#15775));
#15775 = SURFACE_STYLE_USAGE(.BOTH.,#15776);
#15776 = SURFACE_SIDE_STYLE('',(#15777));
#15777 = SURFACE_STYLE_FILL_AREA(#15778);
#15778 = FILL_AREA_STYLE('',(#15779));
#15779 = FILL_AREA_STYLE_COLOUR('',#15282);
#15780 = MECHANICAL_DESIGN_GEOMETRIC_PRESENTATION_REPRESENTATION('',(
    #15781,#15788,#15795,#15802,#15809,#15816,#15823,#15830,#15837,
    #15844,#15851,#15858,#15865,#15872,#15879,#15886,#15893,#15900,
    #15907,#15914,#15921,#15928,#15935,#15942,#15949,#15956,#15963,
    #15970,#15977,#15984,#15991,#15998,#16005,#16012,#16019,#16026,
    #16033,#16040,#16047,#16054,#16061,#16068,#16075,#16082,#16089,
    #16096,#16103,#16110,#16117,#16124,#16131,#16138,#16145,#16152,
    #16159,#16166,#16173,#16180,#16187,#16194,#16201,#16208,#16215,
    #16222,#16229,#16236,#16243,#16250,#16257,#16264,#16271,#16278,
    #16285,#16292,#16299,#16306,#16313,#16320,#16327,#16334,#16341,
    #16348,#16355,#16362,#16369,#16376,#16383,#16390,#16397,#16404,
    #16411,#16418,#16425,#16432,#16439,#16446,#16453,#16460,#16467,
    #16474,#16481,#16488,#16495,#16502,#16509),#3302);
#15781 = STYLED_ITEM('color',(#15782),#75);
#15782 = PRESENTATION_STYLE_ASSIGNMENT((#15783));
#15783 = SURFACE_STYLE_USAGE(.BOTH.,#15784);
#15784 = SURFACE_SIDE_STYLE('',(#15785));
#15785 = SURFACE_STYLE_FILL_AREA(#15786);
#15786 = FILL_AREA_STYLE('',(#15787));
#15787 = FILL_AREA_STYLE_COLOUR('',#15085);
#15788 = STYLED_ITEM('color',(#15789),#92);
#15789 = PRESENTATION_STYLE_ASSIGNMENT((#15790));
#15790 = SURFACE_STYLE_USAGE(.BOTH.,#15791);
#15791 = SURFACE_SIDE_STYLE('',(#15792));
#15792 = SURFACE_STYLE_FILL_AREA(#15793);
#15793 = FILL_AREA_STYLE('',(#15794));
#15794 = FILL_AREA_STYLE_COLOUR('',#15085);
#15795 = STYLED_ITEM('color',(#15796),#117);
#15796 = PRESENTATION_STYLE_ASSIGNMENT((#15797));
#15797 = SURFACE_STYLE_USAGE(.BOTH.,#15798);
#15798 = SURFACE_SIDE_STYLE('',(#15799));
#15799 = SURFACE_STYLE_FILL_AREA(#15800);
#15800 = FILL_AREA_STYLE('',(#15801));
#15801 = FILL_AREA_STYLE_COLOUR('',#14999);
#15802 = STYLED_ITEM('color',(#15803),#240);
#15803 = PRESENTATION_STYLE_ASSIGNMENT((#15804));
#15804 = SURFACE_STYLE_USAGE(.BOTH.,#15805);
#15805 = SURFACE_SIDE_STYLE('',(#15806));
#15806 = SURFACE_STYLE_FILL_AREA(#15807);
#15807 = FILL_AREA_STYLE('',(#15808));
#15808 = FILL_AREA_STYLE_COLOUR('',#14999);
#15809 = STYLED_ITEM('color',(#15810),#271);
#15810 = PRESENTATION_STYLE_ASSIGNMENT((#15811));
#15811 = SURFACE_STYLE_USAGE(.BOTH.,#15812);
#15812 = SURFACE_SIDE_STYLE('',(#15813));
#15813 = SURFACE_STYLE_FILL_AREA(#15814);
#15814 = FILL_AREA_STYLE('',(#15815));
#15815 = FILL_AREA_STYLE_COLOUR('',#14999);
#15816 = STYLED_ITEM('color',(#15817),#296);
#15817 = PRESENTATION_STYLE_ASSIGNMENT((#15818));
#15818 = SURFACE_STYLE_USAGE(.BOTH.,#15819);
#15819 = SURFACE_SIDE_STYLE('',(#15820));
#15820 = SURFACE_STYLE_FILL_AREA(#15821);
#15821 = FILL_AREA_STYLE('',(#15822));
#15822 = FILL_AREA_STYLE_COLOUR('',#14999);
#15823 = STYLED_ITEM('color',(#15824),#321);
#15824 = PRESENTATION_STYLE_ASSIGNMENT((#15825));
#15825 = SURFACE_STYLE_USAGE(.BOTH.,#15826);
#15826 = SURFACE_SIDE_STYLE('',(#15827));
#15827 = SURFACE_STYLE_FILL_AREA(#15828);
#15828 = FILL_AREA_STYLE('',(#15829));
#15829 = FILL_AREA_STYLE_COLOUR('',#14999);
#15830 = STYLED_ITEM('color',(#15831),#345);
#15831 = PRESENTATION_STYLE_ASSIGNMENT((#15832));
#15832 = SURFACE_STYLE_USAGE(.BOTH.,#15833);
#15833 = SURFACE_SIDE_STYLE('',(#15834));
#15834 = SURFACE_STYLE_FILL_AREA(#15835);
#15835 = FILL_AREA_STYLE('',(#15836));
#15836 = FILL_AREA_STYLE_COLOUR('',#14999);
#15837 = STYLED_ITEM('color',(#15838),#369);
#15838 = PRESENTATION_STYLE_ASSIGNMENT((#15839));
#15839 = SURFACE_STYLE_USAGE(.BOTH.,#15840);
#15840 = SURFACE_SIDE_STYLE('',(#15841));
#15841 = SURFACE_STYLE_FILL_AREA(#15842);
#15842 = FILL_AREA_STYLE('',(#15843));
#15843 = FILL_AREA_STYLE_COLOUR('',#14999);
#15844 = STYLED_ITEM('color',(#15845),#394);
#15845 = PRESENTATION_STYLE_ASSIGNMENT((#15846));
#15846 = SURFACE_STYLE_USAGE(.BOTH.,#15847);
#15847 = SURFACE_SIDE_STYLE('',(#15848));
#15848 = SURFACE_STYLE_FILL_AREA(#15849);
#15849 = FILL_AREA_STYLE('',(#15850));
#15850 = FILL_AREA_STYLE_COLOUR('',#14999);
#15851 = STYLED_ITEM('color',(#15852),#419);
#15852 = PRESENTATION_STYLE_ASSIGNMENT((#15853));
#15853 = SURFACE_STYLE_USAGE(.BOTH.,#15854);
#15854 = SURFACE_SIDE_STYLE('',(#15855));
#15855 = SURFACE_STYLE_FILL_AREA(#15856);
#15856 = FILL_AREA_STYLE('',(#15857));
#15857 = FILL_AREA_STYLE_COLOUR('',#14999);
#15858 = STYLED_ITEM('color',(#15859),#436);
#15859 = PRESENTATION_STYLE_ASSIGNMENT((#15860));
#15860 = SURFACE_STYLE_USAGE(.BOTH.,#15861);
#15861 = SURFACE_SIDE_STYLE('',(#15862));
#15862 = SURFACE_STYLE_FILL_AREA(#15863);
#15863 = FILL_AREA_STYLE('',(#15864));
#15864 = FILL_AREA_STYLE_COLOUR('',#15085);
#15865 = STYLED_ITEM('color',(#15866),#461);
#15866 = PRESENTATION_STYLE_ASSIGNMENT((#15867));
#15867 = SURFACE_STYLE_USAGE(.BOTH.,#15868);
#15868 = SURFACE_SIDE_STYLE('',(#15869));
#15869 = SURFACE_STYLE_FILL_AREA(#15870);
#15870 = FILL_AREA_STYLE('',(#15871));
#15871 = FILL_AREA_STYLE_COLOUR('',#15085);
#15872 = STYLED_ITEM('color',(#15873),#486);
#15873 = PRESENTATION_STYLE_ASSIGNMENT((#15874));
#15874 = SURFACE_STYLE_USAGE(.BOTH.,#15875);
#15875 = SURFACE_SIDE_STYLE('',(#15876));
#15876 = SURFACE_STYLE_FILL_AREA(#15877);
#15877 = FILL_AREA_STYLE('',(#15878));
#15878 = FILL_AREA_STYLE_COLOUR('',#15085);
#15879 = STYLED_ITEM('color',(#15880),#511);
#15880 = PRESENTATION_STYLE_ASSIGNMENT((#15881));
#15881 = SURFACE_STYLE_USAGE(.BOTH.,#15882);
#15882 = SURFACE_SIDE_STYLE('',(#15883));
#15883 = SURFACE_STYLE_FILL_AREA(#15884);
#15884 = FILL_AREA_STYLE('',(#15885));
#15885 = FILL_AREA_STYLE_COLOUR('',#15085);
#15886 = STYLED_ITEM('color',(#15887),#536);
#15887 = PRESENTATION_STYLE_ASSIGNMENT((#15888));
#15888 = SURFACE_STYLE_USAGE(.BOTH.,#15889);
#15889 = SURFACE_SIDE_STYLE('',(#15890));
#15890 = SURFACE_STYLE_FILL_AREA(#15891);
#15891 = FILL_AREA_STYLE('',(#15892));
#15892 = FILL_AREA_STYLE_COLOUR('',#15085);
#15893 = STYLED_ITEM('color',(#15894),#567);
#15894 = PRESENTATION_STYLE_ASSIGNMENT((#15895));
#15895 = SURFACE_STYLE_USAGE(.BOTH.,#15896);
#15896 = SURFACE_SIDE_STYLE('',(#15897));
#15897 = SURFACE_STYLE_FILL_AREA(#15898);
#15898 = FILL_AREA_STYLE('',(#15899));
#15899 = FILL_AREA_STYLE_COLOUR('',#15085);
#15900 = STYLED_ITEM('color',(#15901),#592);
#15901 = PRESENTATION_STYLE_ASSIGNMENT((#15902));
#15902 = SURFACE_STYLE_USAGE(.BOTH.,#15903);
#15903 = SURFACE_SIDE_STYLE('',(#15904));
#15904 = SURFACE_STYLE_FILL_AREA(#15905);
#15905 = FILL_AREA_STYLE('',(#15906));
#15906 = FILL_AREA_STYLE_COLOUR('',#15085);
#15907 = STYLED_ITEM('color',(#15908),#617);
#15908 = PRESENTATION_STYLE_ASSIGNMENT((#15909));
#15909 = SURFACE_STYLE_USAGE(.BOTH.,#15910);
#15910 = SURFACE_SIDE_STYLE('',(#15911));
#15911 = SURFACE_STYLE_FILL_AREA(#15912);
#15912 = FILL_AREA_STYLE('',(#15913));
#15913 = FILL_AREA_STYLE_COLOUR('',#15085);
#15914 = STYLED_ITEM('color',(#15915),#705);
#15915 = PRESENTATION_STYLE_ASSIGNMENT((#15916));
#15916 = SURFACE_STYLE_USAGE(.BOTH.,#15917);
#15917 = SURFACE_SIDE_STYLE('',(#15918));
#15918 = SURFACE_STYLE_FILL_AREA(#15919);
#15919 = FILL_AREA_STYLE('',(#15920));
#15920 = FILL_AREA_STYLE_COLOUR('',#15085);
#15921 = STYLED_ITEM('color',(#15922),#793);
#15922 = PRESENTATION_STYLE_ASSIGNMENT((#15923));
#15923 = SURFACE_STYLE_USAGE(.BOTH.,#15924);
#15924 = SURFACE_SIDE_STYLE('',(#15925));
#15925 = SURFACE_STYLE_FILL_AREA(#15926);
#15926 = FILL_AREA_STYLE('',(#15927));
#15927 = FILL_AREA_STYLE_COLOUR('',#15085);
#15928 = STYLED_ITEM('color',(#15929),#818);
#15929 = PRESENTATION_STYLE_ASSIGNMENT((#15930));
#15930 = SURFACE_STYLE_USAGE(.BOTH.,#15931);
#15931 = SURFACE_SIDE_STYLE('',(#15932));
#15932 = SURFACE_STYLE_FILL_AREA(#15933);
#15933 = FILL_AREA_STYLE('',(#15934));
#15934 = FILL_AREA_STYLE_COLOUR('',#15085);
#15935 = STYLED_ITEM('color',(#15936),#843);
#15936 = PRESENTATION_STYLE_ASSIGNMENT((#15937));
#15937 = SURFACE_STYLE_USAGE(.BOTH.,#15938);
#15938 = SURFACE_SIDE_STYLE('',(#15939));
#15939 = SURFACE_STYLE_FILL_AREA(#15940);
#15940 = FILL_AREA_STYLE('',(#15941));
#15941 = FILL_AREA_STYLE_COLOUR('',#15085);
#15942 = STYLED_ITEM('color',(#15943),#860);
#15943 = PRESENTATION_STYLE_ASSIGNMENT((#15944));
#15944 = SURFACE_STYLE_USAGE(.BOTH.,#15945);
#15945 = SURFACE_SIDE_STYLE('',(#15946));
#15946 = SURFACE_STYLE_FILL_AREA(#15947);
#15947 = FILL_AREA_STYLE('',(#15948));
#15948 = FILL_AREA_STYLE_COLOUR('',#15085);
#15949 = STYLED_ITEM('color',(#15950),#869);
#15950 = PRESENTATION_STYLE_ASSIGNMENT((#15951));
#15951 = SURFACE_STYLE_USAGE(.BOTH.,#15952);
#15952 = SURFACE_SIDE_STYLE('',(#15953));
#15953 = SURFACE_STYLE_FILL_AREA(#15954);
#15954 = FILL_AREA_STYLE('',(#15955));
#15955 = FILL_AREA_STYLE_COLOUR('',#15085);
#15956 = STYLED_ITEM('color',(#15957),#895);
#15957 = PRESENTATION_STYLE_ASSIGNMENT((#15958));
#15958 = SURFACE_STYLE_USAGE(.BOTH.,#15959);
#15959 = SURFACE_SIDE_STYLE('',(#15960));
#15960 = SURFACE_STYLE_FILL_AREA(#15961);
#15961 = FILL_AREA_STYLE('',(#15962));
#15962 = FILL_AREA_STYLE_COLOUR('',#15085);
#15963 = STYLED_ITEM('color',(#15964),#904);
#15964 = PRESENTATION_STYLE_ASSIGNMENT((#15965));
#15965 = SURFACE_STYLE_USAGE(.BOTH.,#15966);
#15966 = SURFACE_SIDE_STYLE('',(#15967));
#15967 = SURFACE_STYLE_FILL_AREA(#15968);
#15968 = FILL_AREA_STYLE('',(#15969));
#15969 = FILL_AREA_STYLE_COLOUR('',#15085);
#15970 = STYLED_ITEM('color',(#15971),#913);
#15971 = PRESENTATION_STYLE_ASSIGNMENT((#15972));
#15972 = SURFACE_STYLE_USAGE(.BOTH.,#15973);
#15973 = SURFACE_SIDE_STYLE('',(#15974));
#15974 = SURFACE_STYLE_FILL_AREA(#15975);
#15975 = FILL_AREA_STYLE('',(#15976));
#15976 = FILL_AREA_STYLE_COLOUR('',#15085);
#15977 = STYLED_ITEM('color',(#15978),#957);
#15978 = PRESENTATION_STYLE_ASSIGNMENT((#15979));
#15979 = SURFACE_STYLE_USAGE(.BOTH.,#15980);
#15980 = SURFACE_SIDE_STYLE('',(#15981));
#15981 = SURFACE_STYLE_FILL_AREA(#15982);
#15982 = FILL_AREA_STYLE('',(#15983));
#15983 = FILL_AREA_STYLE_COLOUR('',#14999);
#15984 = STYLED_ITEM('color',(#15985),#1107);
#15985 = PRESENTATION_STYLE_ASSIGNMENT((#15986));
#15986 = SURFACE_STYLE_USAGE(.BOTH.,#15987);
#15987 = SURFACE_SIDE_STYLE('',(#15988));
#15988 = SURFACE_STYLE_FILL_AREA(#15989);
#15989 = FILL_AREA_STYLE('',(#15990));
#15990 = FILL_AREA_STYLE_COLOUR('',#14999);
#15991 = STYLED_ITEM('color',(#15992),#1131);
#15992 = PRESENTATION_STYLE_ASSIGNMENT((#15993));
#15993 = SURFACE_STYLE_USAGE(.BOTH.,#15994);
#15994 = SURFACE_SIDE_STYLE('',(#15995));
#15995 = SURFACE_STYLE_FILL_AREA(#15996);
#15996 = FILL_AREA_STYLE('',(#15997));
#15997 = FILL_AREA_STYLE_COLOUR('',#14999);
#15998 = STYLED_ITEM('color',(#15999),#1274);
#15999 = PRESENTATION_STYLE_ASSIGNMENT((#16000));
#16000 = SURFACE_STYLE_USAGE(.BOTH.,#16001);
#16001 = SURFACE_SIDE_STYLE('',(#16002));
#16002 = SURFACE_STYLE_FILL_AREA(#16003);
#16003 = FILL_AREA_STYLE('',(#16004));
#16004 = FILL_AREA_STYLE_COLOUR('',#14999);
#16005 = STYLED_ITEM('color',(#16006),#1424);
#16006 = PRESENTATION_STYLE_ASSIGNMENT((#16007));
#16007 = SURFACE_STYLE_USAGE(.BOTH.,#16008);
#16008 = SURFACE_SIDE_STYLE('',(#16009));
#16009 = SURFACE_STYLE_FILL_AREA(#16010);
#16010 = FILL_AREA_STYLE('',(#16011));
#16011 = FILL_AREA_STYLE_COLOUR('',#14999);
#16012 = STYLED_ITEM('color',(#16013),#1574);
#16013 = PRESENTATION_STYLE_ASSIGNMENT((#16014));
#16014 = SURFACE_STYLE_USAGE(.BOTH.,#16015);
#16015 = SURFACE_SIDE_STYLE('',(#16016));
#16016 = SURFACE_STYLE_FILL_AREA(#16017);
#16017 = FILL_AREA_STYLE('',(#16018));
#16018 = FILL_AREA_STYLE_COLOUR('',#14999);
#16019 = STYLED_ITEM('color',(#16020),#1591);
#16020 = PRESENTATION_STYLE_ASSIGNMENT((#16021));
#16021 = SURFACE_STYLE_USAGE(.BOTH.,#16022);
#16022 = SURFACE_SIDE_STYLE('',(#16023));
#16023 = SURFACE_STYLE_FILL_AREA(#16024);
#16024 = FILL_AREA_STYLE('',(#16025));
#16025 = FILL_AREA_STYLE_COLOUR('',#14999);
#16026 = STYLED_ITEM('color',(#16027),#1741);
#16027 = PRESENTATION_STYLE_ASSIGNMENT((#16028));
#16028 = SURFACE_STYLE_USAGE(.BOTH.,#16029);
#16029 = SURFACE_SIDE_STYLE('',(#16030));
#16030 = SURFACE_STYLE_FILL_AREA(#16031);
#16031 = FILL_AREA_STYLE('',(#16032));
#16032 = FILL_AREA_STYLE_COLOUR('',#14999);
#16033 = STYLED_ITEM('color',(#16034),#1765);
#16034 = PRESENTATION_STYLE_ASSIGNMENT((#16035));
#16035 = SURFACE_STYLE_USAGE(.BOTH.,#16036);
#16036 = SURFACE_SIDE_STYLE('',(#16037));
#16037 = SURFACE_STYLE_FILL_AREA(#16038);
#16038 = FILL_AREA_STYLE('',(#16039));
#16039 = FILL_AREA_STYLE_COLOUR('',#14999);
#16040 = STYLED_ITEM('color',(#16041),#1908);
#16041 = PRESENTATION_STYLE_ASSIGNMENT((#16042));
#16042 = SURFACE_STYLE_USAGE(.BOTH.,#16043);
#16043 = SURFACE_SIDE_STYLE('',(#16044));
#16044 = SURFACE_STYLE_FILL_AREA(#16045);
#16045 = FILL_AREA_STYLE('',(#16046));
#16046 = FILL_AREA_STYLE_COLOUR('',#14999);
#16047 = STYLED_ITEM('color',(#16048),#2058);
#16048 = PRESENTATION_STYLE_ASSIGNMENT((#16049));
#16049 = SURFACE_STYLE_USAGE(.BOTH.,#16050);
#16050 = SURFACE_SIDE_STYLE('',(#16051));
#16051 = SURFACE_STYLE_FILL_AREA(#16052);
#16052 = FILL_AREA_STYLE('',(#16053));
#16053 = FILL_AREA_STYLE_COLOUR('',#14999);
#16054 = STYLED_ITEM('color',(#16055),#2208);
#16055 = PRESENTATION_STYLE_ASSIGNMENT((#16056));
#16056 = SURFACE_STYLE_USAGE(.BOTH.,#16057);
#16057 = SURFACE_SIDE_STYLE('',(#16058));
#16058 = SURFACE_STYLE_FILL_AREA(#16059);
#16059 = FILL_AREA_STYLE('',(#16060));
#16060 = FILL_AREA_STYLE_COLOUR('',#14999);
#16061 = STYLED_ITEM('color',(#16062),#2225);
#16062 = PRESENTATION_STYLE_ASSIGNMENT((#16063));
#16063 = SURFACE_STYLE_USAGE(.BOTH.,#16064);
#16064 = SURFACE_SIDE_STYLE('',(#16065));
#16065 = SURFACE_STYLE_FILL_AREA(#16066);
#16066 = FILL_AREA_STYLE('',(#16067));
#16067 = FILL_AREA_STYLE_COLOUR('',#15085);
#16068 = STYLED_ITEM('color',(#16069),#2234);
#16069 = PRESENTATION_STYLE_ASSIGNMENT((#16070));
#16070 = SURFACE_STYLE_USAGE(.BOTH.,#16071);
#16071 = SURFACE_SIDE_STYLE('',(#16072));
#16072 = SURFACE_STYLE_FILL_AREA(#16073);
#16073 = FILL_AREA_STYLE('',(#16074));
#16074 = FILL_AREA_STYLE_COLOUR('',#14999);
#16075 = STYLED_ITEM('color',(#16076),#2251);
#16076 = PRESENTATION_STYLE_ASSIGNMENT((#16077));
#16077 = SURFACE_STYLE_USAGE(.BOTH.,#16078);
#16078 = SURFACE_SIDE_STYLE('',(#16079));
#16079 = SURFACE_STYLE_FILL_AREA(#16080);
#16080 = FILL_AREA_STYLE('',(#16081));
#16081 = FILL_AREA_STYLE_COLOUR('',#14999);
#16082 = STYLED_ITEM('color',(#16083),#2268);
#16083 = PRESENTATION_STYLE_ASSIGNMENT((#16084));
#16084 = SURFACE_STYLE_USAGE(.BOTH.,#16085);
#16085 = SURFACE_SIDE_STYLE('',(#16086));
#16086 = SURFACE_STYLE_FILL_AREA(#16087);
#16087 = FILL_AREA_STYLE('',(#16088));
#16088 = FILL_AREA_STYLE_COLOUR('',#14999);
#16089 = STYLED_ITEM('color',(#16090),#2285);
#16090 = PRESENTATION_STYLE_ASSIGNMENT((#16091));
#16091 = SURFACE_STYLE_USAGE(.BOTH.,#16092);
#16092 = SURFACE_SIDE_STYLE('',(#16093));
#16093 = SURFACE_STYLE_FILL_AREA(#16094);
#16094 = FILL_AREA_STYLE('',(#16095));
#16095 = FILL_AREA_STYLE_COLOUR('',#14999);
#16096 = STYLED_ITEM('color',(#16097),#2302);
#16097 = PRESENTATION_STYLE_ASSIGNMENT((#16098));
#16098 = SURFACE_STYLE_USAGE(.BOTH.,#16099);
#16099 = SURFACE_SIDE_STYLE('',(#16100));
#16100 = SURFACE_STYLE_FILL_AREA(#16101);
#16101 = FILL_AREA_STYLE('',(#16102));
#16102 = FILL_AREA_STYLE_COLOUR('',#14999);
#16103 = STYLED_ITEM('color',(#16104),#2324);
#16104 = PRESENTATION_STYLE_ASSIGNMENT((#16105));
#16105 = SURFACE_STYLE_USAGE(.BOTH.,#16106);
#16106 = SURFACE_SIDE_STYLE('',(#16107));
#16107 = SURFACE_STYLE_FILL_AREA(#16108);
#16108 = FILL_AREA_STYLE('',(#16109));
#16109 = FILL_AREA_STYLE_COLOUR('',#14999);
#16110 = STYLED_ITEM('color',(#16111),#2341);
#16111 = PRESENTATION_STYLE_ASSIGNMENT((#16112));
#16112 = SURFACE_STYLE_USAGE(.BOTH.,#16113);
#16113 = SURFACE_SIDE_STYLE('',(#16114));
#16114 = SURFACE_STYLE_FILL_AREA(#16115);
#16115 = FILL_AREA_STYLE('',(#16116));
#16116 = FILL_AREA_STYLE_COLOUR('',#14999);
#16117 = STYLED_ITEM('color',(#16118),#2358);
#16118 = PRESENTATION_STYLE_ASSIGNMENT((#16119));
#16119 = SURFACE_STYLE_USAGE(.BOTH.,#16120);
#16120 = SURFACE_SIDE_STYLE('',(#16121));
#16121 = SURFACE_STYLE_FILL_AREA(#16122);
#16122 = FILL_AREA_STYLE('',(#16123));
#16123 = FILL_AREA_STYLE_COLOUR('',#14999);
#16124 = STYLED_ITEM('color',(#16125),#2375);
#16125 = PRESENTATION_STYLE_ASSIGNMENT((#16126));
#16126 = SURFACE_STYLE_USAGE(.BOTH.,#16127);
#16127 = SURFACE_SIDE_STYLE('',(#16128));
#16128 = SURFACE_STYLE_FILL_AREA(#16129);
#16129 = FILL_AREA_STYLE('',(#16130));
#16130 = FILL_AREA_STYLE_COLOUR('',#14999);
#16131 = STYLED_ITEM('color',(#16132),#2392);
#16132 = PRESENTATION_STYLE_ASSIGNMENT((#16133));
#16133 = SURFACE_STYLE_USAGE(.BOTH.,#16134);
#16134 = SURFACE_SIDE_STYLE('',(#16135));
#16135 = SURFACE_STYLE_FILL_AREA(#16136);
#16136 = FILL_AREA_STYLE('',(#16137));
#16137 = FILL_AREA_STYLE_COLOUR('',#14999);
#16138 = STYLED_ITEM('color',(#16139),#2404);
#16139 = PRESENTATION_STYLE_ASSIGNMENT((#16140));
#16140 = SURFACE_STYLE_USAGE(.BOTH.,#16141);
#16141 = SURFACE_SIDE_STYLE('',(#16142));
#16142 = SURFACE_STYLE_FILL_AREA(#16143);
#16143 = FILL_AREA_STYLE('',(#16144));
#16144 = FILL_AREA_STYLE_COLOUR('',#14999);
#16145 = STYLED_ITEM('color',(#16146),#2421);
#16146 = PRESENTATION_STYLE_ASSIGNMENT((#16147));
#16147 = SURFACE_STYLE_USAGE(.BOTH.,#16148);
#16148 = SURFACE_SIDE_STYLE('',(#16149));
#16149 = SURFACE_STYLE_FILL_AREA(#16150);
#16150 = FILL_AREA_STYLE('',(#16151));
#16151 = FILL_AREA_STYLE_COLOUR('',#14999);
#16152 = STYLED_ITEM('color',(#16153),#2438);
#16153 = PRESENTATION_STYLE_ASSIGNMENT((#16154));
#16154 = SURFACE_STYLE_USAGE(.BOTH.,#16155);
#16155 = SURFACE_SIDE_STYLE('',(#16156));
#16156 = SURFACE_STYLE_FILL_AREA(#16157);
#16157 = FILL_AREA_STYLE('',(#16158));
#16158 = FILL_AREA_STYLE_COLOUR('',#14999);
#16159 = STYLED_ITEM('color',(#16160),#2455);
#16160 = PRESENTATION_STYLE_ASSIGNMENT((#16161));
#16161 = SURFACE_STYLE_USAGE(.BOTH.,#16162);
#16162 = SURFACE_SIDE_STYLE('',(#16163));
#16163 = SURFACE_STYLE_FILL_AREA(#16164);
#16164 = FILL_AREA_STYLE('',(#16165));
#16165 = FILL_AREA_STYLE_COLOUR('',#14999);
#16166 = STYLED_ITEM('color',(#16167),#2472);
#16167 = PRESENTATION_STYLE_ASSIGNMENT((#16168));
#16168 = SURFACE_STYLE_USAGE(.BOTH.,#16169);
#16169 = SURFACE_SIDE_STYLE('',(#16170));
#16170 = SURFACE_STYLE_FILL_AREA(#16171);
#16171 = FILL_AREA_STYLE('',(#16172));
#16172 = FILL_AREA_STYLE_COLOUR('',#14999);
#16173 = STYLED_ITEM('color',(#16174),#2489);
#16174 = PRESENTATION_STYLE_ASSIGNMENT((#16175));
#16175 = SURFACE_STYLE_USAGE(.BOTH.,#16176);
#16176 = SURFACE_SIDE_STYLE('',(#16177));
#16177 = SURFACE_STYLE_FILL_AREA(#16178);
#16178 = FILL_AREA_STYLE('',(#16179));
#16179 = FILL_AREA_STYLE_COLOUR('',#14999);
#16180 = STYLED_ITEM('color',(#16181),#2506);
#16181 = PRESENTATION_STYLE_ASSIGNMENT((#16182));
#16182 = SURFACE_STYLE_USAGE(.BOTH.,#16183);
#16183 = SURFACE_SIDE_STYLE('',(#16184));
#16184 = SURFACE_STYLE_FILL_AREA(#16185);
#16185 = FILL_AREA_STYLE('',(#16186));
#16186 = FILL_AREA_STYLE_COLOUR('',#14999);
#16187 = STYLED_ITEM('color',(#16188),#2523);
#16188 = PRESENTATION_STYLE_ASSIGNMENT((#16189));
#16189 = SURFACE_STYLE_USAGE(.BOTH.,#16190);
#16190 = SURFACE_SIDE_STYLE('',(#16191));
#16191 = SURFACE_STYLE_FILL_AREA(#16192);
#16192 = FILL_AREA_STYLE('',(#16193));
#16193 = FILL_AREA_STYLE_COLOUR('',#14999);
#16194 = STYLED_ITEM('color',(#16195),#2540);
#16195 = PRESENTATION_STYLE_ASSIGNMENT((#16196));
#16196 = SURFACE_STYLE_USAGE(.BOTH.,#16197);
#16197 = SURFACE_SIDE_STYLE('',(#16198));
#16198 = SURFACE_STYLE_FILL_AREA(#16199);
#16199 = FILL_AREA_STYLE('',(#16200));
#16200 = FILL_AREA_STYLE_COLOUR('',#14999);
#16201 = STYLED_ITEM('color',(#16202),#2552);
#16202 = PRESENTATION_STYLE_ASSIGNMENT((#16203));
#16203 = SURFACE_STYLE_USAGE(.BOTH.,#16204);
#16204 = SURFACE_SIDE_STYLE('',(#16205));
#16205 = SURFACE_STYLE_FILL_AREA(#16206);
#16206 = FILL_AREA_STYLE('',(#16207));
#16207 = FILL_AREA_STYLE_COLOUR('',#14999);
#16208 = STYLED_ITEM('color',(#16209),#2574);
#16209 = PRESENTATION_STYLE_ASSIGNMENT((#16210));
#16210 = SURFACE_STYLE_USAGE(.BOTH.,#16211);
#16211 = SURFACE_SIDE_STYLE('',(#16212));
#16212 = SURFACE_STYLE_FILL_AREA(#16213);
#16213 = FILL_AREA_STYLE('',(#16214));
#16214 = FILL_AREA_STYLE_COLOUR('',#14999);
#16215 = STYLED_ITEM('color',(#16216),#2591);
#16216 = PRESENTATION_STYLE_ASSIGNMENT((#16217));
#16217 = SURFACE_STYLE_USAGE(.BOTH.,#16218);
#16218 = SURFACE_SIDE_STYLE('',(#16219));
#16219 = SURFACE_STYLE_FILL_AREA(#16220);
#16220 = FILL_AREA_STYLE('',(#16221));
#16221 = FILL_AREA_STYLE_COLOUR('',#14999);
#16222 = STYLED_ITEM('color',(#16223),#2608);
#16223 = PRESENTATION_STYLE_ASSIGNMENT((#16224));
#16224 = SURFACE_STYLE_USAGE(.BOTH.,#16225);
#16225 = SURFACE_SIDE_STYLE('',(#16226));
#16226 = SURFACE_STYLE_FILL_AREA(#16227);
#16227 = FILL_AREA_STYLE('',(#16228));
#16228 = FILL_AREA_STYLE_COLOUR('',#14999);
#16229 = STYLED_ITEM('color',(#16230),#2625);
#16230 = PRESENTATION_STYLE_ASSIGNMENT((#16231));
#16231 = SURFACE_STYLE_USAGE(.BOTH.,#16232);
#16232 = SURFACE_SIDE_STYLE('',(#16233));
#16233 = SURFACE_STYLE_FILL_AREA(#16234);
#16234 = FILL_AREA_STYLE('',(#16235));
#16235 = FILL_AREA_STYLE_COLOUR('',#14999);
#16236 = STYLED_ITEM('color',(#16237),#2642);
#16237 = PRESENTATION_STYLE_ASSIGNMENT((#16238));
#16238 = SURFACE_STYLE_USAGE(.BOTH.,#16239);
#16239 = SURFACE_SIDE_STYLE('',(#16240));
#16240 = SURFACE_STYLE_FILL_AREA(#16241);
#16241 = FILL_AREA_STYLE('',(#16242));
#16242 = FILL_AREA_STYLE_COLOUR('',#14999);
#16243 = STYLED_ITEM('color',(#16244),#2654);
#16244 = PRESENTATION_STYLE_ASSIGNMENT((#16245));
#16245 = SURFACE_STYLE_USAGE(.BOTH.,#16246);
#16246 = SURFACE_SIDE_STYLE('',(#16247));
#16247 = SURFACE_STYLE_FILL_AREA(#16248);
#16248 = FILL_AREA_STYLE('',(#16249));
#16249 = FILL_AREA_STYLE_COLOUR('',#14999);
#16250 = STYLED_ITEM('color',(#16251),#2671);
#16251 = PRESENTATION_STYLE_ASSIGNMENT((#16252));
#16252 = SURFACE_STYLE_USAGE(.BOTH.,#16253);
#16253 = SURFACE_SIDE_STYLE('',(#16254));
#16254 = SURFACE_STYLE_FILL_AREA(#16255);
#16255 = FILL_AREA_STYLE('',(#16256));
#16256 = FILL_AREA_STYLE_COLOUR('',#14999);
#16257 = STYLED_ITEM('color',(#16258),#2688);
#16258 = PRESENTATION_STYLE_ASSIGNMENT((#16259));
#16259 = SURFACE_STYLE_USAGE(.BOTH.,#16260);
#16260 = SURFACE_SIDE_STYLE('',(#16261));
#16261 = SURFACE_STYLE_FILL_AREA(#16262);
#16262 = FILL_AREA_STYLE('',(#16263));
#16263 = FILL_AREA_STYLE_COLOUR('',#14999);
#16264 = STYLED_ITEM('color',(#16265),#2705);
#16265 = PRESENTATION_STYLE_ASSIGNMENT((#16266));
#16266 = SURFACE_STYLE_USAGE(.BOTH.,#16267);
#16267 = SURFACE_SIDE_STYLE('',(#16268));
#16268 = SURFACE_STYLE_FILL_AREA(#16269);
#16269 = FILL_AREA_STYLE('',(#16270));
#16270 = FILL_AREA_STYLE_COLOUR('',#14999);
#16271 = STYLED_ITEM('color',(#16272),#2722);
#16272 = PRESENTATION_STYLE_ASSIGNMENT((#16273));
#16273 = SURFACE_STYLE_USAGE(.BOTH.,#16274);
#16274 = SURFACE_SIDE_STYLE('',(#16275));
#16275 = SURFACE_STYLE_FILL_AREA(#16276);
#16276 = FILL_AREA_STYLE('',(#16277));
#16277 = FILL_AREA_STYLE_COLOUR('',#14999);
#16278 = STYLED_ITEM('color',(#16279),#2739);
#16279 = PRESENTATION_STYLE_ASSIGNMENT((#16280));
#16280 = SURFACE_STYLE_USAGE(.BOTH.,#16281);
#16281 = SURFACE_SIDE_STYLE('',(#16282));
#16282 = SURFACE_STYLE_FILL_AREA(#16283);
#16283 = FILL_AREA_STYLE('',(#16284));
#16284 = FILL_AREA_STYLE_COLOUR('',#14999);
#16285 = STYLED_ITEM('color',(#16286),#2756);
#16286 = PRESENTATION_STYLE_ASSIGNMENT((#16287));
#16287 = SURFACE_STYLE_USAGE(.BOTH.,#16288);
#16288 = SURFACE_SIDE_STYLE('',(#16289));
#16289 = SURFACE_STYLE_FILL_AREA(#16290);
#16290 = FILL_AREA_STYLE('',(#16291));
#16291 = FILL_AREA_STYLE_COLOUR('',#14999);
#16292 = STYLED_ITEM('color',(#16293),#2773);
#16293 = PRESENTATION_STYLE_ASSIGNMENT((#16294));
#16294 = SURFACE_STYLE_USAGE(.BOTH.,#16295);
#16295 = SURFACE_SIDE_STYLE('',(#16296));
#16296 = SURFACE_STYLE_FILL_AREA(#16297);
#16297 = FILL_AREA_STYLE('',(#16298));
#16298 = FILL_AREA_STYLE_COLOUR('',#14999);
#16299 = STYLED_ITEM('color',(#16300),#2790);
#16300 = PRESENTATION_STYLE_ASSIGNMENT((#16301));
#16301 = SURFACE_STYLE_USAGE(.BOTH.,#16302);
#16302 = SURFACE_SIDE_STYLE('',(#16303));
#16303 = SURFACE_STYLE_FILL_AREA(#16304);
#16304 = FILL_AREA_STYLE('',(#16305));
#16305 = FILL_AREA_STYLE_COLOUR('',#14999);
#16306 = STYLED_ITEM('color',(#16307),#2802);
#16307 = PRESENTATION_STYLE_ASSIGNMENT((#16308));
#16308 = SURFACE_STYLE_USAGE(.BOTH.,#16309);
#16309 = SURFACE_SIDE_STYLE('',(#16310));
#16310 = SURFACE_STYLE_FILL_AREA(#16311);
#16311 = FILL_AREA_STYLE('',(#16312));
#16312 = FILL_AREA_STYLE_COLOUR('',#14999);
#16313 = STYLED_ITEM('color',(#16314),#2824);
#16314 = PRESENTATION_STYLE_ASSIGNMENT((#16315));
#16315 = SURFACE_STYLE_USAGE(.BOTH.,#16316);
#16316 = SURFACE_SIDE_STYLE('',(#16317));
#16317 = SURFACE_STYLE_FILL_AREA(#16318);
#16318 = FILL_AREA_STYLE('',(#16319));
#16319 = FILL_AREA_STYLE_COLOUR('',#14999);
#16320 = STYLED_ITEM('color',(#16321),#2841);
#16321 = PRESENTATION_STYLE_ASSIGNMENT((#16322));
#16322 = SURFACE_STYLE_USAGE(.BOTH.,#16323);
#16323 = SURFACE_SIDE_STYLE('',(#16324));
#16324 = SURFACE_STYLE_FILL_AREA(#16325);
#16325 = FILL_AREA_STYLE('',(#16326));
#16326 = FILL_AREA_STYLE_COLOUR('',#14999);
#16327 = STYLED_ITEM('color',(#16328),#2858);
#16328 = PRESENTATION_STYLE_ASSIGNMENT((#16329));
#16329 = SURFACE_STYLE_USAGE(.BOTH.,#16330);
#16330 = SURFACE_SIDE_STYLE('',(#16331));
#16331 = SURFACE_STYLE_FILL_AREA(#16332);
#16332 = FILL_AREA_STYLE('',(#16333));
#16333 = FILL_AREA_STYLE_COLOUR('',#14999);
#16334 = STYLED_ITEM('color',(#16335),#2875);
#16335 = PRESENTATION_STYLE_ASSIGNMENT((#16336));
#16336 = SURFACE_STYLE_USAGE(.BOTH.,#16337);
#16337 = SURFACE_SIDE_STYLE('',(#16338));
#16338 = SURFACE_STYLE_FILL_AREA(#16339);
#16339 = FILL_AREA_STYLE('',(#16340));
#16340 = FILL_AREA_STYLE_COLOUR('',#14999);
#16341 = STYLED_ITEM('color',(#16342),#2892);
#16342 = PRESENTATION_STYLE_ASSIGNMENT((#16343));
#16343 = SURFACE_STYLE_USAGE(.BOTH.,#16344);
#16344 = SURFACE_SIDE_STYLE('',(#16345));
#16345 = SURFACE_STYLE_FILL_AREA(#16346);
#16346 = FILL_AREA_STYLE('',(#16347));
#16347 = FILL_AREA_STYLE_COLOUR('',#14999);
#16348 = STYLED_ITEM('color',(#16349),#2904);
#16349 = PRESENTATION_STYLE_ASSIGNMENT((#16350));
#16350 = SURFACE_STYLE_USAGE(.BOTH.,#16351);
#16351 = SURFACE_SIDE_STYLE('',(#16352));
#16352 = SURFACE_STYLE_FILL_AREA(#16353);
#16353 = FILL_AREA_STYLE('',(#16354));
#16354 = FILL_AREA_STYLE_COLOUR('',#14999);
#16355 = STYLED_ITEM('color',(#16356),#2921);
#16356 = PRESENTATION_STYLE_ASSIGNMENT((#16357));
#16357 = SURFACE_STYLE_USAGE(.BOTH.,#16358);
#16358 = SURFACE_SIDE_STYLE('',(#16359));
#16359 = SURFACE_STYLE_FILL_AREA(#16360);
#16360 = FILL_AREA_STYLE('',(#16361));
#16361 = FILL_AREA_STYLE_COLOUR('',#14999);
#16362 = STYLED_ITEM('color',(#16363),#2938);
#16363 = PRESENTATION_STYLE_ASSIGNMENT((#16364));
#16364 = SURFACE_STYLE_USAGE(.BOTH.,#16365);
#16365 = SURFACE_SIDE_STYLE('',(#16366));
#16366 = SURFACE_STYLE_FILL_AREA(#16367);
#16367 = FILL_AREA_STYLE('',(#16368));
#16368 = FILL_AREA_STYLE_COLOUR('',#14999);
#16369 = STYLED_ITEM('color',(#16370),#2955);
#16370 = PRESENTATION_STYLE_ASSIGNMENT((#16371));
#16371 = SURFACE_STYLE_USAGE(.BOTH.,#16372);
#16372 = SURFACE_SIDE_STYLE('',(#16373));
#16373 = SURFACE_STYLE_FILL_AREA(#16374);
#16374 = FILL_AREA_STYLE('',(#16375));
#16375 = FILL_AREA_STYLE_COLOUR('',#14999);
#16376 = STYLED_ITEM('color',(#16377),#2972);
#16377 = PRESENTATION_STYLE_ASSIGNMENT((#16378));
#16378 = SURFACE_STYLE_USAGE(.BOTH.,#16379);
#16379 = SURFACE_SIDE_STYLE('',(#16380));
#16380 = SURFACE_STYLE_FILL_AREA(#16381);
#16381 = FILL_AREA_STYLE('',(#16382));
#16382 = FILL_AREA_STYLE_COLOUR('',#14999);
#16383 = STYLED_ITEM('color',(#16384),#2989);
#16384 = PRESENTATION_STYLE_ASSIGNMENT((#16385));
#16385 = SURFACE_STYLE_USAGE(.BOTH.,#16386);
#16386 = SURFACE_SIDE_STYLE('',(#16387));
#16387 = SURFACE_STYLE_FILL_AREA(#16388);
#16388 = FILL_AREA_STYLE('',(#16389));
#16389 = FILL_AREA_STYLE_COLOUR('',#14999);
#16390 = STYLED_ITEM('color',(#16391),#3006);
#16391 = PRESENTATION_STYLE_ASSIGNMENT((#16392));
#16392 = SURFACE_STYLE_USAGE(.BOTH.,#16393);
#16393 = SURFACE_SIDE_STYLE('',(#16394));
#16394 = SURFACE_STYLE_FILL_AREA(#16395);
#16395 = FILL_AREA_STYLE('',(#16396));
#16396 = FILL_AREA_STYLE_COLOUR('',#14999);
#16397 = STYLED_ITEM('color',(#16398),#3023);
#16398 = PRESENTATION_STYLE_ASSIGNMENT((#16399));
#16399 = SURFACE_STYLE_USAGE(.BOTH.,#16400);
#16400 = SURFACE_SIDE_STYLE('',(#16401));
#16401 = SURFACE_STYLE_FILL_AREA(#16402);
#16402 = FILL_AREA_STYLE('',(#16403));
#16403 = FILL_AREA_STYLE_COLOUR('',#14999);
#16404 = STYLED_ITEM('color',(#16405),#3040);
#16405 = PRESENTATION_STYLE_ASSIGNMENT((#16406));
#16406 = SURFACE_STYLE_USAGE(.BOTH.,#16407);
#16407 = SURFACE_SIDE_STYLE('',(#16408));
#16408 = SURFACE_STYLE_FILL_AREA(#16409);
#16409 = FILL_AREA_STYLE('',(#16410));
#16410 = FILL_AREA_STYLE_COLOUR('',#14999);
#16411 = STYLED_ITEM('color',(#16412),#3052);
#16412 = PRESENTATION_STYLE_ASSIGNMENT((#16413));
#16413 = SURFACE_STYLE_USAGE(.BOTH.,#16414);
#16414 = SURFACE_SIDE_STYLE('',(#16415));
#16415 = SURFACE_STYLE_FILL_AREA(#16416);
#16416 = FILL_AREA_STYLE('',(#16417));
#16417 = FILL_AREA_STYLE_COLOUR('',#14999);
#16418 = STYLED_ITEM('color',(#16419),#3074);
#16419 = PRESENTATION_STYLE_ASSIGNMENT((#16420));
#16420 = SURFACE_STYLE_USAGE(.BOTH.,#16421);
#16421 = SURFACE_SIDE_STYLE('',(#16422));
#16422 = SURFACE_STYLE_FILL_AREA(#16423);
#16423 = FILL_AREA_STYLE('',(#16424));
#16424 = FILL_AREA_STYLE_COLOUR('',#14999);
#16425 = STYLED_ITEM('color',(#16426),#3091);
#16426 = PRESENTATION_STYLE_ASSIGNMENT((#16427));
#16427 = SURFACE_STYLE_USAGE(.BOTH.,#16428);
#16428 = SURFACE_SIDE_STYLE('',(#16429));
#16429 = SURFACE_STYLE_FILL_AREA(#16430);
#16430 = FILL_AREA_STYLE('',(#16431));
#16431 = FILL_AREA_STYLE_COLOUR('',#14999);
#16432 = STYLED_ITEM('color',(#16433),#3108);
#16433 = PRESENTATION_STYLE_ASSIGNMENT((#16434));
#16434 = SURFACE_STYLE_USAGE(.BOTH.,#16435);
#16435 = SURFACE_SIDE_STYLE('',(#16436));
#16436 = SURFACE_STYLE_FILL_AREA(#16437);
#16437 = FILL_AREA_STYLE('',(#16438));
#16438 = FILL_AREA_STYLE_COLOUR('',#14999);
#16439 = STYLED_ITEM('color',(#16440),#3125);
#16440 = PRESENTATION_STYLE_ASSIGNMENT((#16441));
#16441 = SURFACE_STYLE_USAGE(.BOTH.,#16442);
#16442 = SURFACE_SIDE_STYLE('',(#16443));
#16443 = SURFACE_STYLE_FILL_AREA(#16444);
#16444 = FILL_AREA_STYLE('',(#16445));
#16445 = FILL_AREA_STYLE_COLOUR('',#14999);
#16446 = STYLED_ITEM('color',(#16447),#3142);
#16447 = PRESENTATION_STYLE_ASSIGNMENT((#16448));
#16448 = SURFACE_STYLE_USAGE(.BOTH.,#16449);
#16449 = SURFACE_SIDE_STYLE('',(#16450));
#16450 = SURFACE_STYLE_FILL_AREA(#16451);
#16451 = FILL_AREA_STYLE('',(#16452));
#16452 = FILL_AREA_STYLE_COLOUR('',#14999);
#16453 = STYLED_ITEM('color',(#16454),#3154);
#16454 = PRESENTATION_STYLE_ASSIGNMENT((#16455));
#16455 = SURFACE_STYLE_USAGE(.BOTH.,#16456);
#16456 = SURFACE_SIDE_STYLE('',(#16457));
#16457 = SURFACE_STYLE_FILL_AREA(#16458);
#16458 = FILL_AREA_STYLE('',(#16459));
#16459 = FILL_AREA_STYLE_COLOUR('',#14999);
#16460 = STYLED_ITEM('color',(#16461),#3171);
#16461 = PRESENTATION_STYLE_ASSIGNMENT((#16462));
#16462 = SURFACE_STYLE_USAGE(.BOTH.,#16463);
#16463 = SURFACE_SIDE_STYLE('',(#16464));
#16464 = SURFACE_STYLE_FILL_AREA(#16465);
#16465 = FILL_AREA_STYLE('',(#16466));
#16466 = FILL_AREA_STYLE_COLOUR('',#14999);
#16467 = STYLED_ITEM('color',(#16468),#3188);
#16468 = PRESENTATION_STYLE_ASSIGNMENT((#16469));
#16469 = SURFACE_STYLE_USAGE(.BOTH.,#16470);
#16470 = SURFACE_SIDE_STYLE('',(#16471));
#16471 = SURFACE_STYLE_FILL_AREA(#16472);
#16472 = FILL_AREA_STYLE('',(#16473));
#16473 = FILL_AREA_STYLE_COLOUR('',#14999);
#16474 = STYLED_ITEM('color',(#16475),#3205);
#16475 = PRESENTATION_STYLE_ASSIGNMENT((#16476));
#16476 = SURFACE_STYLE_USAGE(.BOTH.,#16477);
#16477 = SURFACE_SIDE_STYLE('',(#16478));
#16478 = SURFACE_STYLE_FILL_AREA(#16479);
#16479 = FILL_AREA_STYLE('',(#16480));
#16480 = FILL_AREA_STYLE_COLOUR('',#14999);
#16481 = STYLED_ITEM('color',(#16482),#3222);
#16482 = PRESENTATION_STYLE_ASSIGNMENT((#16483));
#16483 = SURFACE_STYLE_USAGE(.BOTH.,#16484);
#16484 = SURFACE_SIDE_STYLE('',(#16485));
#16485 = SURFACE_STYLE_FILL_AREA(#16486);
#16486 = FILL_AREA_STYLE('',(#16487));
#16487 = FILL_AREA_STYLE_COLOUR('',#14999);
#16488 = STYLED_ITEM('color',(#16489),#3239);
#16489 = PRESENTATION_STYLE_ASSIGNMENT((#16490));
#16490 = SURFACE_STYLE_USAGE(.BOTH.,#16491);
#16491 = SURFACE_SIDE_STYLE('',(#16492));
#16492 = SURFACE_STYLE_FILL_AREA(#16493);
#16493 = FILL_AREA_STYLE('',(#16494));
#16494 = FILL_AREA_STYLE_COLOUR('',#14999);
#16495 = STYLED_ITEM('color',(#16496),#3256);
#16496 = PRESENTATION_STYLE_ASSIGNMENT((#16497));
#16497 = SURFACE_STYLE_USAGE(.BOTH.,#16498);
#16498 = SURFACE_SIDE_STYLE('',(#16499));
#16499 = SURFACE_STYLE_FILL_AREA(#16500);
#16500 = FILL_AREA_STYLE('',(#16501));
#16501 = FILL_AREA_STYLE_COLOUR('',#14999);
#16502 = STYLED_ITEM('color',(#16503),#3273);
#16503 = PRESENTATION_STYLE_ASSIGNMENT((#16504));
#16504 = SURFACE_STYLE_USAGE(.BOTH.,#16505);
#16505 = SURFACE_SIDE_STYLE('',(#16506));
#16506 = SURFACE_STYLE_FILL_AREA(#16507);
#16507 = FILL_AREA_STYLE('',(#16508));
#16508 = FILL_AREA_STYLE_COLOUR('',#14999);
#16509 = STYLED_ITEM('color',(#16510),#3290);
#16510 = PRESENTATION_STYLE_ASSIGNMENT((#16511));
#16511 = SURFACE_STYLE_USAGE(.BOTH.,#16512);
#16512 = SURFACE_SIDE_STYLE('',(#16513));
#16513 = SURFACE_STYLE_FILL_AREA(#16514);
#16514 = FILL_AREA_STYLE('',(#16515));
#16515 = FILL_AREA_STYLE_COLOUR('',#14999);
#16516 = MECHANICAL_DESIGN_GEOMETRIC_PRESENTATION_REPRESENTATION('',(
    #16517,#16528,#16538,#16547,#16556,#16565,#16574,#16583,#16592,
    #16599,#16606,#16613,#16620,#16627,#16634,#16641,#16648,#16655,
    #16662,#16669,#16676,#16683,#16690,#16697,#16704,#16711,#16718,
    #16725,#16732,#16739,#16746,#16755,#16762,#16769,#16776,#16783,
    #16790,#16797,#16804,#16811,#16818,#16825,#16832,#16839,#16846,
    #16853,#16860,#16867,#16874,#16881,#16888,#16895,#16902,#16909,
    #16918,#16925,#16932,#16939,#16946,#16953,#16960,#16967,#16974,
    #16981,#16988,#16995,#17002,#17009,#17016,#17023,#17030,#17037,
    #17044,#17051,#17058,#17065,#17072,#17081,#17088,#17095,#17102,
    #17109,#17116,#17123,#17130,#17137,#17144,#17151,#17158,#17165,
    #17172,#17179,#17186,#17193,#17200,#17207,#17214,#17221,#17228),
  #6748);
#16517 = STYLED_ITEM('color',(#16518),#4429);
#16518 = PRESENTATION_STYLE_ASSIGNMENT((#16519,#16525));
#16519 = SURFACE_STYLE_USAGE(.BOTH.,#16520);
#16520 = SURFACE_SIDE_STYLE('',(#16521));
#16521 = SURFACE_STYLE_FILL_AREA(#16522);
#16522 = FILL_AREA_STYLE('',(#16523));
#16523 = FILL_AREA_STYLE_COLOUR('',#16524);
#16524 = COLOUR_RGB('',0.800000010877,0.800000010877,0.800000010877);
#16525 = CURVE_STYLE('',#16526,POSITIVE_LENGTH_MEASURE(0.1),#16527);
#16526 = DRAUGHTING_PRE_DEFINED_CURVE_FONT('continuous');
#16527 = COLOUR_RGB('',9.803921802644E-02,9.803921802644E-02,
  9.803921802644E-02);
#16528 = OVER_RIDING_STYLED_ITEM('overriding color',(#16529),#4431,
  #16517);
#16529 = PRESENTATION_STYLE_ASSIGNMENT((#16530));
#16530 = SURFACE_STYLE_USAGE(.BOTH.,#16531);
#16531 = SURFACE_SIDE_STYLE('',(#16532,#16536));
#16532 = SURFACE_STYLE_FILL_AREA(#16533);
#16533 = FILL_AREA_STYLE('',(#16534));
#16534 = FILL_AREA_STYLE_COLOUR('',#16535);
#16535 = COLOUR_RGB('',9.999999991362E-02,0.250000000672,0.699999984889
  );
#16536 = SURFACE_STYLE_RENDERING_WITH_PROPERTIES(.NORMAL_SHADING.,#16535
  ,(#16537));
#16537 = SURFACE_STYLE_TRANSPARENT(0.149999976158);
#16538 = OVER_RIDING_STYLED_ITEM('overriding color',(#16539),#4473,
  #16517);
#16539 = PRESENTATION_STYLE_ASSIGNMENT((#16540));
#16540 = SURFACE_STYLE_USAGE(.BOTH.,#16541);
#16541 = SURFACE_SIDE_STYLE('',(#16542,#16545));
#16542 = SURFACE_STYLE_FILL_AREA(#16543);
#16543 = FILL_AREA_STYLE('',(#16544));
#16544 = FILL_AREA_STYLE_COLOUR('',#16535);
#16545 = SURFACE_STYLE_RENDERING_WITH_PROPERTIES(.NORMAL_SHADING.,#16535
  ,(#16546));
#16546 = SURFACE_STYLE_TRANSPARENT(0.149999976158);
#16547 = OVER_RIDING_STYLED_ITEM('overriding color',(#16548),#4495,
  #16517);
#16548 = PRESENTATION_STYLE_ASSIGNMENT((#16549));
#16549 = SURFACE_STYLE_USAGE(.BOTH.,#16550);
#16550 = SURFACE_SIDE_STYLE('',(#16551,#16554));
#16551 = SURFACE_STYLE_FILL_AREA(#16552);
#16552 = FILL_AREA_STYLE('',(#16553));
#16553 = FILL_AREA_STYLE_COLOUR('',#16535);
#16554 = SURFACE_STYLE_RENDERING_WITH_PROPERTIES(.NORMAL_SHADING.,#16535
  ,(#16555));
#16555 = SURFACE_STYLE_TRANSPARENT(0.149999976158);
#16556 = OVER_RIDING_STYLED_ITEM('overriding color',(#16557),#4505,
  #16517);
#16557 = PRESENTATION_STYLE_ASSIGNMENT((#16558));
#16558 = SURFACE_STYLE_USAGE(.BOTH.,#16559);
#16559 = SURFACE_SIDE_STYLE('',(#16560,#16563));
#16560 = SURFACE_STYLE_FILL_AREA(#16561);
#16561 = FILL_AREA_STYLE('',(#16562));
#16562 = FILL_AREA_STYLE_COLOUR('',#16535);
#16563 = SURFACE_STYLE_RENDERING_WITH_PROPERTIES(.NORMAL_SHADING.,#16535
  ,(#16564));
#16564 = SURFACE_STYLE_TRANSPARENT(0.149999976158);
#16565 = OVER_RIDING_STYLED_ITEM('overriding color',(#16566),#4526,
  #16517);
#16566 = PRESENTATION_STYLE_ASSIGNMENT((#16567));
#16567 = SURFACE_STYLE_USAGE(.BOTH.,#16568);
#16568 = SURFACE_SIDE_STYLE('',(#16569,#16572));
#16569 = SURFACE_STYLE_FILL_AREA(#16570);
#16570 = FILL_AREA_STYLE('',(#16571));
#16571 = FILL_AREA_STYLE_COLOUR('',#16535);
#16572 = SURFACE_STYLE_RENDERING_WITH_PROPERTIES(.NORMAL_SHADING.,#16535
  ,(#16573));
#16573 = SURFACE_STYLE_TRANSPARENT(0.149999976158);
#16574 = OVER_RIDING_STYLED_ITEM('overriding color',(#16575),#4560,
  #16517);
#16575 = PRESENTATION_STYLE_ASSIGNMENT((#16576));
#16576 = SURFACE_STYLE_USAGE(.BOTH.,#16577);
#16577 = SURFACE_SIDE_STYLE('',(#16578,#16581));
#16578 = SURFACE_STYLE_FILL_AREA(#16579);
#16579 = FILL_AREA_STYLE('',(#16580));
#16580 = FILL_AREA_STYLE_COLOUR('',#16535);
#16581 = SURFACE_STYLE_RENDERING_WITH_PROPERTIES(.NORMAL_SHADING.,#16535
  ,(#16582));
#16582 = SURFACE_STYLE_TRANSPARENT(0.149999976158);
#16583 = STYLED_ITEM('color',(#16584),#4580);
#16584 = PRESENTATION_STYLE_ASSIGNMENT((#16585,#16590));
#16585 = SURFACE_STYLE_USAGE(.BOTH.,#16586);
#16586 = SURFACE_SIDE_STYLE('',(#16587));
#16587 = SURFACE_STYLE_FILL_AREA(#16588);
#16588 = FILL_AREA_STYLE('',(#16589));
#16589 = FILL_AREA_STYLE_COLOUR('',#16524);
#16590 = CURVE_STYLE('',#16591,POSITIVE_LENGTH_MEASURE(0.1),#16527);
#16591 = DRAUGHTING_PRE_DEFINED_CURVE_FONT('continuous');
#16592 = OVER_RIDING_STYLED_ITEM('overriding color',(#16593),#4582,
  #16583);
#16593 = PRESENTATION_STYLE_ASSIGNMENT((#16594));
#16594 = SURFACE_STYLE_USAGE(.BOTH.,#16595);
#16595 = SURFACE_SIDE_STYLE('',(#16596));
#16596 = SURFACE_STYLE_FILL_AREA(#16597);
#16597 = FILL_AREA_STYLE('',(#16598));
#16598 = FILL_AREA_STYLE_COLOUR('',#14999);
#16599 = OVER_RIDING_STYLED_ITEM('overriding color',(#16600),#4622,
  #16583);
#16600 = PRESENTATION_STYLE_ASSIGNMENT((#16601));
#16601 = SURFACE_STYLE_USAGE(.BOTH.,#16602);
#16602 = SURFACE_SIDE_STYLE('',(#16603));
#16603 = SURFACE_STYLE_FILL_AREA(#16604);
#16604 = FILL_AREA_STYLE('',(#16605));
#16605 = FILL_AREA_STYLE_COLOUR('',#14999);
#16606 = OVER_RIDING_STYLED_ITEM('overriding color',(#16607),#4653,
  #16583);
#16607 = PRESENTATION_STYLE_ASSIGNMENT((#16608));
#16608 = SURFACE_STYLE_USAGE(.BOTH.,#16609);
#16609 = SURFACE_SIDE_STYLE('',(#16610));
#16610 = SURFACE_STYLE_FILL_AREA(#16611);
#16611 = FILL_AREA_STYLE('',(#16612));
#16612 = FILL_AREA_STYLE_COLOUR('',#14999);
#16613 = OVER_RIDING_STYLED_ITEM('overriding color',(#16614),#4677,
  #16583);
#16614 = PRESENTATION_STYLE_ASSIGNMENT((#16615));
#16615 = SURFACE_STYLE_USAGE(.BOTH.,#16616);
#16616 = SURFACE_SIDE_STYLE('',(#16617));
#16617 = SURFACE_STYLE_FILL_AREA(#16618);
#16618 = FILL_AREA_STYLE('',(#16619));
#16619 = FILL_AREA_STYLE_COLOUR('',#14999);
#16620 = OVER_RIDING_STYLED_ITEM('overriding color',(#16621),#4701,
  #16583);
#16621 = PRESENTATION_STYLE_ASSIGNMENT((#16622));
#16622 = SURFACE_STYLE_USAGE(.BOTH.,#16623);
#16623 = SURFACE_SIDE_STYLE('',(#16624));
#16624 = SURFACE_STYLE_FILL_AREA(#16625);
#16625 = FILL_AREA_STYLE('',(#16626));
#16626 = FILL_AREA_STYLE_COLOUR('',#14999);
#16627 = OVER_RIDING_STYLED_ITEM('overriding color',(#16628),#4718,
  #16583);
#16628 = PRESENTATION_STYLE_ASSIGNMENT((#16629));
#16629 = SURFACE_STYLE_USAGE(.BOTH.,#16630);
#16630 = SURFACE_SIDE_STYLE('',(#16631));
#16631 = SURFACE_STYLE_FILL_AREA(#16632);
#16632 = FILL_AREA_STYLE('',(#16633));
#16633 = FILL_AREA_STYLE_COLOUR('',#14999);
#16634 = OVER_RIDING_STYLED_ITEM('overriding color',(#16635),#4751,
  #16583);
#16635 = PRESENTATION_STYLE_ASSIGNMENT((#16636));
#16636 = SURFACE_STYLE_USAGE(.BOTH.,#16637);
#16637 = SURFACE_SIDE_STYLE('',(#16638));
#16638 = SURFACE_STYLE_FILL_AREA(#16639);
#16639 = FILL_AREA_STYLE('',(#16640));
#16640 = FILL_AREA_STYLE_COLOUR('',#14999);
#16641 = OVER_RIDING_STYLED_ITEM('overriding color',(#16642),#4776,
  #16583);
#16642 = PRESENTATION_STYLE_ASSIGNMENT((#16643));
#16643 = SURFACE_STYLE_USAGE(.BOTH.,#16644);
#16644 = SURFACE_SIDE_STYLE('',(#16645));
#16645 = SURFACE_STYLE_FILL_AREA(#16646);
#16646 = FILL_AREA_STYLE('',(#16647));
#16647 = FILL_AREA_STYLE_COLOUR('',#14999);
#16648 = OVER_RIDING_STYLED_ITEM('overriding color',(#16649),#4801,
  #16583);
#16649 = PRESENTATION_STYLE_ASSIGNMENT((#16650));
#16650 = SURFACE_STYLE_USAGE(.BOTH.,#16651);
#16651 = SURFACE_SIDE_STYLE('',(#16652));
#16652 = SURFACE_STYLE_FILL_AREA(#16653);
#16653 = FILL_AREA_STYLE('',(#16654));
#16654 = FILL_AREA_STYLE_COLOUR('',#14999);
#16655 = OVER_RIDING_STYLED_ITEM('overriding color',(#16656),#4818,
  #16583);
#16656 = PRESENTATION_STYLE_ASSIGNMENT((#16657));
#16657 = SURFACE_STYLE_USAGE(.BOTH.,#16658);
#16658 = SURFACE_SIDE_STYLE('',(#16659));
#16659 = SURFACE_STYLE_FILL_AREA(#16660);
#16660 = FILL_AREA_STYLE('',(#16661));
#16661 = FILL_AREA_STYLE_COLOUR('',#14999);
#16662 = OVER_RIDING_STYLED_ITEM('overriding color',(#16663),#4849,
  #16583);
#16663 = PRESENTATION_STYLE_ASSIGNMENT((#16664));
#16664 = SURFACE_STYLE_USAGE(.BOTH.,#16665);
#16665 = SURFACE_SIDE_STYLE('',(#16666));
#16666 = SURFACE_STYLE_FILL_AREA(#16667);
#16667 = FILL_AREA_STYLE('',(#16668));
#16668 = FILL_AREA_STYLE_COLOUR('',#14999);
#16669 = OVER_RIDING_STYLED_ITEM('overriding color',(#16670),#4873,
  #16583);
#16670 = PRESENTATION_STYLE_ASSIGNMENT((#16671));
#16671 = SURFACE_STYLE_USAGE(.BOTH.,#16672);
#16672 = SURFACE_SIDE_STYLE('',(#16673));
#16673 = SURFACE_STYLE_FILL_AREA(#16674);
#16674 = FILL_AREA_STYLE('',(#16675));
#16675 = FILL_AREA_STYLE_COLOUR('',#14999);
#16676 = OVER_RIDING_STYLED_ITEM('overriding color',(#16677),#4897,
  #16583);
#16677 = PRESENTATION_STYLE_ASSIGNMENT((#16678));
#16678 = SURFACE_STYLE_USAGE(.BOTH.,#16679);
#16679 = SURFACE_SIDE_STYLE('',(#16680));
#16680 = SURFACE_STYLE_FILL_AREA(#16681);
#16681 = FILL_AREA_STYLE('',(#16682));
#16682 = FILL_AREA_STYLE_COLOUR('',#14999);
#16683 = OVER_RIDING_STYLED_ITEM('overriding color',(#16684),#4914,
  #16583);
#16684 = PRESENTATION_STYLE_ASSIGNMENT((#16685));
#16685 = SURFACE_STYLE_USAGE(.BOTH.,#16686);
#16686 = SURFACE_SIDE_STYLE('',(#16687));
#16687 = SURFACE_STYLE_FILL_AREA(#16688);
#16688 = FILL_AREA_STYLE('',(#16689));
#16689 = FILL_AREA_STYLE_COLOUR('',#14999);
#16690 = OVER_RIDING_STYLED_ITEM('overriding color',(#16691),#4947,
  #16583);
#16691 = PRESENTATION_STYLE_ASSIGNMENT((#16692));
#16692 = SURFACE_STYLE_USAGE(.BOTH.,#16693);
#16693 = SURFACE_SIDE_STYLE('',(#16694));
#16694 = SURFACE_STYLE_FILL_AREA(#16695);
#16695 = FILL_AREA_STYLE('',(#16696));
#16696 = FILL_AREA_STYLE_COLOUR('',#14999);
#16697 = OVER_RIDING_STYLED_ITEM('overriding color',(#16698),#4972,
  #16583);
#16698 = PRESENTATION_STYLE_ASSIGNMENT((#16699));
#16699 = SURFACE_STYLE_USAGE(.BOTH.,#16700);
#16700 = SURFACE_SIDE_STYLE('',(#16701));
#16701 = SURFACE_STYLE_FILL_AREA(#16702);
#16702 = FILL_AREA_STYLE('',(#16703));
#16703 = FILL_AREA_STYLE_COLOUR('',#14999);
#16704 = OVER_RIDING_STYLED_ITEM('overriding color',(#16705),#4997,
  #16583);
#16705 = PRESENTATION_STYLE_ASSIGNMENT((#16706));
#16706 = SURFACE_STYLE_USAGE(.BOTH.,#16707);
#16707 = SURFACE_SIDE_STYLE('',(#16708));
#16708 = SURFACE_STYLE_FILL_AREA(#16709);
#16709 = FILL_AREA_STYLE('',(#16710));
#16710 = FILL_AREA_STYLE_COLOUR('',#14999);
#16711 = OVER_RIDING_STYLED_ITEM('overriding color',(#16712),#5014,
  #16583);
#16712 = PRESENTATION_STYLE_ASSIGNMENT((#16713));
#16713 = SURFACE_STYLE_USAGE(.BOTH.,#16714);
#16714 = SURFACE_SIDE_STYLE('',(#16715));
#16715 = SURFACE_STYLE_FILL_AREA(#16716);
#16716 = FILL_AREA_STYLE('',(#16717));
#16717 = FILL_AREA_STYLE_COLOUR('',#14999);
#16718 = OVER_RIDING_STYLED_ITEM('overriding color',(#16719),#5045,
  #16583);
#16719 = PRESENTATION_STYLE_ASSIGNMENT((#16720));
#16720 = SURFACE_STYLE_USAGE(.BOTH.,#16721);
#16721 = SURFACE_SIDE_STYLE('',(#16722));
#16722 = SURFACE_STYLE_FILL_AREA(#16723);
#16723 = FILL_AREA_STYLE('',(#16724));
#16724 = FILL_AREA_STYLE_COLOUR('',#14999);
#16725 = OVER_RIDING_STYLED_ITEM('overriding color',(#16726),#5076,
  #16583);
#16726 = PRESENTATION_STYLE_ASSIGNMENT((#16727));
#16727 = SURFACE_STYLE_USAGE(.BOTH.,#16728);
#16728 = SURFACE_SIDE_STYLE('',(#16729));
#16729 = SURFACE_STYLE_FILL_AREA(#16730);
#16730 = FILL_AREA_STYLE('',(#16731));
#16731 = FILL_AREA_STYLE_COLOUR('',#14999);
#16732 = OVER_RIDING_STYLED_ITEM('overriding color',(#16733),#5093,
  #16583);
#16733 = PRESENTATION_STYLE_ASSIGNMENT((#16734));
#16734 = SURFACE_STYLE_USAGE(.BOTH.,#16735);
#16735 = SURFACE_SIDE_STYLE('',(#16736));
#16736 = SURFACE_STYLE_FILL_AREA(#16737);
#16737 = FILL_AREA_STYLE('',(#16738));
#16738 = FILL_AREA_STYLE_COLOUR('',#14999);
#16739 = OVER_RIDING_STYLED_ITEM('overriding color',(#16740),#5110,
  #16583);
#16740 = PRESENTATION_STYLE_ASSIGNMENT((#16741));
#16741 = SURFACE_STYLE_USAGE(.BOTH.,#16742);
#16742 = SURFACE_SIDE_STYLE('',(#16743));
#16743 = SURFACE_STYLE_FILL_AREA(#16744);
#16744 = FILL_AREA_STYLE('',(#16745));
#16745 = FILL_AREA_STYLE_COLOUR('',#14999);
#16746 = STYLED_ITEM('color',(#16747),#5122);
#16747 = PRESENTATION_STYLE_ASSIGNMENT((#16748,#16753));
#16748 = SURFACE_STYLE_USAGE(.BOTH.,#16749);
#16749 = SURFACE_SIDE_STYLE('',(#16750));
#16750 = SURFACE_STYLE_FILL_AREA(#16751);
#16751 = FILL_AREA_STYLE('',(#16752));
#16752 = FILL_AREA_STYLE_COLOUR('',#16524);
#16753 = CURVE_STYLE('',#16754,POSITIVE_LENGTH_MEASURE(0.1),#16527);
#16754 = DRAUGHTING_PRE_DEFINED_CURVE_FONT('continuous');
#16755 = OVER_RIDING_STYLED_ITEM('overriding color',(#16756),#5124,
  #16746);
#16756 = PRESENTATION_STYLE_ASSIGNMENT((#16757));
#16757 = SURFACE_STYLE_USAGE(.BOTH.,#16758);
#16758 = SURFACE_SIDE_STYLE('',(#16759));
#16759 = SURFACE_STYLE_FILL_AREA(#16760);
#16760 = FILL_AREA_STYLE('',(#16761));
#16761 = FILL_AREA_STYLE_COLOUR('',#14999);
#16762 = OVER_RIDING_STYLED_ITEM('overriding color',(#16763),#5164,
  #16746);
#16763 = PRESENTATION_STYLE_ASSIGNMENT((#16764));
#16764 = SURFACE_STYLE_USAGE(.BOTH.,#16765);
#16765 = SURFACE_SIDE_STYLE('',(#16766));
#16766 = SURFACE_STYLE_FILL_AREA(#16767);
#16767 = FILL_AREA_STYLE('',(#16768));
#16768 = FILL_AREA_STYLE_COLOUR('',#14999);
#16769 = OVER_RIDING_STYLED_ITEM('overriding color',(#16770),#5195,
  #16746);
#16770 = PRESENTATION_STYLE_ASSIGNMENT((#16771));
#16771 = SURFACE_STYLE_USAGE(.BOTH.,#16772);
#16772 = SURFACE_SIDE_STYLE('',(#16773));
#16773 = SURFACE_STYLE_FILL_AREA(#16774);
#16774 = FILL_AREA_STYLE('',(#16775));
#16775 = FILL_AREA_STYLE_COLOUR('',#14999);
#16776 = OVER_RIDING_STYLED_ITEM('overriding color',(#16777),#5219,
  #16746);
#16777 = PRESENTATION_STYLE_ASSIGNMENT((#16778));
#16778 = SURFACE_STYLE_USAGE(.BOTH.,#16779);
#16779 = SURFACE_SIDE_STYLE('',(#16780));
#16780 = SURFACE_STYLE_FILL_AREA(#16781);
#16781 = FILL_AREA_STYLE('',(#16782));
#16782 = FILL_AREA_STYLE_COLOUR('',#14999);
#16783 = OVER_RIDING_STYLED_ITEM('overriding color',(#16784),#5243,
  #16746);
#16784 = PRESENTATION_STYLE_ASSIGNMENT((#16785));
#16785 = SURFACE_STYLE_USAGE(.BOTH.,#16786);
#16786 = SURFACE_SIDE_STYLE('',(#16787));
#16787 = SURFACE_STYLE_FILL_AREA(#16788);
#16788 = FILL_AREA_STYLE('',(#16789));
#16789 = FILL_AREA_STYLE_COLOUR('',#14999);
#16790 = OVER_RIDING_STYLED_ITEM('overriding color',(#16791),#5260,
  #16746);
#16791 = PRESENTATION_STYLE_ASSIGNMENT((#16792));
#16792 = SURFACE_STYLE_USAGE(.BOTH.,#16793);
#16793 = SURFACE_SIDE_STYLE('',(#16794));
#16794 = SURFACE_STYLE_FILL_AREA(#16795);
#16795 = FILL_AREA_STYLE('',(#16796));
#16796 = FILL_AREA_STYLE_COLOUR('',#14999);
#16797 = OVER_RIDING_STYLED_ITEM('overriding color',(#16798),#5293,
  #16746);
#16798 = PRESENTATION_STYLE_ASSIGNMENT((#16799));
#16799 = SURFACE_STYLE_USAGE(.BOTH.,#16800);
#16800 = SURFACE_SIDE_STYLE('',(#16801));
#16801 = SURFACE_STYLE_FILL_AREA(#16802);
#16802 = FILL_AREA_STYLE('',(#16803));
#16803 = FILL_AREA_STYLE_COLOUR('',#14999);
#16804 = OVER_RIDING_STYLED_ITEM('overriding color',(#16805),#5318,
  #16746);
#16805 = PRESENTATION_STYLE_ASSIGNMENT((#16806));
#16806 = SURFACE_STYLE_USAGE(.BOTH.,#16807);
#16807 = SURFACE_SIDE_STYLE('',(#16808));
#16808 = SURFACE_STYLE_FILL_AREA(#16809);
#16809 = FILL_AREA_STYLE('',(#16810));
#16810 = FILL_AREA_STYLE_COLOUR('',#14999);
#16811 = OVER_RIDING_STYLED_ITEM('overriding color',(#16812),#5343,
  #16746);
#16812 = PRESENTATION_STYLE_ASSIGNMENT((#16813));
#16813 = SURFACE_STYLE_USAGE(.BOTH.,#16814);
#16814 = SURFACE_SIDE_STYLE('',(#16815));
#16815 = SURFACE_STYLE_FILL_AREA(#16816);
#16816 = FILL_AREA_STYLE('',(#16817));
#16817 = FILL_AREA_STYLE_COLOUR('',#14999);
#16818 = OVER_RIDING_STYLED_ITEM('overriding color',(#16819),#5360,
  #16746);
#16819 = PRESENTATION_STYLE_ASSIGNMENT((#16820));
#16820 = SURFACE_STYLE_USAGE(.BOTH.,#16821);
#16821 = SURFACE_SIDE_STYLE('',(#16822));
#16822 = SURFACE_STYLE_FILL_AREA(#16823);
#16823 = FILL_AREA_STYLE('',(#16824));
#16824 = FILL_AREA_STYLE_COLOUR('',#14999);
#16825 = OVER_RIDING_STYLED_ITEM('overriding color',(#16826),#5391,
  #16746);
#16826 = PRESENTATION_STYLE_ASSIGNMENT((#16827));
#16827 = SURFACE_STYLE_USAGE(.BOTH.,#16828);
#16828 = SURFACE_SIDE_STYLE('',(#16829));
#16829 = SURFACE_STYLE_FILL_AREA(#16830);
#16830 = FILL_AREA_STYLE('',(#16831));
#16831 = FILL_AREA_STYLE_COLOUR('',#14999);
#16832 = OVER_RIDING_STYLED_ITEM('overriding color',(#16833),#5415,
  #16746);
#16833 = PRESENTATION_STYLE_ASSIGNMENT((#16834));
#16834 = SURFACE_STYLE_USAGE(.BOTH.,#16835);
#16835 = SURFACE_SIDE_STYLE('',(#16836));
#16836 = SURFACE_STYLE_FILL_AREA(#16837);
#16837 = FILL_AREA_STYLE('',(#16838));
#16838 = FILL_AREA_STYLE_COLOUR('',#14999);
#16839 = OVER_RIDING_STYLED_ITEM('overriding color',(#16840),#5439,
  #16746);
#16840 = PRESENTATION_STYLE_ASSIGNMENT((#16841));
#16841 = SURFACE_STYLE_USAGE(.BOTH.,#16842);
#16842 = SURFACE_SIDE_STYLE('',(#16843));
#16843 = SURFACE_STYLE_FILL_AREA(#16844);
#16844 = FILL_AREA_STYLE('',(#16845));
#16845 = FILL_AREA_STYLE_COLOUR('',#14999);
#16846 = OVER_RIDING_STYLED_ITEM('overriding color',(#16847),#5456,
  #16746);
#16847 = PRESENTATION_STYLE_ASSIGNMENT((#16848));
#16848 = SURFACE_STYLE_USAGE(.BOTH.,#16849);
#16849 = SURFACE_SIDE_STYLE('',(#16850));
#16850 = SURFACE_STYLE_FILL_AREA(#16851);
#16851 = FILL_AREA_STYLE('',(#16852));
#16852 = FILL_AREA_STYLE_COLOUR('',#14999);
#16853 = OVER_RIDING_STYLED_ITEM('overriding color',(#16854),#5489,
  #16746);
#16854 = PRESENTATION_STYLE_ASSIGNMENT((#16855));
#16855 = SURFACE_STYLE_USAGE(.BOTH.,#16856);
#16856 = SURFACE_SIDE_STYLE('',(#16857));
#16857 = SURFACE_STYLE_FILL_AREA(#16858);
#16858 = FILL_AREA_STYLE('',(#16859));
#16859 = FILL_AREA_STYLE_COLOUR('',#14999);
#16860 = OVER_RIDING_STYLED_ITEM('overriding color',(#16861),#5514,
  #16746);
#16861 = PRESENTATION_STYLE_ASSIGNMENT((#16862));
#16862 = SURFACE_STYLE_USAGE(.BOTH.,#16863);
#16863 = SURFACE_SIDE_STYLE('',(#16864));
#16864 = SURFACE_STYLE_FILL_AREA(#16865);
#16865 = FILL_AREA_STYLE('',(#16866));
#16866 = FILL_AREA_STYLE_COLOUR('',#14999);
#16867 = OVER_RIDING_STYLED_ITEM('overriding color',(#16868),#5539,
  #16746);
#16868 = PRESENTATION_STYLE_ASSIGNMENT((#16869));
#16869 = SURFACE_STYLE_USAGE(.BOTH.,#16870);
#16870 = SURFACE_SIDE_STYLE('',(#16871));
#16871 = SURFACE_STYLE_FILL_AREA(#16872);
#16872 = FILL_AREA_STYLE('',(#16873));
#16873 = FILL_AREA_STYLE_COLOUR('',#14999);
#16874 = OVER_RIDING_STYLED_ITEM('overriding color',(#16875),#5556,
  #16746);
#16875 = PRESENTATION_STYLE_ASSIGNMENT((#16876));
#16876 = SURFACE_STYLE_USAGE(.BOTH.,#16877);
#16877 = SURFACE_SIDE_STYLE('',(#16878));
#16878 = SURFACE_STYLE_FILL_AREA(#16879);
#16879 = FILL_AREA_STYLE('',(#16880));
#16880 = FILL_AREA_STYLE_COLOUR('',#14999);
#16881 = OVER_RIDING_STYLED_ITEM('overriding color',(#16882),#5587,
  #16746);
#16882 = PRESENTATION_STYLE_ASSIGNMENT((#16883));
#16883 = SURFACE_STYLE_USAGE(.BOTH.,#16884);
#16884 = SURFACE_SIDE_STYLE('',(#16885));
#16885 = SURFACE_STYLE_FILL_AREA(#16886);
#16886 = FILL_AREA_STYLE('',(#16887));
#16887 = FILL_AREA_STYLE_COLOUR('',#14999);
#16888 = OVER_RIDING_STYLED_ITEM('overriding color',(#16889),#5618,
  #16746);
#16889 = PRESENTATION_STYLE_ASSIGNMENT((#16890));
#16890 = SURFACE_STYLE_USAGE(.BOTH.,#16891);
#16891 = SURFACE_SIDE_STYLE('',(#16892));
#16892 = SURFACE_STYLE_FILL_AREA(#16893);
#16893 = FILL_AREA_STYLE('',(#16894));
#16894 = FILL_AREA_STYLE_COLOUR('',#14999);
#16895 = OVER_RIDING_STYLED_ITEM('overriding color',(#16896),#5635,
  #16746);
#16896 = PRESENTATION_STYLE_ASSIGNMENT((#16897));
#16897 = SURFACE_STYLE_USAGE(.BOTH.,#16898);
#16898 = SURFACE_SIDE_STYLE('',(#16899));
#16899 = SURFACE_STYLE_FILL_AREA(#16900);
#16900 = FILL_AREA_STYLE('',(#16901));
#16901 = FILL_AREA_STYLE_COLOUR('',#14999);
#16902 = OVER_RIDING_STYLED_ITEM('overriding color',(#16903),#5652,
  #16746);
#16903 = PRESENTATION_STYLE_ASSIGNMENT((#16904));
#16904 = SURFACE_STYLE_USAGE(.BOTH.,#16905);
#16905 = SURFACE_SIDE_STYLE('',(#16906));
#16906 = SURFACE_STYLE_FILL_AREA(#16907);
#16907 = FILL_AREA_STYLE('',(#16908));
#16908 = FILL_AREA_STYLE_COLOUR('',#14999);
#16909 = STYLED_ITEM('color',(#16910),#5664);
#16910 = PRESENTATION_STYLE_ASSIGNMENT((#16911,#16916));
#16911 = SURFACE_STYLE_USAGE(.BOTH.,#16912);
#16912 = SURFACE_SIDE_STYLE('',(#16913));
#16913 = SURFACE_STYLE_FILL_AREA(#16914);
#16914 = FILL_AREA_STYLE('',(#16915));
#16915 = FILL_AREA_STYLE_COLOUR('',#16524);
#16916 = CURVE_STYLE('',#16917,POSITIVE_LENGTH_MEASURE(0.1),#16527);
#16917 = DRAUGHTING_PRE_DEFINED_CURVE_FONT('continuous');
#16918 = OVER_RIDING_STYLED_ITEM('overriding color',(#16919),#5666,
  #16909);
#16919 = PRESENTATION_STYLE_ASSIGNMENT((#16920));
#16920 = SURFACE_STYLE_USAGE(.BOTH.,#16921);
#16921 = SURFACE_SIDE_STYLE('',(#16922));
#16922 = SURFACE_STYLE_FILL_AREA(#16923);
#16923 = FILL_AREA_STYLE('',(#16924));
#16924 = FILL_AREA_STYLE_COLOUR('',#14999);
#16925 = OVER_RIDING_STYLED_ITEM('overriding color',(#16926),#5706,
  #16909);
#16926 = PRESENTATION_STYLE_ASSIGNMENT((#16927));
#16927 = SURFACE_STYLE_USAGE(.BOTH.,#16928);
#16928 = SURFACE_SIDE_STYLE('',(#16929));
#16929 = SURFACE_STYLE_FILL_AREA(#16930);
#16930 = FILL_AREA_STYLE('',(#16931));
#16931 = FILL_AREA_STYLE_COLOUR('',#14999);
#16932 = OVER_RIDING_STYLED_ITEM('overriding color',(#16933),#5737,
  #16909);
#16933 = PRESENTATION_STYLE_ASSIGNMENT((#16934));
#16934 = SURFACE_STYLE_USAGE(.BOTH.,#16935);
#16935 = SURFACE_SIDE_STYLE('',(#16936));
#16936 = SURFACE_STYLE_FILL_AREA(#16937);
#16937 = FILL_AREA_STYLE('',(#16938));
#16938 = FILL_AREA_STYLE_COLOUR('',#14999);
#16939 = OVER_RIDING_STYLED_ITEM('overriding color',(#16940),#5761,
  #16909);
#16940 = PRESENTATION_STYLE_ASSIGNMENT((#16941));
#16941 = SURFACE_STYLE_USAGE(.BOTH.,#16942);
#16942 = SURFACE_SIDE_STYLE('',(#16943));
#16943 = SURFACE_STYLE_FILL_AREA(#16944);
#16944 = FILL_AREA_STYLE('',(#16945));
#16945 = FILL_AREA_STYLE_COLOUR('',#14999);
#16946 = OVER_RIDING_STYLED_ITEM('overriding color',(#16947),#5785,
  #16909);
#16947 = PRESENTATION_STYLE_ASSIGNMENT((#16948));
#16948 = SURFACE_STYLE_USAGE(.BOTH.,#16949);
#16949 = SURFACE_SIDE_STYLE('',(#16950));
#16950 = SURFACE_STYLE_FILL_AREA(#16951);
#16951 = FILL_AREA_STYLE('',(#16952));
#16952 = FILL_AREA_STYLE_COLOUR('',#14999);
#16953 = OVER_RIDING_STYLED_ITEM('overriding color',(#16954),#5802,
  #16909);
#16954 = PRESENTATION_STYLE_ASSIGNMENT((#16955));
#16955 = SURFACE_STYLE_USAGE(.BOTH.,#16956);
#16956 = SURFACE_SIDE_STYLE('',(#16957));
#16957 = SURFACE_STYLE_FILL_AREA(#16958);
#16958 = FILL_AREA_STYLE('',(#16959));
#16959 = FILL_AREA_STYLE_COLOUR('',#14999);
#16960 = OVER_RIDING_STYLED_ITEM('overriding color',(#16961),#5835,
  #16909);
#16961 = PRESENTATION_STYLE_ASSIGNMENT((#16962));
#16962 = SURFACE_STYLE_USAGE(.BOTH.,#16963);
#16963 = SURFACE_SIDE_STYLE('',(#16964));
#16964 = SURFACE_STYLE_FILL_AREA(#16965);
#16965 = FILL_AREA_STYLE('',(#16966));
#16966 = FILL_AREA_STYLE_COLOUR('',#14999);
#16967 = OVER_RIDING_STYLED_ITEM('overriding color',(#16968),#5860,
  #16909);
#16968 = PRESENTATION_STYLE_ASSIGNMENT((#16969));
#16969 = SURFACE_STYLE_USAGE(.BOTH.,#16970);
#16970 = SURFACE_SIDE_STYLE('',(#16971));
#16971 = SURFACE_STYLE_FILL_AREA(#16972);
#16972 = FILL_AREA_STYLE('',(#16973));
#16973 = FILL_AREA_STYLE_COLOUR('',#14999);
#16974 = OVER_RIDING_STYLED_ITEM('overriding color',(#16975),#5885,
  #16909);
#16975 = PRESENTATION_STYLE_ASSIGNMENT((#16976));
#16976 = SURFACE_STYLE_USAGE(.BOTH.,#16977);
#16977 = SURFACE_SIDE_STYLE('',(#16978));
#16978 = SURFACE_STYLE_FILL_AREA(#16979);
#16979 = FILL_AREA_STYLE('',(#16980));
#16980 = FILL_AREA_STYLE_COLOUR('',#14999);
#16981 = OVER_RIDING_STYLED_ITEM('overriding color',(#16982),#5902,
  #16909);
#16982 = PRESENTATION_STYLE_ASSIGNMENT((#16983));
#16983 = SURFACE_STYLE_USAGE(.BOTH.,#16984);
#16984 = SURFACE_SIDE_STYLE('',(#16985));
#16985 = SURFACE_STYLE_FILL_AREA(#16986);
#16986 = FILL_AREA_STYLE('',(#16987));
#16987 = FILL_AREA_STYLE_COLOUR('',#14999);
#16988 = OVER_RIDING_STYLED_ITEM('overriding color',(#16989),#5933,
  #16909);
#16989 = PRESENTATION_STYLE_ASSIGNMENT((#16990));
#16990 = SURFACE_STYLE_USAGE(.BOTH.,#16991);
#16991 = SURFACE_SIDE_STYLE('',(#16992));
#16992 = SURFACE_STYLE_FILL_AREA(#16993);
#16993 = FILL_AREA_STYLE('',(#16994));
#16994 = FILL_AREA_STYLE_COLOUR('',#14999);
#16995 = OVER_RIDING_STYLED_ITEM('overriding color',(#16996),#5957,
  #16909);
#16996 = PRESENTATION_STYLE_ASSIGNMENT((#16997));
#16997 = SURFACE_STYLE_USAGE(.BOTH.,#16998);
#16998 = SURFACE_SIDE_STYLE('',(#16999));
#16999 = SURFACE_STYLE_FILL_AREA(#17000);
#17000 = FILL_AREA_STYLE('',(#17001));
#17001 = FILL_AREA_STYLE_COLOUR('',#14999);
#17002 = OVER_RIDING_STYLED_ITEM('overriding color',(#17003),#5981,
  #16909);
#17003 = PRESENTATION_STYLE_ASSIGNMENT((#17004));
#17004 = SURFACE_STYLE_USAGE(.BOTH.,#17005);
#17005 = SURFACE_SIDE_STYLE('',(#17006));
#17006 = SURFACE_STYLE_FILL_AREA(#17007);
#17007 = FILL_AREA_STYLE('',(#17008));
#17008 = FILL_AREA_STYLE_COLOUR('',#14999);
#17009 = OVER_RIDING_STYLED_ITEM('overriding color',(#17010),#5998,
  #16909);
#17010 = PRESENTATION_STYLE_ASSIGNMENT((#17011));
#17011 = SURFACE_STYLE_USAGE(.BOTH.,#17012);
#17012 = SURFACE_SIDE_STYLE('',(#17013));
#17013 = SURFACE_STYLE_FILL_AREA(#17014);
#17014 = FILL_AREA_STYLE('',(#17015));
#17015 = FILL_AREA_STYLE_COLOUR('',#14999);
#17016 = OVER_RIDING_STYLED_ITEM('overriding color',(#17017),#6031,
  #16909);
#17017 = PRESENTATION_STYLE_ASSIGNMENT((#17018));
#17018 = SURFACE_STYLE_USAGE(.BOTH.,#17019);
#17019 = SURFACE_SIDE_STYLE('',(#17020));
#17020 = SURFACE_STYLE_FILL_AREA(#17021);
#17021 = FILL_AREA_STYLE('',(#17022));
#17022 = FILL_AREA_STYLE_COLOUR('',#14999);
#17023 = OVER_RIDING_STYLED_ITEM('overriding color',(#17024),#6056,
  #16909);
#17024 = PRESENTATION_STYLE_ASSIGNMENT((#17025));
#17025 = SURFACE_STYLE_USAGE(.BOTH.,#17026);
#17026 = SURFACE_SIDE_STYLE('',(#17027));
#17027 = SURFACE_STYLE_FILL_AREA(#17028);
#17028 = FILL_AREA_STYLE('',(#17029));
#17029 = FILL_AREA_STYLE_COLOUR('',#14999);
#17030 = OVER_RIDING_STYLED_ITEM('overriding color',(#17031),#6081,
  #16909);
#17031 = PRESENTATION_STYLE_ASSIGNMENT((#17032));
#17032 = SURFACE_STYLE_USAGE(.BOTH.,#17033);
#17033 = SURFACE_SIDE_STYLE('',(#17034));
#17034 = SURFACE_STYLE_FILL_AREA(#17035);
#17035 = FILL_AREA_STYLE('',(#17036));
#17036 = FILL_AREA_STYLE_COLOUR('',#14999);
#17037 = OVER_RIDING_STYLED_ITEM('overriding color',(#17038),#6098,
  #16909);
#17038 = PRESENTATION_STYLE_ASSIGNMENT((#17039));
#17039 = SURFACE_STYLE_USAGE(.BOTH.,#17040);
#17040 = SURFACE_SIDE_STYLE('',(#17041));
#17041 = SURFACE_STYLE_FILL_AREA(#17042);
#17042 = FILL_AREA_STYLE('',(#17043));
#17043 = FILL_AREA_STYLE_COLOUR('',#14999);
#17044 = OVER_RIDING_STYLED_ITEM('overriding color',(#17045),#6129,
  #16909);
#17045 = PRESENTATION_STYLE_ASSIGNMENT((#17046));
#17046 = SURFACE_STYLE_USAGE(.BOTH.,#17047);
#17047 = SURFACE_SIDE_STYLE('',(#17048));
#17048 = SURFACE_STYLE_FILL_AREA(#17049);
#17049 = FILL_AREA_STYLE('',(#17050));
#17050 = FILL_AREA_STYLE_COLOUR('',#14999);
#17051 = OVER_RIDING_STYLED_ITEM('overriding color',(#17052),#6160,
  #16909);
#17052 = PRESENTATION_STYLE_ASSIGNMENT((#17053));
#17053 = SURFACE_STYLE_USAGE(.BOTH.,#17054);
#17054 = SURFACE_SIDE_STYLE('',(#17055));
#17055 = SURFACE_STYLE_FILL_AREA(#17056);
#17056 = FILL_AREA_STYLE('',(#17057));
#17057 = FILL_AREA_STYLE_COLOUR('',#14999);
#17058 = OVER_RIDING_STYLED_ITEM('overriding color',(#17059),#6177,
  #16909);
#17059 = PRESENTATION_STYLE_ASSIGNMENT((#17060));
#17060 = SURFACE_STYLE_USAGE(.BOTH.,#17061);
#17061 = SURFACE_SIDE_STYLE('',(#17062));
#17062 = SURFACE_STYLE_FILL_AREA(#17063);
#17063 = FILL_AREA_STYLE('',(#17064));
#17064 = FILL_AREA_STYLE_COLOUR('',#14999);
#17065 = OVER_RIDING_STYLED_ITEM('overriding color',(#17066),#6194,
  #16909);
#17066 = PRESENTATION_STYLE_ASSIGNMENT((#17067));
#17067 = SURFACE_STYLE_USAGE(.BOTH.,#17068);
#17068 = SURFACE_SIDE_STYLE('',(#17069));
#17069 = SURFACE_STYLE_FILL_AREA(#17070);
#17070 = FILL_AREA_STYLE('',(#17071));
#17071 = FILL_AREA_STYLE_COLOUR('',#14999);
#17072 = STYLED_ITEM('color',(#17073),#6206);
#17073 = PRESENTATION_STYLE_ASSIGNMENT((#17074,#17079));
#17074 = SURFACE_STYLE_USAGE(.BOTH.,#17075);
#17075 = SURFACE_SIDE_STYLE('',(#17076));
#17076 = SURFACE_STYLE_FILL_AREA(#17077);
#17077 = FILL_AREA_STYLE('',(#17078));
#17078 = FILL_AREA_STYLE_COLOUR('',#16524);
#17079 = CURVE_STYLE('',#17080,POSITIVE_LENGTH_MEASURE(0.1),#16527);
#17080 = DRAUGHTING_PRE_DEFINED_CURVE_FONT('continuous');
#17081 = OVER_RIDING_STYLED_ITEM('overriding color',(#17082),#6208,
  #17072);
#17082 = PRESENTATION_STYLE_ASSIGNMENT((#17083));
#17083 = SURFACE_STYLE_USAGE(.BOTH.,#17084);
#17084 = SURFACE_SIDE_STYLE('',(#17085));
#17085 = SURFACE_STYLE_FILL_AREA(#17086);
#17086 = FILL_AREA_STYLE('',(#17087));
#17087 = FILL_AREA_STYLE_COLOUR('',#14999);
#17088 = OVER_RIDING_STYLED_ITEM('overriding color',(#17089),#6248,
  #17072);
#17089 = PRESENTATION_STYLE_ASSIGNMENT((#17090));
#17090 = SURFACE_STYLE_USAGE(.BOTH.,#17091);
#17091 = SURFACE_SIDE_STYLE('',(#17092));
#17092 = SURFACE_STYLE_FILL_AREA(#17093);
#17093 = FILL_AREA_STYLE('',(#17094));
#17094 = FILL_AREA_STYLE_COLOUR('',#14999);
#17095 = OVER_RIDING_STYLED_ITEM('overriding color',(#17096),#6279,
  #17072);
#17096 = PRESENTATION_STYLE_ASSIGNMENT((#17097));
#17097 = SURFACE_STYLE_USAGE(.BOTH.,#17098);
#17098 = SURFACE_SIDE_STYLE('',(#17099));
#17099 = SURFACE_STYLE_FILL_AREA(#17100);
#17100 = FILL_AREA_STYLE('',(#17101));
#17101 = FILL_AREA_STYLE_COLOUR('',#14999);
#17102 = OVER_RIDING_STYLED_ITEM('overriding color',(#17103),#6303,
  #17072);
#17103 = PRESENTATION_STYLE_ASSIGNMENT((#17104));
#17104 = SURFACE_STYLE_USAGE(.BOTH.,#17105);
#17105 = SURFACE_SIDE_STYLE('',(#17106));
#17106 = SURFACE_STYLE_FILL_AREA(#17107);
#17107 = FILL_AREA_STYLE('',(#17108));
#17108 = FILL_AREA_STYLE_COLOUR('',#14999);
#17109 = OVER_RIDING_STYLED_ITEM('overriding color',(#17110),#6327,
  #17072);
#17110 = PRESENTATION_STYLE_ASSIGNMENT((#17111));
#17111 = SURFACE_STYLE_USAGE(.BOTH.,#17112);
#17112 = SURFACE_SIDE_STYLE('',(#17113));
#17113 = SURFACE_STYLE_FILL_AREA(#17114);
#17114 = FILL_AREA_STYLE('',(#17115));
#17115 = FILL_AREA_STYLE_COLOUR('',#14999);
#17116 = OVER_RIDING_STYLED_ITEM('overriding color',(#17117),#6344,
  #17072);
#17117 = PRESENTATION_STYLE_ASSIGNMENT((#17118));
#17118 = SURFACE_STYLE_USAGE(.BOTH.,#17119);
#17119 = SURFACE_SIDE_STYLE('',(#17120));
#17120 = SURFACE_STYLE_FILL_AREA(#17121);
#17121 = FILL_AREA_STYLE('',(#17122));
#17122 = FILL_AREA_STYLE_COLOUR('',#14999);
#17123 = OVER_RIDING_STYLED_ITEM('overriding color',(#17124),#6377,
  #17072);
#17124 = PRESENTATION_STYLE_ASSIGNMENT((#17125));
#17125 = SURFACE_STYLE_USAGE(.BOTH.,#17126);
#17126 = SURFACE_SIDE_STYLE('',(#17127));
#17127 = SURFACE_STYLE_FILL_AREA(#17128);
#17128 = FILL_AREA_STYLE('',(#17129));
#17129 = FILL_AREA_STYLE_COLOUR('',#14999);
#17130 = OVER_RIDING_STYLED_ITEM('overriding color',(#17131),#6402,
  #17072);
#17131 = PRESENTATION_STYLE_ASSIGNMENT((#17132));
#17132 = SURFACE_STYLE_USAGE(.BOTH.,#17133);
#17133 = SURFACE_SIDE_STYLE('',(#17134));
#17134 = SURFACE_STYLE_FILL_AREA(#17135);
#17135 = FILL_AREA_STYLE('',(#17136));
#17136 = FILL_AREA_STYLE_COLOUR('',#14999);
#17137 = OVER_RIDING_STYLED_ITEM('overriding color',(#17138),#6427,
  #17072);
#17138 = PRESENTATION_STYLE_ASSIGNMENT((#17139));
#17139 = SURFACE_STYLE_USAGE(.BOTH.,#17140);
#17140 = SURFACE_SIDE_STYLE('',(#17141));
#17141 = SURFACE_STYLE_FILL_AREA(#17142);
#17142 = FILL_AREA_STYLE('',(#17143));
#17143 = FILL_AREA_STYLE_COLOUR('',#14999);
#17144 = OVER_RIDING_STYLED_ITEM('overriding color',(#17145),#6444,
  #17072);
#17145 = PRESENTATION_STYLE_ASSIGNMENT((#17146));
#17146 = SURFACE_STYLE_USAGE(.BOTH.,#17147);
#17147 = SURFACE_SIDE_STYLE('',(#17148));
#17148 = SURFACE_STYLE_FILL_AREA(#17149);
#17149 = FILL_AREA_STYLE('',(#17150));
#17150 = FILL_AREA_STYLE_COLOUR('',#14999);
#17151 = OVER_RIDING_STYLED_ITEM('overriding color',(#17152),#6475,
  #17072);
#17152 = PRESENTATION_STYLE_ASSIGNMENT((#17153));
#17153 = SURFACE_STYLE_USAGE(.BOTH.,#17154);
#17154 = SURFACE_SIDE_STYLE('',(#17155));
#17155 = SURFACE_STYLE_FILL_AREA(#17156);
#17156 = FILL_AREA_STYLE('',(#17157));
#17157 = FILL_AREA_STYLE_COLOUR('',#14999);
#17158 = OVER_RIDING_STYLED_ITEM('overriding color',(#17159),#6499,
  #17072);
#17159 = PRESENTATION_STYLE_ASSIGNMENT((#17160));
#17160 = SURFACE_STYLE_USAGE(.BOTH.,#17161);
#17161 = SURFACE_SIDE_STYLE('',(#17162));
#17162 = SURFACE_STYLE_FILL_AREA(#17163);
#17163 = FILL_AREA_STYLE('',(#17164));
#17164 = FILL_AREA_STYLE_COLOUR('',#14999);
#17165 = OVER_RIDING_STYLED_ITEM('overriding color',(#17166),#6523,
  #17072);
#17166 = PRESENTATION_STYLE_ASSIGNMENT((#17167));
#17167 = SURFACE_STYLE_USAGE(.BOTH.,#17168);
#17168 = SURFACE_SIDE_STYLE('',(#17169));
#17169 = SURFACE_STYLE_FILL_AREA(#17170);
#17170 = FILL_AREA_STYLE('',(#17171));
#17171 = FILL_AREA_STYLE_COLOUR('',#14999);
#17172 = OVER_RIDING_STYLED_ITEM('overriding color',(#17173),#6540,
  #17072);
#17173 = PRESENTATION_STYLE_ASSIGNMENT((#17174));
#17174 = SURFACE_STYLE_USAGE(.BOTH.,#17175);
#17175 = SURFACE_SIDE_STYLE('',(#17176));
#17176 = SURFACE_STYLE_FILL_AREA(#17177);
#17177 = FILL_AREA_STYLE('',(#17178));
#17178 = FILL_AREA_STYLE_COLOUR('',#14999);
#17179 = OVER_RIDING_STYLED_ITEM('overriding color',(#17180),#6573,
  #17072);
#17180 = PRESENTATION_STYLE_ASSIGNMENT((#17181));
#17181 = SURFACE_STYLE_USAGE(.BOTH.,#17182);
#17182 = SURFACE_SIDE_STYLE('',(#17183));
#17183 = SURFACE_STYLE_FILL_AREA(#17184);
#17184 = FILL_AREA_STYLE('',(#17185));
#17185 = FILL_AREA_STYLE_COLOUR('',#14999);
#17186 = OVER_RIDING_STYLED_ITEM('overriding color',(#17187),#6598,
  #17072);
#17187 = PRESENTATION_STYLE_ASSIGNMENT((#17188));
#17188 = SURFACE_STYLE_USAGE(.BOTH.,#17189);
#17189 = SURFACE_SIDE_STYLE('',(#17190));
#17190 = SURFACE_STYLE_FILL_AREA(#17191);
#17191 = FILL_AREA_STYLE('',(#17192));
#17192 = FILL_AREA_STYLE_COLOUR('',#14999);
#17193 = OVER_RIDING_STYLED_ITEM('overriding color',(#17194),#6623,
  #17072);
#17194 = PRESENTATION_STYLE_ASSIGNMENT((#17195));
#17195 = SURFACE_STYLE_USAGE(.BOTH.,#17196);
#17196 = SURFACE_SIDE_STYLE('',(#17197));
#17197 = SURFACE_STYLE_FILL_AREA(#17198);
#17198 = FILL_AREA_STYLE('',(#17199));
#17199 = FILL_AREA_STYLE_COLOUR('',#14999);
#17200 = OVER_RIDING_STYLED_ITEM('overriding color',(#17201),#6640,
  #17072);
#17201 = PRESENTATION_STYLE_ASSIGNMENT((#17202));
#17202 = SURFACE_STYLE_USAGE(.BOTH.,#17203);
#17203 = SURFACE_SIDE_STYLE('',(#17204));
#17204 = SURFACE_STYLE_FILL_AREA(#17205);
#17205 = FILL_AREA_STYLE('',(#17206));
#17206 = FILL_AREA_STYLE_COLOUR('',#14999);
#17207 = OVER_RIDING_STYLED_ITEM('overriding color',(#17208),#6671,
  #17072);
#17208 = PRESENTATION_STYLE_ASSIGNMENT((#17209));
#17209 = SURFACE_STYLE_USAGE(.BOTH.,#17210);
#17210 = SURFACE_SIDE_STYLE('',(#17211));
#17211 = SURFACE_STYLE_FILL_AREA(#17212);
#17212 = FILL_AREA_STYLE('',(#17213));
#17213 = FILL_AREA_STYLE_COLOUR('',#14999);
#17214 = OVER_RIDING_STYLED_ITEM('overriding color',(#17215),#6702,
  #17072);
#17215 = PRESENTATION_STYLE_ASSIGNMENT((#17216));
#17216 = SURFACE_STYLE_USAGE(.BOTH.,#17217);
#17217 = SURFACE_SIDE_STYLE('',(#17218));
#17218 = SURFACE_STYLE_FILL_AREA(#17219);
#17219 = FILL_AREA_STYLE('',(#17220));
#17220 = FILL_AREA_STYLE_COLOUR('',#14999);
#17221 = OVER_RIDING_STYLED_ITEM('overriding color',(#17222),#6719,
  #17072);
#17222 = PRESENTATION_STYLE_ASSIGNMENT((#17223));
#17223 = SURFACE_STYLE_USAGE(.BOTH.,#17224);
#17224 = SURFACE_SIDE_STYLE('',(#17225));
#17225 = SURFACE_STYLE_FILL_AREA(#17226);
#17226 = FILL_AREA_STYLE('',(#17227));
#17227 = FILL_AREA_STYLE_COLOUR('',#14999);
#17228 = OVER_RIDING_STYLED_ITEM('overriding color',(#17229),#6736,
  #17072);
#17229 = PRESENTATION_STYLE_ASSIGNMENT((#17230));
#17230 = SURFACE_STYLE_USAGE(.BOTH.,#17231);
#17231 = SURFACE_SIDE_STYLE('',(#17232));
#17232 = SURFACE_STYLE_FILL_AREA(#17233);
#17233 = FILL_AREA_STYLE('',(#17234));
#17234 = FILL_AREA_STYLE_COLOUR('',#14999);
#17235 = MECHANICAL_DESIGN_GEOMETRIC_PRESENTATION_REPRESENTATION('',(
    #17236,#17243,#17250,#17257,#17264,#17271,#17278,#17285,#17292,
    #17299,#17306,#17313,#17320,#17327,#17334),#4390);
#17236 = STYLED_ITEM('color',(#17237),#3729);
#17237 = PRESENTATION_STYLE_ASSIGNMENT((#17238));
#17238 = SURFACE_STYLE_USAGE(.BOTH.,#17239);
#17239 = SURFACE_SIDE_STYLE('',(#17240));
#17240 = SURFACE_STYLE_FILL_AREA(#17241);
#17241 = FILL_AREA_STYLE('',(#17242));
#17242 = FILL_AREA_STYLE_COLOUR('',#14963);
#17243 = STYLED_ITEM('color',(#17244),#3762);
#17244 = PRESENTATION_STYLE_ASSIGNMENT((#17245));
#17245 = SURFACE_STYLE_USAGE(.BOTH.,#17246);
#17246 = SURFACE_SIDE_STYLE('',(#17247));
#17247 = SURFACE_STYLE_FILL_AREA(#17248);
#17248 = FILL_AREA_STYLE('',(#17249));
#17249 = FILL_AREA_STYLE_COLOUR('',#14963);
#17250 = STYLED_ITEM('color',(#17251),#3788);
#17251 = PRESENTATION_STYLE_ASSIGNMENT((#17252));
#17252 = SURFACE_STYLE_USAGE(.BOTH.,#17253);
#17253 = SURFACE_SIDE_STYLE('',(#17254));
#17254 = SURFACE_STYLE_FILL_AREA(#17255);
#17255 = FILL_AREA_STYLE('',(#17256));
#17256 = FILL_AREA_STYLE_COLOUR('',#14963);
#17257 = STYLED_ITEM('color',(#17258),#3808);
#17258 = PRESENTATION_STYLE_ASSIGNMENT((#17259));
#17259 = SURFACE_STYLE_USAGE(.BOTH.,#17260);
#17260 = SURFACE_SIDE_STYLE('',(#17261));
#17261 = SURFACE_STYLE_FILL_AREA(#17262);
#17262 = FILL_AREA_STYLE('',(#17263));
#17263 = FILL_AREA_STYLE_COLOUR('',#14963);
#17264 = STYLED_ITEM('color',(#17265),#3991);
#17265 = PRESENTATION_STYLE_ASSIGNMENT((#17266));
#17266 = SURFACE_STYLE_USAGE(.BOTH.,#17267);
#17267 = SURFACE_SIDE_STYLE('',(#17268));
#17268 = SURFACE_STYLE_FILL_AREA(#17269);
#17269 = FILL_AREA_STYLE('',(#17270));
#17270 = FILL_AREA_STYLE_COLOUR('',#14963);
#17271 = STYLED_ITEM('color',(#17272),#4016);
#17272 = PRESENTATION_STYLE_ASSIGNMENT((#17273));
#17273 = SURFACE_STYLE_USAGE(.BOTH.,#17274);
#17274 = SURFACE_SIDE_STYLE('',(#17275));
#17275 = SURFACE_STYLE_FILL_AREA(#17276);
#17276 = FILL_AREA_STYLE('',(#17277));
#17277 = FILL_AREA_STYLE_COLOUR('',#14999);
#17278 = STYLED_ITEM('color',(#17279),#4042);
#17279 = PRESENTATION_STYLE_ASSIGNMENT((#17280));
#17280 = SURFACE_STYLE_USAGE(.BOTH.,#17281);
#17281 = SURFACE_SIDE_STYLE('',(#17282));
#17282 = SURFACE_STYLE_FILL_AREA(#17283);
#17283 = FILL_AREA_STYLE('',(#17284));
#17284 = FILL_AREA_STYLE_COLOUR('',#14963);
#17285 = STYLED_ITEM('color',(#17286),#4062);
#17286 = PRESENTATION_STYLE_ASSIGNMENT((#17287));
#17287 = SURFACE_STYLE_USAGE(.BOTH.,#17288);
#17288 = SURFACE_SIDE_STYLE('',(#17289));
#17289 = SURFACE_STYLE_FILL_AREA(#17290);
#17290 = FILL_AREA_STYLE('',(#17291));
#17291 = FILL_AREA_STYLE_COLOUR('',#14999);
#17292 = STYLED_ITEM('color',(#17293),#4087);
#17293 = PRESENTATION_STYLE_ASSIGNMENT((#17294));
#17294 = SURFACE_STYLE_USAGE(.BOTH.,#17295);
#17295 = SURFACE_SIDE_STYLE('',(#17296));
#17296 = SURFACE_STYLE_FILL_AREA(#17297);
#17297 = FILL_AREA_STYLE('',(#17298));
#17298 = FILL_AREA_STYLE_COLOUR('',#14963);
#17299 = STYLED_ITEM('color',(#17300),#4112);
#17300 = PRESENTATION_STYLE_ASSIGNMENT((#17301));
#17301 = SURFACE_STYLE_USAGE(.BOTH.,#17302);
#17302 = SURFACE_SIDE_STYLE('',(#17303));
#17303 = SURFACE_STYLE_FILL_AREA(#17304);
#17304 = FILL_AREA_STYLE('',(#17305));
#17305 = FILL_AREA_STYLE_COLOUR('',#14999);
#17306 = STYLED_ITEM('color',(#17307),#4121);
#17307 = PRESENTATION_STYLE_ASSIGNMENT((#17308));
#17308 = SURFACE_STYLE_USAGE(.BOTH.,#17309);
#17309 = SURFACE_SIDE_STYLE('',(#17310));
#17310 = SURFACE_STYLE_FILL_AREA(#17311);
#17311 = FILL_AREA_STYLE('',(#17312));
#17312 = FILL_AREA_STYLE_COLOUR('',#14963);
#17313 = STYLED_ITEM('color',(#17314),#4147);
#17314 = PRESENTATION_STYLE_ASSIGNMENT((#17315));
#17315 = SURFACE_STYLE_USAGE(.BOTH.,#17316);
#17316 = SURFACE_SIDE_STYLE('',(#17317));
#17317 = SURFACE_STYLE_FILL_AREA(#17318);
#17318 = FILL_AREA_STYLE('',(#17319));
#17319 = FILL_AREA_STYLE_COLOUR('',#14963);
#17320 = STYLED_ITEM('color',(#17321),#4330);
#17321 = PRESENTATION_STYLE_ASSIGNMENT((#17322));
#17322 = SURFACE_STYLE_USAGE(.BOTH.,#17323);
#17323 = SURFACE_SIDE_STYLE('',(#17324));
#17324 = SURFACE_STYLE_FILL_AREA(#17325);
#17325 = FILL_AREA_STYLE('',(#17326));
#17326 = FILL_AREA_STYLE_COLOUR('',#14999);
#17327 = STYLED_ITEM('color',(#17328),#4356);
#17328 = PRESENTATION_STYLE_ASSIGNMENT((#17329));
#17329 = SURFACE_STYLE_USAGE(.BOTH.,#17330);
#17330 = SURFACE_SIDE_STYLE('',(#17331));
#17331 = SURFACE_STYLE_FILL_AREA(#17332);
#17332 = FILL_AREA_STYLE('',(#17333));
#17333 = FILL_AREA_STYLE_COLOUR('',#14999);
#17334 = STYLED_ITEM('color',(#17335),#4381);
#17335 = PRESENTATION_STYLE_ASSIGNMENT((#17336));
#17336 = SURFACE_STYLE_USAGE(.BOTH.,#17337);
#17337 = SURFACE_SIDE_STYLE('',(#17338));
#17338 = SURFACE_STYLE_FILL_AREA(#17339);
#17339 = FILL_AREA_STYLE('',(#17340));
#17340 = FILL_AREA_STYLE_COLOUR('',#14999);
#17341 = MECHANICAL_DESIGN_GEOMETRIC_PRESENTATION_REPRESENTATION('',(
    #17342,#17349,#17356,#17363,#17370,#17377,#17384,#17391,#17398,
    #17405,#17412,#17419,#17426,#17433,#17440,#17447,#17454,#17461,
    #17468,#17475,#17482,#17489,#17496,#17503,#17510,#17517,#17524,
    #17531,#17538,#17545,#17552,#17559,#17566,#17573,#17580,#17587,
    #17594,#17601,#17608,#17615,#17622,#17629,#17636,#17643,#17650,
    #17657,#17664,#17671,#17678,#17685,#17692,#17699,#17706,#17713,
    #17720,#17727,#17734,#17741,#17748,#17755,#17762,#17769,#17776,
    #17783,#17790,#17797,#17804,#17811,#17818,#17825,#17832,#17839,
    #17846,#17853,#17860,#17867,#17874,#17881,#17888,#17895,#17902,
    #17909,#17916,#17923,#17930,#17937,#17944,#17951,#17958,#17965,
    #17972,#17979,#17986,#17993,#18000,#18007,#18014,#18021,#18028,
    #18035,#18042,#18049,#18056,#18063,#18070,#18077,#18084,#18091,
    #18098,#18105,#18112,#18119,#18126,#18133,#18140,#18147,#18154,
    #18161,#18168,#18175,#18182,#18189,#18196,#18203),#10221);
#17342 = STYLED_ITEM('color',(#17343),#6769);
#17343 = PRESENTATION_STYLE_ASSIGNMENT((#17344));
#17344 = SURFACE_STYLE_USAGE(.BOTH.,#17345);
#17345 = SURFACE_SIDE_STYLE('',(#17346));
#17346 = SURFACE_STYLE_FILL_AREA(#17347);
#17347 = FILL_AREA_STYLE('',(#17348));
#17348 = FILL_AREA_STYLE_COLOUR('',#15085);
#17349 = STYLED_ITEM('color',(#17350),#6809);
#17350 = PRESENTATION_STYLE_ASSIGNMENT((#17351));
#17351 = SURFACE_STYLE_USAGE(.BOTH.,#17352);
#17352 = SURFACE_SIDE_STYLE('',(#17353));
#17353 = SURFACE_STYLE_FILL_AREA(#17354);
#17354 = FILL_AREA_STYLE('',(#17355));
#17355 = FILL_AREA_STYLE_COLOUR('',#15085);
#17356 = STYLED_ITEM('color',(#17357),#6840);
#17357 = PRESENTATION_STYLE_ASSIGNMENT((#17358));
#17358 = SURFACE_STYLE_USAGE(.BOTH.,#17359);
#17359 = SURFACE_SIDE_STYLE('',(#17360));
#17360 = SURFACE_STYLE_FILL_AREA(#17361);
#17361 = FILL_AREA_STYLE('',(#17362));
#17362 = FILL_AREA_STYLE_COLOUR('',#15085);
#17363 = STYLED_ITEM('color',(#17364),#6871);
#17364 = PRESENTATION_STYLE_ASSIGNMENT((#17365));
#17365 = SURFACE_STYLE_USAGE(.BOTH.,#17366);
#17366 = SURFACE_SIDE_STYLE('',(#17367));
#17367 = SURFACE_STYLE_FILL_AREA(#17368);
#17368 = FILL_AREA_STYLE('',(#17369));
#17369 = FILL_AREA_STYLE_COLOUR('',#15085);
#17370 = STYLED_ITEM('color',(#17371),#7282);
#17371 = PRESENTATION_STYLE_ASSIGNMENT((#17372));
#17372 = SURFACE_STYLE_USAGE(.BOTH.,#17373);
#17373 = SURFACE_SIDE_STYLE('',(#17374));
#17374 = SURFACE_STYLE_FILL_AREA(#17375);
#17375 = FILL_AREA_STYLE('',(#17376));
#17376 = FILL_AREA_STYLE_COLOUR('',#15085);
#17377 = STYLED_ITEM('color',(#17378),#7693);
#17378 = PRESENTATION_STYLE_ASSIGNMENT((#17379));
#17379 = SURFACE_STYLE_USAGE(.BOTH.,#17380);
#17380 = SURFACE_SIDE_STYLE('',(#17381));
#17381 = SURFACE_STYLE_FILL_AREA(#17382);
#17382 = FILL_AREA_STYLE('',(#17383));
#17383 = FILL_AREA_STYLE_COLOUR('',#15085);
#17384 = STYLED_ITEM('color',(#17385),#7710);
#17385 = PRESENTATION_STYLE_ASSIGNMENT((#17386));
#17386 = SURFACE_STYLE_USAGE(.BOTH.,#17387);
#17387 = SURFACE_SIDE_STYLE('',(#17388));
#17388 = SURFACE_STYLE_FILL_AREA(#17389);
#17389 = FILL_AREA_STYLE('',(#17390));
#17390 = FILL_AREA_STYLE_COLOUR('',#15085);
#17391 = STYLED_ITEM('color',(#17392),#7727);
#17392 = PRESENTATION_STYLE_ASSIGNMENT((#17393));
#17393 = SURFACE_STYLE_USAGE(.BOTH.,#17394);
#17394 = SURFACE_SIDE_STYLE('',(#17395));
#17395 = SURFACE_STYLE_FILL_AREA(#17396);
#17396 = FILL_AREA_STYLE('',(#17397));
#17397 = FILL_AREA_STYLE_COLOUR('',#15085);
#17398 = STYLED_ITEM('color',(#17399),#7744);
#17399 = PRESENTATION_STYLE_ASSIGNMENT((#17400));
#17400 = SURFACE_STYLE_USAGE(.BOTH.,#17401);
#17401 = SURFACE_SIDE_STYLE('',(#17402));
#17402 = SURFACE_STYLE_FILL_AREA(#17403);
#17403 = FILL_AREA_STYLE('',(#17404));
#17404 = FILL_AREA_STYLE_COLOUR('',#15085);
#17405 = STYLED_ITEM('color',(#17406),#7761);
#17406 = PRESENTATION_STYLE_ASSIGNMENT((#17407));
#17407 = SURFACE_STYLE_USAGE(.BOTH.,#17408);
#17408 = SURFACE_SIDE_STYLE('',(#17409));
#17409 = SURFACE_STYLE_FILL_AREA(#17410);
#17410 = FILL_AREA_STYLE('',(#17411));
#17411 = FILL_AREA_STYLE_COLOUR('',#15085);
#17412 = STYLED_ITEM('color',(#17413),#7778);
#17413 = PRESENTATION_STYLE_ASSIGNMENT((#17414));
#17414 = SURFACE_STYLE_USAGE(.BOTH.,#17415);
#17415 = SURFACE_SIDE_STYLE('',(#17416));
#17416 = SURFACE_STYLE_FILL_AREA(#17417);
#17417 = FILL_AREA_STYLE('',(#17418));
#17418 = FILL_AREA_STYLE_COLOUR('',#15085);
#17419 = STYLED_ITEM('color',(#17420),#7795);
#17420 = PRESENTATION_STYLE_ASSIGNMENT((#17421));
#17421 = SURFACE_STYLE_USAGE(.BOTH.,#17422);
#17422 = SURFACE_SIDE_STYLE('',(#17423));
#17423 = SURFACE_STYLE_FILL_AREA(#17424);
#17424 = FILL_AREA_STYLE('',(#17425));
#17425 = FILL_AREA_STYLE_COLOUR('',#15085);
#17426 = STYLED_ITEM('color',(#17427),#7812);
#17427 = PRESENTATION_STYLE_ASSIGNMENT((#17428));
#17428 = SURFACE_STYLE_USAGE(.BOTH.,#17429);
#17429 = SURFACE_SIDE_STYLE('',(#17430));
#17430 = SURFACE_STYLE_FILL_AREA(#17431);
#17431 = FILL_AREA_STYLE('',(#17432));
#17432 = FILL_AREA_STYLE_COLOUR('',#15085);
#17433 = STYLED_ITEM('color',(#17434),#7829);
#17434 = PRESENTATION_STYLE_ASSIGNMENT((#17435));
#17435 = SURFACE_STYLE_USAGE(.BOTH.,#17436);
#17436 = SURFACE_SIDE_STYLE('',(#17437));
#17437 = SURFACE_STYLE_FILL_AREA(#17438);
#17438 = FILL_AREA_STYLE('',(#17439));
#17439 = FILL_AREA_STYLE_COLOUR('',#15085);
#17440 = STYLED_ITEM('color',(#17441),#7846);
#17441 = PRESENTATION_STYLE_ASSIGNMENT((#17442));
#17442 = SURFACE_STYLE_USAGE(.BOTH.,#17443);
#17443 = SURFACE_SIDE_STYLE('',(#17444));
#17444 = SURFACE_STYLE_FILL_AREA(#17445);
#17445 = FILL_AREA_STYLE('',(#17446));
#17446 = FILL_AREA_STYLE_COLOUR('',#15085);
#17447 = STYLED_ITEM('color',(#17448),#7863);
#17448 = PRESENTATION_STYLE_ASSIGNMENT((#17449));
#17449 = SURFACE_STYLE_USAGE(.BOTH.,#17450);
#17450 = SURFACE_SIDE_STYLE('',(#17451));
#17451 = SURFACE_STYLE_FILL_AREA(#17452);
#17452 = FILL_AREA_STYLE('',(#17453));
#17453 = FILL_AREA_STYLE_COLOUR('',#15085);
#17454 = STYLED_ITEM('color',(#17455),#7880);
#17455 = PRESENTATION_STYLE_ASSIGNMENT((#17456));
#17456 = SURFACE_STYLE_USAGE(.BOTH.,#17457);
#17457 = SURFACE_SIDE_STYLE('',(#17458));
#17458 = SURFACE_STYLE_FILL_AREA(#17459);
#17459 = FILL_AREA_STYLE('',(#17460));
#17460 = FILL_AREA_STYLE_COLOUR('',#15085);
#17461 = STYLED_ITEM('color',(#17462),#7897);
#17462 = PRESENTATION_STYLE_ASSIGNMENT((#17463));
#17463 = SURFACE_STYLE_USAGE(.BOTH.,#17464);
#17464 = SURFACE_SIDE_STYLE('',(#17465));
#17465 = SURFACE_STYLE_FILL_AREA(#17466);
#17466 = FILL_AREA_STYLE('',(#17467));
#17467 = FILL_AREA_STYLE_COLOUR('',#15085);
#17468 = STYLED_ITEM('color',(#17469),#7914);
#17469 = PRESENTATION_STYLE_ASSIGNMENT((#17470));
#17470 = SURFACE_STYLE_USAGE(.BOTH.,#17471);
#17471 = SURFACE_SIDE_STYLE('',(#17472));
#17472 = SURFACE_STYLE_FILL_AREA(#17473);
#17473 = FILL_AREA_STYLE('',(#17474));
#17474 = FILL_AREA_STYLE_COLOUR('',#15085);
#17475 = STYLED_ITEM('color',(#17476),#7931);
#17476 = PRESENTATION_STYLE_ASSIGNMENT((#17477));
#17477 = SURFACE_STYLE_USAGE(.BOTH.,#17478);
#17478 = SURFACE_SIDE_STYLE('',(#17479));
#17479 = SURFACE_STYLE_FILL_AREA(#17480);
#17480 = FILL_AREA_STYLE('',(#17481));
#17481 = FILL_AREA_STYLE_COLOUR('',#15085);
#17482 = STYLED_ITEM('color',(#17483),#7948);
#17483 = PRESENTATION_STYLE_ASSIGNMENT((#17484));
#17484 = SURFACE_STYLE_USAGE(.BOTH.,#17485);
#17485 = SURFACE_SIDE_STYLE('',(#17486));
#17486 = SURFACE_STYLE_FILL_AREA(#17487);
#17487 = FILL_AREA_STYLE('',(#17488));
#17488 = FILL_AREA_STYLE_COLOUR('',#15085);
#17489 = STYLED_ITEM('color',(#17490),#7965);
#17490 = PRESENTATION_STYLE_ASSIGNMENT((#17491));
#17491 = SURFACE_STYLE_USAGE(.BOTH.,#17492);
#17492 = SURFACE_SIDE_STYLE('',(#17493));
#17493 = SURFACE_STYLE_FILL_AREA(#17494);
#17494 = FILL_AREA_STYLE('',(#17495));
#17495 = FILL_AREA_STYLE_COLOUR('',#15085);
#17496 = STYLED_ITEM('color',(#17497),#7982);
#17497 = PRESENTATION_STYLE_ASSIGNMENT((#17498));
#17498 = SURFACE_STYLE_USAGE(.BOTH.,#17499);
#17499 = SURFACE_SIDE_STYLE('',(#17500));
#17500 = SURFACE_STYLE_FILL_AREA(#17501);
#17501 = FILL_AREA_STYLE('',(#17502));
#17502 = FILL_AREA_STYLE_COLOUR('',#15085);
#17503 = STYLED_ITEM('color',(#17504),#7999);
#17504 = PRESENTATION_STYLE_ASSIGNMENT((#17505));
#17505 = SURFACE_STYLE_USAGE(.BOTH.,#17506);
#17506 = SURFACE_SIDE_STYLE('',(#17507));
#17507 = SURFACE_STYLE_FILL_AREA(#17508);
#17508 = FILL_AREA_STYLE('',(#17509));
#17509 = FILL_AREA_STYLE_COLOUR('',#15085);
#17510 = STYLED_ITEM('color',(#17511),#8016);
#17511 = PRESENTATION_STYLE_ASSIGNMENT((#17512));
#17512 = SURFACE_STYLE_USAGE(.BOTH.,#17513);
#17513 = SURFACE_SIDE_STYLE('',(#17514));
#17514 = SURFACE_STYLE_FILL_AREA(#17515);
#17515 = FILL_AREA_STYLE('',(#17516));
#17516 = FILL_AREA_STYLE_COLOUR('',#15085);
#17517 = STYLED_ITEM('color',(#17518),#8033);
#17518 = PRESENTATION_STYLE_ASSIGNMENT((#17519));
#17519 = SURFACE_STYLE_USAGE(.BOTH.,#17520);
#17520 = SURFACE_SIDE_STYLE('',(#17521));
#17521 = SURFACE_STYLE_FILL_AREA(#17522);
#17522 = FILL_AREA_STYLE('',(#17523));
#17523 = FILL_AREA_STYLE_COLOUR('',#15085);
#17524 = STYLED_ITEM('color',(#17525),#8050);
#17525 = PRESENTATION_STYLE_ASSIGNMENT((#17526));
#17526 = SURFACE_STYLE_USAGE(.BOTH.,#17527);
#17527 = SURFACE_SIDE_STYLE('',(#17528));
#17528 = SURFACE_STYLE_FILL_AREA(#17529);
#17529 = FILL_AREA_STYLE('',(#17530));
#17530 = FILL_AREA_STYLE_COLOUR('',#15085);
#17531 = STYLED_ITEM('color',(#17532),#8067);
#17532 = PRESENTATION_STYLE_ASSIGNMENT((#17533));
#17533 = SURFACE_STYLE_USAGE(.BOTH.,#17534);
#17534 = SURFACE_SIDE_STYLE('',(#17535));
#17535 = SURFACE_STYLE_FILL_AREA(#17536);
#17536 = FILL_AREA_STYLE('',(#17537));
#17537 = FILL_AREA_STYLE_COLOUR('',#15085);
#17538 = STYLED_ITEM('color',(#17539),#8084);
#17539 = PRESENTATION_STYLE_ASSIGNMENT((#17540));
#17540 = SURFACE_STYLE_USAGE(.BOTH.,#17541);
#17541 = SURFACE_SIDE_STYLE('',(#17542));
#17542 = SURFACE_STYLE_FILL_AREA(#17543);
#17543 = FILL_AREA_STYLE('',(#17544));
#17544 = FILL_AREA_STYLE_COLOUR('',#15085);
#17545 = STYLED_ITEM('color',(#17546),#8101);
#17546 = PRESENTATION_STYLE_ASSIGNMENT((#17547));
#17547 = SURFACE_STYLE_USAGE(.BOTH.,#17548);
#17548 = SURFACE_SIDE_STYLE('',(#17549));
#17549 = SURFACE_STYLE_FILL_AREA(#17550);
#17550 = FILL_AREA_STYLE('',(#17551));
#17551 = FILL_AREA_STYLE_COLOUR('',#15085);
#17552 = STYLED_ITEM('color',(#17553),#8118);
#17553 = PRESENTATION_STYLE_ASSIGNMENT((#17554));
#17554 = SURFACE_STYLE_USAGE(.BOTH.,#17555);
#17555 = SURFACE_SIDE_STYLE('',(#17556));
#17556 = SURFACE_STYLE_FILL_AREA(#17557);
#17557 = FILL_AREA_STYLE('',(#17558));
#17558 = FILL_AREA_STYLE_COLOUR('',#15085);
#17559 = STYLED_ITEM('color',(#17560),#8135);
#17560 = PRESENTATION_STYLE_ASSIGNMENT((#17561));
#17561 = SURFACE_STYLE_USAGE(.BOTH.,#17562);
#17562 = SURFACE_SIDE_STYLE('',(#17563));
#17563 = SURFACE_STYLE_FILL_AREA(#17564);
#17564 = FILL_AREA_STYLE('',(#17565));
#17565 = FILL_AREA_STYLE_COLOUR('',#15085);
#17566 = STYLED_ITEM('color',(#17567),#8152);
#17567 = PRESENTATION_STYLE_ASSIGNMENT((#17568));
#17568 = SURFACE_STYLE_USAGE(.BOTH.,#17569);
#17569 = SURFACE_SIDE_STYLE('',(#17570));
#17570 = SURFACE_STYLE_FILL_AREA(#17571);
#17571 = FILL_AREA_STYLE('',(#17572));
#17572 = FILL_AREA_STYLE_COLOUR('',#15085);
#17573 = STYLED_ITEM('color',(#17574),#8169);
#17574 = PRESENTATION_STYLE_ASSIGNMENT((#17575));
#17575 = SURFACE_STYLE_USAGE(.BOTH.,#17576);
#17576 = SURFACE_SIDE_STYLE('',(#17577));
#17577 = SURFACE_STYLE_FILL_AREA(#17578);
#17578 = FILL_AREA_STYLE('',(#17579));
#17579 = FILL_AREA_STYLE_COLOUR('',#15085);
#17580 = STYLED_ITEM('color',(#17581),#8181);
#17581 = PRESENTATION_STYLE_ASSIGNMENT((#17582));
#17582 = SURFACE_STYLE_USAGE(.BOTH.,#17583);
#17583 = SURFACE_SIDE_STYLE('',(#17584));
#17584 = SURFACE_STYLE_FILL_AREA(#17585);
#17585 = FILL_AREA_STYLE('',(#17586));
#17586 = FILL_AREA_STYLE_COLOUR('',#15282);
#17587 = STYLED_ITEM('color',(#17588),#8212);
#17588 = PRESENTATION_STYLE_ASSIGNMENT((#17589));
#17589 = SURFACE_STYLE_USAGE(.BOTH.,#17590);
#17590 = SURFACE_SIDE_STYLE('',(#17591));
#17591 = SURFACE_STYLE_FILL_AREA(#17592);
#17592 = FILL_AREA_STYLE('',(#17593));
#17593 = FILL_AREA_STYLE_COLOUR('',#15282);
#17594 = STYLED_ITEM('color',(#17595),#8236);
#17595 = PRESENTATION_STYLE_ASSIGNMENT((#17596));
#17596 = SURFACE_STYLE_USAGE(.BOTH.,#17597);
#17597 = SURFACE_SIDE_STYLE('',(#17598));
#17598 = SURFACE_STYLE_FILL_AREA(#17599);
#17599 = FILL_AREA_STYLE('',(#17600));
#17600 = FILL_AREA_STYLE_COLOUR('',#15282);
#17601 = STYLED_ITEM('color',(#17602),#8260);
#17602 = PRESENTATION_STYLE_ASSIGNMENT((#17603));
#17603 = SURFACE_STYLE_USAGE(.BOTH.,#17604);
#17604 = SURFACE_SIDE_STYLE('',(#17605));
#17605 = SURFACE_STYLE_FILL_AREA(#17606);
#17606 = FILL_AREA_STYLE('',(#17607));
#17607 = FILL_AREA_STYLE_COLOUR('',#15282);
#17608 = STYLED_ITEM('color',(#17609),#8277);
#17609 = PRESENTATION_STYLE_ASSIGNMENT((#17610));
#17610 = SURFACE_STYLE_USAGE(.BOTH.,#17611);
#17611 = SURFACE_SIDE_STYLE('',(#17612));
#17612 = SURFACE_STYLE_FILL_AREA(#17613);
#17613 = FILL_AREA_STYLE('',(#17614));
#17614 = FILL_AREA_STYLE_COLOUR('',#15282);
#17615 = STYLED_ITEM('color',(#17616),#8308);
#17616 = PRESENTATION_STYLE_ASSIGNMENT((#17617));
#17617 = SURFACE_STYLE_USAGE(.BOTH.,#17618);
#17618 = SURFACE_SIDE_STYLE('',(#17619));
#17619 = SURFACE_STYLE_FILL_AREA(#17620);
#17620 = FILL_AREA_STYLE('',(#17621));
#17621 = FILL_AREA_STYLE_COLOUR('',#15282);
#17622 = STYLED_ITEM('color',(#17623),#8332);
#17623 = PRESENTATION_STYLE_ASSIGNMENT((#17624));
#17624 = SURFACE_STYLE_USAGE(.BOTH.,#17625);
#17625 = SURFACE_SIDE_STYLE('',(#17626));
#17626 = SURFACE_STYLE_FILL_AREA(#17627);
#17627 = FILL_AREA_STYLE('',(#17628));
#17628 = FILL_AREA_STYLE_COLOUR('',#15282);
#17629 = STYLED_ITEM('color',(#17630),#8356);
#17630 = PRESENTATION_STYLE_ASSIGNMENT((#17631));
#17631 = SURFACE_STYLE_USAGE(.BOTH.,#17632);
#17632 = SURFACE_SIDE_STYLE('',(#17633));
#17633 = SURFACE_STYLE_FILL_AREA(#17634);
#17634 = FILL_AREA_STYLE('',(#17635));
#17635 = FILL_AREA_STYLE_COLOUR('',#15282);
#17636 = STYLED_ITEM('color',(#17637),#8373);
#17637 = PRESENTATION_STYLE_ASSIGNMENT((#17638));
#17638 = SURFACE_STYLE_USAGE(.BOTH.,#17639);
#17639 = SURFACE_SIDE_STYLE('',(#17640));
#17640 = SURFACE_STYLE_FILL_AREA(#17641);
#17641 = FILL_AREA_STYLE('',(#17642));
#17642 = FILL_AREA_STYLE_COLOUR('',#15282);
#17643 = STYLED_ITEM('color',(#17644),#8404);
#17644 = PRESENTATION_STYLE_ASSIGNMENT((#17645));
#17645 = SURFACE_STYLE_USAGE(.BOTH.,#17646);
#17646 = SURFACE_SIDE_STYLE('',(#17647));
#17647 = SURFACE_STYLE_FILL_AREA(#17648);
#17648 = FILL_AREA_STYLE('',(#17649));
#17649 = FILL_AREA_STYLE_COLOUR('',#15282);
#17650 = STYLED_ITEM('color',(#17651),#8428);
#17651 = PRESENTATION_STYLE_ASSIGNMENT((#17652));
#17652 = SURFACE_STYLE_USAGE(.BOTH.,#17653);
#17653 = SURFACE_SIDE_STYLE('',(#17654));
#17654 = SURFACE_STYLE_FILL_AREA(#17655);
#17655 = FILL_AREA_STYLE('',(#17656));
#17656 = FILL_AREA_STYLE_COLOUR('',#15282);
#17657 = STYLED_ITEM('color',(#17658),#8452);
#17658 = PRESENTATION_STYLE_ASSIGNMENT((#17659));
#17659 = SURFACE_STYLE_USAGE(.BOTH.,#17660);
#17660 = SURFACE_SIDE_STYLE('',(#17661));
#17661 = SURFACE_STYLE_FILL_AREA(#17662);
#17662 = FILL_AREA_STYLE('',(#17663));
#17663 = FILL_AREA_STYLE_COLOUR('',#15282);
#17664 = STYLED_ITEM('color',(#17665),#8469);
#17665 = PRESENTATION_STYLE_ASSIGNMENT((#17666));
#17666 = SURFACE_STYLE_USAGE(.BOTH.,#17667);
#17667 = SURFACE_SIDE_STYLE('',(#17668));
#17668 = SURFACE_STYLE_FILL_AREA(#17669);
#17669 = FILL_AREA_STYLE('',(#17670));
#17670 = FILL_AREA_STYLE_COLOUR('',#15282);
#17671 = STYLED_ITEM('color',(#17672),#8500);
#17672 = PRESENTATION_STYLE_ASSIGNMENT((#17673));
#17673 = SURFACE_STYLE_USAGE(.BOTH.,#17674);
#17674 = SURFACE_SIDE_STYLE('',(#17675));
#17675 = SURFACE_STYLE_FILL_AREA(#17676);
#17676 = FILL_AREA_STYLE('',(#17677));
#17677 = FILL_AREA_STYLE_COLOUR('',#15282);
#17678 = STYLED_ITEM('color',(#17679),#8524);
#17679 = PRESENTATION_STYLE_ASSIGNMENT((#17680));
#17680 = SURFACE_STYLE_USAGE(.BOTH.,#17681);
#17681 = SURFACE_SIDE_STYLE('',(#17682));
#17682 = SURFACE_STYLE_FILL_AREA(#17683);
#17683 = FILL_AREA_STYLE('',(#17684));
#17684 = FILL_AREA_STYLE_COLOUR('',#15282);
#17685 = STYLED_ITEM('color',(#17686),#8548);
#17686 = PRESENTATION_STYLE_ASSIGNMENT((#17687));
#17687 = SURFACE_STYLE_USAGE(.BOTH.,#17688);
#17688 = SURFACE_SIDE_STYLE('',(#17689));
#17689 = SURFACE_STYLE_FILL_AREA(#17690);
#17690 = FILL_AREA_STYLE('',(#17691));
#17691 = FILL_AREA_STYLE_COLOUR('',#15282);
#17692 = STYLED_ITEM('color',(#17693),#8565);
#17693 = PRESENTATION_STYLE_ASSIGNMENT((#17694));
#17694 = SURFACE_STYLE_USAGE(.BOTH.,#17695);
#17695 = SURFACE_SIDE_STYLE('',(#17696));
#17696 = SURFACE_STYLE_FILL_AREA(#17697);
#17697 = FILL_AREA_STYLE('',(#17698));
#17698 = FILL_AREA_STYLE_COLOUR('',#15282);
#17699 = STYLED_ITEM('color',(#17700),#8596);
#17700 = PRESENTATION_STYLE_ASSIGNMENT((#17701));
#17701 = SURFACE_STYLE_USAGE(.BOTH.,#17702);
#17702 = SURFACE_SIDE_STYLE('',(#17703));
#17703 = SURFACE_STYLE_FILL_AREA(#17704);
#17704 = FILL_AREA_STYLE('',(#17705));
#17705 = FILL_AREA_STYLE_COLOUR('',#15282);
#17706 = STYLED_ITEM('color',(#17707),#8620);
#17707 = PRESENTATION_STYLE_ASSIGNMENT((#17708));
#17708 = SURFACE_STYLE_USAGE(.BOTH.,#17709);
#17709 = SURFACE_SIDE_STYLE('',(#17710));
#17710 = SURFACE_STYLE_FILL_AREA(#17711);
#17711 = FILL_AREA_STYLE('',(#17712));
#17712 = FILL_AREA_STYLE_COLOUR('',#15282);
#17713 = STYLED_ITEM('color',(#17714),#8644);
#17714 = PRESENTATION_STYLE_ASSIGNMENT((#17715));
#17715 = SURFACE_STYLE_USAGE(.BOTH.,#17716);
#17716 = SURFACE_SIDE_STYLE('',(#17717));
#17717 = SURFACE_STYLE_FILL_AREA(#17718);
#17718 = FILL_AREA_STYLE('',(#17719));
#17719 = FILL_AREA_STYLE_COLOUR('',#15282);
#17720 = STYLED_ITEM('color',(#17721),#8661);
#17721 = PRESENTATION_STYLE_ASSIGNMENT((#17722));
#17722 = SURFACE_STYLE_USAGE(.BOTH.,#17723);
#17723 = SURFACE_SIDE_STYLE('',(#17724));
#17724 = SURFACE_STYLE_FILL_AREA(#17725);
#17725 = FILL_AREA_STYLE('',(#17726));
#17726 = FILL_AREA_STYLE_COLOUR('',#15282);
#17727 = STYLED_ITEM('color',(#17728),#8692);
#17728 = PRESENTATION_STYLE_ASSIGNMENT((#17729));
#17729 = SURFACE_STYLE_USAGE(.BOTH.,#17730);
#17730 = SURFACE_SIDE_STYLE('',(#17731));
#17731 = SURFACE_STYLE_FILL_AREA(#17732);
#17732 = FILL_AREA_STYLE('',(#17733));
#17733 = FILL_AREA_STYLE_COLOUR('',#15282);
#17734 = STYLED_ITEM('color',(#17735),#8716);
#17735 = PRESENTATION_STYLE_ASSIGNMENT((#17736));
#17736 = SURFACE_STYLE_USAGE(.BOTH.,#17737);
#17737 = SURFACE_SIDE_STYLE('',(#17738));
#17738 = SURFACE_STYLE_FILL_AREA(#17739);
#17739 = FILL_AREA_STYLE('',(#17740));
#17740 = FILL_AREA_STYLE_COLOUR('',#15282);
#17741 = STYLED_ITEM('color',(#17742),#8740);
#17742 = PRESENTATION_STYLE_ASSIGNMENT((#17743));
#17743 = SURFACE_STYLE_USAGE(.BOTH.,#17744);
#17744 = SURFACE_SIDE_STYLE('',(#17745));
#17745 = SURFACE_STYLE_FILL_AREA(#17746);
#17746 = FILL_AREA_STYLE('',(#17747));
#17747 = FILL_AREA_STYLE_COLOUR('',#15282);
#17748 = STYLED_ITEM('color',(#17749),#8757);
#17749 = PRESENTATION_STYLE_ASSIGNMENT((#17750));
#17750 = SURFACE_STYLE_USAGE(.BOTH.,#17751);
#17751 = SURFACE_SIDE_STYLE('',(#17752));
#17752 = SURFACE_STYLE_FILL_AREA(#17753);
#17753 = FILL_AREA_STYLE('',(#17754));
#17754 = FILL_AREA_STYLE_COLOUR('',#15282);
#17755 = STYLED_ITEM('color',(#17756),#8788);
#17756 = PRESENTATION_STYLE_ASSIGNMENT((#17757));
#17757 = SURFACE_STYLE_USAGE(.BOTH.,#17758);
#17758 = SURFACE_SIDE_STYLE('',(#17759));
#17759 = SURFACE_STYLE_FILL_AREA(#17760);
#17760 = FILL_AREA_STYLE('',(#17761));
#17761 = FILL_AREA_STYLE_COLOUR('',#15282);
#17762 = STYLED_ITEM('color',(#17763),#8812);
#17763 = PRESENTATION_STYLE_ASSIGNMENT((#17764));
#17764 = SURFACE_STYLE_USAGE(.BOTH.,#17765);
#17765 = SURFACE_SIDE_STYLE('',(#17766));
#17766 = SURFACE_STYLE_FILL_AREA(#17767);
#17767 = FILL_AREA_STYLE('',(#17768));
#17768 = FILL_AREA_STYLE_COLOUR('',#15282);
#17769 = STYLED_ITEM('color',(#17770),#8836);
#17770 = PRESENTATION_STYLE_ASSIGNMENT((#17771));
#17771 = SURFACE_STYLE_USAGE(.BOTH.,#17772);
#17772 = SURFACE_SIDE_STYLE('',(#17773));
#17773 = SURFACE_STYLE_FILL_AREA(#17774);
#17774 = FILL_AREA_STYLE('',(#17775));
#17775 = FILL_AREA_STYLE_COLOUR('',#15282);
#17776 = STYLED_ITEM('color',(#17777),#8853);
#17777 = PRESENTATION_STYLE_ASSIGNMENT((#17778));
#17778 = SURFACE_STYLE_USAGE(.BOTH.,#17779);
#17779 = SURFACE_SIDE_STYLE('',(#17780));
#17780 = SURFACE_STYLE_FILL_AREA(#17781);
#17781 = FILL_AREA_STYLE('',(#17782));
#17782 = FILL_AREA_STYLE_COLOUR('',#15282);
#17783 = STYLED_ITEM('color',(#17784),#8884);
#17784 = PRESENTATION_STYLE_ASSIGNMENT((#17785));
#17785 = SURFACE_STYLE_USAGE(.BOTH.,#17786);
#17786 = SURFACE_SIDE_STYLE('',(#17787));
#17787 = SURFACE_STYLE_FILL_AREA(#17788);
#17788 = FILL_AREA_STYLE('',(#17789));
#17789 = FILL_AREA_STYLE_COLOUR('',#15282);
#17790 = STYLED_ITEM('color',(#17791),#8908);
#17791 = PRESENTATION_STYLE_ASSIGNMENT((#17792));
#17792 = SURFACE_STYLE_USAGE(.BOTH.,#17793);
#17793 = SURFACE_SIDE_STYLE('',(#17794));
#17794 = SURFACE_STYLE_FILL_AREA(#17795);
#17795 = FILL_AREA_STYLE('',(#17796));
#17796 = FILL_AREA_STYLE_COLOUR('',#15282);
#17797 = STYLED_ITEM('color',(#17798),#8932);
#17798 = PRESENTATION_STYLE_ASSIGNMENT((#17799));
#17799 = SURFACE_STYLE_USAGE(.BOTH.,#17800);
#17800 = SURFACE_SIDE_STYLE('',(#17801));
#17801 = SURFACE_STYLE_FILL_AREA(#17802);
#17802 = FILL_AREA_STYLE('',(#17803));
#17803 = FILL_AREA_STYLE_COLOUR('',#15282);
#17804 = STYLED_ITEM('color',(#17805),#8949);
#17805 = PRESENTATION_STYLE_ASSIGNMENT((#17806));
#17806 = SURFACE_STYLE_USAGE(.BOTH.,#17807);
#17807 = SURFACE_SIDE_STYLE('',(#17808));
#17808 = SURFACE_STYLE_FILL_AREA(#17809);
#17809 = FILL_AREA_STYLE('',(#17810));
#17810 = FILL_AREA_STYLE_COLOUR('',#15282);
#17811 = STYLED_ITEM('color',(#17812),#8980);
#17812 = PRESENTATION_STYLE_ASSIGNMENT((#17813));
#17813 = SURFACE_STYLE_USAGE(.BOTH.,#17814);
#17814 = SURFACE_SIDE_STYLE('',(#17815));
#17815 = SURFACE_STYLE_FILL_AREA(#17816);
#17816 = FILL_AREA_STYLE('',(#17817));
#17817 = FILL_AREA_STYLE_COLOUR('',#15282);
#17818 = STYLED_ITEM('color',(#17819),#9004);
#17819 = PRESENTATION_STYLE_ASSIGNMENT((#17820));
#17820 = SURFACE_STYLE_USAGE(.BOTH.,#17821);
#17821 = SURFACE_SIDE_STYLE('',(#17822));
#17822 = SURFACE_STYLE_FILL_AREA(#17823);
#17823 = FILL_AREA_STYLE('',(#17824));
#17824 = FILL_AREA_STYLE_COLOUR('',#15282);
#17825 = STYLED_ITEM('color',(#17826),#9028);
#17826 = PRESENTATION_STYLE_ASSIGNMENT((#17827));
#17827 = SURFACE_STYLE_USAGE(.BOTH.,#17828);
#17828 = SURFACE_SIDE_STYLE('',(#17829));
#17829 = SURFACE_STYLE_FILL_AREA(#17830);
#17830 = FILL_AREA_STYLE('',(#17831));
#17831 = FILL_AREA_STYLE_COLOUR('',#15282);
#17832 = STYLED_ITEM('color',(#17833),#9045);
#17833 = PRESENTATION_STYLE_ASSIGNMENT((#17834));
#17834 = SURFACE_STYLE_USAGE(.BOTH.,#17835);
#17835 = SURFACE_SIDE_STYLE('',(#17836));
#17836 = SURFACE_STYLE_FILL_AREA(#17837);
#17837 = FILL_AREA_STYLE('',(#17838));
#17838 = FILL_AREA_STYLE_COLOUR('',#15282);
#17839 = STYLED_ITEM('color',(#17840),#9076);
#17840 = PRESENTATION_STYLE_ASSIGNMENT((#17841));
#17841 = SURFACE_STYLE_USAGE(.BOTH.,#17842);
#17842 = SURFACE_SIDE_STYLE('',(#17843));
#17843 = SURFACE_STYLE_FILL_AREA(#17844);
#17844 = FILL_AREA_STYLE('',(#17845));
#17845 = FILL_AREA_STYLE_COLOUR('',#15282);
#17846 = STYLED_ITEM('color',(#17847),#9100);
#17847 = PRESENTATION_STYLE_ASSIGNMENT((#17848));
#17848 = SURFACE_STYLE_USAGE(.BOTH.,#17849);
#17849 = SURFACE_SIDE_STYLE('',(#17850));
#17850 = SURFACE_STYLE_FILL_AREA(#17851);
#17851 = FILL_AREA_STYLE('',(#17852));
#17852 = FILL_AREA_STYLE_COLOUR('',#15282);
#17853 = STYLED_ITEM('color',(#17854),#9124);
#17854 = PRESENTATION_STYLE_ASSIGNMENT((#17855));
#17855 = SURFACE_STYLE_USAGE(.BOTH.,#17856);
#17856 = SURFACE_SIDE_STYLE('',(#17857));
#17857 = SURFACE_STYLE_FILL_AREA(#17858);
#17858 = FILL_AREA_STYLE('',(#17859));
#17859 = FILL_AREA_STYLE_COLOUR('',#15282);
#17860 = STYLED_ITEM('color',(#17861),#9141);
#17861 = PRESENTATION_STYLE_ASSIGNMENT((#17862));
#17862 = SURFACE_STYLE_USAGE(.BOTH.,#17863);
#17863 = SURFACE_SIDE_STYLE('',(#17864));
#17864 = SURFACE_STYLE_FILL_AREA(#17865);
#17865 = FILL_AREA_STYLE('',(#17866));
#17866 = FILL_AREA_STYLE_COLOUR('',#15282);
#17867 = STYLED_ITEM('color',(#17868),#9172);
#17868 = PRESENTATION_STYLE_ASSIGNMENT((#17869));
#17869 = SURFACE_STYLE_USAGE(.BOTH.,#17870);
#17870 = SURFACE_SIDE_STYLE('',(#17871));
#17871 = SURFACE_STYLE_FILL_AREA(#17872);
#17872 = FILL_AREA_STYLE('',(#17873));
#17873 = FILL_AREA_STYLE_COLOUR('',#15282);
#17874 = STYLED_ITEM('color',(#17875),#9196);
#17875 = PRESENTATION_STYLE_ASSIGNMENT((#17876));
#17876 = SURFACE_STYLE_USAGE(.BOTH.,#17877);
#17877 = SURFACE_SIDE_STYLE('',(#17878));
#17878 = SURFACE_STYLE_FILL_AREA(#17879);
#17879 = FILL_AREA_STYLE('',(#17880));
#17880 = FILL_AREA_STYLE_COLOUR('',#15282);
#17881 = STYLED_ITEM('color',(#17882),#9220);
#17882 = PRESENTATION_STYLE_ASSIGNMENT((#17883));
#17883 = SURFACE_STYLE_USAGE(.BOTH.,#17884);
#17884 = SURFACE_SIDE_STYLE('',(#17885));
#17885 = SURFACE_STYLE_FILL_AREA(#17886);
#17886 = FILL_AREA_STYLE('',(#17887));
#17887 = FILL_AREA_STYLE_COLOUR('',#15282);
#17888 = STYLED_ITEM('color',(#17889),#9237);
#17889 = PRESENTATION_STYLE_ASSIGNMENT((#17890));
#17890 = SURFACE_STYLE_USAGE(.BOTH.,#17891);
#17891 = SURFACE_SIDE_STYLE('',(#17892));
#17892 = SURFACE_STYLE_FILL_AREA(#17893);
#17893 = FILL_AREA_STYLE('',(#17894));
#17894 = FILL_AREA_STYLE_COLOUR('',#15282);
#17895 = STYLED_ITEM('color',(#17896),#9268);
#17896 = PRESENTATION_STYLE_ASSIGNMENT((#17897));
#17897 = SURFACE_STYLE_USAGE(.BOTH.,#17898);
#17898 = SURFACE_SIDE_STYLE('',(#17899));
#17899 = SURFACE_STYLE_FILL_AREA(#17900);
#17900 = FILL_AREA_STYLE('',(#17901));
#17901 = FILL_AREA_STYLE_COLOUR('',#15282);
#17902 = STYLED_ITEM('color',(#17903),#9292);
#17903 = PRESENTATION_STYLE_ASSIGNMENT((#17904));
#17904 = SURFACE_STYLE_USAGE(.BOTH.,#17905);
#17905 = SURFACE_SIDE_STYLE('',(#17906));
#17906 = SURFACE_STYLE_FILL_AREA(#17907);
#17907 = FILL_AREA_STYLE('',(#17908));
#17908 = FILL_AREA_STYLE_COLOUR('',#15282);
#17909 = STYLED_ITEM('color',(#17910),#9316);
#17910 = PRESENTATION_STYLE_ASSIGNMENT((#17911));
#17911 = SURFACE_STYLE_USAGE(.BOTH.,#17912);
#17912 = SURFACE_SIDE_STYLE('',(#17913));
#17913 = SURFACE_STYLE_FILL_AREA(#17914);
#17914 = FILL_AREA_STYLE('',(#17915));
#17915 = FILL_AREA_STYLE_COLOUR('',#15282);
#17916 = STYLED_ITEM('color',(#17917),#9333);
#17917 = PRESENTATION_STYLE_ASSIGNMENT((#17918));
#17918 = SURFACE_STYLE_USAGE(.BOTH.,#17919);
#17919 = SURFACE_SIDE_STYLE('',(#17920));
#17920 = SURFACE_STYLE_FILL_AREA(#17921);
#17921 = FILL_AREA_STYLE('',(#17922));
#17922 = FILL_AREA_STYLE_COLOUR('',#15282);
#17923 = STYLED_ITEM('color',(#17924),#9364);
#17924 = PRESENTATION_STYLE_ASSIGNMENT((#17925));
#17925 = SURFACE_STYLE_USAGE(.BOTH.,#17926);
#17926 = SURFACE_SIDE_STYLE('',(#17927));
#17927 = SURFACE_STYLE_FILL_AREA(#17928);
#17928 = FILL_AREA_STYLE('',(#17929));
#17929 = FILL_AREA_STYLE_COLOUR('',#15282);
#17930 = STYLED_ITEM('color',(#17931),#9388);
#17931 = PRESENTATION_STYLE_ASSIGNMENT((#17932));
#17932 = SURFACE_STYLE_USAGE(.BOTH.,#17933);
#17933 = SURFACE_SIDE_STYLE('',(#17934));
#17934 = SURFACE_STYLE_FILL_AREA(#17935);
#17935 = FILL_AREA_STYLE('',(#17936));
#17936 = FILL_AREA_STYLE_COLOUR('',#15282);
#17937 = STYLED_ITEM('color',(#17938),#9412);
#17938 = PRESENTATION_STYLE_ASSIGNMENT((#17939));
#17939 = SURFACE_STYLE_USAGE(.BOTH.,#17940);
#17940 = SURFACE_SIDE_STYLE('',(#17941));
#17941 = SURFACE_STYLE_FILL_AREA(#17942);
#17942 = FILL_AREA_STYLE('',(#17943));
#17943 = FILL_AREA_STYLE_COLOUR('',#15282);
#17944 = STYLED_ITEM('color',(#17945),#9429);
#17945 = PRESENTATION_STYLE_ASSIGNMENT((#17946));
#17946 = SURFACE_STYLE_USAGE(.BOTH.,#17947);
#17947 = SURFACE_SIDE_STYLE('',(#17948));
#17948 = SURFACE_STYLE_FILL_AREA(#17949);
#17949 = FILL_AREA_STYLE('',(#17950));
#17950 = FILL_AREA_STYLE_COLOUR('',#15282);
#17951 = STYLED_ITEM('color',(#17952),#9460);
#17952 = PRESENTATION_STYLE_ASSIGNMENT((#17953));
#17953 = SURFACE_STYLE_USAGE(.BOTH.,#17954);
#17954 = SURFACE_SIDE_STYLE('',(#17955));
#17955 = SURFACE_STYLE_FILL_AREA(#17956);
#17956 = FILL_AREA_STYLE('',(#17957));
#17957 = FILL_AREA_STYLE_COLOUR('',#15282);
#17958 = STYLED_ITEM('color',(#17959),#9484);
#17959 = PRESENTATION_STYLE_ASSIGNMENT((#17960));
#17960 = SURFACE_STYLE_USAGE(.BOTH.,#17961);
#17961 = SURFACE_SIDE_STYLE('',(#17962));
#17962 = SURFACE_STYLE_FILL_AREA(#17963);
#17963 = FILL_AREA_STYLE('',(#17964));
#17964 = FILL_AREA_STYLE_COLOUR('',#15282);
#17965 = STYLED_ITEM('color',(#17966),#9508);
#17966 = PRESENTATION_STYLE_ASSIGNMENT((#17967));
#17967 = SURFACE_STYLE_USAGE(.BOTH.,#17968);
#17968 = SURFACE_SIDE_STYLE('',(#17969));
#17969 = SURFACE_STYLE_FILL_AREA(#17970);
#17970 = FILL_AREA_STYLE('',(#17971));
#17971 = FILL_AREA_STYLE_COLOUR('',#15282);
#17972 = STYLED_ITEM('color',(#17973),#9525);
#17973 = PRESENTATION_STYLE_ASSIGNMENT((#17974));
#17974 = SURFACE_STYLE_USAGE(.BOTH.,#17975);
#17975 = SURFACE_SIDE_STYLE('',(#17976));
#17976 = SURFACE_STYLE_FILL_AREA(#17977);
#17977 = FILL_AREA_STYLE('',(#17978));
#17978 = FILL_AREA_STYLE_COLOUR('',#15282);
#17979 = STYLED_ITEM('color',(#17980),#9556);
#17980 = PRESENTATION_STYLE_ASSIGNMENT((#17981));
#17981 = SURFACE_STYLE_USAGE(.BOTH.,#17982);
#17982 = SURFACE_SIDE_STYLE('',(#17983));
#17983 = SURFACE_STYLE_FILL_AREA(#17984);
#17984 = FILL_AREA_STYLE('',(#17985));
#17985 = FILL_AREA_STYLE_COLOUR('',#15282);
#17986 = STYLED_ITEM('color',(#17987),#9580);
#17987 = PRESENTATION_STYLE_ASSIGNMENT((#17988));
#17988 = SURFACE_STYLE_USAGE(.BOTH.,#17989);
#17989 = SURFACE_SIDE_STYLE('',(#17990));
#17990 = SURFACE_STYLE_FILL_AREA(#17991);
#17991 = FILL_AREA_STYLE('',(#17992));
#17992 = FILL_AREA_STYLE_COLOUR('',#15282);
#17993 = STYLED_ITEM('color',(#17994),#9604);
#17994 = PRESENTATION_STYLE_ASSIGNMENT((#17995));
#17995 = SURFACE_STYLE_USAGE(.BOTH.,#17996);
#17996 = SURFACE_SIDE_STYLE('',(#17997));
#17997 = SURFACE_STYLE_FILL_AREA(#17998);
#17998 = FILL_AREA_STYLE('',(#17999));
#17999 = FILL_AREA_STYLE_COLOUR('',#15282);
#18000 = STYLED_ITEM('color',(#18001),#9621);
#18001 = PRESENTATION_STYLE_ASSIGNMENT((#18002));
#18002 = SURFACE_STYLE_USAGE(.BOTH.,#18003);
#18003 = SURFACE_SIDE_STYLE('',(#18004));
#18004 = SURFACE_STYLE_FILL_AREA(#18005);
#18005 = FILL_AREA_STYLE('',(#18006));
#18006 = FILL_AREA_STYLE_COLOUR('',#15282);
#18007 = STYLED_ITEM('color',(#18008),#9652);
#18008 = PRESENTATION_STYLE_ASSIGNMENT((#18009));
#18009 = SURFACE_STYLE_USAGE(.BOTH.,#18010);
#18010 = SURFACE_SIDE_STYLE('',(#18011));
#18011 = SURFACE_STYLE_FILL_AREA(#18012);
#18012 = FILL_AREA_STYLE('',(#18013));
#18013 = FILL_AREA_STYLE_COLOUR('',#15282);
#18014 = STYLED_ITEM('color',(#18015),#9676);
#18015 = PRESENTATION_STYLE_ASSIGNMENT((#18016));
#18016 = SURFACE_STYLE_USAGE(.BOTH.,#18017);
#18017 = SURFACE_SIDE_STYLE('',(#18018));
#18018 = SURFACE_STYLE_FILL_AREA(#18019);
#18019 = FILL_AREA_STYLE('',(#18020));
#18020 = FILL_AREA_STYLE_COLOUR('',#15282);
#18021 = STYLED_ITEM('color',(#18022),#9700);
#18022 = PRESENTATION_STYLE_ASSIGNMENT((#18023));
#18023 = SURFACE_STYLE_USAGE(.BOTH.,#18024);
#18024 = SURFACE_SIDE_STYLE('',(#18025));
#18025 = SURFACE_STYLE_FILL_AREA(#18026);
#18026 = FILL_AREA_STYLE('',(#18027));
#18027 = FILL_AREA_STYLE_COLOUR('',#15282);
#18028 = STYLED_ITEM('color',(#18029),#9717);
#18029 = PRESENTATION_STYLE_ASSIGNMENT((#18030));
#18030 = SURFACE_STYLE_USAGE(.BOTH.,#18031);
#18031 = SURFACE_SIDE_STYLE('',(#18032));
#18032 = SURFACE_STYLE_FILL_AREA(#18033);
#18033 = FILL_AREA_STYLE('',(#18034));
#18034 = FILL_AREA_STYLE_COLOUR('',#15282);
#18035 = STYLED_ITEM('color',(#18036),#9748);
#18036 = PRESENTATION_STYLE_ASSIGNMENT((#18037));
#18037 = SURFACE_STYLE_USAGE(.BOTH.,#18038);
#18038 = SURFACE_SIDE_STYLE('',(#18039));
#18039 = SURFACE_STYLE_FILL_AREA(#18040);
#18040 = FILL_AREA_STYLE('',(#18041));
#18041 = FILL_AREA_STYLE_COLOUR('',#15282);
#18042 = STYLED_ITEM('color',(#18043),#9772);
#18043 = PRESENTATION_STYLE_ASSIGNMENT((#18044));
#18044 = SURFACE_STYLE_USAGE(.BOTH.,#18045);
#18045 = SURFACE_SIDE_STYLE('',(#18046));
#18046 = SURFACE_STYLE_FILL_AREA(#18047);
#18047 = FILL_AREA_STYLE('',(#18048));
#18048 = FILL_AREA_STYLE_COLOUR('',#15282);
#18049 = STYLED_ITEM('color',(#18050),#9796);
#18050 = PRESENTATION_STYLE_ASSIGNMENT((#18051));
#18051 = SURFACE_STYLE_USAGE(.BOTH.,#18052);
#18052 = SURFACE_SIDE_STYLE('',(#18053));
#18053 = SURFACE_STYLE_FILL_AREA(#18054);
#18054 = FILL_AREA_STYLE('',(#18055));
#18055 = FILL_AREA_STYLE_COLOUR('',#15282);
#18056 = STYLED_ITEM('color',(#18057),#9813);
#18057 = PRESENTATION_STYLE_ASSIGNMENT((#18058));
#18058 = SURFACE_STYLE_USAGE(.BOTH.,#18059);
#18059 = SURFACE_SIDE_STYLE('',(#18060));
#18060 = SURFACE_STYLE_FILL_AREA(#18061);
#18061 = FILL_AREA_STYLE('',(#18062));
#18062 = FILL_AREA_STYLE_COLOUR('',#15282);
#18063 = STYLED_ITEM('color',(#18064),#9844);
#18064 = PRESENTATION_STYLE_ASSIGNMENT((#18065));
#18065 = SURFACE_STYLE_USAGE(.BOTH.,#18066);
#18066 = SURFACE_SIDE_STYLE('',(#18067));
#18067 = SURFACE_STYLE_FILL_AREA(#18068);
#18068 = FILL_AREA_STYLE('',(#18069));
#18069 = FILL_AREA_STYLE_COLOUR('',#15282);
#18070 = STYLED_ITEM('color',(#18071),#9868);
#18071 = PRESENTATION_STYLE_ASSIGNMENT((#18072));
#18072 = SURFACE_STYLE_USAGE(.BOTH.,#18073);
#18073 = SURFACE_SIDE_STYLE('',(#18074));
#18074 = SURFACE_STYLE_FILL_AREA(#18075);
#18075 = FILL_AREA_STYLE('',(#18076));
#18076 = FILL_AREA_STYLE_COLOUR('',#15282);
#18077 = STYLED_ITEM('color',(#18078),#9892);
#18078 = PRESENTATION_STYLE_ASSIGNMENT((#18079));
#18079 = SURFACE_STYLE_USAGE(.BOTH.,#18080);
#18080 = SURFACE_SIDE_STYLE('',(#18081));
#18081 = SURFACE_STYLE_FILL_AREA(#18082);
#18082 = FILL_AREA_STYLE('',(#18083));
#18083 = FILL_AREA_STYLE_COLOUR('',#15282);
#18084 = STYLED_ITEM('color',(#18085),#9909);
#18085 = PRESENTATION_STYLE_ASSIGNMENT((#18086));
#18086 = SURFACE_STYLE_USAGE(.BOTH.,#18087);
#18087 = SURFACE_SIDE_STYLE('',(#18088));
#18088 = SURFACE_STYLE_FILL_AREA(#18089);
#18089 = FILL_AREA_STYLE('',(#18090));
#18090 = FILL_AREA_STYLE_COLOUR('',#15282);
#18091 = STYLED_ITEM('color',(#18092),#9940);
#18092 = PRESENTATION_STYLE_ASSIGNMENT((#18093));
#18093 = SURFACE_STYLE_USAGE(.BOTH.,#18094);
#18094 = SURFACE_SIDE_STYLE('',(#18095));
#18095 = SURFACE_STYLE_FILL_AREA(#18096);
#18096 = FILL_AREA_STYLE('',(#18097));
#18097 = FILL_AREA_STYLE_COLOUR('',#15282);
#18098 = STYLED_ITEM('color',(#18099),#9964);
#18099 = PRESENTATION_STYLE_ASSIGNMENT((#18100));
#18100 = SURFACE_STYLE_USAGE(.BOTH.,#18101);
#18101 = SURFACE_SIDE_STYLE('',(#18102));
#18102 = SURFACE_STYLE_FILL_AREA(#18103);
#18103 = FILL_AREA_STYLE('',(#18104));
#18104 = FILL_AREA_STYLE_COLOUR('',#15282);
#18105 = STYLED_ITEM('color',(#18106),#9988);
#18106 = PRESENTATION_STYLE_ASSIGNMENT((#18107));
#18107 = SURFACE_STYLE_USAGE(.BOTH.,#18108);
#18108 = SURFACE_SIDE_STYLE('',(#18109));
#18109 = SURFACE_STYLE_FILL_AREA(#18110);
#18110 = FILL_AREA_STYLE('',(#18111));
#18111 = FILL_AREA_STYLE_COLOUR('',#15282);
#18112 = STYLED_ITEM('color',(#18113),#10005);
#18113 = PRESENTATION_STYLE_ASSIGNMENT((#18114));
#18114 = SURFACE_STYLE_USAGE(.BOTH.,#18115);
#18115 = SURFACE_SIDE_STYLE('',(#18116));
#18116 = SURFACE_STYLE_FILL_AREA(#18117);
#18117 = FILL_AREA_STYLE('',(#18118));
#18118 = FILL_AREA_STYLE_COLOUR('',#15282);
#18119 = STYLED_ITEM('color',(#18120),#10036);
#18120 = PRESENTATION_STYLE_ASSIGNMENT((#18121));
#18121 = SURFACE_STYLE_USAGE(.BOTH.,#18122);
#18122 = SURFACE_SIDE_STYLE('',(#18123));
#18123 = SURFACE_STYLE_FILL_AREA(#18124);
#18124 = FILL_AREA_STYLE('',(#18125));
#18125 = FILL_AREA_STYLE_COLOUR('',#15282);
#18126 = STYLED_ITEM('color',(#18127),#10060);
#18127 = PRESENTATION_STYLE_ASSIGNMENT((#18128));
#18128 = SURFACE_STYLE_USAGE(.BOTH.,#18129);
#18129 = SURFACE_SIDE_STYLE('',(#18130));
#18130 = SURFACE_STYLE_FILL_AREA(#18131);
#18131 = FILL_AREA_STYLE('',(#18132));
#18132 = FILL_AREA_STYLE_COLOUR('',#15282);
#18133 = STYLED_ITEM('color',(#18134),#10084);
#18134 = PRESENTATION_STYLE_ASSIGNMENT((#18135));
#18135 = SURFACE_STYLE_USAGE(.BOTH.,#18136);
#18136 = SURFACE_SIDE_STYLE('',(#18137));
#18137 = SURFACE_STYLE_FILL_AREA(#18138);
#18138 = FILL_AREA_STYLE('',(#18139));
#18139 = FILL_AREA_STYLE_COLOUR('',#15282);
#18140 = STYLED_ITEM('color',(#18141),#10101);
#18141 = PRESENTATION_STYLE_ASSIGNMENT((#18142));
#18142 = SURFACE_STYLE_USAGE(.BOTH.,#18143);
#18143 = SURFACE_SIDE_STYLE('',(#18144));
#18144 = SURFACE_STYLE_FILL_AREA(#18145);
#18145 = FILL_AREA_STYLE('',(#18146));
#18146 = FILL_AREA_STYLE_COLOUR('',#15282);
#18147 = STYLED_ITEM('color',(#18148),#10113);
#18148 = PRESENTATION_STYLE_ASSIGNMENT((#18149));
#18149 = SURFACE_STYLE_USAGE(.BOTH.,#18150);
#18150 = SURFACE_SIDE_STYLE('',(#18151));
#18151 = SURFACE_STYLE_FILL_AREA(#18152);
#18152 = FILL_AREA_STYLE('',(#18153));
#18153 = FILL_AREA_STYLE_COLOUR('',#15282);
#18154 = STYLED_ITEM('color',(#18155),#10125);
#18155 = PRESENTATION_STYLE_ASSIGNMENT((#18156));
#18156 = SURFACE_STYLE_USAGE(.BOTH.,#18157);
#18157 = SURFACE_SIDE_STYLE('',(#18158));
#18158 = SURFACE_STYLE_FILL_AREA(#18159);
#18159 = FILL_AREA_STYLE('',(#18160));
#18160 = FILL_AREA_STYLE_COLOUR('',#15282);
#18161 = STYLED_ITEM('color',(#18162),#10137);
#18162 = PRESENTATION_STYLE_ASSIGNMENT((#18163));
#18163 = SURFACE_STYLE_USAGE(.BOTH.,#18164);
#18164 = SURFACE_SIDE_STYLE('',(#18165));
#18165 = SURFACE_STYLE_FILL_AREA(#18166);
#18166 = FILL_AREA_STYLE('',(#18167));
#18167 = FILL_AREA_STYLE_COLOUR('',#15282);
#18168 = STYLED_ITEM('color',(#18169),#10149);
#18169 = PRESENTATION_STYLE_ASSIGNMENT((#18170));
#18170 = SURFACE_STYLE_USAGE(.BOTH.,#18171);
#18171 = SURFACE_SIDE_STYLE('',(#18172));
#18172 = SURFACE_STYLE_FILL_AREA(#18173);
#18173 = FILL_AREA_STYLE('',(#18174));
#18174 = FILL_AREA_STYLE_COLOUR('',#15282);
#18175 = STYLED_ITEM('color',(#18176),#10161);
#18176 = PRESENTATION_STYLE_ASSIGNMENT((#18177));
#18177 = SURFACE_STYLE_USAGE(.BOTH.,#18178);
#18178 = SURFACE_SIDE_STYLE('',(#18179));
#18179 = SURFACE_STYLE_FILL_AREA(#18180);
#18180 = FILL_AREA_STYLE('',(#18181));
#18181 = FILL_AREA_STYLE_COLOUR('',#15282);
#18182 = STYLED_ITEM('color',(#18183),#10173);
#18183 = PRESENTATION_STYLE_ASSIGNMENT((#18184));
#18184 = SURFACE_STYLE_USAGE(.BOTH.,#18185);
#18185 = SURFACE_SIDE_STYLE('',(#18186));
#18186 = SURFACE_STYLE_FILL_AREA(#18187);
#18187 = FILL_AREA_STYLE('',(#18188));
#18188 = FILL_AREA_STYLE_COLOUR('',#15282);
#18189 = STYLED_ITEM('color',(#18190),#10185);
#18190 = PRESENTATION_STYLE_ASSIGNMENT((#18191));
#18191 = SURFACE_STYLE_USAGE(.BOTH.,#18192);
#18192 = SURFACE_SIDE_STYLE('',(#18193));
#18193 = SURFACE_STYLE_FILL_AREA(#18194);
#18194 = FILL_AREA_STYLE('',(#18195));
#18195 = FILL_AREA_STYLE_COLOUR('',#15282);
#18196 = STYLED_ITEM('color',(#18197),#10197);
#18197 = PRESENTATION_STYLE_ASSIGNMENT((#18198));
#18198 = SURFACE_STYLE_USAGE(.BOTH.,#18199);
#18199 = SURFACE_SIDE_STYLE('',(#18200));
#18200 = SURFACE_STYLE_FILL_AREA(#18201);
#18201 = FILL_AREA_STYLE('',(#18202));
#18202 = FILL_AREA_STYLE_COLOUR('',#15282);
#18203 = STYLED_ITEM('color',(#18204),#10209);
#18204 = PRESENTATION_STYLE_ASSIGNMENT((#18205));
#18205 = SURFACE_STYLE_USAGE(.BOTH.,#18206);
#18206 = SURFACE_SIDE_STYLE('',(#18207));
#18207 = SURFACE_STYLE_FILL_AREA(#18208);
#18208 = FILL_AREA_STYLE('',(#18209));
#18209 = FILL_AREA_STYLE_COLOUR('',#15282);
#18210 = MECHANICAL_DESIGN_GEOMETRIC_PRESENTATION_REPRESENTATION('',(
    #18211),#14944);
#18211 = STYLED_ITEM('color',(#18212),#13039);
#18212 = PRESENTATION_STYLE_ASSIGNMENT((#18213));
#18213 = SURFACE_STYLE_USAGE(.BOTH.,#18214);
#18214 = SURFACE_SIDE_STYLE('',(#18215));
#18215 = SURFACE_STYLE_FILL_AREA(#18216);
#18216 = FILL_AREA_STYLE('',(#18217));
#18217 = FILL_AREA_STYLE_COLOUR('',#18218);
#18218 = COLOUR_RGB('',0.313304153717,0.484529207832,0.410020903123);
ENDSEC;
END-ISO-10303-21;
